epid;mep;group;country;committees;role;dossier;title;lobbyists;location;date
256810;Mika AALTOLA;EPP;Finland;[];Member;;Foreign Policy;Ambassador of Taiwan;Strasbourg;09/10/24
256810;Mika AALTOLA;EPP;Finland;[];Member;;EU-UK Relationship;UK Mission to the EU;Strasbourg;09/10/24
256810;Mika AALTOLA;EPP;Finland;[];Member;;Cultural Policy;Musiikkituottajat - IFPI Finland ry;Strasbourg;08/10/24
256810;Mika AALTOLA;EPP;Finland;[];Member;;Financial Policy;Finanssiala ry - Finance Finland;Strasbourg;08/10/24
256810;Mika AALTOLA;EPP;Finland;[];Member;;EU Climate Policy;Suomen luonnonsuojeluliitto - The Finnish Association for Nature Conservation;Helsinki;04/10/24
256810;Mika AALTOLA;EPP;Finland;[];Member;;Trade Policy;Ulkoministeriö - Ministry for Foreign Affairs;Helsinki;04/10/24
256810;Mika AALTOLA;EPP;Finland;[];Member;;EU Affairs;Turkish Embassy;Helsinki;04/10/24
256810;Mika AALTOLA;EPP;Finland;[];Member;;Security Policy;Institut de relations internationales et stratégiques;Brussels;03/10/24
256810;Mika AALTOLA;EPP;Finland;[];Member;;EU Affairs;Confederation of Finnish Industries EK;Brussels;03/10/24
256810;Mika AALTOLA;EPP;Finland;[];Member;;Forest Policy;Luonnonvarakeskus;Brussels;03/10/24
257043;Maravillas ABADÍA JOVER;EPP;Spain;['JURI'];Member;;Property Rights;PROMUSICAE;Strasbourg;08/10/24
257043;Maravillas ABADÍA JOVER;EPP;Spain;['JURI'];Member;;Regional Commerce;Asociación Española de Distribuidores, Autoservicios y Supermercados;Brussels;02/10/24
257043;Maravillas ABADÍA JOVER;EPP;Spain;['JURI'];Member;;Property Rights and Artificial Intelligence;American Chamber of Commerce to the European Union;Brussels;01/10/24
257043;Maravillas ABADÍA JOVER;EPP;Spain;['JURI'];Member;;AI;MFE - MEDIAFOREUROPE N.V;European Parliament, Brussels;24/09/24
257043;Maravillas ABADÍA JOVER;EPP;Spain;['JURI'];Member;;TV regulations;Grup Mediapro SLU;European Parliament, Brussels;24/09/24
257043;Maravillas ABADÍA JOVER;EPP;Spain;['JURI'];Member;;AI;Meta Platforms Ireland Limited and its various subsidiaries;European Parliament, Strasbourg;18/09/24
257043;Maravillas ABADÍA JOVER;EPP;Spain;['JURI'];Member;;Television and VOD regulations;Association of Commercial Television and Video on Demand Services in Europe;European Parliament, Strasbourg;17/09/24
257043;Maravillas ABADÍA JOVER;EPP;Spain;['JURI'];Member;;Digital, data and platform regulations;eBay EU liaison office;European Parliament, Strasbourg;17/09/24
256987;Oihane AGIRREGOITIA MARTÍNEZ;RE;Spain;['ITRE'];Member;;Descarbonización;Petronor;Muskiz;11/10/24
256987;Oihane AGIRREGOITIA MARTÍNEZ;RE;Spain;['PECH'];Member;;Pesca y océanos;Comisarios designados;Parlamento Europeo Estrasburgo;09/10/24
256987;Oihane AGIRREGOITIA MARTÍNEZ;RE;Spain;['ITRE'];Member;;Competencia y transición ecológica;Comisarios designados;Parlamento Europeo Estrasburgo;08/10/24
256987;Oihane AGIRREGOITIA MARTÍNEZ;RE;Spain;[];Member;;Relaciones UE-España;Gobierno de España;Parlamento Europeo Estrasburgo;07/10/24
256987;Oihane AGIRREGOITIA MARTÍNEZ;RE;Spain;['ITRE'];Member;;Sanidad;Profesionales médicos;Bilbao;04/10/24
256987;Oihane AGIRREGOITIA MARTÍNEZ;RE;Spain;[];Member;;Reproducción sexual;SEDRA;Zoom;03/10/24
256987;Oihane AGIRREGOITIA MARTÍNEZ;RE;Spain;[];Member;;Meet local leaders;Council of European Municipalities and Regions;Bruselas;02/10/24
256987;Oihane AGIRREGOITIA MARTÍNEZ;RE;Spain;['ITRE'];Member;;Sostenibilidad;Silvan and Miracle;Bilbao;30/09/24
256987;Oihane AGIRREGOITIA MARTÍNEZ;RE;Spain;[];Member;;Rol de Euskadi en la UE;Secretariado general de acción exterior Gobierno Vasco;Bilbao;30/09/24
256987;Oihane AGIRREGOITIA MARTÍNEZ;RE;Spain;[];Member;;Servicois profesionales;BDO España;Bilbao;27/09/24
256869;Grégory ALLIONE;RE;France;['ENVI'];Member;;Réunion avec les représentants de Renault Group - industrie automobile européenne;RENAULT;Parlement européen - Strasbourg;17/07/24
197448;Rasmus ANDRESEN;Greens / EFA;Germany;[];Member;;socio-economic situation;Bequa;Flensburg;20/09/24
197448;Rasmus ANDRESEN;Greens / EFA;Germany;['ECON'];Member;;socio-economic situation in Europe;Deutscher Gewerkschaftsbund;Strasbourg;19/09/24
197448;Rasmus ANDRESEN;Greens / EFA;Germany;['ECON'];Member;;AMLA;Bank of Ireland Group plc;Strasbourg;18/09/24
197448;Rasmus ANDRESEN;Greens / EFA;Germany;['BUDG'];Member;;EU budget;Philip Morris International Inc.;Brussels;11/09/24
197448;Rasmus ANDRESEN;Greens / EFA;Germany;['ECON'];Member;;socio-economic situation in Europe;DEVIG, Deutscher Verband für Interoperabilität im Gesundheitswesen;Leipzig;29/08/24
197448;Rasmus ANDRESEN;Greens / EFA;Germany;['ECON'];Member;;Grenzüberschreitende Tätigkeiten von Unternehmen im Binnenmarkt;Deutscher Gewerkschaftsbund;phone;19/07/24
197448;Rasmus ANDRESEN;Greens / EFA;Germany;[];Member;;Fehmarnbelt crossing;Scandlines Danmark ApS 157062116194-88;Kiel (call);10/09/20
197448;Rasmus ANDRESEN;Greens / EFA;Germany;['BUDG'];Shadow rapporteur;;MFF and Recovery Fund;E3G Third Generation Environmentalism 07783117686-61;Brussels;10/09/20
197448;Rasmus ANDRESEN;Greens / EFA;Germany;[];Member;;European agricultural policy and its importance for Schleswig-Holstein;Bauernverband Schleswig-Holstein e.V. (73085531345-65);Rendsburg;09/09/20
197448;Rasmus ANDRESEN;Greens / EFA;Germany;['BUDG', 'ITRE'];Member;;Corona and economic crisis;IHK Nord e.V. - Arbeitsgemeinschaft norddeutscher Industrie- und Handelskammern (IHK Nord) 006411421255-36;Kiel;21/08/20
197448;Rasmus ANDRESEN;Greens / EFA;Germany;['BUDG'];Rapporteur;;European Fund for Sustainable Development;European Network on Debt and Development (Eurodad) 09136982496-09, Counter Balance (CB)  02902955023-04, ACT Alliance Advocacy to the European Union (ACT Alliance EU) 5189768701-12, International Trade Union Confederation (ITUC) 51806831589-68, OXFAM INTERNATIONAL EU ADVOCACY OFFICE  46856801604-90;Brussels;10/07/20
197448;Rasmus ANDRESEN;Greens / EFA;Germany;['BUDG'];Rapporteur;;European Fund for Sustainable Development;European Investment Bank;Brussels;09/07/20
197448;Rasmus ANDRESEN;Greens / EFA;Germany;['BUDG'];Rapporteur;;European Fund for Sustainable Development;European Bank for Reconstruction and Development;Brussels;07/07/20
197448;Rasmus ANDRESEN;Greens / EFA;Germany;[];Member;;Outlook of the Flensburger Schiffbau Gesellschaft (FSG);FSG, Industriegewerkschaft Metall 757195013270-80;Flensburg;19/05/20
197448;Rasmus ANDRESEN;Greens / EFA;Germany;['ITRE'];Rapporteur;;Cybersecurity Competence Centre and Network and the role of ENISA;ENISA;Brussels;14/05/20
197448;Rasmus ANDRESEN;Greens / EFA;Germany;['IMCO'];Member;;SMEs in times of Covid-19;Handelsverband Deutschland 31200871765-41;Virtual Meeting;05/05/20
197448;Rasmus ANDRESEN;Greens / EFA;Germany;['IMCO'];Member;;cross-border labour market;Deutscher Gewerkschaftsbund Region SH Nordwest, 07595112423-87;Virtual meeting;03/04/20
197448;Rasmus ANDRESEN;Greens / EFA;Germany;['BUDG'];Member;;Research Fund on Coal and Steel;European Environmental Bureau, 06798511314-27;Brussels;04/03/20
197448;Rasmus ANDRESEN;Greens / EFA;Germany;['ITRE'];Member;;Start-ups in Schleswig-Holstein;GruenderCube;Lübeck;25/02/20
197448;Rasmus ANDRESEN;Greens / EFA;Germany;[];Member;;A Blue New Deal for Europe;Future Ocean Network, Christian-Albrecht Universität zu Kiel;Kiel;24/02/20
197448;Rasmus ANDRESEN;Greens / EFA;Germany;[];Member;;Cliamte protection and the economy in the border region;Institut für Weltwirtschaft(IfW), 071476117686-50;Kiel;24/02/20
197448;Rasmus ANDRESEN;Greens / EFA;Germany;[];Member;;Supporting and protecting human rights defenders around the world;Amnesty International, 11063928073-34;Kiel;24/02/20
197448;Rasmus ANDRESEN;Greens / EFA;Germany;[];Member;;Rights of national minorities in the EU;Bund deutscher Nordschleswiger;Aaberaa;21/02/20
197448;Rasmus ANDRESEN;Greens / EFA;Germany;[];Member;;Rights of national Minorities in the EU;Sydslesvigsk Vælgerforening (SSW);Flensburg;21/02/20
197448;Rasmus ANDRESEN;Greens / EFA;Germany;['ITRE'];Rapporteur;;Encryption and Data Protection: Challenges of Law Enforcement;European Internet Services Providers Association(EuroISPA), 54437813115-56, Internet Society(ISOC), 953701819437-32;Brussels;18/02/20
197448;Rasmus ANDRESEN;Greens / EFA;Germany;[];Member;;Fair minimum wages;Deutscher Gewerkschaftsbund 07595112423-87;Strasbourg;13/02/20
197448;Rasmus ANDRESEN;Greens / EFA;Germany;['BUDG'];Shadow rapporteur;;Multiannual Financial Framework;Oxfam 535556132909-16;Copenhagen;06/02/20
197448;Rasmus ANDRESEN;Greens / EFA;Germany;['BUDG'];Shadow rapporteur;;Multiannual Fianncial Framework;Tænketanken EUROPA;Copenhagen;06/02/20
197448;Rasmus ANDRESEN;Greens / EFA;Germany;['BUDG'];Shadow rapporteur;;Multiannual Fanancial Framework;Swedish Society for Nature Conservation(SSNC), 681872220973-70;Stockholm;05/02/20
197448;Rasmus ANDRESEN;Greens / EFA;Germany;['BUDG'];Shadow rapporteur;;Multiannual Financial Framework;Svenska Institutet för Europapolitiska studier(SIEPS), 341410132871-48;Stockholm;05/02/20
197448;Rasmus ANDRESEN;Greens / EFA;Germany;['BUDG'];Shadow rapporteur;;Multiannual Financial Framework;IHK Nord 006411421255-36;Brussels;04/02/20
197448;Rasmus ANDRESEN;Greens / EFA;Germany;['BUDG', 'ITRE'];Member;;Emission Trading System under the Green Deal;WIFO - Österreichisches Institut für Wirtschaftsforschung(WIFO), 408679621888-24;Wien;03/02/20
197448;Rasmus ANDRESEN;Greens / EFA;Germany;[];Member;;Theatre Project: 'if the EU was a bar';Brachland Ensemble;Brussels;23/01/20
197448;Rasmus ANDRESEN;Greens / EFA;Germany;[];Member;;improving women’s rights in Europe;European Women's lobby, 85686156700-13;Brussels;21/01/20
197448;Rasmus ANDRESEN;Greens / EFA;Germany;['ITRE'];Member;;5G;GSMA, 30988577529-37;Brussels;21/01/20
197448;Rasmus ANDRESEN;Greens / EFA;Germany;['BUDG'];Member;;Climate Proofing in the MFF;Climate Action Network, 55888811123-49;Brussels;20/01/20
197448;Rasmus ANDRESEN;Greens / EFA;Germany;[];Member;;Basic Social Security in the EU;DGB, 07595112423-87;Strasbourg;16/01/20
197448;Rasmus ANDRESEN;Greens / EFA;Germany;['ITRE'];Rapporteur;;European Cybersecurity Policy;Deutsche Telekom, 60052162589-72;Strasbourg;15/01/20
197448;Rasmus ANDRESEN;Greens / EFA;Germany;['ITRE'];Rapporteur;;Cybersecurity Competence Centre and network of national coordination centres;CyberSec4Europe;Frankfurt;13/01/20
197448;Rasmus ANDRESEN;Greens / EFA;Germany;[];Member;;Green Agenda of Scandilines;Scandilines 157062116194-88;Fehmarn;10/01/20
197448;Rasmus ANDRESEN;Greens / EFA;Germany;['ITRE'];Rapporteur;;Cybersecurity from the consumers' perspective;BEUC 9505781573-45;Brussels;08/01/20
204332;Barry ANDREWS;RE;Ireland;['ITRE'];Member;;Heat Pumps;European Partnership for Energy and the Environment;Brussels;23/09/24
204332;Barry ANDREWS;RE;Ireland;['DEVE'];Committee chair;;Development financing;World Bank;Strasbourg;17/09/24
204332;Barry ANDREWS;RE;Ireland;['DEVE'];Committee chair;;Development and site visit;ACTION CONTRE LA FAIM;Virtual meeting;16/09/24
204332;Barry ANDREWS;RE;Ireland;['DEVE'];Committee chair;;Development and education;Global Partnership for Education;Brussels;13/09/24
204332;Barry ANDREWS;RE;Ireland;['DEVE'];Member;;Fair trade and development;fair trade advocacy office;European Parliament;13/09/24
204332;Barry ANDREWS;RE;Ireland;['ITRE'];Member;;Sustainability;European Heat Pump Association;Brussels;12/09/24
204332;Barry ANDREWS;RE;Ireland;['ITRE'];Member;;Wind Power;WindEurope;Brussels;10/09/24
204332;Barry ANDREWS;RE;Ireland;['ITRE'];Member;;Competitiveness;British Irish Chamber of Commerce;Dublin;06/09/24
204332;Barry ANDREWS;RE;Ireland;['ITRE'];Member;;Sustainability;European Biogas Association;Brussels;05/09/24
204332;Barry ANDREWS;RE;Ireland;['DEVE'];Committee chair;;Meeting with DEVE Chair;VOICE;European Parliament;04/09/24
204332;Barry ANDREWS;RE;Ireland;[];Member;;Trade;Huawei Technologies;Online;11/12/20
204332;Barry ANDREWS;RE;Ireland;[];Member;;Telecomms;Vodafone;Brussels;11/12/20
204332;Barry ANDREWS;RE;Ireland;['DEVE'];Shadow rapporteur;;Humanitarian assistance in addressing the consequences of COVID-19;Permanent Representation of Ireland;Virtual;10/12/20
204332;Barry ANDREWS;RE;Ireland;[];Member;;Sustainability;Global Witness, Trocaire;Online;27/11/20
204332;Barry ANDREWS;RE;Ireland;[];Member;;Trade;AmCham Ireland;Online;18/11/20
204332;Barry ANDREWS;RE;Ireland;[];Member;;SMEs;VDMA;Online;10/11/20
204332;Barry ANDREWS;RE;Ireland;[];Member;;Brexit;CBI;Online;04/11/20
204332;Barry ANDREWS;RE;Ireland;[];Member;;Trade;SCG;Online;22/10/20
204332;Barry ANDREWS;RE;Ireland;[];Member;;NDICI;Terre des Hommes International Federation, ECRE;Online;20/10/20
204332;Barry ANDREWS;RE;Ireland;[];Member;;Medicines;MSD;Online;16/10/20
204332;Barry ANDREWS;RE;Ireland;[];Member;;Brexit;GSK;Online;06/10/20
204332;Barry ANDREWS;RE;Ireland;[];Member;;Human Rights;European Centre for Democracy and Human Rights;Online;23/09/20
204332;Barry ANDREWS;RE;Ireland;[];Member;;Irish Food and Drink;Irish Whiskey;Online;10/09/20
204332;Barry ANDREWS;RE;Ireland;[];Member;;Human Rights;WUC;Online;09/09/20
204332;Barry ANDREWS;RE;Ireland;[];Member;;EU Trade;Macra na Feirme;Online;08/09/20
204332;Barry ANDREWS;RE;Ireland;[];Member;;Technology;Apple Inc.;Online;04/09/20
204332;Barry ANDREWS;RE;Ireland;[];Member;;Renewable Energy;Strategic Ppower;Dublin;26/08/20
204332;Barry ANDREWS;RE;Ireland;[];Member;;Trade;Ornua Co-operative Limited;Online;29/07/20
204332;Barry ANDREWS;RE;Ireland;[];Member;;Migration;ACT Alliance Advocacy to the European Union, European Council on Refugees and Exiles;Online;29/06/20
204332;Barry ANDREWS;RE;Ireland;[];Member;;Restaurants;Restaurant Association of Ireland;Online;04/06/20
204332;Barry ANDREWS;RE;Ireland;[];Member;;Wildlife and Animals;WWF;Online;03/06/20
204332;Barry ANDREWS;RE;Ireland;[];Member;;Irish Business;IBEC;Online;07/05/20
119652;Vytenis Povilas ANDRIUKAITIS;S&D;Lithuania;[];Member;;Health policy;EuroHealthNet;Brussels;02/09/24
119652;Vytenis Povilas ANDRIUKAITIS;S&D;Lithuania;[];Member;;Health policy;Health First Europe;Brussels;23/07/24
119652;Vytenis Povilas ANDRIUKAITIS;S&D;Lithuania;[];Member;;Health policy;WHO;Strasbourg;18/07/24
119652;Vytenis Povilas ANDRIUKAITIS;S&D;Lithuania;[];Member;;Medical and care innovation;Siemens Healthineers AG;Strasbourg;18/07/24
119652;Vytenis Povilas ANDRIUKAITIS;S&D;Lithuania;[];Member;;Clean technologies;Cleantech friendship group;Strasbourg;17/07/24
119652;Vytenis Povilas ANDRIUKAITIS;S&D;Lithuania;[];Member;;Animal health;Animal Health Europe;Strasbourg;17/07/24
119652;Vytenis Povilas ANDRIUKAITIS;S&D;Lithuania;[];Member;;COVID vaccines;Novavax;Strasbourg;17/07/24
119652;Vytenis Povilas ANDRIUKAITIS;S&D;Lithuania;[];Member;;medical innovation;EFPIA;Strasbourg;17/07/24
119652;Vytenis Povilas ANDRIUKAITIS;S&D;Lithuania;[];Member;;Plan to beat cancer;European Cancer Organisation;Strasbourg;17/07/24
119652;Vytenis Povilas ANDRIUKAITIS;S&D;Lithuania;[];Member;;EU Health Policy;Social Media Platform;Strasbourg;16/07/24
197691;Mathilde ANDROUËT;PfE;France;['FEMM'];Member;;Rendez vous avec Observatoire de immigration et de la démographie;L'Observatoire de l'immigration et de la démographie;Strasbourg;18/09/24
197691;Mathilde ANDROUËT;PfE;France;['FEMM'];Member;;Lutte contre les abus sexuels sur les mineurs;Ending Child Sexual Abuse Group;Strasbourg;17/09/24
197691;Mathilde ANDROUËT;PfE;France;[];Member;;Les enjeux économiques et commerciaux UE-Chine;Représentation de la Chine auprès de l'UE;Strasbourg;17/09/24
202073;Marc ANGEL;S&D;Luxembourg;[];Member;;Bilateral relations;Taipei Representative Office in the European Union and Belgium;Strasbourg;08/10/24
202073;Marc ANGEL;S&D;Luxembourg;[];Member;;Regulation of Big Tech;People vs Big Tech;Brussels;03/10/24
202073;Marc ANGEL;S&D;Luxembourg;[];Member;;Human rights situation in Cuba and other countries;PRISONERS DEFENDERS INTERNATIONAL NETWORK;Brussels;03/10/24
202073;Marc ANGEL;S&D;Luxembourg;[];Member;;Situation of Bahá'ì;Bahá'í International Community;Brussels;02/10/24
202073;Marc ANGEL;S&D;Luxembourg;[];Member;;Youth policies;European Youth Forum;Brussels;26/09/24
202073;Marc ANGEL;S&D;Luxembourg;[];Member;;Audiovisual sector;EUROCINEMA, Association de producteurs de cinéma et de télévision;Brussels;25/09/24
202073;Marc ANGEL;S&D;Luxembourg;[];Member;;Audiovisual Sector;ACT group;Brussels;25/09/24
202073;Marc ANGEL;S&D;Luxembourg;[];Member;;Future of the Tobacco Industry;Philip Morris International Inc.;Luxembourg;20/09/24
202073;Marc ANGEL;S&D;Luxembourg;[];Member;;Iran;Iranian Activist;Brussels;11/09/24
202073;Marc ANGEL;S&D;Luxembourg;[];Member;;Industrial Policy;FEDIL - The Voice of Luxembourg's Industry, Goodyear Europe B.V, LuxConnect;Luxembourg;06/09/24
202073;Marc ANGEL;S&D;Luxembourg;['ECON', 'IMCO'];Member;;5G network;Huawei;Remote meeting (online);11/12/20
202073;Marc ANGEL;S&D;Luxembourg;['IMCO'];Member;;Ban on targeted advertising (DSA);Google (Public Policy - EU);Remote meeting (online);10/12/20
202073;Marc ANGEL;S&D;Luxembourg;['IMCO'];Member;;The revision of EC Regulation No 261/2004;APRA (Association of Passenger Rights Advocates);Remote meeting (online);10/11/20
202073;Marc ANGEL;S&D;Luxembourg;['IMCO', 'EMPL'];Member;;Hearing health strategies at national level including prevention, diagnosis, treatment, rehabilitation and care;MED-EL;Videconference;01/10/20
202073;Marc ANGEL;S&D;Luxembourg;[];Member;;Situation of LGBTI community in Poland;Rainbow Rose;E-meeting;08/09/20
202073;Marc ANGEL;S&D;Luxembourg;['IMCO'];Shadow rapporteur;;New Industrial Strategy, Pharmaceutical Strategy;GSK;Brussels;14/07/20
202073;Marc ANGEL;S&D;Luxembourg;[];Member;;Implementation of SDGs;WWF;Online meeting;16/06/20
257123;Lucia ANNUNZIATA;S&D;Italy;[];Member;;Exchange of views on the situation in the Gaza strip;Human Rights Watch;European Parliament, Brussels;01/10/24
257138;Giuseppe ANTOCI;GUE/NGL;Italy;[];Member;;Discussione su visti e servizi consolari;MUST & Partners;Ufficio;08/10/24
257138;Giuseppe ANTOCI;GUE/NGL;Italy;[];Member;;Discussione situazione in Palestina;Assopace Palestina;Ufficio;24/09/24
257138;Giuseppe ANTOCI;GUE/NGL;Italy;[];Member;;Attenzione al mondo agricolo e alla nuova PAC;Cia Agricoltori italiani;UFFICIO;10/09/24
257138;Giuseppe ANTOCI;GUE/NGL;Italy;[];Member;;LE POLITICHE EUROPEE DI PREVENZIONE E CONTRASTO AL CRIMINE ORGANIZZATO;FONDAZIONE PREMIO GIORGIO AMBROSOLI;Office;10/09/24
24922;Pascal ARIMONT;EPP;Belgium;[];Member;;Soil monitoring and resilience;Belgian Permanent Representation to the EU;Virtual meeting;09/10/24
24922;Pascal ARIMONT;EPP;Belgium;['ENVI'];Member;;Challenges of the EU's automotive industry;Volkswagen Aktiengesellschaft;Strasbourg;08/10/24
24922;Pascal ARIMONT;EPP;Belgium;[];Member;;Protecting children from harm on social media;People vs Big Tech;Brussels;02/10/24
24922;Pascal ARIMONT;EPP;Belgium;['ENVI'];Member;;Challenges of the European automotive sector;Volvo AB;Brussels;01/10/24
24922;Pascal ARIMONT;EPP;Belgium;[];Member;;Company visit;Savimetal;Sankt Vith (Belgium);27/09/24
24922;Pascal ARIMONT;EPP;Belgium;['EMPL'];Member;;MASTER CLASS TRAVAIL FRONTALIER CSC;Christelijk Nationaal Vakverbond Vakcentrale;Brussels;26/09/24
24922;Pascal ARIMONT;EPP;Belgium;['EMPL'];Member;;ENIL Freedom Drive - What can the EU do to improve Independent Living;Onafhankelijk Leven vzw, Vlaams Europees Netwerk Personen met een Handicap - VENPH;Brussels;24/09/24
24922;Pascal ARIMONT;EPP;Belgium;['ENVI'];Member;;Health Forum;Alliance Nationale des Mutualités chrétiennes - Landsbond der Christelijke  Mutualiteiten;Brussels;24/09/24
24922;Pascal ARIMONT;EPP;Belgium;[];Member;;Exchange with Belgian employers' organisation FEB;Vereniging VBO;Brussels;24/09/24
24922;Pascal ARIMONT;EPP;Belgium;[];Member;;Company visit;JUMO Automation;Eupen;20/09/24
24922;Pascal ARIMONT;EPP;Belgium;['IMCO'];Member;;Regulation of online platforms and the Digital Services Act;Amway;Brussels;19/02/20
24922;Pascal ARIMONT;EPP;Belgium;[];Member;;Freedom of Movement, accessibility and the use of EU funds;ENIL - European Network on Independent Living;Brussels;18/02/20
24922;Pascal ARIMONT;EPP;Belgium;['IMCO'];Member;;E-evidence and data protection;Google;Brussels;17/02/20
24922;Pascal ARIMONT;EPP;Belgium;['IMCO'];Member;;Digital Services Act;Vodafone;Strasbourg;11/02/20
24922;Pascal ARIMONT;EPP;Belgium;['ITRE'];Member;;"""Green Deal"" and European electricity market";ENGIE;Strasbourg;11/02/20
24922;Pascal ARIMONT;EPP;Belgium;['IMCO'];Member;;"Digital Services Act; Market dominant platforms";EMMA, ENPA;Brussels;06/02/20
24922;Pascal ARIMONT;EPP;Belgium;['ITRE'];Member;;Construction sector and European Green Deal;Confédération Construction;Brussels;06/02/20
24922;Pascal ARIMONT;EPP;Belgium;['IMCO'];Member;;Geoblocking and audiovisual media;Eleven Sports;Brussels;05/02/20
24922;Pascal ARIMONT;EPP;Belgium;['ITRE'];Member;;European Green Deal's Renovation Wave;European Alliance to Save Energy;Brussels;04/02/20
24922;Pascal ARIMONT;EPP;Belgium;['ITRE'];Member;;Business Dimension of European Green Deal;Tata Steel, Orsted, BDI, Dansk Industri, VNO-NCW, LANXESS;Brussels;04/02/20
24922;Pascal ARIMONT;EPP;Belgium;[];Member;;Social aspects of European Green Deal and minimum wages;CSC;Brussels;30/01/20
24922;Pascal ARIMONT;EPP;Belgium;['IMCO'];Member;;Internal market obstacles for food industry;FEVIA;Brussels;28/01/20
24922;Pascal ARIMONT;EPP;Belgium;['ITRE'];Member;;The Role of LPG in Green Deal;Liquid Gas Europe, FeBuPro, Primagaz;Brussels;23/01/20
24922;Pascal ARIMONT;EPP;Belgium;['ITRE'];Member;;European Green Deal and the Heating Industry;European Heating Industry;Strasbourg;15/01/20
24922;Pascal ARIMONT;EPP;Belgium;[];Member;;EU-Vietnam FTA;Nike;Strasbourg;14/01/20
24922;Pascal ARIMONT;EPP;Belgium;['ITRE'];Member;;Carbon Management;IOGP;Strasbourg;14/01/20
24922;Pascal ARIMONT;EPP;Belgium;[];Member;;European research funding on ME/CFS;The European ME Alliance (EMEA);Brussels;09/01/20
256829;Sakis ARNAOUTOGLOU;S&D;Greece;[];Member;;Major challenges faced by the shipping industry and maritime transport;European Community Shipowners' Associations;European Parliament, Brussels;01/10/24
256829;Sakis ARNAOUTOGLOU;S&D;Greece;[];Member;;Ecomobility, Mobility actions;ECOCITY;European Parliament, Brussels;26/09/24
256829;Sakis ARNAOUTOGLOU;S&D;Greece;[];Member;;Meeting over EU pharmaceutical legislation;Novo Nordisk A/S;European Parliament, Brussels;25/09/24
256829;Sakis ARNAOUTOGLOU;S&D;Greece;[];Member;;Meeting over EU pharmaceutical legislation;Hellenic Association of Pharmaceutical Companies;European parliament, Brussels;24/09/24
256829;Sakis ARNAOUTOGLOU;S&D;Greece;[];Member;;Causes and effects of climate change;"European Bureau for Conservation and Development (EBCD) Secretariat of the European Parliament Intergroup on ""Climate Change, Biodiversity and Sustainable Development""";European Parliament, Brussels;13/09/24
256829;Sakis ARNAOUTOGLOU;S&D;Greece;[];Member;;Real Estate Market;Polis International Real Estate Experts;European parliament, Brussels;12/09/24
256829;Sakis ARNAOUTOGLOU;S&D;Greece;[];Member;;Tobacco Market discussion;Papastratos cigarettes manufacturing company S.A.;European Parliament, Brussels;10/09/24
256829;Sakis ARNAOUTOGLOU;S&D;Greece;[];Member;;Human rights of Iran;National Council of Resistance of Iran;European Parliament;24/07/24
256951;Anja ARNDT;ESN;Germany;[];Member;;EU-Industriepolitik;CLEPA;Brüssel;03/09/24
257015;Jaume ASENS LLODRÀ;Greens / EFA;Spain;['LIBE'];Member;;Presentation of an action plan on LIBE topics;Iridia - Centro para la defensa de los derechos humanos;Online;03/10/24
28307;Francisco ASSIS;S&D;Portugal;['LIBE'];Member;;Media and Audiovisual Priorities;Association of Commercial Television and Video on Demand Services in Europe;Brussels;03/10/24
28307;Francisco ASSIS;S&D;Portugal;[];Member;;Presentation of Sciaena's work;Sciaena - Ocean # Conservation # Awareness;Brussels;02/10/24
28307;Francisco ASSIS;S&D;Portugal;[];Member;;Pledge for Encryption;Internet Society;Brussels;23/09/24
28307;Francisco ASSIS;S&D;Portugal;[];Member;;the role of the European Parliament in seeking a peaceful and democratic solution to the crisis in Venezuela;Isadora Zubillaga and Antonio Ledezma;Strasbourg;18/09/24
28307;Francisco ASSIS;S&D;Portugal;[];Member;;Current developments in the region of the South Caucasus;European Armenian Federation for Justice and Democracy;Strasbourg;17/09/24
28307;Francisco ASSIS;S&D;Portugal;[];Member;;Meeting with the delegation from Georgia's European Integration Committee about Georgia's accession to the EU;Acento Public Affairs;Brussels;11/09/24
28307;Francisco ASSIS;S&D;Portugal;['DROI'];Member;;Meeting with Ziba Murat about the case of doctor Gulshan Abbas;International Service for Human Rights;Brussels;11/09/24
28307;Francisco ASSIS;S&D;Portugal;[];Member;;Meeting with the European Prosecutor José Ranito;European Public Prosecutor's Office;Brussels;11/09/24
28307;Francisco ASSIS;S&D;Portugal;['DROI'];Member;;The situation of Human rights in Iran;Foreign Affairs Committee of the National Council of Resistance of Iran (NCRI);Brussels;10/09/24
28307;Francisco ASSIS;S&D;Portugal;['ECON'];Member;;Key relevant subjects to the Portuguese economy;CIP - Confederação Empresarial de Portugal;Brussels;10/09/24
256934;Daniel ATTARD;S&D;Malta;['TRAN'];Member;;Introductory Meeting;Association of Passenger Rights Advocates;European Parliament;02/10/24
256934;Daniel ATTARD;S&D;Malta;['ITRE'];Member;;Introductory Meeting;Johnson & Johnson;European Parliament;02/10/24
256934;Daniel ATTARD;S&D;Malta;['TRAN'];Member;;Introductory Meeting;Airport Regions Council;European Parliament;02/10/24
256934;Daniel ATTARD;S&D;Malta;['TRAN'];Member;;Introductory Meeting;DHL Group;European Parliament;01/10/24
256934;Daniel ATTARD;S&D;Malta;['TRAN'];Member;;Introductory Meeting;MSC Cruises S.A.;European Parliament;01/10/24
256934;Daniel ATTARD;S&D;Malta;['ITRE'];Member;;Decarbonisation, SAF and PGMs;Forward Global;European Parliament;01/10/24
256934;Daniel ATTARD;S&D;Malta;['TRAN'];Member;;Introductory Meeting;Malta International Shipoweners Association;Virtual meeting;01/10/24
256934;Daniel ATTARD;S&D;Malta;['ITRE'];Member;;Introductory Meeting;METREX Network of European Metropolitan Regions and Areas;European Parliament;27/09/24
256934;Daniel ATTARD;S&D;Malta;['ITRE'];Member;;Introductory Meeting;TÜV-Verband e. V.;European Parliament;27/09/24
256934;Daniel ATTARD;S&D;Malta;[];Member;;Introductory Meeting;COMMUNIA Association for the Public Domain;European Parliament;27/09/24
197533;Manon AUBRY;GUE/NGL;France;['INTA'];Member;;Trade;"•	Jennifer Kwao, Climate Action Network (CAN) Europe, Belgium •	Audrey Changoe, Climate Action Network (CAN) Europe, Germany •	Theresa Kofler, Anders Handels, Austria •	Marius Troost, Both ENDS, Netherlands •	Bettina Müller, PowerShift, Germany •	Fabian Flues, PowerShift, Germany •	Marta Guedes, TROCA, Portugal •	Marc Maes, 11.11.11, Belgium •	Lucia Barcena, TNI, Spain •	Maxime Combes, AITEC & FR No-FTAs & BITs Platform, France •	Paul de Clerck, Friends of the Earth Europe, Belgium •	Julie Zalcman, Friends of the Earth Europe, Belgium •	Virginia, Fair Trade Advocacy Office (FTAO), Belgium •	Daniel Pérez Vega, Eurogroup for Animals, Belgium";Brussels;26/09/24
197533;Manon AUBRY;GUE/NGL;France;['INTA'];Member;;Trade;Mathilde Dupré, Veblen Institute;online;26/09/24
197533;Manon AUBRY;GUE/NGL;France;['INTA'];Member;;Devoir de vigilance;Mathilde Pousseo, Collectif sur l'éthiquette;Bruxelles;24/09/24
197533;Manon AUBRY;GUE/NGL;France;['INTA'];Member;;Devoir de vigilance;Transnational institute;Online;24/09/24
197533;Manon AUBRY;GUE/NGL;France;[];Member;;Social policies;ETUC;Bruxelles;24/09/24
197533;Manon AUBRY;GUE/NGL;France;[];Member;;Couturières bénévoles;Association Bas les masques;Online;27/11/20
197533;Manon AUBRY;GUE/NGL;France;[];Member;;European social rights;Institut protection sociale européenne;Online meeting;18/11/20
197533;Manon AUBRY;GUE/NGL;France;['ECON'];Member;;2021 Budget;Euronews;Online meeting;27/10/20
197533;Manon AUBRY;GUE/NGL;France;['JURI'];Shadow rapporteur;;Human rights due diligence;NGOs;Online meeting;21/10/20
197533;Manon AUBRY;GUE/NGL;France;['ECON'];Member;;French energy public service;CGT EDF;Online meeting;16/10/20
197533;Manon AUBRY;GUE/NGL;France;['AGRI'];Member;;Common agricultural policy;Via Campesina Europe;Online meeting;01/10/20
197533;Manon AUBRY;GUE/NGL;France;['JURI'];Shadow rapporteur;;Human rights due diligence;ETUC;Online Meeting;24/09/20
197533;Manon AUBRY;GUE/NGL;France;['JURI'];Shadow rapporteur;;Human rights due diligence;Concord Europe;Online Meeting;22/09/20
197533;Manon AUBRY;GUE/NGL;France;['ECON'];Member;;Helicopter money;Positive Money;Online Meeting;09/09/20
197533;Manon AUBRY;GUE/NGL;France;['JURI'];Shadow rapporteur;;Human rights due diligence;NGOs;Online meeting;03/09/20
197533;Manon AUBRY;GUE/NGL;France;['JURI'];Shadow rapporteur;;Sustainable corporate governance;Oxfam France;Online meeting;19/06/20
197533;Manon AUBRY;GUE/NGL;France;['ECON'];Member;;Recovery Plan;Cercle Europe et Economie Sociale;Online meeting;10/06/20
197533;Manon AUBRY;GUE/NGL;France;['ECON'];Shadow rapporteur;;Carbon Dividend;Citizen's climate lobby;Online meeting;05/06/20
197533;Manon AUBRY;GUE/NGL;France;[];Member;;Social rights;Bas les masques;Online meeting;05/06/20
197533;Manon AUBRY;GUE/NGL;France;[];Member;;Recovery Plan;Institut Rousseau;Online meeting;29/05/20
197533;Manon AUBRY;GUE/NGL;France;['JURI'];Shadow rapporteur;;Supply Chains;CESE;Online meeting;12/05/20
197533;Manon AUBRY;GUE/NGL;France;[];Member;;Energy Charter Treaty;Open Exp;Online meeting;30/04/20
197533;Manon AUBRY;GUE/NGL;France;['JURI'];Shadow rapporteur;;Human rights due diligence;ETUC;Online meeting;23/04/20
197533;Manon AUBRY;GUE/NGL;France;['ECON'];Member;;Monetary policy;Positive Money;Online meeting;10/04/20
197533;Manon AUBRY;GUE/NGL;France;[];Member;;Climate Law;Greenpeace;Online meeting;30/03/20
197533;Manon AUBRY;GUE/NGL;France;[];Member;;Renewable energies;Ocean Energy Europe;Office of Mrs Aubry;19/02/20
197533;Manon AUBRY;GUE/NGL;France;[];Member;;Annual reception - European Left Party;European Left Party;Kuumba, Chaussée de Wavre 78, Brussels;18/02/20
197533;Manon AUBRY;GUE/NGL;France;['JURI'];Member;;Lobbying in the EU institutions;Corporate Europe Observatory;Telephone;17/02/20
197533;Manon AUBRY;GUE/NGL;France;[];Member;;Animal well-being;Welfarm;European Parliament;12/02/20
197533;Manon AUBRY;GUE/NGL;France;[];Member;;Workers' rights in the EU;CGT, CSC;European Parliament;05/02/20
197533;Manon AUBRY;GUE/NGL;France;[];Member;;Defending platform workers' rights against corporate abuse;Deliveroo;European Parliament;05/02/20
197533;Manon AUBRY;GUE/NGL;France;[];Member;;Human rigths situation on the France/Italy border;Refugee Rights Europe;European Parliament;28/01/20
197533;Manon AUBRY;GUE/NGL;France;[];Member;;Social justice;Emmaüs Pau;Pau;25/01/20
197533;Manon AUBRY;GUE/NGL;France;[];Member;;General discussion about EU politics;Cafébabel;Office of Mrs Aubry;22/01/20
124766;Petras AUŠTREVIČIUS;RE;Lithuania;[];Member;;Import of Russian fertilizers to the EU;Fertilizers Europe;Strasbourg;17/09/24
124766;Petras AUŠTREVIČIUS;RE;Lithuania;[];Member;;EU-Taiwan;Taiwan National Security Council;Brussels;05/09/24
124766;Petras AUŠTREVIČIUS;RE;Lithuania;[];Member;;Regulation of EU aviation;representative of Frankfurt airport;Brussels;03/09/24
124766;Petras AUŠTREVIČIUS;RE;Lithuania;[];Member;;Foreign affairs - Armenia;Rasmussen Global;Brussels;10/07/24
124766;Petras AUŠTREVIČIUS;RE;Lithuania;[];Member;;Cuban resistance;Cuban Democratic Directorate;Brussels;09/07/24
124766;Petras AUŠTREVIČIUS;RE;Lithuania;[];Member;;Foreign affairs;Ambassador of Israel to Lithuania;Vilnius;05/07/24
124766;Petras AUŠTREVIČIUS;RE;Lithuania;[];Member;;Human rights;Human rights defenders from Russia and in exile;Brussels;03/07/24
124766;Petras AUŠTREVIČIUS;RE;Lithuania;[];Member;;Foreign affairs;European Leadership Network EU & NATO;Strasbourg;03/07/24
124766;Petras AUŠTREVIČIUS;RE;Lithuania;[];Member;;Foreign affairs - Tibet;Representative of His Holiness the Dalai Lama;Brussels;02/07/24
124766;Petras AUŠTREVIČIUS;RE;Lithuania;[];Member;;Foreign affairs;Ambassador of Israel to the EU and NATO;Brussels;20/06/24
124766;Petras AUŠTREVIČIUS;RE;Lithuania;['AFET'];Rapporteur;;Belarus;UK mission to the EU;Brussels;02/09/20
124766;Petras AUŠTREVIČIUS;RE;Lithuania;['AFET'];Rapporteur;;Eastern partnership;Meeting with members of Cabinet of the HRVP Mr Borrell;Brussels;02/03/20
197781;Malik AZMANI;RE;Netherlands;[];Member;;Courtesy call;Representative Liberalerna Sweden;Brussels;04/09/24
197781;Malik AZMANI;RE;Netherlands;['LIBE'];Member;;Courtesy call;Univeral Music Group;Strasbourg;17/07/24
197781;Malik AZMANI;RE;Netherlands;[];Member;;Courtesy call;Nationale Ombudsman the Netherlands;Strasbourg;17/07/24
197781;Malik AZMANI;RE;Netherlands;['AFET'];Shadow rapporteur;;Security and Stability in the Middle East;Mission of the State of Palestine to the EU;Brussels;08/10/20
197781;Malik AZMANI;RE;Netherlands;['AFET'];Shadow rapporteur;;Middle East Peace Process;EEAS;Brussels;30/09/20
197781;Malik AZMANI;RE;Netherlands;['AFET'];Shadow rapporteur;;Middle East Peace Process;Embassy of Israel to Belgium;Brussels;30/09/20
197781;Malik AZMANI;RE;Netherlands;['LIBE'];Shadow rapporteur;;Labour  migration;IOM, UNITEE, ETUC, Business Europe;Brussels;15/07/20
197781;Malik AZMANI;RE;Netherlands;['LIBE'];Shadow rapporteur;;Migration;CEPS, OECD, ILO Brussels, Joint Research Centre Knowledge Centre on Migration and Demography (APA), PICUM (APA);Brussels;07/07/20
197781;Malik AZMANI;RE;Netherlands;['LIBE'];Shadow rapporteur;;Migration;EASO;Brussels;15/06/20
256936;Thomas BAJADA;S&D;Malta;[];Member;;EU Support Mechanisms for Start-ups and Young Enterprises and EU Initiatives for Local Manufacturing Support;Malta Enterprise;Pieta', Malta;03/10/24
256936;Thomas BAJADA;S&D;Malta;[];Member;;Youth Involvement in Tourism, Environmental Sustainability in Tourism, Supporting Local Businesses and COmmunities;Gozo Tourism Association;Gozo, Malta;02/10/24
256936;Thomas BAJADA;S&D;Malta;[];Member;;Recognition of Innovation, Youth and Talent Development, Sustainability and Tech for Wellbeing;Threls Ltd.;Gozo, Malta;02/10/24
256936;Thomas BAJADA;S&D;Malta;[];Member;;Exchange on upcoming event;EBCD (European Bureau for Conservation & Development);Brussels, Belgium;01/10/24
256936;Thomas BAJADA;S&D;Malta;[];Member;;Situation in Israel and Palestine;Ofek: The Israeli Center for Public Affairs;Brussels, Belgium;26/09/24
256936;Thomas BAJADA;S&D;Malta;[];Member;;Informal Introduction with the Chairperson of MCESD;Malta Council for Economic and Social Development;Brussels, Belgium;24/09/24
256936;Thomas BAJADA;S&D;Malta;[];Member;;Challenges faced by persons by disability in Malta;The Malta Federation of Organisations Persons with Disability;European Parliament, Brussels;23/09/24
256936;Thomas BAJADA;S&D;Malta;[];Member;;Exchange about the situation faced by youths in Palestine;Saif Aqel, Vice President of IUCY;European Parliament, Strasbourg;17/09/24
256936;Thomas BAJADA;S&D;Malta;[];Member;;The trade of interpretation in European institutions;Representatives from the Department of Translation, Terminology and Interpreting Studies;University of Malta, Malta;13/09/24
256936;Thomas BAJADA;S&D;Malta;[];Member;;Youth Politics;KSU - University Students' Council;University of Malta, Malta;13/09/24
257003;Jeannette BALJEU;RE;Netherlands;['ENVI'];Member;;EU environmental policy;Mangrove Group, New Era;Strasbourg;09/10/24
257003;Jeannette BALJEU;RE;Netherlands;['IMCO'];Member;;Unfair competition third countries;Vereniging VNO-NCW;Strasbourg;09/10/24
257003;Jeannette BALJEU;RE;Netherlands;['IMCO'];Member;;Fitness Check Report, consumer protection;Computer and Communications Industry Association;Strasbourg;08/10/24
257003;Jeannette BALJEU;RE;Netherlands;['ENVI'];Shadow rapporteur;;Waste Framework Directive;EuRIC;Brussels;07/10/24
257003;Jeannette BALJEU;RE;Netherlands;['ENVI'];Member;;EU environmental policy;Lely Holding B.V.;Brussels;04/10/24
257003;Jeannette BALJEU;RE;Netherlands;['IMCO'];Member;;SMEs and regulatory burdens;Vereniging VNO-NCW;Brussels;03/10/24
257003;Jeannette BALJEU;RE;Netherlands;['ENVI'];Shadow rapporteur;;Waste Framework Directive;Municipal Waste Europe;Brussels;03/10/24
257003;Jeannette BALJEU;RE;Netherlands;['ENVI'];Shadow rapporteur;;Waste Framework Directive;Syre;Online;03/10/24
257003;Jeannette BALJEU;RE;Netherlands;['ITRE'];Member;;Bio ethanol;ePure;Brussels;02/10/24
257003;Jeannette BALJEU;RE;Netherlands;['IMCO'];Member;;Sustainability;JDE Peet's;Brussels;02/10/24
247735;Laura BALLARÍN CEREZA;S&D;Spain;['IMCO'];Member;;Priorities for the mandate 2024-2029;Airbnb Ireland UC;Online;11/10/24
247735;Laura BALLARÍN CEREZA;S&D;Spain;['IMCO'];Member;;Priorities for the mandate 2024-2029;Meetic Group, a Match Group Company;Online;10/10/24
247735;Laura BALLARÍN CEREZA;S&D;Spain;['IMCO'];Member;;P;EBU-UER (European Broadcasting Union), RTVE;Online;10/10/24
247735;Laura BALLARÍN CEREZA;S&D;Spain;['IMCO'];Member;;Priorities for the mandate 2024-2029;Laliga;Online;09/10/24
247735;Laura BALLARÍN CEREZA;S&D;Spain;['IMCO'];Rapporteur;;Green Claims Directive, Late Payment regulation and ADR/ODR;Independent Retail Europe (formerly UGAL - Union of Groups of Independent Retailers of Europe);Online;07/10/24
247735;Laura BALLARÍN CEREZA;S&D;Spain;['IMCO'];Member;;Digital priorities for the mandate 2024-2029;People vs Big Tech;Brussels;04/10/24
247735;Laura BALLARÍN CEREZA;S&D;Spain;['IMCO'];Shadow rapporteur;;Green Claims Directive;Apple Inc.;Brussels;03/10/24
247735;Laura BALLARÍN CEREZA;S&D;Spain;['IMCO'];Member;;Priorities for the mandate 2024-2029;Alibaba;Brussels;03/10/24
247735;Laura BALLARÍN CEREZA;S&D;Spain;['IMCO'];Member;;Priorities for the mandate 2024-2029;Motion Picture Association EMEA;Brussels;02/10/24
247735;Laura BALLARÍN CEREZA;S&D;Spain;['IMCO'];Member;;Digital priorities for the mandate 2024-2029;Reporters sans frontières;Brussels;02/10/24
197433;Katarina BARLEY;S&D;Germany;[];Member;;Digitalpolitik;People vs Big Tech;Brüssel;30/09/24
197433;Katarina BARLEY;S&D;Germany;['IMCO'];Member;;Werksbesichtigung, Verpackungs- und Verpackungsabfallverordnung;Papier Mettler;Morbach, Deutschland;27/09/24
197433;Katarina BARLEY;S&D;Germany;[];Member;;Digitalpolitik;European Digital Rights;Brüssel;19/09/24
197433;Katarina BARLEY;S&D;Germany;[];Member;;Protection of Journalists and Media Freedom;European Federation of Journalists;Brüssel;16/09/24
197433;Katarina BARLEY;S&D;Germany;[];Member;;Teilnahme Veranstaltung;ZEIT Stiftung;Remote;24/11/20
197433;Katarina BARLEY;S&D;Germany;[];Member;;Teilnahme Veranstaltung;Global Fund Europe;Remote;18/11/20
197433;Katarina BARLEY;S&D;Germany;[];Member;;Teilnahme Veranstaltung;Deutscher Juristinnenbund;Remote;11/11/20
197433;Katarina BARLEY;S&D;Germany;[];Member;;Teilnahme Tagung;Deutscher Anwaltverein;Remote;30/10/20
197433;Katarina BARLEY;S&D;Germany;[];Member;;Exchange of views;Seebrücke;Online;28/10/20
197433;Katarina BARLEY;S&D;Germany;[];Member;;Exchange of views;Industrie- und Handelskammer Trier;Trier;16/10/20
197433;Katarina BARLEY;S&D;Germany;[];Member;;Exchange of views;European Alliance for Holocaust Survivors;Brussels;07/07/20
197433;Katarina BARLEY;S&D;Germany;[];Member;;SLAPPs in the EU;Reporters without borders;Online;25/06/20
197433;Katarina BARLEY;S&D;Germany;[];Member;;Speech;European Women Alliance;Online;17/06/20
197433;Katarina BARLEY;S&D;Germany;[];Member;;Keynote speech;Civil Society Europe;Online;15/06/20
197433;Katarina BARLEY;S&D;Germany;[];Member;;Panel discussion on priorities of German Council Presidency;Europa Union;Online;09/06/20
197433;Katarina BARLEY;S&D;Germany;[];Member;;Discussion;World Forum for Ethics in Business;Online;29/05/20
197433;Katarina BARLEY;S&D;Germany;[];Member;;Panel discussion “The European Union one year after the EU Elections”;AmCham EU;Online;26/05/20
197433;Katarina BARLEY;S&D;Germany;[];Member;;Panel discussion;Institut für Europäische Politik;Online;26/05/20
197433;Katarina BARLEY;S&D;Germany;['AFET'];Shadow rapporteur;;Meeting;Centre for Feminist Foreign Policy (CFFP);Online;06/05/20
197433;Katarina BARLEY;S&D;Germany;['LIBE'];Shadow rapporteur;;Meeting;Reporters without Borders;Online;22/04/20
197433;Katarina BARLEY;S&D;Germany;[];Member;;Digital Single Market;Interactive Software Federation of Europe (ISFE);Brussels;04/03/20
197433;Katarina BARLEY;S&D;Germany;[];Member;;Introductory meeting;European Confederation of National Bakery and Confectionery Organizations;Strasbourg;12/02/20
197433;Katarina BARLEY;S&D;Germany;[];Member;;Digital policy;Google;Brussels;05/02/20
197433;Katarina BARLEY;S&D;Germany;[];Member;;Presentation of letter to the EU;Scram Media;Brussels;30/01/20
197433;Katarina BARLEY;S&D;Germany;[];Member;;Introduction;Friedrich-Ebert-Stiftung Brüssel;Brussels;22/01/20
257110;Dan BARNA;RE;Romania;['AFET'];Member;;The Serbia s short-, mid- and long- term priorities in its relations with the EU;Mission of the Republic of Serbia to the European Union;European Parliament;09/10/24
257110;Dan BARNA;RE;Romania;['AFET'];Member;;The current situation in the Middle East region;Mission of Israel to the European Union and NATO;European Parliament;09/10/24
257110;Dan BARNA;RE;Romania;[];Member;;The functioning and challenges of the Return Guarantee System - SGR in Romania;Asociația Națională pentru Băuturi Răcoritoare (ANBR);European Parliament;02/10/24
257110;Dan BARNA;RE;Romania;['AFET'];Member;;The progress and stages of Moldova s integration in the European Union;Mission of the Republic of Moldova to the European Union;European Parliament;01/10/24
257110;Dan BARNA;RE;Romania;['AFET'];Member;;The perspectives for economic and energy collaboration between Azerbaijan and the European Union;Mission of Azerbaijan to the European Union;European Parliament;24/09/24
257110;Dan BARNA;RE;Romania;[];Member;;Coordinating efforts to support Romania within European institutions;Permanent Representation of Romania to the European Union;European Parliament;24/09/24
257110;Dan BARNA;RE;Romania;[];Member;;Priorities for the upcoming european legislative term, as well as the latest developments in the telecommunications and digital sectors;Vodafone Belgium SA;European Parliament;18/09/24
257110;Dan BARNA;RE;Romania;[];Member;;Reindustrialization of Europe, increasing competitiveness in the UE, understanding the intentions and perspectives of the industry for the European market.;Philip Morris International Inc., Philip Morris Romania;European Parliament;12/09/24
257110;Dan BARNA;RE;Romania;[];Member;;Gender Equality Priorities in the European Union;European Women's Lobby, Romanian Women's Lobby (RoWL);European Parliament;11/09/24
257110;Dan BARNA;RE;Romania;[];Member;;New renewable energies and the perspective of their implementation;Confederația Patronală CONCORDIA;European Parliament;04/09/24
256887;Wouter BEKE;EPP;Belgium;[];Member;;Foreign policy and development cooperation;Enabel;MRBEL_Cafetaria (rue Haute 147, Brussels 1000, BE);02/10/24
256887;Wouter BEKE;EPP;Belgium;[];Member;;Capital Markets Union;Febelfin;EP Brussels;02/10/24
256887;Wouter BEKE;EPP;Belgium;[];Member;;KPMG report;Philip Morris Benelux;EP Brussels;02/10/24
256887;Wouter BEKE;EPP;Belgium;[];Member;;War in Ukraine;Free Russia Foundation;EP Brussels;01/10/24
256887;Wouter BEKE;EPP;Belgium;[];Member;;EU green transition, EU Industrial Deal;European Aluminium AISBL;EP Strasbourg;18/09/24
256887;Wouter BEKE;EPP;Belgium;[];Member;;How to secure a viable, clean steel industry in Europe;ArcelorMittal, StaalindustrieVerbond - Belgian steel federation, The European Steel Association;EP Strasbourg;18/09/24
256887;Wouter BEKE;EPP;Belgium;[];Member;;Dinner debate Deloitte EU Policy Centre;Deloitte EU Policy Centre;Restaurant Au Crocodile, Strasbourg;17/09/24
256887;Wouter BEKE;EPP;Belgium;[];Member;;Urban and port logistics;TRI-VISOR;European Parliament Brussels;24/07/24
256887;Wouter BEKE;EPP;Belgium;[];Member;;Critical raw materials;Global Sea Mineral Resources;Online;22/07/24
256887;Wouter BEKE;EPP;Belgium;[];Member;;Solar PV;EPIA SolarPower Europe;European Parliament Strasbourg;17/07/24
197534;François-Xavier BELLAMY;EPP;France;['LIBE'];Member;;Protection of children online;Eurochild AISBL, Future Advocacy;EP premises in Brussels;07/10/24
124867;Brando BENIFEI;S&D;Italy;['IMCO'];Member;;AI safety across various risk areas, AI Act;Intel Corporation;EU Parliament, Brussels;02/10/24
124867;Brando BENIFEI;S&D;Italy;[];Member;;Vision and proposals for a stronger space for civil society actors;Civil Society Europe;EU Parliament, Brussels;02/10/24
124867;Brando BENIFEI;S&D;Italy;[];Member;;Protection of minors and children in Europe;Save the Children Europe;EU Parliament, Brussels;26/09/24
124867;Brando BENIFEI;S&D;Italy;['INTA'];Member;;Industrial commitment to sustainable fluoropolymer production in Europe;The Chemours Company;EU Parliament, Brussels;25/09/24
124867;Brando BENIFEI;S&D;Italy;['IMCO'];Member;;Italian activities of the company, the sectors of excellence of Made in Italy: design, packaging, plastic recycling systems and automotive.;BASF SE;EU Parliament, Brussels;25/09/24
124867;Brando BENIFEI;S&D;Italy;['IMCO'];Member;;AI on data centres, AI Act, energy consumption of IT and AI systems;Pure Storage, Inc.;EU Parliament, Brussels;25/09/24
124867;Brando BENIFEI;S&D;Italy;[];Member;;inclusion of people with intellectual disabilities in the political agenda of the European Commission and Parliament;Eu for Trisomy 21;EU Parliament, Brussels;25/09/24
124867;Brando BENIFEI;S&D;Italy;[];Member;;Biofuels and electrification perspectives;Eni S.p.A.;EU PArliament, Brussels;25/09/24
124867;Brando BENIFEI;S&D;Italy;['IMCO'];Member;;Unsafe toys on online marketplaces and what the EU can do about providing safety for children and protecting European businesses;Toy Industries of Europe;Renaissance Hotel, Rue du Parnasse 19, 1050 Brussels;24/09/24
124867;Brando BENIFEI;S&D;Italy;['INTA'];Member;;European Industry fuels manufactory, Decarbonization, competitiveness of the sector;FuelsEurope;Eu Parliament, Strasbourg;18/09/24
197679;Isabel BENJUMEA BENJUMEA;EPP;Spain;['ECON'];Member;;ECON;JP Morgan;Strasbourg;09/10/24
197679;Isabel BENJUMEA BENJUMEA;EPP;Spain;['ECON'];Member;;CMU-RIS;Deutsche Bank AG;Strasbourg;08/10/24
197679;Isabel BENJUMEA BENJUMEA;EPP;Spain;['ECON'];Member;;Intergroup;Invest Europe;Online;01/10/24
197679;Isabel BENJUMEA BENJUMEA;EPP;Spain;[];Member;;Reunión democracia;Democracia Real;Online;01/10/24
197679;Isabel BENJUMEA BENJUMEA;EPP;Spain;['ECON'];Member;;Tax;TaxFoundation;Estrasburgo;18/09/24
197679;Isabel BENJUMEA BENJUMEA;EPP;Spain;['BUDG'];Member;;BUDG;EPPO;Bruselas;12/09/24
197679;Isabel BENJUMEA BENJUMEA;EPP;Spain;['ECON'];Member;;Tasas de pago;Revolut Ltd;Bruselas;11/09/24
197679;Isabel BENJUMEA BENJUMEA;EPP;Spain;['ECON'];Member;;Reunión sector bancario;Asociación Española de Banca;Estrasburgo;18/07/24
197679;Isabel BENJUMEA BENJUMEA;EPP;Spain;[];Member;;ECON;Invest Europe;Brussels;25/06/24
197679;Isabel BENJUMEA BENJUMEA;EPP;Spain;['ECON'];Shadow rapporteur;;Descargas;EIOPA;Madrid;21/12/20
197679;Isabel BENJUMEA BENJUMEA;EPP;Spain;['ECON'];Shadow rapporteur;;Descargas;EMAS;Madrid;18/12/20
197679;Isabel BENJUMEA BENJUMEA;EPP;Spain;['ECON'];Shadow rapporteur;;Discharges;EBA;Madrid;04/12/20
197679;Isabel BENJUMEA BENJUMEA;EPP;Spain;['ECON'];Member;;Fiscalidad;EY EMEIA;Bruselas;03/12/20
197679;Isabel BENJUMEA BENJUMEA;EPP;Spain;['ECON'];Member;;Capital Markets Union;REPER;Madrid;26/11/20
197679;Isabel BENJUMEA BENJUMEA;EPP;Spain;['ECON'];Rapporteur;;Capital Markets Union;BME, Bolsas y Mecados espanoles;Madrid;25/11/20
197679;Isabel BENJUMEA BENJUMEA;EPP;Spain;['ECON'];Member;;Reforma sistema de retenciones;REPER;Madrid;24/11/20
197679;Isabel BENJUMEA BENJUMEA;EPP;Spain;['ECON'];Rapporteur;;Capital Markets Union;City of London;Madrid;16/11/20
197679;Isabel BENJUMEA BENJUMEA;EPP;Spain;['ECON'];Member;;Mercado;APPLE;Madrid;05/11/20
197679;Isabel BENJUMEA BENJUMEA;EPP;Spain;['ECON'];Rapporteur;;Capital Markets Union;CEO/CEPS;Madrid;01/10/20
197679;Isabel BENJUMEA BENJUMEA;EPP;Spain;['ECON'];Rapporteur;;Capital Markets;BBVA;Madrid;22/09/20
197679;Isabel BENJUMEA BENJUMEA;EPP;Spain;['ECON'];Member;;Empresa;CERMER;Madrid;17/09/20
197679;Isabel BENJUMEA BENJUMEA;EPP;Spain;['ECON'];Rapporteur;;Capital Markets Union;Banco Santander;Bruselas;16/09/20
197679;Isabel BENJUMEA BENJUMEA;EPP;Spain;['ECON'];Rapporteur;;Capital Markets Union;REPER;Bruselas;15/09/20
197679;Isabel BENJUMEA BENJUMEA;EPP;Spain;['ECON'];Rapporteur;;Capital Markets Union;Global Head of Government & Regulatory Affairs of Deutsche Bank AG;Bruselas;02/09/20
197679;Isabel BENJUMEA BENJUMEA;EPP;Spain;['ECON'];Rapporteur;;Capital Markets Union;Austrian Savings Banks;Madrid;01/09/20
197679;Isabel BENJUMEA BENJUMEA;EPP;Spain;[];Member;;Caza;Safari Club Iberia .José María Losa  y José Ignacio Losa;Madrid;07/07/20
197679;Isabel BENJUMEA BENJUMEA;EPP;Spain;['ECON'];Rapporteur;;Capital Markets Union;UNESPA - GDV;Madrd;02/07/20
197679;Isabel BENJUMEA BENJUMEA;EPP;Spain;['ECON'];Rapporteur;;Capital Markets Union;AFME (Association for Financial Markets in Europe;Madrid;19/06/20
197679;Isabel BENJUMEA BENJUMEA;EPP;Spain;['REGI'];Member;;Grupo de investigacion;Gistem research;Madrid;01/06/20
197679;Isabel BENJUMEA BENJUMEA;EPP;Spain;['ECON'];Member;;Quick fix de la CRR;Pedro Guerrero REPER;Madrid;29/05/20
197679;Isabel BENJUMEA BENJUMEA;EPP;Spain;['ECON'];Rapporteur;;Capital Markets Union;Howson/ CBOE Europe;Madrid;28/05/20
197679;Isabel BENJUMEA BENJUMEA;EPP;Spain;['ECON'];Rapporteur;;Capital Markets Union;M. Teebom / Fia EPTA;Madrid;26/05/20
197679;Isabel BENJUMEA BENJUMEA;EPP;Spain;['ECON'];Member;;PYMES;ACEDE( Asociación catalana de ejecutivos, directivos y empresarios);Madrid;21/05/20
197679;Isabel BENJUMEA BENJUMEA;EPP;Spain;['ECON'];Rapporteur;;Capital Markets Union;European Banking Federation;Madrid;19/05/20
197679;Isabel BENJUMEA BENJUMEA;EPP;Spain;['ECON'];Rapporteur;;Capital Markets Union;Italian Banking Association;Madrid;07/05/20
197679;Isabel BENJUMEA BENJUMEA;EPP;Spain;['CULT'];Member;;Juventud;Consejo Juventud de España;Madrid;01/05/20
197679;Isabel BENJUMEA BENJUMEA;EPP;Spain;['ECON'];Rapporteur;;Capital Markets Union;IBB - French Asset Management Association;Madrid;30/04/20
197679;Isabel BENJUMEA BENJUMEA;EPP;Spain;['ECON'];Rapporteur;;CMU;Association of German Banks;Madrid;24/04/20
197679;Isabel BENJUMEA BENJUMEA;EPP;Spain;['ECON'];Rapporteur;;Capital Markets Union;Tatyana Panova;Madrid;23/04/20
197679;Isabel BENJUMEA BENJUMEA;EPP;Spain;['CULT'];Member;;Entrepreneurship education programmes;Junior Achievement Europe;Madrid;22/04/20
197679;Isabel BENJUMEA BENJUMEA;EPP;Spain;['ECON'];Rapporteur;;Capital Martets;Banco BBVA;Madrid;16/04/20
197679;Isabel BENJUMEA BENJUMEA;EPP;Spain;['ECON'];Rapporteur;;CMU;Sheila Nicoll  Shroders;Madrid;03/04/20
197679;Isabel BENJUMEA BENJUMEA;EPP;Spain;['ECON'];Rapporteur;;Digital policy;Banco Santander;Madrid;27/03/20
197679;Isabel BENJUMEA BENJUMEA;EPP;Spain;[];Member;;Juan Ignacio  Yague Gonzalez;Responsable de formación en Fundación Escuelas Católicas;Madrid;20/03/20
197679;Isabel BENJUMEA BENJUMEA;EPP;Spain;['REGI'];Member;;Pacto Verde;Cee Banlwatch Network ( Equipo);Bruselas;20/02/20
197679;Isabel BENJUMEA BENJUMEA;EPP;Spain;['REGI'];Member;;Política de  Vivienda en la Unión Europea;Build Europe;Bruselas;20/02/20
197679;Isabel BENJUMEA BENJUMEA;EPP;Spain;['CULT'];Member;;Conocer las inquietudes de los intépretes culturales;Aepo-Artis;Bruselas;18/02/20
197679;Isabel BENJUMEA BENJUMEA;EPP;Spain;['REGI'];Member;;El papel  del cobre como  metal  esencial en el bienestar;Atlantic Cooper;Madrid;31/01/20
197679;Isabel BENJUMEA BENJUMEA;EPP;Spain;['REGI'];Member;;Futuras negociaciones sobre los Reglamentos  Fondos Estructurales.;Once;Bruselas;22/01/20
197679;Isabel BENJUMEA BENJUMEA;EPP;Spain;['CULT'];Member;;Temas que interesan  a las universidades españolas en el contexto europeo actual;Crue;Bruselas;21/01/20
197679;Isabel BENJUMEA BENJUMEA;EPP;Spain;['CULT'];Member;;Erasmus jovenes emprendedores;Ceoe;Bruselas;08/01/20
197408;Hildegard BENTELE;EPP;Germany;['ITRE'];Member;;Critical Raw Materials;Ridens;Brussels;03/10/24
197408;Hildegard BENTELE;EPP;Germany;[];Member;;Civil society peacebuilding work;Alliance for Middle East Peace;Online;02/10/24
197408;Hildegard BENTELE;EPP;Germany;['ENVI'];Member;;Sustainable Aviation Fuels;SkyNRG B.V.;Brussels;02/10/24
197408;Hildegard BENTELE;EPP;Germany;['ENVI'];Member;;EU Environmental and Sport Policy;IBU Internationale Biathlon Union;Virtual meeting;02/10/24
197408;Hildegard BENTELE;EPP;Germany;['ENVI'];Member;;EU Environmental Policy;Verband Kommunaler Unternehmen e.V.;Brussels;02/10/24
197408;Hildegard BENTELE;EPP;Germany;['ITRE'];Member;;EU Industry Policy;European Aluminium AISBL;Brussels;30/09/24
197408;Hildegard BENTELE;EPP;Germany;[];Member;;Sustainable Development Goals;Deutsche Welthungerhilfe e.V.;Brussels;26/09/24
197408;Hildegard BENTELE;EPP;Germany;['ENVI'];Member;;Enzymes;Association of Manufacturers and Formulators of Enzyme Products;Brussels;26/09/24
197408;Hildegard BENTELE;EPP;Germany;['ITRE'];Member;;Automotive Industry;Belron International Limited;Brussels;26/09/24
197408;Hildegard BENTELE;EPP;Germany;[];Member;;"Work of the working group ""Narrative Management for Peace through Dialogue""";"Working group ""Narrative Management for Peace through Dialogue """;Online;25/09/24
197408;Hildegard BENTELE;EPP;Germany;['DEVE'];Rapporteur;;Roundtable;Concord, ACF, KAS, EPF, FAO, ICRC, MSF, WFP, Safe the children, UNICEF, VOICE, UNDP, CARE, GIZ, IFRC, UNFPA;Video-conference;17/12/20
197408;Hildegard BENTELE;EPP;Germany;['ENVI'];Rapporteur;;EU Hydrogen Strategy;WindEurope;Telefoncall;09/11/20
197408;Hildegard BENTELE;EPP;Germany;['DEVE'];Rapporteur;;sustainable and deforestation-free supply chains and due-diligence obligations, certification systems, definition of forests;Fern, Nestlé, Global Witness, Intergraf, Verband der Ölsaatverarbeitenden Industrie in Deutschland e.V.;Videocall;12/05/20
197778;Tom BERENDSEN;EPP;Netherlands;['ITRE'];Member;;Industrial and energy policy;Vereniging VNO-NCW;European Parliament, Brussels;03/10/24
197778;Tom BERENDSEN;EPP;Netherlands;['TRAN'];Member;;Port strategy;Havenbedrijf Rotterdam NV;European Parliament, Brussels;01/10/24
197778;Tom BERENDSEN;EPP;Netherlands;['TRAN'];Member;;Introductory meeting;Transport en Logistiek Nederland;European Parliament, Brussels;25/09/24
197778;Tom BERENDSEN;EPP;Netherlands;['ITRE'];Member;;Introduction,Strategic Dialogue on the Future of Agriculture;Wageningen University;European Parliament, Strasbourg;18/09/24
197778;Tom BERENDSEN;EPP;Netherlands;['ITRE'];Member;;Industrial policy;Koninklijke Vereniging MKB-Nederland, Vereniging VNO-NCW;Brussels;11/09/24
197778;Tom BERENDSEN;EPP;Netherlands;['TRAN'];Rapporteur;;River information systems;European Barge Union, Inland Navigation Europe;European Parliament, Brussels;10/09/24
197778;Tom BERENDSEN;EPP;Netherlands;['ITRE'];Member;;CEO EU Industry Table;Vereniging VNO-NCW;Permanente Vertegenwoordiging van Nederland bij de EU, Brussels;10/09/24
197778;Tom BERENDSEN;EPP;Netherlands;['ITRE'];Member;;Work visit - hydrogen;Shell International;Maasvlakte Rotterdam (NL);09/09/24
197778;Tom BERENDSEN;EPP;Netherlands;['ITRE'];Member;;Opening of academic year;Eindhoven University of Technology;Eindhoven (NL);02/09/24
197778;Tom BERENDSEN;EPP;Netherlands;['ITRE'];Member;;Industrial policy;Confederation of European Paper Industries, European Chemical Industry Council, European Federation of Pharmaceutical Industries and Associations, RENAULT, The European Steel Association;European Parliament, Brussels;23/07/24
197778;Tom BERENDSEN;EPP;Netherlands;['TRAN'];Member;;Maritime transport, innovation;Koninklijke Vereniging van Nederlandse Reders (Brussels representative);Video call;16/12/20
197778;Tom BERENDSEN;EPP;Netherlands;['ITRE'];Member;;Energy project;Convectron Natural Fusion (Board members);Video call;15/12/20
197778;Tom BERENDSEN;EPP;Netherlands;['ITRE'];Member;;European hydrogen strategy;Royal Dutch Shell (Senior EU Affairs Manager);Video call;03/12/20
197778;Tom BERENDSEN;EPP;Netherlands;['TRAN'];Member;;Inland shipping and the Green Deal;Container Terminal Doesburg (Branch Manager);Video call;02/12/20
197778;Tom BERENDSEN;EPP;Netherlands;[];Member;;Dag van de Ondernemer - digital working visit;Klijsen Makelaars en Taxateurs (Director), NVM (Public Affairs), MKB Nederland (Coördinator Social Affairs);Video call;20/11/20
197778;Tom BERENDSEN;EPP;Netherlands;['TRAN', 'ITRE'];Member;;Transport security;Nuctech (EU advisor);Video call;19/11/20
197778;Tom BERENDSEN;EPP;Netherlands;[];Member;;Stakeholder dialogue;PwC (Member of Dutch Board of Management);Video call;18/11/20
197778;Tom BERENDSEN;EPP;Netherlands;[];Member;;Trade and competition;UNIFE (Director General / Head of Unit Public Affairs / Public Affairs Manager);Video call;17/11/20
197778;Tom BERENDSEN;EPP;Netherlands;['ITRE'];Member;;Groningen compressed air energy storage project;Corre Energy (CEO and Head of Project Development);Video call;12/11/20
197778;Tom BERENDSEN;EPP;Netherlands;['ITRE'];Member;;European hydrogen framework;RWE (Head of Government Relations and Senior Advisors Public Affairs);Video call;10/11/20
197778;Tom BERENDSEN;EPP;Netherlands;['ITRE'];Member;;Nuclear fusion;HB11 Energy (EU Liaison);By phone;10/11/20
197778;Tom BERENDSEN;EPP;Netherlands;['ITRE'];Member;;ETS indirect cost compensation;Nyrstar (Vice President European Operations and Global Products’ Technical and Market Development Manager);Video call;05/11/20
197778;Tom BERENDSEN;EPP;Netherlands;['TRAN'];Member;;Decarbonisation of the European aviation sector;Neste (Executive Vice President for Renewable Aviation);Video call;05/11/20
197778;Tom BERENDSEN;EPP;Netherlands;['ITRE'];Member;;Chinese influence within the EU;Datenna (CEO);Video call;02/11/20
197778;Tom BERENDSEN;EPP;Netherlands;['ITRE'];Shadow rapporteur;;Industrial strategy;VNO-NCW (Head of Brussels Office);Video call;29/10/20
197778;Tom BERENDSEN;EPP;Netherlands;['TRAN'];Member;;International passenger rail transport;Nederlandse Spoorwegen (European Affairs Manager);Video call;27/10/20
197778;Tom BERENDSEN;EPP;Netherlands;['ITRE'];Member;;Carbon capture and storage;ATHOS (Project Director), Energie Beheer Nederland (Public Affairs);Video call;26/10/20
197778;Tom BERENDSEN;EPP;Netherlands;['ITRE'];Member;;Horizon Europe and Vaccine R&I;Tuberculosis Vaccine Initiative (Director External Relations & Resource Mobilization);Video call;12/10/20
197778;Tom BERENDSEN;EPP;Netherlands;[];Member;;EU Recovery Plan, Recovery and Resilience Facility;FNV (Vice-chairman and Policy advisor European Affairs);Video call;01/10/20
197778;Tom BERENDSEN;EPP;Netherlands;['ITRE'];Member;;Environmental policy and industry;SABIC (several representatives);Video call;30/09/20
197778;Tom BERENDSEN;EPP;Netherlands;[];Member;;Guest speaker on current affairs;VNO-NCW (European Affairs Committee);Videoconference;23/09/20
197778;Tom BERENDSEN;EPP;Netherlands;[];Member;;Introduction;VindiQu (Founder/Partner);Video call;21/09/20
197778;Tom BERENDSEN;EPP;Netherlands;['ITRE'];Member;;European space policy;Leiden University (spaceEU lead and Astronomy for Development project manager), International Astronomical Union (Fundraiser);Video call;10/09/20
197778;Tom BERENDSEN;EPP;Netherlands;['ITRE'];Member;;Research and Innovation;Vereniging van Universiteiten VSNU (Chairman);By phone;23/07/20
197778;Tom BERENDSEN;EPP;Netherlands;['ITRE'];Member;;Introduction, international trade - Meeting with APA;Qualcomm (Senior Director Government Affairs);Video call;14/07/20
197778;Tom BERENDSEN;EPP;Netherlands;['ITRE'];Member;;Access to funding for non-EU companies;GKN Aerospace (External Relations Manager EU and NL);Video call;07/07/20
197778;Tom BERENDSEN;EPP;Netherlands;['ITRE'];Member;;Speaker at event 'Re-starting the EU economy - How can industry contribute to a resilient and sustainable recovery';EURACTIV (Event organizer);Video conference;07/07/20
197778;Tom BERENDSEN;EPP;Netherlands;['TRAN'];Member;;Visit;North Sea Port;Ghent, Belgium;01/07/20
197778;Tom BERENDSEN;EPP;Netherlands;['TRAN'];Member;;Logistics;The Greenery (Breda location manager);Video call;25/06/20
197778;Tom BERENDSEN;EPP;Netherlands;['TRAN'];Member;;Inland navigation, impact of COVID-19 and drought;Koninklijke BLN-Schuttevaer (Chairman);By phone;23/06/20
197778;Tom BERENDSEN;EPP;Netherlands;['ITRE'];Member;;Introduction - meeting with APA;Vattenfall AB (Senior Policy Advisor Public and Regulatory Affairs EU);Video call;18/06/20
197778;Tom BERENDSEN;EPP;Netherlands;['ITRE'];Member;;Northern Lights project;Equinor (Vice President and Public Affairs, Senior Advisor Northern Lights);Video call;11/06/20
197778;Tom BERENDSEN;EPP;Netherlands;['ITRE'];Member;;Excellence centres, creating and keeping AI-talent and a legal framework for AI;Amsterdam AI Consortium 'AI Technology for People', Universiteit van Amsterdam;Video call;11/06/20
197778;Tom BERENDSEN;EPP;Netherlands;['ITRE'];Shadow rapporteur;;Industrial strategy;VNO-NCW (Head of Brussels Office);Video call;10/06/20
197778;Tom BERENDSEN;EPP;Netherlands;['ITRE'];Shadow rapporteur;;Industrial strategy;CECIP - European Weighing Industry (Secretary General), VDMA (Head of European Office);By phone;28/05/20
197778;Tom BERENDSEN;EPP;Netherlands;['TRAN'];Member;;Introduction;Connekt (Program Manager Smart Mobility);Video call;26/05/20
197778;Tom BERENDSEN;EPP;Netherlands;['ITRE'];Member;;COVID-19 impact, EU developments;VNO-NCW (including a number of their members);Video conference;25/05/20
197778;Tom BERENDSEN;EPP;Netherlands;['ITRE'];Shadow rapporteur;;Industrial Strategy - meeting with APA;Eurometaux (Director for Communication & Public Affairs, Energy & Climate Director), VNMI (Director);Video call;13/05/20
197778;Tom BERENDSEN;EPP;Netherlands;['TRAN'];Member;;Smart Mobilty Strategy;Vervoerregio Amsterdam (Senior Public Affairs);By phone;07/05/20
197778;Tom BERENDSEN;EPP;Netherlands;['ITRE'];Shadow rapporteur;;Industrial Strategy, Green Deal, Impact of COVID-19;GKN Aerospace - Fokker (External Relations Manager EU and the Netherlands);Video call;07/05/20
197778;Tom BERENDSEN;EPP;Netherlands;['ITRE'];Member;;Impact of Covid-19, GigaNet - meeting with APA;Liberty Global (Senior Manager Public Policy), VodafoneZiggo (Director Regulatory, Policy and Public Affairs, Regulatory & Public Policy Manager, Advisor Public Affairs);Video call;30/04/20
197778;Tom BERENDSEN;EPP;Netherlands;['ITRE'];Member;;Impact of COVID-19;Nyrstar (Vice-President European Operations, Global Products' Technical and Market Development Manager);By phone;29/04/20
197778;Tom BERENDSEN;EPP;Netherlands;['ITRE'];Member;;Bioenergy carbon capture use and storage;Drax Power (Group Head of Public Affairs);Video call;28/04/20
197778;Tom BERENDSEN;EPP;Netherlands;['ITRE'];Member;;Energy transition;Stoomplatform (Chairman, Board member);Video call;27/04/20
197778;Tom BERENDSEN;EPP;Netherlands;['ITRE'];Shadow rapporteur;;Chemical industry and the Industrial Strategy;CEFIC (Executive Director Industrial Policy, Director Communications), VNCI (Manager Public Affairs);Video call;23/04/20
197778;Tom BERENDSEN;EPP;Netherlands;['ITRE'];Shadow rapporteur;;Industrial Strategy;FME, VDL, KPN, ASML, Airbus, Siemens, Philips, Signify, DAF, Engie, Fokker, Tata Steel, Royal IHC, NXP;Video conference;23/04/20
197778;Tom BERENDSEN;EPP;Netherlands;['TRAN'];Member;;Impact of COVID-19 on rail transport;Koninklijk Nederlands Vervoer (Coordinator ELETA project);By phone;22/04/20
197778;Tom BERENDSEN;EPP;Netherlands;['ITRE'];Member;;Impact of COVID-19;NXP Semiconductors (Statutory Director);By phone;21/04/20
197778;Tom BERENDSEN;EPP;Netherlands;['ITRE'];Member;;Impact of COVID-19;TU Eindhoven (President of the Executive Board);By phone;21/04/20
197778;Tom BERENDSEN;EPP;Netherlands;['ITRE'];Member;;Impact of COVID-19;ASML (Head of Government and External Affairs);By phone;20/04/20
197778;Tom BERENDSEN;EPP;Netherlands;['TRAN'];Member;;Impact COVID-19 on rail transport - call with APA;Koninklijk Nederlands Vervoer (Coordinator ELETA project);By phone;17/04/20
197778;Tom BERENDSEN;EPP;Netherlands;['ITRE'];Member;;Green Deal, current affairs;Lightyear (Head of Investor Relations);Video call;25/03/20
197778;Tom BERENDSEN;EPP;Netherlands;['REGI'];Member;;Regional policy and villages;Vereniging van Kleine Kernen Noord-Brabant (Chairman, Board member);Video call;23/03/20
197778;Tom BERENDSEN;EPP;Netherlands;['ITRE'];Shadow rapporteur;;EU Industrial Strategy - meeting with APA;American Chamber of Commerce to the EU (Policy advisor), Arconic (Director Government Affairs and Business Development), First Solar (Deputy Head of European Regulatory Affairs and Government Relations);Café Luxembourg (Luxemburgplein 10, Elsene);05/03/20
197778;Tom BERENDSEN;EPP;Netherlands;['ITRE'];Member;;Visit;AVR;Rozenburg (ZH), Netherlands;04/03/20
197778;Tom BERENDSEN;EPP;Netherlands;['TRAN'];Shadow rapporteur;;Administrative procedures in cross-border projects;Bouwend Nederland (Director European Affairs), Heijmans (Permits Advisor);By phone;03/03/20
197778;Tom BERENDSEN;EPP;Netherlands;['ITRE'];Member;;Visit;Suiker Unie;Dinteloord (NL);27/02/20
197778;Tom BERENDSEN;EPP;Netherlands;['ITRE', 'TRAN'];Member;;Visit;Goodyear Aviation;Tilburg (NL);27/02/20
197778;Tom BERENDSEN;EPP;Netherlands;['ITRE'];Shadow rapporteur;;Industrial strategy: role of gas and oil in energy transition - meeting with APA;NOVE (Senior Consultant);European Parliament, Brussels;26/02/20
197778;Tom BERENDSEN;EPP;Netherlands;['ITRE'];Shadow rapporteur;;Industrial strategy - meeting with APA;Iberdrola (European Policy Advisor);European Parliament, Brussels;20/02/20
197778;Tom BERENDSEN;EPP;Netherlands;['ITRE'];Member;;Workshop on Digital Industrial B2B Platforms (speaker);Joint Institute for Innovation Policy (event organiser);European Parliament, Brussels;19/02/20
197778;Tom BERENDSEN;EPP;Netherlands;['REGI'];Member;;Just Transition Fund - meeting with APA;CEE Bankwatch Network (EU Policy Assistant);European Parliament, Brussels;18/02/20
197778;Tom BERENDSEN;EPP;Netherlands;['ITRE', 'REGI'];Member;;Just Transition Fund - meeting with APA;EURELECTRIC (Senior Advisor, Policy Advisor);European Parliament, Brussels;17/02/20
197778;Tom BERENDSEN;EPP;Netherlands;['ITRE'];Shadow rapporteur;;Industrial strategy - meeting with APA;Saint-Gobain (EU Public Affairs Manager);European Parliament, Brussels;17/02/20
197778;Tom BERENDSEN;EPP;Netherlands;['ITRE', 'TRAN'];Member;;Rail network investments;UNIFE - The European Rail Supply Industry Association (Director-General);European Parliament, Strasbourg;11/02/20
197778;Tom BERENDSEN;EPP;Netherlands;['ITRE'];Member;;Visit;Nyrstar, VNMI;Budel-Dorplein (NL);06/02/20
197778;Tom BERENDSEN;EPP;Netherlands;['ITRE'];Member;;Offshore energy policy;Neptune Energy (Managing Director, Public Affairs Manager);European Parliament;05/02/20
197778;Tom BERENDSEN;EPP;Netherlands;['TRAN'];Member;;Strategy on zero-emission trucks;Transport & Environment (Clean Freight Policy Officer);European Parliament, Brussels;05/02/20
197778;Tom BERENDSEN;EPP;Netherlands;['ITRE'];Member;;Interview for company newsletter;Wédéflex Duurzame Daksystemen;European Parliament, Brussels;04/02/20
197778;Tom BERENDSEN;EPP;Netherlands;['ITRE', 'TRAN'];Member;;Visit;Van Ravenhorst Carrosseriebouw, Lagerwey Wind;Barneveld (NL);31/01/20
197778;Tom BERENDSEN;EPP;Netherlands;['TRAN'];Member;;Maritime transport, review TEN-T guidelines;European Sea Ports Organisation (Secretary General);European Parliament, Brussels;29/01/20
197778;Tom BERENDSEN;EPP;Netherlands;['ITRE'];Member;;Carbon capture and storage;Porthos (Advisor Public and Regulatory Affairs), Port of Rotterdam (Programme Manager);European Parliament, Brussels;28/01/20
197778;Tom BERENDSEN;EPP;Netherlands;['ITRE'];Member;;Circular construction materials;Leadax (CEO, Marketing Director);European Parliament, Brussels;28/01/20
197778;Tom BERENDSEN;EPP;Netherlands;['ITRE'];Member;;Host of event on Carbon capture, utilisation and storage;Zero Emissions Platform;European Parliament, Brussels;28/01/20
197778;Tom BERENDSEN;EPP;Netherlands;['REGI'];Member;;Regional policy - meeting with APA;ERAC (Manager Europe);European Parliament, Brussels;22/01/20
197778;Tom BERENDSEN;EPP;Netherlands;['TRAN'];Member;;Transport policy- meeting with APA;Transport en Logistiek Nederland (European Affairs Manager);European Parliament, Brussels;09/01/20
197778;Tom BERENDSEN;EPP;Netherlands;['ITRE'];Member;;Visit;Steenfabriek de Rijswaard, Koninklijke Nederlandse Bouwkeramiek;Aalst (Gld) (NL);09/01/20
197778;Tom BERENDSEN;EPP;Netherlands;['TRAN'];Member;;Motor Insurance Directive review, future of urban transport;FEMA (Secretary-General), FIM (Chairman of Public Affairs), logos (Senior Transport Consultant);European Parliament, Brussels;08/01/20
197778;Tom BERENDSEN;EPP;Netherlands;['ITRE'];Member;;Climate and energy agenda;Royal Dutch Shell (Senior EU Affairs Manager and Head of Liaison Office);European Parliament, Brussels;08/01/20
197648;Alexander BERNHUBER;EPP;Austria;['ENVI'];Member;;Outlook on priorities in COM AGRI and COM ENVI;Bayer AG;Vienna;22/07/24
197648;Alexander BERNHUBER;EPP;Austria;['AGRI'];Member;;Future of animal farming;AnimalhealthEurope;Strasburg;18/07/24
197648;Alexander BERNHUBER;EPP;Austria;['ENVI'];Member;;SUR, NGTs, general political outlook;CropLife Europe;Strasburg;17/07/24
197648;Alexander BERNHUBER;EPP;Austria;['ENVI'];Shadow rapporteur;;Exchange regarding the Biodiversity Strategy 2030;Österreichischer Biomasse Verband;Online;15/12/20
197648;Alexander BERNHUBER;EPP;Austria;['ENVI'];Shadow rapporteur;;Exchange regarding the Biodiversity Strategy 2030;Swedish Forest Industries;Online;07/12/20
197648;Alexander BERNHUBER;EPP;Austria;['ENVI'];Shadow rapporteur;;Exchange regarding the Biodiversity Strategy 2030;EAZA;Online;17/11/20
197648;Alexander BERNHUBER;EPP;Austria;['ENVI'];Shadow rapporteur;;Exchange regarding the Biodiversity Strategy 2030;Finnish Farmers Union;Online;27/10/20
197648;Alexander BERNHUBER;EPP;Austria;['ENVI'];Shadow rapporteur;;Exchange regarding the Biodiversity Strategy 2030;Landwirtschaftskammer Österreich;Brussels, Belgium;09/09/20
197648;Alexander BERNHUBER;EPP;Austria;['ENVI'];Shadow rapporteur;;Exchange regarding the Biodiversity Strategy 2030;Fridays for Future;Vienna, Austria;08/09/20
197648;Alexander BERNHUBER;EPP;Austria;['ENVI'];Shadow rapporteur;;Exchange regarding the Biodiversity Strategy for 2030;Deutscher Bauernverband;Online;22/07/20
197648;Alexander BERNHUBER;EPP;Austria;['ENVI'];Shadow rapporteur;;Exchange regarding the Biodiversity Strategy for 2030;Industriegruppe Pflanzenschutz WKÖ;Vienna, Austria;21/07/20
197648;Alexander BERNHUBER;EPP;Austria;['ENVI'];Shadow rapporteur;;Exchange regarding the Biodiversity Strategy 2030;EU Umweltbüro;Vienna, Austria;15/07/20
197648;Alexander BERNHUBER;EPP;Austria;['ENVI'];Shadow rapporteur;;Exchange regarding the Biodiversity Strategy for 2030;European Diary Association;Brussels, Belgium;18/06/20
197498;Robert BIEDROŃ;S&D;Poland;[];Member;;Humanitarian aid - priorities;Caritas Europa;Brussels;03/10/24
197498;Robert BIEDROŃ;S&D;Poland;[];Member;;Air pollution;Health & Environment Alliance;Brussels;03/10/24
197498;Robert BIEDROŃ;S&D;Poland;[];Member;;EU assistance for Ukraine;Covington & Burling LLP;Brussels;26/09/24
197498;Robert BIEDROŃ;S&D;Poland;[];Member;;Situation in the Middle East;United Nations Relief and Works Agency;Brussels;26/09/24
197498;Robert BIEDROŃ;S&D;Poland;[];Member;;Situation in the Middle East;Ofek: The Israeli Center for Public Affairs;Brussels;25/09/24
197498;Robert BIEDROŃ;S&D;Poland;[];Member;;Priorities for the new term;SOLIDAR;Brussels;12/09/24
197498;Robert BIEDROŃ;S&D;Poland;[];Member;;Dylematy Polityki Bezpieczeństwa wobec Rosji i Białorusi;FES;Strasburg;24/11/20
197498;Robert BIEDROŃ;S&D;Poland;[];Member;;Od Pekinu do Brukseli - równouprawnienie 25 lat później;FES;Brussels;17/11/20
197498;Robert BIEDROŃ;S&D;Poland;[];Member;;Belarus after the elections;Amicus Europae;Strasburg;08/10/20
197498;Robert BIEDROŃ;S&D;Poland;[];Member;;Belarus in Crisis;PISM and FES;Berlin;21/09/20
197498;Robert BIEDROŃ;S&D;Poland;[];Member;;Future of Belarus;WCED;Brussels;08/09/20
197498;Robert BIEDROŃ;S&D;Poland;[];Member;;Future of Belarus;Belarusan House in Warsaw;Warsaw;12/08/20
197498;Robert BIEDROŃ;S&D;Poland;[];Member;;Future of Belarus;EU Ambassadors in Belarus;Brussels;01/07/20
197435;Gabriele BISCHOFF;S&D;Germany;[];Member;;Austausch;Fairtrade Deutschland e.V.;Berlin;27/09/24
197435;Gabriele BISCHOFF;S&D;Germany;[];Member;;Austausch;Save the Children Europe;EU-Parlament Brüssel;11/09/24
197435;Gabriele BISCHOFF;S&D;Germany;['EMPL'];Member;;Austausch;ver.di - Vereinte Dienstleistungsgewerkschaft;EU-Parlament Brüssel;10/09/24
197435;Gabriele BISCHOFF;S&D;Germany;[];Member;;Austausch;EUROPEAN TRADE UNION CONFEDERATION;EU-Parlament Straßburg;16/07/24
197435;Gabriele BISCHOFF;S&D;Germany;['EMPL'];Rapporteur;;Social Security Coordination;Ceemet European Tech and Industry Employers;online;16/10/20
197435;Gabriele BISCHOFF;S&D;Germany;['EMPL'];Rapporteur;;Democracy at Work;ETUC;phone call;08/10/20
197435;Gabriele BISCHOFF;S&D;Germany;[];Member;;CAP;EFFAT;phone;02/10/20
197435;Gabriele BISCHOFF;S&D;Germany;['EMPL'];Rapporteur;;Austausch über soziale Koordinierung;DGB;Telefonat;28/09/20
197435;Gabriele BISCHOFF;S&D;Germany;['EMPL'];Rapporteur;;Mitbestimmung;DGB;online;28/09/20
197435;Gabriele BISCHOFF;S&D;Germany;['EMPL'];Rapporteur;;Social Security Coordination;ETUC;online;17/09/20
197435;Gabriele BISCHOFF;S&D;Germany;[];Member;;The Future of Europe in the Aftermath of the Covid-19 Pandemic;Committee of the Regions;online;11/09/20
197435;Gabriele BISCHOFF;S&D;Germany;['AFCO'];Member;;Austausch über die Konferenz zur Zukunft Europas;Ständige Vertretung der Bundesrepublik Deutschland bei der EU;Ständige Vertretung der Bundesrepublik Deutschland bei der EU;08/09/20
197435;Gabriele BISCHOFF;S&D;Germany;[];Member;;EU-Förderung für Inklusionsunternehmen;Integra gGmbH;Telefonat;21/07/20
197435;Gabriele BISCHOFF;S&D;Germany;[];Member;;Austausch über ESF 2021-27;Investitionsbank Berlin;Berlin;20/07/20
197435;Gabriele BISCHOFF;S&D;Germany;['EMPL'];Rapporteur;;Austausch Sachstand Revision Soziale Sicherheit;DGB;online;10/07/20
197435;Gabriele BISCHOFF;S&D;Germany;['EMPL'];Rapporteur;;Austausch über deutsche Ratspräsidentschaft;Bundesministerium für Arbeit und Soziales;Telefonat;11/06/20
197435;Gabriele BISCHOFF;S&D;Germany;[];Member;;Austausch über grüne Arbeitsplätze und den Europäischen Aktionsplan für die Sozialwirtschaft;RREUSE;Online Meeting;08/06/20
197435;Gabriele BISCHOFF;S&D;Germany;['AFCO'];Member;;Austausch über Konferenz zur Zukunft Europas;Représentation Permanente de la France auprès de l’UE;Online Meeting;11/05/20
197435;Gabriele BISCHOFF;S&D;Germany;[];Member;;Austausch zu COVID-19-Krise aus Handelsperspektive;Handelsverband Deutschland - HDE e.V.;Online Meeting;04/05/20
197435;Gabriele BISCHOFF;S&D;Germany;['EMPL'];Rapporteur;;Austausch mit Leitungsebene über soziale Koordinierung;Bundesministerium für Arbeit und Soziales;Call;30/04/20
197435;Gabriele BISCHOFF;S&D;Germany;['EMPL'];Rapporteur;;Austausch über soziale Koordinierung;Europäische Kommission DG EMPL;Online Meeting;27/04/20
197435;Gabriele BISCHOFF;S&D;Germany;['EMPL'];Rapporteur;;Austausch über A1-Bescheinigungen;EUD;Online Meeting;23/04/20
197435;Gabriele BISCHOFF;S&D;Germany;['EMPL'];Rapporteur;;Austausch zu den Verhandlungen;Permanent Representation of Croatia to the EU;Online Meeting;23/04/20
197435;Gabriele BISCHOFF;S&D;Germany;['EMPL'];Member;;Austausch zur Mitbestimmung;DGB;Online Meeting;21/04/20
197435;Gabriele BISCHOFF;S&D;Germany;['EMPL'];Member;;Treffen mit der AG Europäische Jugendpolitik;Deutscher Bundesjugendring e.V.;Berlin;21/02/20
197435;Gabriele BISCHOFF;S&D;Germany;['EMPL'];Rapporteur;;Austausch mit Kommissar Nicolas Schmit;Europäische Kommission;Brüssel;20/02/20
197435;Gabriele BISCHOFF;S&D;Germany;['EMPL'];Rapporteur;;Austausch über Entsenderichtlinie und Soziale Koordinierung;European Exhibition Industry Alliance (EEIA);Brüssel;17/02/20
197435;Gabriele BISCHOFF;S&D;Germany;['EMPL'];Rapporteur;;Austausch über Dienstreisen in Europa;Verband Deutsches Reisemanagement (VDR);Brüssel;17/02/20
197435;Gabriele BISCHOFF;S&D;Germany;['EMPL'];Rapporteur;;Teilnahme an einer Baustellen-Prüfung der Finanzkontrolle Schwarzarbeit;Hauptzollamt;Brüssel;07/02/20
197435;Gabriele BISCHOFF;S&D;Germany;['EMPL'];Member;;Austausch über europ. Arbeitsmarktpolitik mit Abteilungsleitung Arbeit;Sachsen-Verbindungsbüro Brüssel;Brüssel;04/02/20
197435;Gabriele BISCHOFF;S&D;Germany;[];Member;;Treffen mit Mitarbeiter des Vorstandes Personal/Soziales der Berliner Verkehrsbetriebe (BVG),;Berliner Verkehrsbetriebe (BVG);Brüssel;29/01/20
197435;Gabriele BISCHOFF;S&D;Germany;['EMPL'];Member;;Treffen zu Europäischen Säule Sozialer Rechte und das Europäische Semester;Caritas Europe;Brüssel;29/01/20
197435;Gabriele BISCHOFF;S&D;Germany;[];Member;;Conference on the Future of Europe;Leonie Martin (JEF President);Brussels;27/01/20
197435;Gabriele BISCHOFF;S&D;Germany;['EMPL'];Rapporteur;;Austausch über Entsenderichtlinie und Soziale Koordinierung;Gesamtmetall/ CEEMET;Brüssel;22/01/20
197435;Gabriele BISCHOFF;S&D;Germany;[];Member;;Austausch des VW-Betriebsrates mit den SPD-Mitgliedern aus ITRE, ENVI, EMPL und TRAN;Konzernbetriebsrat der Volkswagen AG;Brüssel;21/01/20
197435;Gabriele BISCHOFF;S&D;Germany;['AFCO'];Member;;Austausch mit FEPS-Präsident;Foundation for European Progressive Studies (FEPS);Brüssel;09/01/20
197435;Gabriele BISCHOFF;S&D;Germany;['EMPL'];Rapporteur;;Treffen mit Deputy Permanent Representative zu den 883-Verhandlungen;Permanent Representation of Croatia to the EU;Brüssel;09/01/20
256998;Rachel BLOM;PfE;Netherlands;['TRAN'];Member;;Introductory meeting;Havenbedrijf Rotterdam NV;European Parliament- Brussels;01/10/24
256998;Rachel BLOM;PfE;Netherlands;['TRAN'];Member;;Introductory meeting;ProRail;European Parliament - Brussels;01/10/24
256998;Rachel BLOM;PfE;Netherlands;['TRAN'];Member;;Introductory meeting;Shell Companies;European Parliament - Brussels;24/09/24
256998;Rachel BLOM;PfE;Netherlands;['TRAN'];Member;;Introductory meeting;KLM Royal Dutch Airlines;European Parliament - Strasbourg;17/07/24
256881;Barbara BONTE;PfE;Belgium;[];Member;;Beleid voor personen met een Handicap;Vlaams Europees Netwerk van Personen met een Handicap, Onafhankelijk Leven;Europees Parlement, Brussel;25/09/24
256881;Barbara BONTE;PfE;Belgium;[];Member;;Auto-industrie;LKQ Europe;Europees Parlement;25/09/24
256881;Barbara BONTE;PfE;Belgium;[];Member;;Landbouwbeleid;Farmers Defence Force;Europees Parlement;25/09/24
256881;Barbara BONTE;PfE;Belgium;[];Member;;Health;LUMEN International Foundation;European Parliament, Strasbourg;18/09/24
256881;Barbara BONTE;PfE;Belgium;[];Member;;Energy Union;Eurelectric aisbl;European Parliament;17/09/24
256881;Barbara BONTE;PfE;Belgium;[];Member;;Agrifood Innovation;Biocontrol Coalition;European Parliament;11/09/24
256881;Barbara BONTE;PfE;Belgium;[];Member;;Meeting met de Europese recyclagefederatie;Denuo vzw/asbl;Europees Parlement;09/09/24
256881;Barbara BONTE;PfE;Belgium;[];Member;;"Presentation of the organisation ""Pharma.be""";Pharma.be;European Parliament, Brussels;21/08/24
257024;Mireia BORRÁS PABÓN;PfE;Spain;['AGRI'];Member;;AGRI;SOS Rural (ICE);Brussels European Parliament;03/10/24
257024;Mireia BORRÁS PABÓN;PfE;Spain;['AGRI'];Member;;AGRI;REAL FEDERACIÓN ESPAÑOLA DE CAZA, Union Criaderos de Toros de Lidia;Brussels European Parliament;02/10/24
257024;Mireia BORRÁS PABÓN;PfE;Spain;['AGRI'];Member;;AGRI;Fundación Antama;Brussels European Parliament;02/10/24
257024;Mireia BORRÁS PABÓN;PfE;Spain;[];Member;;AGRI;The Alliance for Beverage Cartons and the Environment;Brussels European Parliament;26/09/24
257024;Mireia BORRÁS PABÓN;PfE;Spain;['AGRI'];Member;;AGRI;Comité Europeo del Safari Club International;Brussels European Parliament;25/09/24
257024;Mireia BORRÁS PABÓN;PfE;Spain;['AGRI'];Member;;AGRI;AEPLA;Brussels European Parliament;25/09/24
257024;Mireia BORRÁS PABÓN;PfE;Spain;[];Member;;AGRI;Euroseeds;Strasbourg European Parliament;17/09/24
257024;Mireia BORRÁS PABÓN;PfE;Spain;[];Member;;AGRI;ASEDAS;Strasbourg European Parliament;17/09/24
257024;Mireia BORRÁS PABÓN;PfE;Spain;[];Member;;AGRI;Federación Española del Vino;Brussels European Parliament;10/09/24
112748;Biljana BORZAN;S&D;Croatia;['ENVI'];Member;;ENVI topics in general;Biom Association;European Parliament;01/10/24
112748;Biljana BORZAN;S&D;Croatia;['ENVI'];Member;;ENVI topics in general;Udruga Sunce;European Parliament;01/10/24
112748;Biljana BORZAN;S&D;Croatia;['ENVI'];Member;;ENVI topics in general;Pesticide Action Network Europe;European Parliament;20/09/24
112748;Biljana BORZAN;S&D;Croatia;['ENVI'];Member;;ENVI topics in general;European Food Forum;European Parliament;13/09/24
112748;Biljana BORZAN;S&D;Croatia;['ENVI'];Member;;ENVI topics in general;LAT Nitrogen;European Parliament;12/09/24
112748;Biljana BORZAN;S&D;Croatia;['ENVI'];Shadow rapporteur;;Farm to fork Strategy;FoodDrink Europe;Virtual;30/09/20
112748;Biljana BORZAN;S&D;Croatia;['ENVI'];Shadow rapporteur;;Farm to fork Strategy;Croatian Chamber of Agriculture;Zagreb, Croatia;21/09/20
112748;Biljana BORZAN;S&D;Croatia;['IMCO'];Shadow rapporteur;;Sustainable single market for business and consumers;BEUC, L'association HOP, Michelin, European Commission;Virtual;24/04/20
256995;Gordan BOSANAC;Greens / EFA;Croatia;[];Member;;Influence of AI on music industry;HRVATSKA DISKOGRAFSKA UDRUGA - HDU IFPI CROATIA;Strasbourg;08/10/24
256995;Gordan BOSANAC;Greens / EFA;Croatia;[];Member;;Mental health in the EU;Hrvatski savez udruga za mentalno zdravlje (SUMEZ);Zagreb;04/10/24
256995;Gordan BOSANAC;Greens / EFA;Croatia;[];Member;;Upcoming Commission hearings;Association of public services and enterprises Austria (VÖWG);Brussels;30/09/24
256995;Gordan BOSANAC;Greens / EFA;Croatia;[];Member;;Developments on the ground in Israel - Palestine;Ofek: The Israeli Center for Public Affairs;Brussels;26/09/24
256995;Gordan BOSANAC;Greens / EFA;Croatia;[];Member;;Possibilities for cooperation on inclusive entrepreneurship;UNITEE AISBL;Strasbourg;18/09/24
256995;Gordan BOSANAC;Greens / EFA;Croatia;[];Member;;Presentation of Eurocommerce's priorities for the upcoming mandate;EuroCommerce, Herbalife Europe Limited, METRO AG;Strasbourg;18/09/24
256995;Gordan BOSANAC;Greens / EFA;Croatia;[];Member;;Issues of pensioners in the EU;UNI Europa;Brussels;12/09/24
256995;Gordan BOSANAC;Greens / EFA;Croatia;[];Member;;Possibilities for cooperation on the issue of sexual and reproductive rights;European Parliamentary Forum for Sexual & Reproductive Rights;Brussels;06/09/24
256995;Gordan BOSANAC;Greens / EFA;Croatia;[];Member;;Briefing on the situation in Israel and Palestine;European Council on Foreign Relations, European Middle East Project vzw;Brussels;23/07/24
257020;Stine BOSSE;RE;Denmark;['SANT'];Committee chair;;European health policy;European Kidney Health Alliance;Online;09/10/24
257020;Stine BOSSE;RE;Denmark;['SANT'];Member;;European health policy;Medico Industrien;European Parliament Strasbourg;08/10/24
257020;Stine BOSSE;RE;Denmark;['BUDG'];Member;;European financial policy;Finanssiala ry - Finance Finland;European Parliament Strasbourg;08/10/24
257020;Stine BOSSE;RE;Denmark;['SANT'];Committee chair;;European health policy;EUROPEAN ORGANISATION FOR RARE DISEASES;Karsmakers;08/10/24
257020;Stine BOSSE;RE;Denmark;['SANT'];Committee chair;;European health policy;European Patients' Forum (EPF);Online;04/10/24
257020;Stine BOSSE;RE;Denmark;['ENVI'];Member;;European environmental standards;Dansk Standard;Karsmakers;03/10/24
257020;Stine BOSSE;RE;Denmark;['ENVI'];Member;;Launch of Vioneo;A.P. Møller - Mærsk A/S;Antwerp;02/10/24
257020;Stine BOSSE;RE;Denmark;['ENVI'];Member;;European maritime policy;Danish Shipping;European Parliament;02/10/24
257020;Stine BOSSE;RE;Denmark;['SANT'];Committee chair;;European health policy;Sex & Samfund (The Danish Family Planning Association);European Parliament;01/10/24
257020;Stine BOSSE;RE;Denmark;['ENVI'];Member;;Online platforms and health & safety policy;Forbrugerrådet Tænk (the Danish Consumer Council);European Parliament;01/10/24
187917;Marc BOTENGA;GUE/NGL;Belgium;[];Member;;Global Gateway;Counter Balance;Brussels;10/10/24
187917;Marc BOTENGA;GUE/NGL;Belgium;[];Member;;EU stance on Palestine;European Jews for Palestine;Brussels;03/10/24
187917;Marc BOTENGA;GUE/NGL;Belgium;[];Member;;EU relations with the United Arab Emirates;Embassy of the United Arab Emirates to the European Union;Brussels;02/10/24
187917;Marc BOTENGA;GUE/NGL;Belgium;[];Member;;EU relations with the State of Palestine;Mission of Palestine to the EU, Belgium, and Luxembourg;Brussels;02/10/24
187917;Marc BOTENGA;GUE/NGL;Belgium;[];Member;;EU-Azerbaijan relations;Embassy of the Republic of Azerbaijan to Belgium and Luxemburg, Mission to the European Union;Brussels;26/09/24
187917;Marc BOTENGA;GUE/NGL;Belgium;[];Member;;Situation in Palestine;European Coordination of Committees and Associations for Palestine;Brussels;24/09/24
187917;Marc BOTENGA;GUE/NGL;Belgium;[];Member;;Solidarité internationale;Broederlijk Delen;Brussels;24/09/24
187917;Marc BOTENGA;GUE/NGL;Belgium;[];Member;;EU-Cuba Parliamentary Relations;Embassy of Cuba in Belgium and to the European Union;Brussels;09/09/24
187917;Marc BOTENGA;GUE/NGL;Belgium;['AFET'];Member;;EU-Senegal Relations;Ministry of Family and Solidarities of the Republic of Senegal;Ostend;08/09/24
187917;Marc BOTENGA;GUE/NGL;Belgium;[];Member;;Middle East;Arab Renaissance for Democracy and Development;Brussels;03/09/24
187917;Marc BOTENGA;GUE/NGL;Belgium;['ITRE'];Member;;Research & development and affordable medicines;Coordinator at European Alliance for Responsible R&D and Affordable Medicines;Brussels;24/09/20
187917;Marc BOTENGA;GUE/NGL;Belgium;[];Member;;Common Agricultural Policy;Agriculture and Countryside Policy officers (Natuurpunt);Brussels;05/03/20
187917;Marc BOTENGA;GUE/NGL;Belgium;['EMPL'];Shadow rapporteur;;social security coordination;Fédération Générale du Travail de Belgique (FGTB);Brussels;27/02/20
187917;Marc BOTENGA;GUE/NGL;Belgium;['EMPL'];Shadow rapporteur;;Frontier Workers;Conseil Syndical Interrégional Hainaut-Nord/Pas-de-Calais-Flandre Occidentale;Tournai;19/02/20
187917;Marc BOTENGA;GUE/NGL;Belgium;['EMPL'];Member;;Briefing Belgian Trade Unions;Fédération Générale du Travail de Belgique (FGTB), Confédération des Syndicats Chrétiens(ACV-CSC), Centrale Générale des Syndicats Libéraux de Belgique(CGSLB);Brussels;19/02/20
187917;Marc BOTENGA;GUE/NGL;Belgium;['EMPL'];Shadow rapporteur;;Social Rights in the European Union;FNSCBA-CGT, Confédération des Syndicats Chrétiens;Brussels;05/02/20
197577;Gilles BOYER;RE;France;[];Member;;Single currency package;FTI Consulting Belgium;Strasbourg;09/10/24
197577;Gilles BOYER;RE;France;[];Member;;CMU, sustainable finance;FRANCE INVEST;Brussels;02/10/24
197577;Gilles BOYER;RE;France;[];Member;;ECON priorities;Digital Currencies Governance Group Limited, Ledger SAS;Strasbourg;17/09/24
197577;Gilles BOYER;RE;France;[];Member;;Priorités de la mandature pour la competitivité;Mouvement des Entreprises de France;Strasbourg;17/09/24
197577;Gilles BOYER;RE;France;[];Member;;Capital Markets Union;Invest Europe;Strasbourg;17/09/24
197577;Gilles BOYER;RE;France;[];Member;;Regulation in the payment sector;Revolut Ltd;Visio;13/09/24
197577;Gilles BOYER;RE;France;['ECON'];Shadow rapporteur;;Benchmark Regulation;Association Française de la Gestion financière;Brussels;29/08/24
197577;Gilles BOYER;RE;France;[];Member;;ECON priorities;Union des entreprises de proximité;Visio;24/07/24
197577;Gilles BOYER;RE;France;[];Member;;ECON priorities;Gide;Visio;23/07/24
197577;Gilles BOYER;RE;France;['ECON'];Member;;Actualité de la sous-commission fiscalité;MEDEF;Visio;10/12/20
197577;Gilles BOYER;RE;France;['ECON'];Shadow rapporteur;;EU Delegated act under the taxonomy regulation;ENGIE;Visio;08/12/20
197577;Gilles BOYER;RE;France;[];Member;;Finance durable;Fédération Française de l'Assurance;A distance;20/11/20
197577;Gilles BOYER;RE;France;[];Member;;Priorités de la commission ECON;Fédération Bancaire Française;A distance;20/11/20
197577;Gilles BOYER;RE;France;['ECON'];Member;;Finance durable;Société Générale;Brussels;28/10/20
197577;Gilles BOYER;RE;France;['ECON'];Member;;Quick fix titrisation;Fédération Bancaire Française;Brussels;12/10/20
197577;Gilles BOYER;RE;France;['ECON'];Member;;Priorités de la commission ECON;Association Française de la Gestion financière;Brussels;10/10/20
197577;Gilles BOYER;RE;France;['ECON'];Member;;Non Financial Reporting Directive;Climate Disclosure Standards Board;Brussels;01/10/20
197577;Gilles BOYER;RE;France;['ECON'];Member;;Basel reform + ECON dossiers to be published in 2020;Crédit Agricole - Noémi Francheterre;Brussels;05/03/20
197577;Gilles BOYER;RE;France;['ECON'];Shadow rapporteur;;Taxonomy;J.P Morgan: Matt Arnold, Neha Coulon, Richard Kaye, Brian Fox;European Parliament;19/02/20
197577;Gilles BOYER;RE;France;[];Member;;Politiques européennes - priorités de la Commission européenne et le Parlement européen;CCI France - Gilbert Stimpflin, Patrick Brière;European Parliament;19/02/20
197577;Gilles BOYER;RE;France;['ECON'];Shadow rapporteur;;Taxonomy;BVI (German Investment Funds Association) : Marcus Mecklenburgand, Magdalena Kuper, Christoph Swoboda;European Parliament;12/02/20
197577;Gilles BOYER;RE;France;['ECON'];Member;;ECON  dossiers (notably CMU);Autorité des marchés financiers (AMF): Isabelle Massonnat, Natasha Cazenave;Brussels;05/02/20
197577;Gilles BOYER;RE;France;['ECON'];Member;;ECON dossiers (notably Block Exemption Regulation revision);Finansol: Finance solidaire: Frédéric Tiberghien, Patrick Sapy, Marie Mognard;European Parliament;05/02/20
197577;Gilles BOYER;RE;France;['ECON'];Shadow rapporteur;;Taxonomy, EU Green Deal;Foratom: Yves Desbazeille, Sophie Dayraut;European Parliament;30/01/20
197577;Gilles BOYER;RE;France;['ECON'];Shadow rapporteur;;Taxonomy, PRIIPS, MIFID review, UCITS, financial regulation post Brexit;Personal Investment Management & Financial Advice (PIMFA): John Barrass, Maja Erceg;European Parliament;29/01/20
197577;Gilles BOYER;RE;France;['ECON'];Member;;ECON dossiers and more general discussion;CCI France: Patrick BRIERE;European Parliament;23/01/20
197577;Gilles BOYER;RE;France;['ECON'];Member;;ECON dossiers (notably PSD II, Interchange Fee Directive, VAT directive, instant payments;Fédération française du e-commerce et de la vente à distance (fevad): Marie Audren;European Parliament;23/01/20
197577;Gilles BOYER;RE;France;['ECON'];Member;;Kangaroo Lunch : implementation of Basel 4;European Commission, ECB, FBF, BVR, Kangaroo Group;European Parliament;21/01/20
197577;Gilles BOYER;RE;France;['ECON'];Shadow rapporteur;;Taxonomy, EU Green Deal, Basel 4;Crédit Agricole : Noémi Francheterre;Brussels;09/01/20
197577;Gilles BOYER;RE;France;['ECON'];Shadow rapporteur;;Taxonomy + ECON files;ArcelorMittal France : Stéphane DELPEYROUX, Nathalie Fournier;European Parliament;08/01/20
124984;Lynn BOYLAN;GUE/NGL;Ireland;['DPAL'];Delegation chair;;Meta's content moderation around genocide in Gaza;Upflit, Palestinian Digital Rights Organisation;Dublin;07/10/24
124984;Lynn BOYLAN;GUE/NGL;Ireland;[];Member;;"Integegroup on Ageing and Older People; Commissioner for Older People";Active Retirement Ireland;Brussels;03/10/24
124984;Lynn BOYLAN;GUE/NGL;Ireland;['ENVI'];Member;;"Renewable energy development in Ireland; EU support for renewables and electrification";Wind Energy Ireland, WindEurope;Brussels;02/10/24
124984;Lynn BOYLAN;GUE/NGL;Ireland;[];Member;;EU regional funding in Ireland;Irish Regional Assemblies;Brussels;02/10/24
124984;Lynn BOYLAN;GUE/NGL;Ireland;['DPAL'];Delegation chair;;Gender Based violence in the Occupied Palestinian Territories;The Palestinian Initiative for the Promotion of Global Dialogue and Democracy (MIFTAH);Brussels;02/10/24
124984;Lynn BOYLAN;GUE/NGL;Ireland;['DPAL'];Delegation chair;;Upcoming initiatives of Palestinian Mission in Brussels;The Mission of Palestine to the EU, Belgium and Luxembourg;Brussels;02/10/24
124984;Lynn BOYLAN;GUE/NGL;Ireland;['ENVI'];Member;;Biodiversity protection, renewable energy, social justice in climate action;WWF European Policy Programme;Brussels;01/10/24
124984;Lynn BOYLAN;GUE/NGL;Ireland;['ENVI'];Member;;Animal welfare of companion animals;VIER PFOTEN International;Brussels;01/10/24
124984;Lynn BOYLAN;GUE/NGL;Ireland;['ENVI'];Shadow rapporteur;;Green Claims, Plastics and Recycling Targets, Zero-Waste initiatives;ClientEarth AISBL, VOICE of concern for the Irish environment;Brussels;26/09/24
124984;Lynn BOYLAN;GUE/NGL;Ireland;['INTA'];Member;;Critical Raw Materials, Mercosur FTA, ISDS, Indonesia FTA;European Trade Justice Coalition (formerly S2B);Brussels;26/09/24
256878;Marie-Luce BRASIER-CLAIN;PfE;France;['SANT'];Member;;Approche de la législation européenne sur les produits du tabac;European Cigar Manufacturers Association Fédération des Fabricants de Cigares (FFC);Parlement européen;26/09/24
256878;Marie-Luce BRASIER-CLAIN;PfE;France;['SANT'];Member;;Présentation des activités et actions de Pancreatic Cancer Europe;Représentants d'intérêts;Visio conférence;24/09/24
256878;Marie-Luce BRASIER-CLAIN;PfE;France;['REGI'];Member;;L’avenir de Cayenne dans le cadre des financements européens : Défis environnementaux, Sécurité, immigration;Mairie de Cayenne;Parlement européen;24/09/24
256878;Marie-Luce BRASIER-CLAIN;PfE;France;['ENVI'];Member;;Présentation des activités de Albioma;Représentants d'intérêt;Visio conférence;19/09/24
256878;Marie-Luce BRASIER-CLAIN;PfE;France;['SANT'];Member;;Les enjeux commerciaux UE-Chine sur le plan sanitaire;Représentant de la Chine auprès l'UE;Parlement européen;18/09/24
256878;Marie-Luce BRASIER-CLAIN;PfE;France;['SANT'];Member;;Présentation du Comité permanent des Médecins Européens;Représentant d'intérêt;Téléphone;12/09/24
256878;Marie-Luce BRASIER-CLAIN;PfE;France;['SANT'];Member;;Présentation de l'agence spécialisée dans la santé mentale EMHALLIANCE;Représentants d'intérêts;Parlement européen Bruxelles;11/09/24
256878;Marie-Luce BRASIER-CLAIN;PfE;France;['SANT'];Member;;Présentation de European Cancer Organisation;Représensant d'intérêt;Parlement européen Bruxelles;10/09/24
256878;Marie-Luce BRASIER-CLAIN;PfE;France;['SANT'];Member;;Présentation du secteur français des compléments alimentaires;Représentants d'intérêt;Visioconférence depuis le Parlement européen à Bruxelles;09/09/24
197470;Saskia BRICMONT;Greens / EFA;Belgium;[];Member;;Migration policy;Amnesty International Limited, Danish Refugee Council Brussels, Human Rights Watch;Café close to European Parliament;09/10/24
197470;Saskia BRICMONT;Greens / EFA;Belgium;[];Member;;Encryption;Internet Society;Online;09/10/24
197470;Saskia BRICMONT;Greens / EFA;Belgium;['LIBE'];Shadow rapporteur;;Child Sexual Abuse & Exploitation;Child Focus;Brussels;02/10/24
197470;Saskia BRICMONT;Greens / EFA;Belgium;[];Member;;Period poverty;Règles Élémentaires;European Parliament;26/09/24
197470;Saskia BRICMONT;Greens / EFA;Belgium;[];Member;;Migration policy;UNHCR;European Parliament;24/09/24
197470;Saskia BRICMONT;Greens / EFA;Belgium;[];Member;;LGBTIQ+ rights;Forbidden Colours;European Parliament;23/09/24
197470;Saskia BRICMONT;Greens / EFA;Belgium;['LIBE'];Shadow rapporteur;;Encryption, police cooperation, child sexual abuse;Proton AG;Parlement européen Strasbourg;17/09/24
197470;Saskia BRICMONT;Greens / EFA;Belgium;[];Member;;Media;Association of Commercial Television and Video on Demand Services in Europe;Parlement européen;17/09/24
197470;Saskia BRICMONT;Greens / EFA;Belgium;['IMCO'];Member;;Consommation durable;Kaya-Ecopreneurs;Parlement européen;13/09/24
197470;Saskia BRICMONT;Greens / EFA;Belgium;['LIBE'];Shadow rapporteur;;Child sexual abuse directive;"Council of Bars and Law Societies of Europe, Save the Children Europe, Stichting ECPAT International, Terre des Hommes International Federation, Victim Support Europe, Edri, fairtrial, •	IT Political Association, Missing children Europe";Parlement européen;13/09/24
197470;Saskia BRICMONT;Greens / EFA;Belgium;[];Member;;Rapatriement enfants Syrie, vie privée, surveillance, contre-terrorisme, prison,;LDH Belgique, Manuel Lambert, Alice Sinon;Online (APA meeting);17/12/20
197470;Saskia BRICMONT;Greens / EFA;Belgium;[];Member;;Biodiversité;Eurogroup for animal, Stéphanie Ghislian;Online meeting;17/12/20
197470;Saskia BRICMONT;Greens / EFA;Belgium;[];Member;;Biodiversité & INTA;CEPII, Jean-Christophe Bureau;Online meeting;17/12/20
197470;Saskia BRICMONT;Greens / EFA;Belgium;[];Member;;INTA & biodiversité;ClientEarth, Amandine Vandenberghe;Online meeting;14/12/20
197470;Saskia BRICMONT;Greens / EFA;Belgium;[];Member;;Introductory meeting;Diana Reaich, New Zealand Mission to the EU and bilateral Ambassador to Belgium;Online meeting;10/12/20
197470;Saskia BRICMONT;Greens / EFA;Belgium;[];Member;;encryption;Prof. Susan Landau, Prof. Bart Preneel;Online meeting;10/12/20
197470;Saskia BRICMONT;Greens / EFA;Belgium;[];Member;;Rescue ships / migration;Sea Watch, MSF;Online visit;07/12/20
197470;Saskia BRICMONT;Greens / EFA;Belgium;[];Member;;Police prédictive;Institut français des Relations internationales, FIDH;Online (APA meeting);03/12/20
197470;Saskia BRICMONT;Greens / EFA;Belgium;[];Member;;Anti money laundering (AML);Accountancy Europe;Online meeting;02/12/20
197470;Saskia BRICMONT;Greens / EFA;Belgium;[];Member;;Anti-money laundering;Accountancy Europe, Eleni Kanelli, Iryna de Smedt;Online (APA meeting);02/12/20
197470;Saskia BRICMONT;Greens / EFA;Belgium;[];Member;;Police;Federation Of Police Unions;Online meeting;27/11/20
197470;Saskia BRICMONT;Greens / EFA;Belgium;[];Member;;Dossiers INTA;FEB;Online meeting;24/11/20
197470;Saskia BRICMONT;Greens / EFA;Belgium;[];Member;;Combat child sexual abuse online;Missing Children Europe;Online meeting;16/11/20
197470;Saskia BRICMONT;Greens / EFA;Belgium;[];Member;;ePrivacy Directive;Diego Naranjo, edri;Online meeting;12/11/20
197470;Saskia BRICMONT;Greens / EFA;Belgium;[];Member;;Europol;Statewatch;Online meeting;12/11/20
197470;Saskia BRICMONT;Greens / EFA;Belgium;[];Member;;Child sexual abuse material;Katerina Nanou, Save the Children EU;Online (APA meeting);09/11/20
197470;Saskia BRICMONT;Greens / EFA;Belgium;[];Member;;Anti-money laundering & golden visa;Laure Brillaud, Transparency international;Online (APA meeting);03/11/20
197470;Saskia BRICMONT;Greens / EFA;Belgium;[];Member;;Droits des victimes;Léa Meindre-Chautrand, Victime support europe;Online (APA meeting);03/11/20
197470;Saskia BRICMONT;Greens / EFA;Belgium;[];Member;;Data rights;Johnny Ryan, Irish Council for civil liberties;Online meeting;03/11/20
197470;Saskia BRICMONT;Greens / EFA;Belgium;[];Member;;Droits des enfants;Letizia Polizzi, Terre des Hommes UE;Online (APA meeting);30/10/20
197470;Saskia BRICMONT;Greens / EFA;Belgium;[];Member;;Rapatriement enfants Syrie;Béatrice Fiatte, Save the Children EU;Online (APA meeting);30/10/20
197470;Saskia BRICMONT;Greens / EFA;Belgium;[];Member;;Child sexual abuse material;Benoit Van Keirsbilck, Defence for Children International Belgique;Online (APA meeting);29/10/20
197470;Saskia BRICMONT;Greens / EFA;Belgium;[];Member;;Children rights;UNICEF;Online meeting;28/10/20
197470;Saskia BRICMONT;Greens / EFA;Belgium;['INTA'];Rapporteur;;Economic partnership agreement EU - eastern and southern Africa;HoU EPAs DG Trade, Miranda Gozalvez;Online meeting;16/10/20
197470;Saskia BRICMONT;Greens / EFA;Belgium;[];Member;;Violence against children;UN Special Representative of the Secretary-General, Najat Maalla;Zoom meeting;13/10/20
197470;Saskia BRICMONT;Greens / EFA;Belgium;[];Member;;European Drug Report 2020;European Monitoring Centre for Drugs and Drug Addiction (EMCDDA);Parlement Européen;01/10/20
197470;Saskia BRICMONT;Greens / EFA;Belgium;[];Member;;Contre-terrorisme et droits humains;International Commission of Jurist, Karolina Babicka;Online (APA meeting);24/09/20
197470;Saskia BRICMONT;Greens / EFA;Belgium;[];Member;;Victimes de crimes internationaux;FIDH UE, FIDH FR;Online (APA meeting);17/09/20
197470;Saskia BRICMONT;Greens / EFA;Belgium;[];Member;;Vistula Spit Canal;Commissioner Sinkeviciu;Online meeting;09/09/20
197470;Saskia BRICMONT;Greens / EFA;Belgium;[];Member;;Combatting child sexual abuse;Ruth Reichstein, VDL Cabinet;Webex meeting;08/09/20
197470;Saskia BRICMONT;Greens / EFA;Belgium;['INTA'];Shadow rapporteur;;Stratégie UE-Afrique;AFRUIBANA;Online meeting;26/08/20
197470;Saskia BRICMONT;Greens / EFA;Belgium;[];Member;;Sans abrisme;Bruss'help;Online meeting;29/07/20
197470;Saskia BRICMONT;Greens / EFA;Belgium;[];Member;;Victime du terrorisme;V Europe;Zoom meeting;07/07/20
197470;Saskia BRICMONT;Greens / EFA;Belgium;[];Member;;Climate change;UNICEF;Zoom meeting;29/06/20
197470;Saskia BRICMONT;Greens / EFA;Belgium;[];Member;;Children rights;SOS Children international;Zoom meeting;25/06/20
197470;Saskia BRICMONT;Greens / EFA;Belgium;[];Member;;Prison;Children of prisoners;Zoom meeting;24/06/20
197470;Saskia BRICMONT;Greens / EFA;Belgium;[];Member;;Stratégie à venir de la Commission sur droits des victimes;Victime support europe, Léa Meindre;Phonecall (APA meeting);10/06/20
197470;Saskia BRICMONT;Greens / EFA;Belgium;['LIBE'];Rapporteur;;Réfugiés climatiques;ECRE;Phonecall;10/06/20
197470;Saskia BRICMONT;Greens / EFA;Belgium;['LIBE'];Rapporteur;;Réfugiés climatiques;CNCD;Phone call;05/06/20
197470;Saskia BRICMONT;Greens / EFA;Belgium;[];Member;;Droits des enfants;Défenseur des droits, Geneviève Avenard;Phonecall;04/06/20
197470;Saskia BRICMONT;Greens / EFA;Belgium;[];Member;;Stratégie à venir de la Commission sur droits des victimes;Léa Meindre, Victime Support Europe;Phonecall (APA meeting);29/05/20
197470;Saskia BRICMONT;Greens / EFA;Belgium;[];Member;;Fair fashion;Clean clothes;Phone call;28/05/20
197470;Saskia BRICMONT;Greens / EFA;Belgium;['LIBE'];Rapporteur;;Réfugiés climatiques;Dr. Caroline Zickgraf, The Hugo Observatory Department of Geography Faculty of Sciences Université de Liège;Phonecall;27/05/20
197470;Saskia BRICMONT;Greens / EFA;Belgium;['LIBE'];Rapporteur;;Réfugiés climatiques;Green European Foundation, Carlotta Weber;Phonecall;27/05/20
197470;Saskia BRICMONT;Greens / EFA;Belgium;[];Member;;Prison;Vincent Delbos;Phonecall;14/05/20
197470;Saskia BRICMONT;Greens / EFA;Belgium;[];Member;;Migration and Displacement;Fanni Bihari, ACT Alliance Advocacy to the European Union;Phonecall;13/05/20
197470;Saskia BRICMONT;Greens / EFA;Belgium;[];Member;;Stratégie à venir de la Commission sur droits des victimes;Victime support Europe, Léa Meindre;Phonecall (APA meeting);08/05/20
197470;Saskia BRICMONT;Greens / EFA;Belgium;[];Member;;Statelessness webinar;European Network on Statelessness;Phonecall;30/04/20
197470;Saskia BRICMONT;Greens / EFA;Belgium;[];Member;;Plan d'action Commission anti blanchiment et acte délégué de la Commission européenne;Transparency International;Phone call (APA meeting);27/04/20
197470;Saskia BRICMONT;Greens / EFA;Belgium;[];Member;;Protection des données, application de tracing et état de droit dans le contexte Covid;Greenpeace Germany, Gesellschaft für Freiheitsrechte (GFF), Anna Von Gall, Vivian Kube;Phonecall (APA meeting);23/04/20
197470;Saskia BRICMONT;Greens / EFA;Belgium;[];Member;;Child labour;Fernando Morales-de la Cruz, Café for change;Phonecall;21/04/20
197470;Saskia BRICMONT;Greens / EFA;Belgium;[];Member;;Enfants des rues;TUTEUR MENA;Phonecall;26/03/20
197470;Saskia BRICMONT;Greens / EFA;Belgium;[];Member;;Communes hospitalières;CNCD;Phonecall;17/03/20
197470;Saskia BRICMONT;Greens / EFA;Belgium;[];Member;;EU child rights framework;Articolo12;Phonecall;16/03/20
197470;Saskia BRICMONT;Greens / EFA;Belgium;['LIBE'];Member;;Greek hotspots;MSF;Zoom meeting;16/03/20
197470;Saskia BRICMONT;Greens / EFA;Belgium;[];Member;;Climate change & activism;Fridays for future;Bruxelles;04/03/20
197470;Saskia BRICMONT;Greens / EFA;Belgium;[];Member;;Cross border crime;EUROJUST;Bruxelles;21/02/20
197470;Saskia BRICMONT;Greens / EFA;Belgium;[];Member;;Trade and animal welfare;Gaïa europe;Bruxelles;20/02/20
197470;Saskia BRICMONT;Greens / EFA;Belgium;[];Member;;Sustainable textile;Coralie Muylaert, Philippe Roman;Bruxelles;20/02/20
197470;Saskia BRICMONT;Greens / EFA;Belgium;[];Member;;Politiques d’asile et migration européennes;Caritas Europe;Bruxelles;19/02/20
197470;Saskia BRICMONT;Greens / EFA;Belgium;[];Member;;GSP+ Reports on Sri Lanka and Pakistan;Dharsha Jegatheeswaran, Reprieve UK;Bruxelles;18/02/20
197470;Saskia BRICMONT;Greens / EFA;Belgium;[];Member;;Oriol Junqueras;Collectif wallon pour la Catalogne;Bruxelles;18/02/20
197470;Saskia BRICMONT;Greens / EFA;Belgium;[];Member;;Children rights;International Committee of the Red Cross (ICRC);Bruxelles;18/02/20
197470;Saskia BRICMONT;Greens / EFA;Belgium;[];Member;;MIGRATORY POLICY;Collectif pour une autre politique migratoire;Strasbourg;11/02/20
197470;Saskia BRICMONT;Greens / EFA;Belgium;[];Member;;Push back and police violence;Border Violence monitoring network, Danish Refugee Council;Bihac;08/02/20
197470;Saskia BRICMONT;Greens / EFA;Belgium;[];Member;;Refugees;Head of Operations of the EUD;Bihac;08/02/20
197470;Saskia BRICMONT;Greens / EFA;Belgium;['LIBE'];Member;;Migration and asylum;IOM;Bihac;08/02/20
197470;Saskia BRICMONT;Greens / EFA;Belgium;['LIBE'];Member;;Asylum seekers and refugees;UNCHR;Bihac;08/02/20
197470;Saskia BRICMONT;Greens / EFA;Belgium;['LIBE'];Member;;Migration at the croatian border;Centre for Peace Studies, Croatian Law Centre, Are You Syrious;Zagreb;07/02/20
197470;Saskia BRICMONT;Greens / EFA;Belgium;['LIBE'];Member;;Migration at the Croatian border;Giuseppe di Caro, UNHCR Zagreb;Zagreb;07/02/20
197470;Saskia BRICMONT;Greens / EFA;Belgium;[];Member;;Fight against corruption;Zorislav Antun Petrović, Croatian Greens;Zagreb;07/02/20
197470;Saskia BRICMONT;Greens / EFA;Belgium;['LIBE'];Member;;Migration at the croatian border;Lora Vidovic, Ombudswoman;Zagreb;07/02/20
197470;Saskia BRICMONT;Greens / EFA;Belgium;['LIBE'];Member;;Migration at the croatian border;Deputy Prime Minister and Minister of the Interior, Mr. Davor Božinović;Zagreb;07/02/20
197470;Saskia BRICMONT;Greens / EFA;Belgium;[];Member;;Humanitarian aid;Croatian Platform for International Citizen Solidarity CROSOL;Zagreb;07/02/20
197470;Saskia BRICMONT;Greens / EFA;Belgium;[];Member;;Due diligence;Fedustria, Fa Quix, Elizabeth De Wandeler;Bruxelles;04/02/20
197470;Saskia BRICMONT;Greens / EFA;Belgium;[];Member;;AML;Laure Brillaud, Transparency international UE;Bruxelles;04/02/20
197470;Saskia BRICMONT;Greens / EFA;Belgium;[];Member;;Fundamental Rights of people with disabilities in Europe;Europe for trisomy 21, Antonio Rosique;Bruxelles;04/02/20
197470;Saskia BRICMONT;Greens / EFA;Belgium;[];Member;;Sahara Occidental;Comité Belge de soutien au Peuple Sahraoui, Pierre Galand;Bruxelles;03/02/20
197470;Saskia BRICMONT;Greens / EFA;Belgium;[];Member;;Counterterrorism;International Commission of Jurists;Bruxelles;03/02/20
197470;Saskia BRICMONT;Greens / EFA;Belgium;[];Member;;Intelligence artificielle et discriminations;ENAR;Bruxelles;27/01/20
197470;Saskia BRICMONT;Greens / EFA;Belgium;['INTA'];Shadow rapporteur;;EU-Vietnam Trade Agreement;Confédération Européeene des syndicats;Bruxelles;27/01/20
197470;Saskia BRICMONT;Greens / EFA;Belgium;[];Member;;Droits des victimes des attentats de Bruxelles;life4brussels;Bruxelles;23/01/20
197470;Saskia BRICMONT;Greens / EFA;Belgium;[];Member;;Stateless migrants and asylum process;Statelessness, Chris Nash;Bruxelles;22/01/20
197470;Saskia BRICMONT;Greens / EFA;Belgium;[];Member;;Children rights;Avenard Geneviève, French Commissioner for Children, Muldoon Niall, Children Commissioner for Ireland, Adamson Bruce, Children Commissioner for Scotland, Kyriakoulla Yiasouma;Bruxelles;22/01/20
197470;Saskia BRICMONT;Greens / EFA;Belgium;[];Member;;Droits des enfants;Maison source ASBL, Marie Spoden;Bruxelles;22/01/20
197470;Saskia BRICMONT;Greens / EFA;Belgium;['INTA'];Shadow rapporteur;;EU-Vietnam Trade Agreement;Ingrid VAN LAERHOVEN, NIKE Government and Public Affairs;Strasbourg;14/01/20
197470;Saskia BRICMONT;Greens / EFA;Belgium;[];Member;;Situation in the camps in Northeast Syria;Sophie Desoulieres, Médecins sans frontières;Bruxelles;09/01/20
197470;Saskia BRICMONT;Greens / EFA;Belgium;[];Member;;Secteur ferroviaire et mobilité;SNCB, Sophie Dutordoir;Bruxelles;08/01/20
197470;Saskia BRICMONT;Greens / EFA;Belgium;[];Member;;Droits des détenus dans le droit de l'UE;Odre des avocats européens;Bruxelles;08/01/20
197470;Saskia BRICMONT;Greens / EFA;Belgium;[];Member;;Actions in the Mediterranean;Simone Susskind;Bruxelles;06/01/20
257064;Anna BRYŁKA;PfE;Poland;['AGRI'];Member;;agriculture and free speech;MCC Brussels;Brussel - office;01/10/24
128483;Markus BUCHHEIT;ESN;Germany;['ITRE'];Member;;Introduction of Lobbyists;Acea S.p.A.;Brussels;24/09/24
125012;Daniel BUDA;EPP;Romania;[];Member;;"Intergroup ""Hunting, Biodiversity, Countryside""";FACE - European Federation for Hunting and Conservation;European Parliament Strasbourg;10/10/24
125012;Daniel BUDA;EPP;Romania;[];Member;;The threats of AI and the need of solid EU legislation;Asociatia Industriei Muzicale din Romania;European Parliament Strasbourg;08/10/24
125012;Daniel BUDA;EPP;Romania;['AGRI'];Member;;The strategic dialogue on the future of agriculture and the future vision on agriculture;Bayer AG;European Parliament;03/10/24
125012;Daniel BUDA;EPP;Romania;['AGRI'];Member;;The Romanian soft drink industry and policy impact;The Coca-Cola Company;European Parliament;02/10/24
125012;Daniel BUDA;EPP;Romania;['AGRI'];Member;;"Priorities for the next 5 years in agriculture; The Strategic dialogue outcome";Wageningen University;European Parliament, Strasbourg;18/09/24
125012;Daniel BUDA;EPP;Romania;['ENVI'];Member;;Safer alternatives to smoking;Philip Morris International Inc.;European Parliament Bruxelles;11/09/24
125012;Daniel BUDA;EPP;Romania;['AGRI'];Rapporteur;;The welfare of animals for breeding purposes during transport;European Forum of Farm Animal Breeders;Online;09/09/24
125012;Daniel BUDA;EPP;Romania;['AGRI'];Rapporteur;;Animal welfare during transport;Copa-cogeca;European Parliament Bruxelles;04/09/24
125012;Daniel BUDA;EPP;Romania;['AGRI'];Member;;Dialogue on livestock in the EU;European Livestock Voice;European Parliament Brussels;23/07/24
125012;Daniel BUDA;EPP;Romania;['AGRI'];Rapporteur;;Animal welfare during transport;European Livestock Voice;European Parliament Brussels;23/07/24
257047;Borys BUDKA;EPP;Poland;['ITRE'];Committee chair;;ITRE legislative work;NOVE;Brussels;01/10/24
257047;Borys BUDKA;EPP;Poland;['ITRE'];Committee chair;;ICT regilations;Huawei;Strasbourg;17/09/24
257047;Borys BUDKA;EPP;Poland;['ITRE'];Committee chair;;Carbon capture system;ExxonMobil Petroleum & Chemical;Brussels;12/09/24
257047;Borys BUDKA;EPP;Poland;[];Member;;Polish energy sector;PGE Polska Grupa Energetyczna SA;Strasbourg;16/07/24
257081;Sebastião BUGALHO;EPP;Portugal;[];Member;;Priorities for the mandate;Audiogest - Associação para a Gestão e Distribuição de Direitos;European Parliament;08/10/24
257081;Sebastião BUGALHO;EPP;Portugal;[];Member;;Priorities for the mandate;Associação QUALIFICA / oriGIn Portugal;Online;04/10/24
257081;Sebastião BUGALHO;EPP;Portugal;[];Member;;Priorities for the Mandate;Airbnb Ireland UC;European Parliament;03/10/24
257081;Sebastião BUGALHO;EPP;Portugal;[];Member;;Awareness of Christian persecution worldwide;Open Doors International;European Parliament;02/10/24
257081;Sebastião BUGALHO;EPP;Portugal;[];Member;;Priorities for the mandate;Banco Santander, S.A.;European Parliament;02/10/24
257081;Sebastião BUGALHO;EPP;Portugal;[];Member;;Overview of EU staff recruitment;european comission;European Parliament;01/10/24
257081;Sebastião BUGALHO;EPP;Portugal;[];Member;;Priorities for the mandate;CIP - Confederação Empresarial de Portugal;European Parliament;11/09/24
257081;Sebastião BUGALHO;EPP;Portugal;[];Member;;Awareness of Christians in the Holy Land;Protecting Holy Land Christians Campaign;European Parliament;11/09/24
257081;Sebastião BUGALHO;EPP;Portugal;[];Member;;State of media freedom in EU;European Federation of Journalists;European Parliament;05/09/24
257081;Sebastião BUGALHO;EPP;Portugal;[];Member;;Priorities for the mandate;European Livestock Voice;online;05/09/24
257051;Andrzej BUŁA;EPP;Poland;['IMCO'];Member;;Fertilizers import to EU from Russia;Grupa Azoty Spółka Akcyjna;Online;09/10/24
257051;Andrzej BUŁA;EPP;Poland;['IMCO'];Member;;AI and intelectual property rights;Związek Producentów Audio Video;European Parliament;08/10/24
257051;Andrzej BUŁA;EPP;Poland;['IMCO'];Member;;Digital policy, data protection and cybersecurity;Digital Currencies Governance Group Limited;Strasbourg;17/09/24
197440;Delara BURKHARDT;S&D;Germany;['ENVI'];Member;;EUDR, PFAS;Industriegewerkschaft Bergbau, Chemie, Energie;Brussels;02/10/24
197440;Delara BURKHARDT;S&D;Germany;['ENVI'];Rapporteur;;Green Claims;Umweltbundesamt;Brussels;02/10/24
197440;Delara BURKHARDT;S&D;Germany;['ENVI'];Member;;Green Deal;IHK Nord e.V. - Arbeitsgemeinschaft norddeutscher Industrie- und Handelskammern;Brussels;26/09/24
197440;Delara BURKHARDT;S&D;Germany;['ENVI'];Member;;Circular Economy;Deutsche Umwelthilfe e.V.;Virtual meeting;25/09/24
197440;Delara BURKHARDT;S&D;Germany;['ENVI'];Member;;Textiles;Environmental Coalition on Standards;Brussels;25/09/24
197440;Delara BURKHARDT;S&D;Germany;[];Member;;EU politics;Deutscher Gewerkschaftsbund;Brussels;25/09/24
197440;Delara BURKHARDT;S&D;Germany;['ENVI'];Rapporteur;;Green Claims, PPWR;Deutsche Umwelthilfe e.V.;Brussels;24/09/24
197440;Delara BURKHARDT;S&D;Germany;['ENVI'];Member;;Bioeconomy;Denkhaus Bremen;Virtual meeting;23/09/24
197440;Delara BURKHARDT;S&D;Germany;['ENVI'];Member;;EUDR;Fern, Global Witness, Greenpeace European Unit, WWF European Policy Programme;Virtual meeting;18/09/24
197440;Delara BURKHARDT;S&D;Germany;['ENVI'];Member;;Biodiversity protection;Stiftung Naturschutz SH;Molfsee;13/09/24
197440;Delara BURKHARDT;S&D;Germany;['ENVI'];Rapporteur;;Nachhaltige Lieferketten;BUND;online;17/12/20
197440;Delara BURKHARDT;S&D;Germany;['ENVI'];Rapporteur;;Nachhaltige Lieferketten;FERN;online;01/12/20
197440;Delara BURKHARDT;S&D;Germany;['ENVI'];Rapporteur;;Nachhaltige Lieferketten;Kekst CNC;Online;30/11/20
197440;Delara BURKHARDT;S&D;Germany;['ENVI'];Member;;EU-Agrarpolitik;Nabu;Online;17/11/20
197440;Delara BURKHARDT;S&D;Germany;['ENVI'];Rapporteur;;Nachhaltige Lieferketten;Friedrich-Ebert-Stiftung;Online;16/11/20
197440;Delara BURKHARDT;S&D;Germany;['ENVI'];Rapporteur;;Nachhaltige Lieferketten;Bund Deutscher Süßwarenindustrie;Online;10/11/20
197440;Delara BURKHARDT;S&D;Germany;['ENVI'];Member;;Klimaschutz;Citizen Climate Lobby Germany e.V.;Online;26/10/20
197440;Delara BURKHARDT;S&D;Germany;['ENVI'];Rapporteur;;Nachhaltige Lieferketten;Vollers GmbH;Hamburg;23/10/20
197440;Delara BURKHARDT;S&D;Germany;['ENVI'];Rapporteur;;Nachhaltige Lieferketten;Waldkoalition;Online;14/10/20
197440;Delara BURKHARDT;S&D;Germany;['ENVI'];Member;;Neue Gentechnik;Testbiotech;Online;13/10/20
197440;Delara BURKHARDT;S&D;Germany;['ENVI'];Member;;Situation in Lateinamerika;Friedrich-Ebert-Stiftung;Online;13/10/20
197440;Delara BURKHARDT;S&D;Germany;['ENVI'];Member;;Klimaschutz;Deutscher Naturschutzring;Online;01/10/20
197440;Delara BURKHARDT;S&D;Germany;['ENVI'];Member;;Tierschutz;Tierschutzbund;Online;29/09/20
197440;Delara BURKHARDT;S&D;Germany;['ENVI'];Member;;Kreislaufwirtschaft;Umweltbundesamt;Online;22/09/20
197440;Delara BURKHARDT;S&D;Germany;['ENVI'];Member;;Umweltschutz;Greenpeace;Online;22/09/20
197440;Delara BURKHARDT;S&D;Germany;['ENVI'];Member;;Klimaschutz;Naturfreundejugend;Online;16/09/20
197440;Delara BURKHARDT;S&D;Germany;['ENVI'];Rapporteur;;Nachhaltige Lieferketten;European Cocoa Association;online;09/09/20
197440;Delara BURKHARDT;S&D;Germany;['ENVI'];Member;;Naturschutz;Nabu;online;07/09/20
197440;Delara BURKHARDT;S&D;Germany;['ENVI'];Rapporteur;;Sustainable supply chains;Friedrich-Ebert-Foundation;online;02/09/20
197440;Delara BURKHARDT;S&D;Germany;['ENVI'];Rapporteur;;Nachhaltige Lieferketten;Waldkoalition;online;02/09/20
197440;Delara BURKHARDT;S&D;Germany;['ENVI'];Rapporteur;;Austausch zu entwaldungsfreien Lieferketten;Bioenergy Europe;online;31/08/20
197440;Delara BURKHARDT;S&D;Germany;['ENVI'];Rapporteur;;Austausch zu entwaldungsfreien Lieferketten;REWE;online;30/07/20
197440;Delara BURKHARDT;S&D;Germany;['ENVI'];Rapporteur;;Austausch zu entwaldungsfreien Lieferketten;SAPPI;online;16/07/20
197440;Delara BURKHARDT;S&D;Germany;['ENVI'];Rapporteur;;Austausch zu entwaldungsfreien Lieferketten;Treffen FoodDrinksEurope;online;16/07/20
197440;Delara BURKHARDT;S&D;Germany;['ENVI'];Rapporteur;;Austausch zu entwaldungsfreien Lieferketten;Greenpeace;online;03/07/20
197440;Delara BURKHARDT;S&D;Germany;['ENVI'];Rapporteur;;Austausch zu entwaldungsfreien Lieferketten;Human Rights Watch;online;01/07/20
197440;Delara BURKHARDT;S&D;Germany;['ENVI'];Rapporteur;;Austausch zu entwaldungsfreien Lieferketten;Eurocommerce;online;30/06/20
197440;Delara BURKHARDT;S&D;Germany;['ENVI'];Member;;Austausch zu entwaldungsfreien Lieferketten;Deutscher Naturschutzring;online;24/06/20
197440;Delara BURKHARDT;S&D;Germany;['ENVI'];Member;;Green DEAL;Fridays For Future;Kiel;24/06/20
197440;Delara BURKHARDT;S&D;Germany;['ENVI'];Rapporteur;;Austausch zu entwaldungsfreien Lieferketten;Initiative Lieferkettengesetz;online;23/06/20
197440;Delara BURKHARDT;S&D;Germany;['ENVI'];Rapporteur;;Austausch zu entwaldungsfreien Lieferketten;FairTrade Advocacy;online;23/06/20
197440;Delara BURKHARDT;S&D;Germany;['ENVI'];Rapporteur;;Austausch zu entwaldungsfreien Lieferketten;Botschaft Kolumbien;online;22/06/20
197440;Delara BURKHARDT;S&D;Germany;['ENVI'];Rapporteur;;Austausch über entwaldungsfreie Lieferketten;WWF;online;18/06/20
197440;Delara BURKHARDT;S&D;Germany;['ENVI'];Member;;Austausch über entwaldungsfreie Lieferketten;BMZ;online;17/06/20
197440;Delara BURKHARDT;S&D;Germany;['ENVI'];Member;;Klimagesetz;IG Metall;online;15/06/20
197440;Delara BURKHARDT;S&D;Germany;['LIBE'];Member;;Seenotrettung;SEAWATCH;online;10/06/20
197440;Delara BURKHARDT;S&D;Germany;[];Member;;Gespräch über die Arbeit eines MEP;Goethe-Gymnasium Bensheim;online;10/06/20
197440;Delara BURKHARDT;S&D;Germany;['ENVI'];Rapporteur;;Austausch zu entwaldungsfreien Lieferketten;Waldkoalition;online;03/06/20
197440;Delara BURKHARDT;S&D;Germany;['ENVI'];Member;;KLimagesetz;Climate Action Network;online;28/05/20
197440;Delara BURKHARDT;S&D;Germany;['ENVI'];Member;;Klimagesetz;Deutscher Naturschutzring;online;25/05/20
197440;Delara BURKHARDT;S&D;Germany;['ENVI'];Rapporteur;;Austausch über entwaldungsfreie Lieferketten;European Tyre & Rubber Manufacturers’ Association;online;04/05/20
197440;Delara BURKHARDT;S&D;Germany;['ENVI'];Rapporteur;;Austausch über entwaldungsfreie Lieferketten;MARS;online;27/04/20
197440;Delara BURKHARDT;S&D;Germany;['ENVI'];Rapporteur;;Austausch zu entwaldungsfreien Lieferketten;Rainforest Alliance;online;14/04/20
197440;Delara BURKHARDT;S&D;Germany;['ENVI'];Rapporteur;;Austausch über entwaldungsfreie Lieferketten;Politico Europe;online;08/04/20
197440;Delara BURKHARDT;S&D;Germany;['ENVI'];Rapporteur;;Austausch über entwaldungsfreien Lieferketten;Rainforesr Alliance;online;07/04/20
197440;Delara BURKHARDT;S&D;Germany;[];Member;;Kennenlernen / Grean Deal;Parlamentarischen Staatssekretärin Frau Rita Schwarzelühr-Sutter;Berlin;06/03/20
197440;Delara BURKHARDT;S&D;Germany;['ENVI'];Rapporteur;;Kreislaufwirtschaft, Lieferketten mit Blick auf internationale Wälder sowie EU-Biodiversitätsstrategie/CBD-COP15;BMU &UBA;Berlin;06/03/20
197440;Delara BURKHARDT;S&D;Germany;[];Member;;EU-Minderheitenpolitik;FUEN;Flensburg;29/02/20
197440;Delara BURKHARDT;S&D;Germany;[];Member;;Green Deal/ Umgang mit Abfällen und vermehrtes Recycling von Produkten;Entsorgungsbetriebe Lübeck;Lübeck;28/02/20
197440;Delara BURKHARDT;S&D;Germany;[];Member;;Europäische Integration / aktuelle Arbeit im EP;Europa Union;Kiel;28/02/20
197440;Delara BURKHARDT;S&D;Germany;[];Member;;Naturschutz;Integrierte Station Unterelbe (ISU);Haseldorf;27/02/20
197440;Delara BURKHARDT;S&D;Germany;[];Member;;Austausch über Migrationspolitik;Flüchtlingshilfe Schleswig-Haddeby;Schleswig;21/02/20
197440;Delara BURKHARDT;S&D;Germany;['ENVI'];Rapporteur;;Austausch über entwaldungsfreie Lieferketten;Fediol - The EU Vegetable Oil & Proteinmeal Industry;Brussels;19/02/20
197440;Delara BURKHARDT;S&D;Germany;['ENVI'];Rapporteur;;Austausch über entwaldungsfreie Lieferketten;Bundesverband dt Süßwarenindustrie;Brüssel;18/02/20
197440;Delara BURKHARDT;S&D;Germany;[];Member;;Austausch über Startup Förderung, Innovation und Forschungsfördermittel der EU;IZET, Fraunhofer Institut;Itzehoe;15/02/20
197440;Delara BURKHARDT;S&D;Germany;[];Member;;Austausch über erneuerbare Energien, insbesondere Windenergie;Prokon eG;Itzehoe;15/02/20
197440;Delara BURKHARDT;S&D;Germany;[];Member;;Austausch über gemeinsame Agrarpolitik der Europäischen Union;Gruppe Landwirte aus Rethwisch und Umgebung;Rethwisch;14/02/20
197440;Delara BURKHARDT;S&D;Germany;[];Member;;Austausch über Artenschutzstrategie der Europäischen Union;Landesnaturschutzverband Schleswig-Holstein;Kiel;07/02/20
197440;Delara BURKHARDT;S&D;Germany;[];Member;;Austausch über Kreislaufwirtschaft und den Green Deal;Deutscher Städtetag;Brussels;04/02/20
197440;Delara BURKHARDT;S&D;Germany;[];Member;;Austausch über LGBTQI Rechte im Westbalkan;Sarajevo Open Center;Brussels;03/02/20
197440;Delara BURKHARDT;S&D;Germany;['ENVI'];Rapporteur;;Austausch über entwaldungsfreie Lieferketten;European Cocoa Asociation;Brussels;03/02/20
197440;Delara BURKHARDT;S&D;Germany;['ENVI'];Rapporteur;;Austausch über entwaldungsfreie Lieferketten;WWF, Global Witness, Conservation International, Client Earth, Greenpeace, FERN;Brussels;30/01/20
197440;Delara BURKHARDT;S&D;Germany;[];Member;;Allgemeiner Austausch Kreislaufwirtschaft;Tetra Pak;Brussels;28/01/20
197440;Delara BURKHARDT;S&D;Germany;['ENVI'];Rapporteur;;Austausch über Abholzung, den European Green Deal und Umweltpolitik allgemein;WWF;Berlin;24/01/20
197440;Delara BURKHARDT;S&D;Germany;['ENVI'];Member;;Austausch über die GAP, Biodiversität und den Schutz der Bienen;Deutscher Imkerbund;Berlin;24/01/20
197440;Delara BURKHARDT;S&D;Germany;['ENVI'];Member;;Austausch über die GAP und Umweltschutz allgemein;Deutscher Bauernverband;Berlin;24/01/20
197440;Delara BURKHARDT;S&D;Germany;['ENVI'];Member;;Austausch über Tiernahrung, Anbau von Futtermitteln und Nachhaltigkeit allgemein;Deutscher Verband Tiernahrung;Berlin;24/01/20
197440;Delara BURKHARDT;S&D;Germany;['ENVI'];Member;;Austausch über Regionalentwicklung,Förderung des ländlichen Raums und Umweltschutz allgemein;LAG AktivRegion Eckernförder Bucht;Berlin;24/01/20
197440;Delara BURKHARDT;S&D;Germany;['ENVI'];Member;;Austausch über die Arbeit der Landwirtschaftskammer Schleswig-Holstein allgemein;Landwirtschaftskammer Schleswig-Holstein;Berlin;24/01/20
197440;Delara BURKHARDT;S&D;Germany;['ENVI'];Member;;Austausch über Speisefische, Fanggebiete und Bestände allgemein;Fischinformationszentrum;Berlin;24/01/20
197440;Delara BURKHARDT;S&D;Germany;['ENVI'];Member;;Austausch über die Arbeit der Milch-Wirtschaft allgemein;Milcherzeugervereinigung Schleswig-Holstein;Berlin;24/01/20
197440;Delara BURKHARDT;S&D;Germany;['ENVI'];Rapporteur;;Austausch über Waldpolitik, Klimawandel und Nachhaltigkeit allgemein;Deutscher Forstwirtschaftsrat;Berlin;24/01/20
197440;Delara BURKHARDT;S&D;Germany;['ENVI'];Member;;Austausch über Tierschutzlabel, Tierschutzpolitik und EU-Politik allgemein;Deutscher Tierschutzbund e.V.;Berlin;24/01/20
197440;Delara BURKHARDT;S&D;Germany;[];Member;;Allgemeiner Austausch;PROFEL- European Association of Fruit and Vegetable Processors;Brussels;21/01/20
197829;Jorge BUXADÉ VILLALBA;PfE;Spain;['ENVI'];Member;;Environment;The Alliance for Beverage Cartons and the Environment;European Parliament;25/09/24
197829;Jorge BUXADÉ VILLALBA;PfE;Spain;['SEDE'];Member;;Security and Defense;NAVANTIA;European Parliament;25/09/24
197829;Jorge BUXADÉ VILLALBA;PfE;Spain;['ENVI'];Member;;Environment;AEPLA;European Parliament;25/09/24
197829;Jorge BUXADÉ VILLALBA;PfE;Spain;['ENVI'];Member;;Preliminary contact meeting;World Vapers’ Alliance;European Parliament;23/09/24
197829;Jorge BUXADÉ VILLALBA;PfE;Spain;['ENVI'];Member;;Environment;FuelsEurope;European Parliament in Strasbourg;18/09/24
197829;Jorge BUXADÉ VILLALBA;PfE;Spain;[];Member;;Courtesy meeting;ECPM;European Parliament in Strasbourg;18/09/24
197829;Jorge BUXADÉ VILLALBA;PfE;Spain;['ENVI'];Member;;Environment;MERCADONA SA, ASEDAS, ANGED;European Parliament in Strasbourg;17/09/24
197829;Jorge BUXADÉ VILLALBA;PfE;Spain;['LIBE'];Member;;Child rights;ECLAG Steering Group;European Parliament in Strasbourg;17/09/24
197829;Jorge BUXADÉ VILLALBA;PfE;Spain;['ENVI'];Member;;Cultural heritage;European Historic Houses;European Parliament;11/09/24
197829;Jorge BUXADÉ VILLALBA;PfE;Spain;['ENVI'];Member;;Environment;Biocontrol Coalition;European Parliament;11/09/24
256915;Mélissa CAMARA;Greens / EFA;France;[];Member;;Réunion de présentation de leurs travaux;Stichting BirdLife Europe;Bruxelles;10/09/24
256915;Mélissa CAMARA;Greens / EFA;France;[];Member;;Réunion de présentation de leurs travaux;FUNDACION OCEANA;Bruxelles;10/09/24
256915;Mélissa CAMARA;Greens / EFA;France;[];Member;;Réunion de présentation de leurs travaux;Seas At Risk;Bruxelles;10/09/24
256915;Mélissa CAMARA;Greens / EFA;France;[];Member;;Réunion de présentation de leurs travaux;WWF Océan;Bruxelles;10/09/24
256915;Mélissa CAMARA;Greens / EFA;France;[];Member;;Présentation du travail de plaidoyer sur les droits et la situation des lesbiennes;EL*C - EuroCentralAsian Lesbian* Community;Bruxelles;03/09/24
256915;Mélissa CAMARA;Greens / EFA;France;[];Member;;Situation personnes à la rue Lille;Utopia 56;Lille;28/08/24
256915;Mélissa CAMARA;Greens / EFA;France;[];Member;;Présentation travail asso contre thérapies de conversions;ACT LGBT;Strasbourg;16/07/24
256915;Mélissa CAMARA;Greens / EFA;France;[];Member;;Programme Commission PECH;Commission européenne;Strasbourg;16/07/24
257296;Nina CARBERRY;EPP;Ireland;['TRAN'];Member;;Aviation Policy;European Network Airlines' Association;Strasbourg;18/09/24
257296;Nina CARBERRY;EPP;Ireland;['TRAN'];Member;;Introductory Meeting;Jaguar Land Rover Limited;Strasbourg;18/09/24
257296;Nina CARBERRY;EPP;Ireland;[];Member;;Introductory Meeting;Central Bank of Ireland;Strasbourg;18/09/24
257296;Nina CARBERRY;EPP;Ireland;['TRAN'];Member;;Introductory Meeting;Trane Technologies;Strasbourg;17/09/24
257296;Nina CARBERRY;EPP;Ireland;[];Member;;EU Competitiveness;ChargeUp Europe;Strasbourg;17/09/24
257296;Nina CARBERRY;EPP;Ireland;['TRAN'];Member;;Industrial Policy;European Association of Automotive Suppliers;Brussels;10/09/24
257296;Nina CARBERRY;EPP;Ireland;['TRAN'];Member;;Aviation Policy;Airlines for Europe;Brussels;10/09/24
257296;Nina CARBERRY;EPP;Ireland;['TRAN'];Member;;Transport Policy;EUROTRAN Conseil;Brussels;10/09/24
257296;Nina CARBERRY;EPP;Ireland;[];Member;;Introductory Meeting;Ibec;Brussels;10/09/24
257296;Nina CARBERRY;EPP;Ireland;[];Member;;Transport Policy;Freight Transport Association Ireland;Brussels;04/09/24
28219;Daniel CASPARY;EPP;Germany;[];Member;;Austausch;Reutlinger General-Anzeiger Verlags-GmbH & Co. KG;Brüssel;01/10/24
28219;Daniel CASPARY;EPP;Germany;[];Member;;Austausch;Mercedes-Benz Group AG;Telefonat;30/09/24
28219;Daniel CASPARY;EPP;Germany;[];Member;;Herausforderungen der Kali- und Salzindustrie;Verband der Kali- und Salzindustrie e.V.;Brüssel;10/09/24
28219;Daniel CASPARY;EPP;Germany;[];Member;;Digitalisierung;Lidl Dienstleistung GmbH & Co. KG;Brüssel;10/09/24
28219;Daniel CASPARY;EPP;Germany;[];Member;;Vorstellung der EUXEA Gruppe;EUTOP Europe GmbH;Stuttgart;05/09/24
28219;Daniel CASPARY;EPP;Germany;[];Member;;Wettbewerbsfähigkeit und Klimaschutz;EUTOP Europe GmbH;Brüssel;04/09/24
28219;Daniel CASPARY;EPP;Germany;[];Member;;Energiepolitik;RWE AG;Brüssel;03/09/24
28219;Daniel CASPARY;EPP;Germany;[];Member;;Austausch;Theegarten-Pactec GmbH & Co. KG;Dresden;19/08/24
28219;Daniel CASPARY;EPP;Germany;['INTA'];Rapporteur;;Exchange;Embassy of New Zealand to Belgium and the EU;Brussels;29/09/20
28219;Daniel CASPARY;EPP;Germany;['INTA'];Rapporteur;;Exchange;Embassy of New Zealand to Belgium and the EU;Brussels;08/01/20
256891;Benoit CASSART;RE;Belgium;['TRAN'];Shadow rapporteur;;Animal welfare;SEPAB - Region Occitanie;strasbourg;08/10/24
256891;Benoit CASSART;RE;Belgium;['AGRI'];Member;;Animal welfare;Euro Foie Gras;Strasbourg;08/10/24
256891;Benoit CASSART;RE;Belgium;['AGRI'];Member;;Biogas;L'Oréal;Strasbourg;08/10/24
256891;Benoit CASSART;RE;Belgium;['AGRI'];Member;;Prise de contact;International Federation of Organic Agriculture Movements EU Regional Group;Bruxelles;02/10/24
256891;Benoit CASSART;RE;Belgium;['AGRI'];Member;;Prise de contact;European Environmental Bureau;Bruxelles;01/10/24
256891;Benoit CASSART;RE;Belgium;['AGRI'];Member;;Prise de contact;Fédération Wallonne de l'Agriculture;Bruxelles;30/09/24
256891;Benoit CASSART;RE;Belgium;['TRAN'];Member;;EU recreational fisheries;EEA & EFTTA;EP;27/09/24
256891;Benoit CASSART;RE;Belgium;['AGRI'];Member;;Circular economy, deforestation;Fédération huiles végétales FEDIOL;Bruxelles;27/09/24
256891;Benoit CASSART;RE;Belgium;['AGRI'];Member;;Prise de contact;Fédération des Jeunes Agriculteurs;Bruxelles;24/09/24
256891;Benoit CASSART;RE;Belgium;['AGRI'];Member;;Prise de contact;Eurogroup for Animals;Bruxelles;24/09/24
256880;Estelle CEULEMANS;S&D;Belgium;['EMPL'];Committee chair;;Dossier EMPL à venir;Fédération européenne de organisation de seniors socialistes;Bruxelles;02/10/24
256880;Estelle CEULEMANS;S&D;Belgium;['EMPL'];Member;;Dossier EMPL à venir;European Labour Authority;Brussels;26/09/24
256880;Estelle CEULEMANS;S&D;Belgium;['EMPL'];Committee chair;;Dossier EMPL à venir;Eurofound;Brussels;26/09/24
256880;Estelle CEULEMANS;S&D;Belgium;[];Member;;Défense droit de l'homme Iran;Association iranienne de la jeunesse pour la démocratie et la liberté - Luxembourg Asbl;Brussels;26/09/24
256880;Estelle CEULEMANS;S&D;Belgium;[];Member;;Tibet activists;Save Tibet;Brussels;26/09/24
256880;Estelle CEULEMANS;S&D;Belgium;['SANT'];Member;;Dossier SANT à venir;GSK;Bruxelles;25/09/24
256880;Estelle CEULEMANS;S&D;Belgium;['EMPL'];Member;;Fast fashion;The future we want;Bruxelles;12/09/24
256880;Estelle CEULEMANS;S&D;Belgium;['EMPL'];Member;;Dossiers EMPL à venir;European Federation for Services to Individuals;Bruxelles;12/09/24
256880;Estelle CEULEMANS;S&D;Belgium;['EMPL'];Member;;Dossiers EMPL à venir;EFFAT;Bruxelles;09/09/24
256880;Estelle CEULEMANS;S&D;Belgium;['EMPL'];Member;;Dossiers EMPL à venir;European Transport Workers' Federation;Bruxelles;05/09/24
197529;Leila CHAIBI;GUE/NGL;France;['EMPL'];Member;;EMPL and IMOC related issues;Transform! Europe;Online;09/10/24
197529;Leila CHAIBI;GUE/NGL;France;['EMPL'];Member;;EMPL related issues;Confédération européenne des syndicats indépendants;Brussels;03/10/24
197529;Leila CHAIBI;GUE/NGL;France;['IMCO'];Member;;IMCO related issues;Bureau Européen des Unions de Consommateurs;Brussels;03/10/24
197529;Leila CHAIBI;GUE/NGL;France;['EMPL'];Member;;EMPL related issues;YES Forum EWIV YOUTH AND EUROPEAN SOCIAL WORK- EUROPAISCHE WIRTSCHAFTLICHE INTERESSENVEREINIGUNG ZUR FORDERUNG DER HUMANRESSOURCEN;Bruxelles;03/10/24
197529;Leila CHAIBI;GUE/NGL;France;['EMPL'];Member;;EMPL related issues;European Association of Service providers for Persons with Disabilities;Bruxelles;02/10/24
197529;Leila CHAIBI;GUE/NGL;France;['EMPL'];Shadow rapporteur;;Speaker - Big tech lobbying;Corporate Europe Observatory, European Digital Rights;Brussels;01/10/24
197529;Leila CHAIBI;GUE/NGL;France;['IMCO'];Member;;Breakfast - Public procurement;UNI Europa;Brussels;01/10/24
197529;Leila CHAIBI;GUE/NGL;France;['EMPL'];Shadow rapporteur;;Speaker at an event on digital policies in the EU;ARTICLE 19, Access Now Europe, European Digital Rights;Brussels;26/09/24
197529;Leila CHAIBI;GUE/NGL;France;['IMCO'];Member;;IMCO related issues: recycling, sustainability, digital passport;Fédération de la Mode Circulaire;Remote;24/09/24
197529;Leila CHAIBI;GUE/NGL;France;['IMCO'];Member;;IMCO related issues: cultural sector;Société des auteurs et compositeurs dramatiques;Strasbourg;18/09/24
197529;Leila CHAIBI;GUE/NGL;France;['EMPL'];Member;;Work conditions in Amazon's warehouses;CGT - CFDT;Boves;18/12/20
197529;Leila CHAIBI;GUE/NGL;France;['EMPL'];Shadow rapporteur;;Housing;Eurodiacona;Remote;10/12/20
197529;Leila CHAIBI;GUE/NGL;France;['EMPL'];Shadow rapporteur;;Platform workers;Heetch;Remote;08/12/20
197529;Leila CHAIBI;GUE/NGL;France;['EMPL'];Shadow rapporteur;;Housing;Booking;Remote;08/12/20
197529;Leila CHAIBI;GUE/NGL;France;['TRAN'];Member;;European Single Sky;"CGT contrôle aérien; ETF";Remote;03/12/20
197529;Leila CHAIBI;GUE/NGL;France;['EMPL'];Shadow rapporteur;;Platform workers;CGT - Livreurs bordelais;Remote;02/12/20
197529;Leila CHAIBI;GUE/NGL;France;['EMPL'];Member;;Economie solidaire et sociale;Institut de la Protection Sociale Européenne, Social Europe;Remote;18/11/20
197529;Leila CHAIBI;GUE/NGL;France;['TRAN'];Member;;Tourisme durable;Les oiseaux de passage;Distance;17/11/20
197529;Leila CHAIBI;GUE/NGL;France;['AFCO'];Shadow rapporteur;;EU transparency register;Society of European Affairs Professionals (SEAP);Remote;10/11/20
197529;Leila CHAIBI;GUE/NGL;France;['EMPL'];Shadow rapporteur;;Platform workers;Upwork;Remote;27/10/20
197529;Leila CHAIBI;GUE/NGL;France;['AFCO'];Shadow rapporteur;;EU transparency register;Transparency Internantional EU;Remote;26/10/20
197529;Leila CHAIBI;GUE/NGL;France;['EMPL'];Member;;Amazon;UNI Global;Remote;19/10/20
197529;Leila CHAIBI;GUE/NGL;France;['EMPL'];Member;;Conditions de travail chez Amazon;Amnesty;Remote;09/10/20
197529;Leila CHAIBI;GUE/NGL;France;['EMPL'];Shadow rapporteur;;Platform workers;CGT – livreurs;Paris;29/09/20
197529;Leila CHAIBI;GUE/NGL;France;[];Member;;Life and work conditions of undocumented people;Ensemble pour notre régularisation;Paris;28/09/20
197529;Leila CHAIBI;GUE/NGL;France;['TRAN'];Member;;Ciel unique européen;Organisation professionnelle des contrôleurs aériens (Eurocontrol);Distance;24/09/20
197529;Leila CHAIBI;GUE/NGL;France;['EMPL'];Member;;Amazon impact on jobs and climate;Amis de la Terre;Paris;09/09/20
197529;Leila CHAIBI;GUE/NGL;France;['EMPL'];Member;;Amazon’s impact on jobs;Progressive international;Remote;04/09/20
197529;Leila CHAIBI;GUE/NGL;France;['EMPL'];Shadow rapporteur;;Platform workers;Conseil National du Numérique;Remote;22/08/20
197529;Leila CHAIBI;GUE/NGL;France;['EMPL'];Member;;Amazon;Confédération des commerçants de France;Remote;23/07/20
197529;Leila CHAIBI;GUE/NGL;France;['EMPL'];Member;;Housing for all;Confédération nationale du logement;Remote;20/07/20
197529;Leila CHAIBI;GUE/NGL;France;[];Member;;Women's rights;Collectif Georgette Sand;Remote;13/07/20
197529;Leila CHAIBI;GUE/NGL;France;['AFCO'];Member;;Transparency register;Corporate Europe Observatory;Remote;07/07/20
197529;Leila CHAIBI;GUE/NGL;France;['EMPL'];Member;;FEAD;Secours populaire français;Remote;02/07/20
197529;Leila CHAIBI;GUE/NGL;France;['EMPL'];Member;;Work conditions in Amazon;UNI Europa;Remote;24/06/20
197529;Leila CHAIBI;GUE/NGL;France;['EMPL'];Member;;Workers in EHPAD;EPSU;Remote;12/06/20
197529;Leila CHAIBI;GUE/NGL;France;['EMPL'];Member;;Work conditions in Amazon;UNI Europa;Remote;10/06/20
197529;Leila CHAIBI;GUE/NGL;France;['EMPL'];Shadow rapporteur;;Platform workers;Bolt;Remote;09/06/20
197529;Leila CHAIBI;GUE/NGL;France;['EMPL'];Shadow rapporteur;;Housing for all;Métropole de Lilles;Remote;29/05/20
197529;Leila CHAIBI;GUE/NGL;France;['EMPL'];Shadow rapporteur;;Housing for all;Renovate Europe;Remote;18/05/20
197529;Leila CHAIBI;GUE/NGL;France;['EMPL'];Shadow rapporteur;;Housing;FEANTSA;Remote;13/05/20
197529;Leila CHAIBI;GUE/NGL;France;['EMPL'];Shadow rapporteur;;Platform workers;ETUC;Remote;06/05/20
197529;Leila CHAIBI;GUE/NGL;France;['EMPL'];Shadow rapporteur;;Housing;City of Vienna;Bruxelles;06/03/20
197529;Leila CHAIBI;GUE/NGL;France;[];Member;;Transports;Collectif contre ligne Lyon Turin;Bruxelles;19/02/20
197529;Leila CHAIBI;GUE/NGL;France;['EMPL'];Shadow rapporteur;;Housing;Union sociale pour l'habitat;Bruxelles;18/02/20
197529;Leila CHAIBI;GUE/NGL;France;['EMPL'];Shadow rapporteur;;Platform workers;Représentant national des chauffeurs privés;Bruxelles;18/02/20
197529;Leila CHAIBI;GUE/NGL;France;[];Member;;Protection sociale;Institut de la protection sociale européenne;Paris;14/02/20
197529;Leila CHAIBI;GUE/NGL;France;['EMPL'];Member;;Mentorat social;Afev;Paris;07/02/20
197529;Leila CHAIBI;GUE/NGL;France;['EMPL'];Shadow rapporteur;;Housing;Association Internationale des Locataires (IUT);Bruxelles;05/02/20
197529;Leila CHAIBI;GUE/NGL;France;['EMPL'];Shadow rapporteur;;Platform workers;Deliveroo;Bruxelles;05/02/20
197529;Leila CHAIBI;GUE/NGL;France;['EMPL'];Member;;Situation des travailleurs de la restauration;EFFAT;Bruxelles;04/02/20
197529;Leila CHAIBI;GUE/NGL;France;['EMPL'];Member;;Housing;Housing for all;Bruxelles;29/01/20
197529;Leila CHAIBI;GUE/NGL;France;['EMPL'];Member;;Situation des taxis en Europe;TaxiEurope Alliance;Bruxelles;28/01/20
197463;Olivier CHASTEL;RE;Belgium;['SANT'];Member;;Politique de santé de l' Union européenne;AIM - International Association of Mutual Benefit Societies;Brussels;09/10/24
197463;Olivier CHASTEL;RE;Belgium;['SANT'];Member;;Politique de santé de l'Union européenne;European Federation of Pharmaceutical Industries and Associations;Bruxelles;25/09/24
197463;Olivier CHASTEL;RE;Belgium;['ENVI'];Member;;Politique environnementale de l'Union européenne;Riva Group;Charleroi;25/09/24
197463;Olivier CHASTEL;RE;Belgium;['SANT'];Member;;Politique de santé de l'Union européenne;Vaccines Europe;Brussels;19/09/24
197463;Olivier CHASTEL;RE;Belgium;['SANT'];Member;;Politique de santé de l'Union européenne;Acumen Public Affairs;Brussels;17/09/24
197463;Olivier CHASTEL;RE;Belgium;[];Member;;Etat des lieux des politiques de l'emploi;Syndicats belges;EP;19/02/20
197463;Olivier CHASTEL;RE;Belgium;[];Member;;Relations UE-Maroc;Ambassadeur du Maroc, S.E.M. Ahmed RAHOU;Extérieur;17/02/20
197463;Olivier CHASTEL;RE;Belgium;[];Member;;Relations UE-Rwanda;M. Joël Ndoli Pierre, Senior Communications and Public Affairs Advisor;Exierieur;31/01/20
197463;Olivier CHASTEL;RE;Belgium;[];Member;;PAC;FWA;EP;09/01/20
257014;Veronika CIFROVÁ OSTRIHOŇOVÁ;RE;Slovakia;[];Member;;Public Policies of Match.com Group, age verification;Meetic Group, a Match Group Company;EP, Brussels;02/10/24
257014;Veronika CIFROVÁ OSTRIHOŇOVÁ;RE;Slovakia;['LIBE'];Member;;Youtube, DSA, fight against disinformation;Google, David Wheeldon;EP;25/09/24
257014;Veronika CIFROVÁ OSTRIHOŇOVÁ;RE;Slovakia;[];Member;;Children's Rights;Child Rights International Network;Strasbourg, EP;16/07/24
257014;Veronika CIFROVÁ OSTRIHOŇOVÁ;RE;Slovakia;[];Member;;Digital policies, disinformation;Google;Strasbourg, EP;16/07/24
257014;Veronika CIFROVÁ OSTRIHOŇOVÁ;RE;Slovakia;[];Member;;Google Fight against Disinformation;Google;Strasbourg, EP;16/07/24
257014;Veronika CIFROVÁ OSTRIHOŇOVÁ;RE;Slovakia;[];Member;;fair access to cancer treatment across member states;European Cancer Organisation;Brussels;09/07/24
257023;Per CLAUSEN;GUE/NGL;Denmark;['ENVI'];Shadow rapporteur;;Forest monitoring;Permanent Representation of Finland to the European Union;Strasbourg;09/10/24
257023;Per CLAUSEN;GUE/NGL;Denmark;['ENVI'];Member;;PFAS, Chemicals;European Environmental Bureau;Brussels;02/10/24
257023;Per CLAUSEN;GUE/NGL;Denmark;[];Member;;Vigtige sager på forbrugerområdet;Forbrugerrådet Tænk (the Danish Consumer Council);Bruxelles;02/10/24
257023;Per CLAUSEN;GUE/NGL;Denmark;['EMPL'];Member;;Hearing process;Danish Trade Union Confederation EU Office;Bruxelles;01/10/24
257023;Per CLAUSEN;GUE/NGL;Denmark;['EMPL'];Member;;Den kommende mandatperiode og det arbejdsmarkedspolitiske område i EU;DJØF;Bruxelles;30/09/24
257023;Per CLAUSEN;GUE/NGL;Denmark;['ENVI'];Member;;Organic and Sustainable Farming Practices;International Federation of Organic Agriculture Movements EU Regional Group;Bruxelles;25/09/24
257023;Per CLAUSEN;GUE/NGL;Denmark;['EMPL'];Member;;Legislative agenda, Skills & Labour shortages;World Employment Confederation-Europe;Bruxelles;25/09/24
257023;Per CLAUSEN;GUE/NGL;Denmark;[];Member;;EU responsibility in light of ICJ's ruling;European Coordination of Committees and Associations for Palestine;Brussels;24/09/24
257023;Per CLAUSEN;GUE/NGL;Denmark;[];Member;;Bæredygtighed i EU, bæredygtig håndhævelse af EU’s regler på et velfungerende og fair indre marked. MEP middag;Fagligt Fælles Forbund, Landbrug & Fødevarer - Danish Agriculture and Food Council;Bruxelles;24/09/24
257023;Per CLAUSEN;GUE/NGL;Denmark;['EMPL'];Member;;Political Guidelines of the new Commission, Trade Union Intergroup establishment, Good Industrial Jobs campaign;industriAll European Trade Union;Bruxelles;24/09/24
245018;Christophe CLERGEAU;S&D;France;['ENVI'];Member;;Intergroup EBCD;European Bureau for Conservation and Development;Brussels;07/10/24
245018;Christophe CLERGEAU;S&D;France;['ENVI'];Member;;Participation in the CRPM assembly;Conférence des Régions Périphériques Maritimes d'Europe (CRPM);Gozo;04/10/24
245018;Christophe CLERGEAU;S&D;France;['ENVI'];Member;;Politique agricole;Cooperl;Bruxelles;02/10/24
245018;Christophe CLERGEAU;S&D;France;['ITRE'];Member;;Energie marine;Ocean Energy Europe;Bruxelles;01/10/24
245018;Christophe CLERGEAU;S&D;France;['ENVI'];Member;;Produits chimiques;European Environmental Bureau;Bruxelles;01/10/24
245018;Christophe CLERGEAU;S&D;France;['ENVI'];Member;;Politique européenne en matière d'emballage;SPHERE;Bruxelles;25/09/24
245018;Christophe CLERGEAU;S&D;France;['ITRE'];Member;;Politique de recherche et d'innovation;European Regions Research and Innovation Network;Bruxelles;24/09/24
245018;Christophe CLERGEAU;S&D;France;['ENVI'];Member;;régions maritimes;Conférence des Régions Périphériques Maritimes d'Europe (CRPM);Bruxelles;05/09/24
245018;Christophe CLERGEAU;S&D;France;['ITRE'];Member;;Politique européenne de l'énergie;WindEurope;Bruxelles;05/09/24
245018;Christophe CLERGEAU;S&D;France;['ITRE'];Member;;Politique de recherche;INSERM;Paris;05/09/24
257169;Annalisa CORRADO;S&D;Italy;[];Member;;Transport decarbonisation;Transport and Environment (European Federation for Transport and Environment);Strasbourg - online;09/10/24
257169;Annalisa CORRADO;S&D;Italy;[];Member;;Energy costs and decarbonisation;Confederazione Generale dell'Industria Italiana;Brussels - European Parliament;02/10/24
257169;Annalisa CORRADO;S&D;Italy;[];Member;;Social Climate Fund and ETS2;European Environmental Bureau;Brussels - European Parliament;02/10/24
257169;Annalisa CORRADO;S&D;Italy;[];Member;;Social Climate Fund and ETS2;Citizens' Climate Europe;Brussels - European Parliament;02/10/24
257169;Annalisa CORRADO;S&D;Italy;[];Member;;EU Wetland Partnership for Pantanal;Wetlands International - European Association;Brussels - European Parliament;24/09/24
257169;Annalisa CORRADO;S&D;Italy;[];Member;;Preservation of wetlands and forests in Brazil;Environmental Justice Foundation;Brussels - European Parliament;24/09/24
257169;Annalisa CORRADO;S&D;Italy;[];Member;;Energy Efficiency;European Alliance to Save Energy;Brussels - European Parliament;11/09/24
257169;Annalisa CORRADO;S&D;Italy;[];Member;;Green Deal e transizione giusta;LEGAMBIENTE NAZIONALE – APS – RETE ASSOCIATIVA – ETS;Strasbourg - European Parliament;17/07/24
257169;Annalisa CORRADO;S&D;Italy;[];Member;;Agricoltura e sostenibilità;Confederazione Nazionale Coldiretti;Strasbourg - European Parliament;17/07/24
257169;Annalisa CORRADO;S&D;Italy;[];Member;;Climate Action;Climate Action Network Europe;Strasbourg - European Parliament;17/07/24
257057;João COTRIM DE FIGUEIREDO;RE;Portugal;[];Member;;Competitiveness and Industry. How to boost the Portuguese industry in the EU;CIP (Confederaçao Indùstria Portuguesa), represented by Director-General, Rafael Alves Rocha and Executive Director de Relações Internacionais, Joana Valente.;European Parliament Premises;12/09/24
257057;João COTRIM DE FIGUEIREDO;RE;Portugal;[];Member;;EPPO budget;European Prosecutor Mr José Ranito;European Parliament premises;11/09/24
257057;João COTRIM DE FIGUEIREDO;RE;Portugal;[];Member;;Updates from the situation on the field - main needs and current status;UNRWA;European Parliament premises;10/09/24
257057;João COTRIM DE FIGUEIREDO;RE;Portugal;[];Member;;Rosh Hashanah reception;European Jewish Community Centre (EJCC);European Parliament premises;09/09/24
257057;João COTRIM DE FIGUEIREDO;RE;Portugal;[];Member;;Intergroup for the cooperation of deprived international communities;Oleksandra Romatsova, Vice Chair of the Center for Civil Liberties, 2022 Nobel Peace Prize;European Parliament - Protocol Salon;04/09/24
257057;João COTRIM DE FIGUEIREDO;RE;Portugal;[];Member;;PROMOTING THE FUTURE OF EUROPEAN COMPETITIVENESS - evening event;European Forum for Manufacturing;European Parliament Salon;04/09/24
256938;Tobias CREMER;S&D;Germany;['AFET'];Member;;Situation in Israel;Ofek: The Israeli Center for Public Affairs;European Parliament;25/09/24
256938;Tobias CREMER;S&D;Germany;['AFET'];Member;;Tibet;International Campaign for Tibet;European Parliament;25/09/24
256938;Tobias CREMER;S&D;Germany;['AFET'];Member;;Friedrich Ebert Stiftung;Friedrich-Ebert-Stiftung;European Parliament;24/09/24
256938;Tobias CREMER;S&D;Germany;['SEDE'];Member;;Defence Industrial Policies;SAFRAN;European Parliament;18/09/24
256938;Tobias CREMER;S&D;Germany;['SEDE'];Member;;Industrial defense policy;thyssenkrupp Steel Europe AG;Strasbourg;17/07/24
257034;Carmen CRESPO DÍAZ;EPP;Spain;['AGRI'];Member;;Future perspectives of EU foie gras;Fédération européenne du foie gras;Strasbourg;08/10/24
257034;Carmen CRESPO DÍAZ;EPP;Spain;['AGRI'];Member;;Strategic Dialogue on the future of EU agriculture;ASAJA Bruselas;Brussels;02/10/24
257034;Carmen CRESPO DÍAZ;EPP;Spain;['AGRI'];Member;;European Association of Sugar Manufacturers;CEFS;Brussels;02/10/24
257034;Carmen CRESPO DÍAZ;EPP;Spain;['AGRI'];Member;;Phytosanitary products in Spain;AEPLA;Brussels;24/09/24
257034;Carmen CRESPO DÍAZ;EPP;Spain;['AGRI'];Member;;Strategic Dialogue on the future of EU agriculture;ECOVALIA - Spanish professional association of organic production;Brussels;23/09/24
257034;Carmen CRESPO DÍAZ;EPP;Spain;['PECH'];Committee chair;;Fisheries policy;MEP Susana Solís, the PP president of Asturias and Representatives of cofradías;Brussels;03/09/24
257078;Paulo CUNHA;EPP;Portugal;['ITRE'];Member;;Industry and Clean Technologies;#SustainablePublicAffairs;Swan Bar;08/10/24
257078;Paulo CUNHA;EPP;Portugal;[];Member;;Presentation;European Forum of Farm Animal Breeders;Strasbourg office;18/07/24
38542;Johan DANIELSSON;S&D;Sweden;['EMPL'];Member;;Konkurrenskraft och arbetsmarknadspolitik;IKEM - Innovations- och kemiindustrierna i Sverige AB (556865-4650);Bryssel;02/10/24
38542;Johan DANIELSSON;S&D;Sweden;['TRAN'];Member;;Tågolyckan i Grekland 2023;Tempi 2023;Bryssel;02/10/24
38542;Johan DANIELSSON;S&D;Sweden;['TRAN'];Member;;Europas fordonsindustri och EU:s prioriteringar på transportområdet under mandatperioden;Volvo Car Corporation AB;Bryssel;02/10/24
38542;Johan DANIELSSON;S&D;Sweden;['IMCO'];Member;;Inre marknad och cirkulär ekonomi;IKEA Foundation;Bryssel;02/10/24
38542;Johan DANIELSSON;S&D;Sweden;['TRAN'];Member;;Scandinavian Mountain Railway;Destination Sälenfjällen;Strasbourg;02/10/24
38542;Johan DANIELSSON;S&D;Sweden;['EMPL'];Member;;Kampen mot arbetslivskriminalitet i logistikbranschen;European Transport Workers' Federation;Bryssel;01/10/24
38542;Johan DANIELSSON;S&D;Sweden;['EMPL'];Member;;Konkurrenskraft och arbetsmarknadspolitik;Teknikföretagen;Bryssel;01/10/24
38542;Johan DANIELSSON;S&D;Sweden;['TRAN'];Member;;Efterlevnad av vägpaketet;Nordic Logistics Association;Bryssel;01/10/24
38542;Johan DANIELSSON;S&D;Sweden;['EMPL'];Member;;Arbetsmarknadspolitik under mandatperioden;European Confederation of Independent Trade Unions;Bryssel;01/10/24
38542;Johan DANIELSSON;S&D;Sweden;['EMPL'];Member;;Europeiska Globaliseringsfonden;IF Metall;Digitalt;30/09/24
38542;Johan DANIELSSON;S&D;Sweden;['EMPL'];Member;;Möte om EU:s framtid med partiet i ett rådslag;Socialdemokraterna;Digitalt möte;14/12/20
38542;Johan DANIELSSON;S&D;Sweden;['EMPL'];Member;;Digitalt webinarium med LO;LO;Stockholm;10/12/20
38542;Johan DANIELSSON;S&D;Sweden;['EMPL'];Member;;Digitalt möte med LO;LO;Stockholm;10/12/20
38542;Johan DANIELSSON;S&D;Sweden;['EMPL'];Shadow rapporteur;;Digitalt möte med European Oncology Nursing Society (EOSN);European Oncology Nursing Society;Stockholm;09/12/20
38542;Johan DANIELSSON;S&D;Sweden;['EMPL'];Shadow rapporteur;;Digitalt möte med European Oncology Nursing Society (EONS);European Oncology Nursing Society (EONS);Stockholm;09/12/20
38542;Johan DANIELSSON;S&D;Sweden;['EMPL'];Member;;Webinarium med IF Metall;IF Metall;Stockholm;07/12/20
38542;Johan DANIELSSON;S&D;Sweden;['EMPL'];Member;;Talare på webbinarium med IF Metall;IF Metall;Stockholm;07/12/20
38542;Johan DANIELSSON;S&D;Sweden;['EMPL'];Member;;Digitalt möte med Svenskt Näringsliv;Svenskt Näringsliv;Stockholm;07/12/20
38542;Johan DANIELSSON;S&D;Sweden;['EMPL'];Member;;Digitalt möte med Socialdemokraterna i Helsingborg;Socialdemokraterna i Helsingborg;Stockholm;07/12/20
38542;Johan DANIELSSON;S&D;Sweden;['TRAN'];Member;;Digitalt möte med Kommissionen, DG Move Aviation;Europeiska Kommissionen;Stockholm;03/12/20
38542;Johan DANIELSSON;S&D;Sweden;['EMPL'];Member;;Digitalt möte med Socialdemokraterna i arbetsmarknadsutskottet i Riksdagen;Socialdemokraterna i arbetsmarknadsutskottet i Riksdagen;Stockholm;03/12/20
38542;Johan DANIELSSON;S&D;Sweden;['EMPL'];Member;;Digitalt möte Svenska Fackliga Brysselkontoret;Svenska Fackliga Brysselkontoret;Stockholm;02/12/20
38542;Johan DANIELSSON;S&D;Sweden;['EMPL'];Shadow rapporteur;;Digitalt möte med ETUC;ETUC;Stockholm;27/11/20
38542;Johan DANIELSSON;S&D;Sweden;['EMPL'];Member;;Digitalt möte med LO;LO;Stockholm;27/11/20
38542;Johan DANIELSSON;S&D;Sweden;['EMPL'];Member;;Digitalt möte med LO;LO;Stockholm;25/11/20
38542;Johan DANIELSSON;S&D;Sweden;['EMPL'];Member;;Digital föreläsning, LO-distriktet i Skånes årskonferens;LO;Stockholm;20/11/20
38542;Johan DANIELSSON;S&D;Sweden;['TRAN'];Member;;Digitalt möte med Flygteknikerna (SFF);Flygteknikerna;Stockholm;19/11/20
38542;Johan DANIELSSON;S&D;Sweden;['TRAN'];Member;;Digitalt möte med Europaforum Norra Sverige (EFNS);Europaforum Norra Sverige;Stockholm;18/11/20
38542;Johan DANIELSSON;S&D;Sweden;['EMPL'];Member;;Digitalt möte med Unionen;Unionen;Stockholm;13/11/20
38542;Johan DANIELSSON;S&D;Sweden;['EMPL'];Member;;Digitalt möte med Snuskommissionen;Snuskommissionen;Stockholm;11/11/20
38542;Johan DANIELSSON;S&D;Sweden;['EMPL'];Member;;Digitalt föreläsning (Service- och kommunikationsfacket) SEKO;Service- och kommunikationsfacket;Stockholm;09/11/20
38542;Johan DANIELSSON;S&D;Sweden;['TRAN'];Member;;Digitalt möte med Transportarbetareförbundet;Transportarbetareförbundet;Stockholm;06/11/20
38542;Johan DANIELSSON;S&D;Sweden;['TRAN'];Member;;Digitalt möte med European Transport Workers' Federation (ETF);European Transport Workers' Federation;Stockholm;05/11/20
38542;Johan DANIELSSON;S&D;Sweden;['TRAN'];Member;;Digitalt möte med Bolt;Bolt;Stockholm;03/11/20
38542;Johan DANIELSSON;S&D;Sweden;['TRAN'];Member;;Digitalt möte med MoveEU;MoveEU;Stockholm;03/11/20
38542;Johan DANIELSSON;S&D;Sweden;['BECA'];Member;;Digitalt möte med Stryker;Stryker;Stockholm;03/11/20
38542;Johan DANIELSSON;S&D;Sweden;['TRAN'];Member;;Digitalt möte med Association of Passenger Rights Advocates (APRA);Association of Passenger Rights Advocates;Stockholm;03/11/20
38542;Johan DANIELSSON;S&D;Sweden;['EMPL'];Member;;Digitalt möte med European Chemical Employer Group  (ECEG);European Chemical Employer Group;Stockholm;30/10/20
38542;Johan DANIELSSON;S&D;Sweden;['TRAN'];Member;;Digital föreläsning Nordiska Rådet;Nordiska Rådet;Stockholm;27/10/20
38542;Johan DANIELSSON;S&D;Sweden;['EMPL'];Member;;Digitalt möte LO;LO;Stockholm;27/10/20
38542;Johan DANIELSSON;S&D;Sweden;['EMPL'];Member;;Möte LO-TCO Rättsskydd;LO-TCO Rättsskydd;Stockholm;26/10/20
38542;Johan DANIELSSON;S&D;Sweden;['EMPL'];Member;;Digitalt möte med Lantbrukarnas Riksförbund (LRF);Lantbrukarnas Riksförbund;Stockholm;26/10/20
38542;Johan DANIELSSON;S&D;Sweden;['EMPL'];Member;;"Digitalkonferens  ""Norrskens konferensen""";LO-distriktet Norra Sverige, ABF Norr, Sunderby Folkhögskola, Socialdemokraterna Norrbotten;Stockholm;24/10/20
38542;Johan DANIELSSON;S&D;Sweden;['EMPL'];Member;;Digitalt möte med Svenskt Näringsliv;Svenskt Näringsliv;Bryssel;15/10/20
38542;Johan DANIELSSON;S&D;Sweden;['TRAN'];Member;;Digitalt möte S Jönköping och Transport avd. 20;Transportarbetarförbundet;Bryssel;14/10/20
38542;Johan DANIELSSON;S&D;Sweden;['EMPL'];Member;;Digitalt möte med LO;LO;Bryssel;22/09/20
38542;Johan DANIELSSON;S&D;Sweden;['TRAN'];Member;;Möte med Airbus;Airbus;Bryssel;18/09/20
38542;Johan DANIELSSON;S&D;Sweden;['EMPL'];Member;;Digitalt möte med European Federation of Food, Agriculture and Tourism Trade Unions (EFFAT);European Federation of Food Agriculture and Tourism Trade Unions (EFFAT);Bryssel;07/09/20
38542;Johan DANIELSSON;S&D;Sweden;['TRAN'];Member;;Videomöte med E4FC;Europeans for Fair Competition (E4FC);Stockholm;16/07/20
38542;Johan DANIELSSON;S&D;Sweden;['BECA'];Member;;Videomöte med IOGT-NTO;IOGT-NTO;Stockholm;15/07/20
38542;Johan DANIELSSON;S&D;Sweden;['TRAN'];Member;;Videomöte med IndustriAll European Trade Union;IndustriAll European Trade Union;Bryssel;06/07/20
38542;Johan DANIELSSON;S&D;Sweden;['EMPL'];Member;;Videomöte med GS-facket;GS-facket;Stockholm;01/07/20
38542;Johan DANIELSSON;S&D;Sweden;['TRAN'];Member;;Videomöte med Göteborgs Transportarbetares S-förening;Göteborgs Transportarbetares S-förening;Bryssel;23/06/20
38542;Johan DANIELSSON;S&D;Sweden;['TRAN'];Member;;Möte med Civil Air Navigation Services Organization (CANSO);Civil Air Navigation Services Organization (CANSO);Bryssel;19/06/20
38542;Johan DANIELSSON;S&D;Sweden;['EMPL'];Member;;Videomöte med Kommunal;Kommunal;Stockholm;16/06/20
38542;Johan DANIELSSON;S&D;Sweden;['TRAN'];Member;;Videomöte med Omio;Omio;Stockholm;09/06/20
38542;Johan DANIELSSON;S&D;Sweden;['EMPL'];Member;;Videomöte med Svenskt Näringsliv;Svenskt Näringsliv;Stockholm;08/06/20
38542;Johan DANIELSSON;S&D;Sweden;['EMPL'];Member;;Videomöte med Amazon;Amazon;Stockholm;05/05/20
38542;Johan DANIELSSON;S&D;Sweden;['TRAN'];Member;;Videomöte med Kommisisonen DG MOVE och International Road Transport Union;Kommisisonen DG MOVE, International Road Transport Union;Stockholm;04/05/20
38542;Johan DANIELSSON;S&D;Sweden;['TRAN'];Member;;Videomöte med EUs Transportkommissionär;EUs Transportkommissionär;Stockholm;24/04/20
38542;Johan DANIELSSON;S&D;Sweden;['TRAN'];Member;;Videomöte med Transdev Sverige AB;Transdev Sverige AB;Stockholm;03/04/20
38542;Johan DANIELSSON;S&D;Sweden;['TRAN'];Member;;Videomöte med Civil Air Navigation Services Organization;Civil Air Navigation Services Organization;Stockholm;20/03/20
38542;Johan DANIELSSON;S&D;Sweden;['EMPL'];Member;;Möte med LO;LO;Varberg;13/03/20
38542;Johan DANIELSSON;S&D;Sweden;['EMPL'];Shadow rapporteur;;Möte med European Federation of Building and Woodworkers;European Federation of Building and Woodworkers;Bryssel;05/03/20
38542;Johan DANIELSSON;S&D;Sweden;['EMPL'];Member;;Middagsmöte med LO;LO;Bryssel;03/03/20
38542;Johan DANIELSSON;S&D;Sweden;['TRAN'];Member;;Möte med Svenska Taxiförbundet;Svenska Taxiförbundet;Bryssel;02/03/20
38542;Johan DANIELSSON;S&D;Sweden;['TRAN'];Member;;Lunchmöte med Svensk Sjöfart;Svensk Sjöfart;Bryssel;18/02/20
38542;Johan DANIELSSON;S&D;Sweden;['TRAN'];Member;;Möte med Transport and Environment;Transport and Environment;Bryssel;18/02/20
38542;Johan DANIELSSON;S&D;Sweden;['TRAN'];Member;;Möte med Region Värmland;Region Värmland;Bryssel;18/02/20
38542;Johan DANIELSSON;S&D;Sweden;['EMPL'];Member;;Möte med Riksdagen;Riksdagen;Bryssel;18/02/20
38542;Johan DANIELSSON;S&D;Sweden;['TRAN'];Member;;Möte med European Federation of Inland ports;European Federation of Inland ports;Bryssel;17/02/20
38542;Johan DANIELSSON;S&D;Sweden;['TRAN'];Member;;Möte med Airports Council International Europe;Airports Council International Europe;Strasbourg;11/02/20
38542;Johan DANIELSSON;S&D;Sweden;['TRAN'];Member;;Möte med The European Travel Agents’ and Tour Operators’ Associations;The European Travel Agents’ and Tour Operators’ Associations;Strasbourg;11/02/20
38542;Johan DANIELSSON;S&D;Sweden;['EMPL'];Member;;Möte med LO;LO;Stockholm;07/02/20
38542;Johan DANIELSSON;S&D;Sweden;[];Member;;Möte med Stortinget;Stortinget;Bryssel;06/02/20
38542;Johan DANIELSSON;S&D;Sweden;['TRAN'];Member;;Möte med Fédération Internationale de Motocyclisme och Federation of European Motorcyclists;Federation of European Motorcyclists, Fédération Internationale de Motocyclisme;Bryssel;06/02/20
38542;Johan DANIELSSON;S&D;Sweden;['EMPL'];Member;;Möte med LO och Fackliga Brysselkontoret;LO, Fackliga Brysselkontoret;Bryssel;06/02/20
38542;Johan DANIELSSON;S&D;Sweden;[];Member;;Möte med Kommissionen;Kommissionen;Bryssel;05/02/20
38542;Johan DANIELSSON;S&D;Sweden;['TRAN'];Member;;Möte med EASA;EASA;Bryssel;03/02/20
38542;Johan DANIELSSON;S&D;Sweden;['TRAN'];Member;;Möte med Oslo-Sthlm 2.55;Oslo-Sthlm 2.55;Bryssel;29/01/20
38542;Johan DANIELSSON;S&D;Sweden;['EMPL'];Member;;Middagsmöte med LO, TCO och SACO;LO, TCO, SACO;Bryssel;22/01/20
38542;Johan DANIELSSON;S&D;Sweden;[];Member;;Lunchmöte med Sveriges EU-minister;Sveriges EU-minister;Bryssel;21/01/20
38542;Johan DANIELSSON;S&D;Sweden;['TRAN'];Member;;Möte med EUs Transportkommissionärs kabinett;EUs Transportkommissionärs kabinett;Strasbourg;14/01/20
38542;Johan DANIELSSON;S&D;Sweden;[];Member;;Möte med Snuskommissionen;Snuskommissionen;Stockholm;10/01/20
38542;Johan DANIELSSON;S&D;Sweden;['TRAN'];Member;;Möte med Svenska Transportarbetareförbundet;Svenska Transportarbetareförbundet;Stockholm;10/01/20
236050;Marie DAUCHY;PfE;France;['EMPL'];Member;;Visite Institut de recherches agricoles, halieutiques et alimentaires;ILVO;Melle;11/09/24
256862;Dóra DÁVID;EPP;Hungary;['IMCO'];Member;;Legislative priorities for the 10th legislative term;OVH Groupe;European Parliament, Brussels;03/10/24
256862;Dóra DÁVID;EPP;Hungary;['IMCO'];Member;;Event: Priorities for consumers;Bureau Européen des Unions de Consommateurs;European Parliament, Brussels;03/10/24
256862;Dóra DÁVID;EPP;Hungary;[];Member;;Priorities for the 10th legislative term;Wilfried Martens Centre for European Studies;Brussels, Belgium;02/10/24
256862;Dóra DÁVID;EPP;Hungary;['IMCO'];Member;;Event: Europe digital future;European Tech Alliance;European Parliament, Brussels;02/10/24
256862;Dóra DÁVID;EPP;Hungary;['IMCO'];Member;;Welcome Reception for the new European Parliament;European Internet Forum;European Parliament, Brussels;01/10/24
256862;Dóra DÁVID;EPP;Hungary;['IMCO'];Member;;Panel discussion: Tech and Society Summit;European Digital Rights;Brussels, Belgium;01/10/24
256862;Dóra DÁVID;EPP;Hungary;['IMCO'];Member;;Policy proposals for the 10th legislative term;TÜV Association;European Parliament, Belgium;30/09/24
256862;Dóra DÁVID;EPP;Hungary;['IMCO'];Member;;Priorities for the 10th legislative term;Bureau Européen des Unions de Consommateurs;European Parliament, Belgium;30/09/24
256862;Dóra DÁVID;EPP;Hungary;['IMCO'];Member;;Protection of human rights in the context of the internet, data, and digitalisation;European Digital Rights;European Parliament, Brussels;09/09/24
256862;Dóra DÁVID;EPP;Hungary;['IMCO'];Member;;Event: Promoting the Future of European Competitiveness;European Forum for Manufacturing, ZVEI e.V. - Verband der Elektro- und Digitalindustrie;European Parliament, Brussels;04/09/24
257030;Raúl DE LA HOZ QUINTANO;EPP;Spain;[];Member;;Presentation;TOYOTA MOTOR EUROPE;European Parliament;10/10/24
257030;Raúl DE LA HOZ QUINTANO;EPP;Spain;[];Member;;EU Competitiveness;Luca de Meo, ACEA;European Parliament;01/10/24
257030;Raúl DE LA HOZ QUINTANO;EPP;Spain;[];Member;;Presentation;European Flavour Association;Parlement européen;24/09/24
257030;Raúl DE LA HOZ QUINTANO;EPP;Spain;[];Member;;Presentation;ANGED - ASEDAS;Strasbourg;18/09/24
257030;Raúl DE LA HOZ QUINTANO;EPP;Spain;['ITRE'];Member;;Presentation of the sector;ArcelorMittal;Strasbourg / European Parliament;18/09/24
257030;Raúl DE LA HOZ QUINTANO;EPP;Spain;['ITRE'];Member;;Presentation;CEPSA;Brussels Office;12/09/24
257030;Raúl DE LA HOZ QUINTANO;EPP;Spain;[];Member;;presentation;Mondelez Europe GmbH;brussels;23/07/24
257030;Raúl DE LA HOZ QUINTANO;EPP;Spain;[];Member;;Meeting;RENAULT;European Parliament;17/07/24
257155;Danilo DELLA VALLE;GUE/NGL;Italy;[];Member;;Meeting with Embassy of Arzebaijan;Embassy of Arzebaijan;Brussels;24/09/24
257155;Danilo DELLA VALLE;GUE/NGL;Italy;[];Member;;Meeting with Embassy of Georgia;Mission of Georgia to the EU / Embassy of Georgia to Belgium & Luxembourg;Brussels;12/09/24
257155;Danilo DELLA VALLE;GUE/NGL;Italy;[];Member;;Minister Counsellor from China Mission to the EU in Brussels;China Mission to the EU in Brussels;Brussels;10/09/24
256886;Valérie DELOGE;PfE;France;['AGRI'];Member;;La filière du Fie Gras, enjeux de label et de commercialisation;Euro Foie Gras, CIFOG, Pact'alim, Labeyrie;Strasbourg;08/10/24
256886;Valérie DELOGE;PfE;France;['ENVI'];Member;;Les nouvelles techniques génomiques;Phyteis (ex Union de l'Industrie de la Protection des Plantes);Bruxelles;02/10/24
256886;Valérie DELOGE;PfE;France;['AGRI'];Member;;Labels de cultures raisonnées;Filière CRC;Bruxelles;02/10/24
256886;Valérie DELOGE;PfE;France;['AGRI'];Member;;Bien-être animal;Eurogroup for Animals, La Fondation Droit Animal, Ethique et Sciences (LFDA), CIWF;Bruxelles;24/09/24
256886;Valérie DELOGE;PfE;France;['AGRI'];Member;;La place de l'alimentation biologique dans la future PAC;IFOAM;Bruxelles;24/09/24
256886;Valérie DELOGE;PfE;France;['AGRI'];Member;;Politiques européennes de gestion des grands carnivores;FACE;Bruxelles;24/09/24
256886;Valérie DELOGE;PfE;France;['AGRI'];Member;;Défis de l'industrie papetière française;COPACEL;Bruxelles;03/09/24
256886;Valérie DELOGE;PfE;France;['AGRI'];Member;;Rencontre avec la filière équine française;Société du trotteur français, IFCE;Bruxelles;24/07/24
124858;Fabio DE MASI;;Germany;['ECON'];Member;;EU-BRICS peace building dialogue;Vocal Europe;Virtual meeting;30/09/24
124858;Fabio DE MASI;;Germany;[];Member;;European Policy and European Foreign Policy;Representative to the Political and Security Committee of the Permanent Representation of Germany to the European Union in Brussels;Brussels, outside the EP premises;30/09/24
124858;Fabio DE MASI;;Germany;['ECON'];Member;;initiatives for the coordinated global minimum tax;EU Tax Observatory;European Parliament;24/09/24
124858;Fabio DE MASI;;Germany;['ECON'];Member;;Participation in a hearing;Rüdiger Lentz;Brussels, outside the EP premises;24/09/24
124858;Fabio DE MASI;;Germany;[];Member;;Draghi Report, EU Trade and Employment policy;Vereinte Dienstleistungsgewerkschaft;European Parliament Brussels;10/09/24
124858;Fabio DE MASI;;Germany;[];Member;;"""Getting-to-know-each-other"" meeting";Permanent Representation of the Federal Republic of Germany to the European Union in Brussels;Europeaen Parliament Brussels;02/09/24
124858;Fabio DE MASI;;Germany;[];Member;;Georgia's relation with the European Union;First Deputy Chair of the Committee on European Integration of the Georgian Parlament, Representative of the consulting company Acento who accompanied the Georgian politician;Strasbourg European Parliament;17/07/24
96826;Tamás DEUTSCH;PfE;Hungary;[];Member;;Exchange of views;MOL Hungarian Oil and Gas Company;Strasbourg, European Parliament;17/09/24
96826;Tamás DEUTSCH;PfE;Hungary;[];Member;;Exchange of views;Kárpátaljai Magyar Kulturális Szövetség;Brussels, European Parliament;10/09/24
96826;Tamás DEUTSCH;PfE;Hungary;[];Member;;Exchange of views;Szövetség a Polgári Magyarországért Alapítvány;Brussels, European Parliament;10/09/24
96826;Tamás DEUTSCH;PfE;Hungary;[];Member;;Exchange of views;Hungary Helps Ügynökség;Brussels, European Parliament;10/09/24
96826;Tamás DEUTSCH;PfE;Hungary;[];Member;;Exchange of views;MCC Brussels;Brussels, European Parliament;10/09/24
96826;Tamás DEUTSCH;PfE;Hungary;[];Member;;Exchange of views;Fidelitas;Brussels, European Parliament;10/09/24
256870;Valérie DEVAUX;RE;France;['FEMM'];Member;;Sexual and reproductive health and rights;Center for Reproductive Rights, Inc., International Planned Parenthood Federation European Network, European Parliamentary Forum for Sexual and Reproductive Rights;Brussels;24/09/24
256870;Valérie DEVAUX;RE;France;['TRAN'];Member;;Enjeux européens du secteur du transport aérien;Air France-KLM;Strasbourg;18/09/24
256870;Valérie DEVAUX;RE;France;[];Member;;Enjeux de compétitivité en Europe;Mouvement des Entreprises de France;Strasbourg;17/09/24
256870;Valérie DEVAUX;RE;France;[];Member;;Dossiers européens de la région Hauts-de-France;Représentation de la région Hauts-de-France;Bruxelles;23/07/24
256870;Valérie DEVAUX;RE;France;['TRAN'];Member;;Politiques européennes des transports;RENAULT;Strasbourg;17/07/24
257087;Adnan DIBRANI;S&D;Sweden;['IMCO'];Member;;Scandinavian Mountain Railway;Destination Sälenfjällen;Strasbourg;09/10/24
257087;Adnan DIBRANI;S&D;Sweden;['ECON'];Member;;Finansiella frågor i Norden;Finanssiala ry - Finance Finland;Strasbourg;08/10/24
257087;Adnan DIBRANI;S&D;Sweden;['ECON'];Member;;Bankbedrägerier;Skandinaviska Enskilda Banken AB (publ);Bryssel;03/10/24
257087;Adnan DIBRANI;S&D;Sweden;['IMCO'];Member;;Inre marknad och cirkulär ekonomi;IKEA Foundation;Bryssel;02/10/24
257087;Adnan DIBRANI;S&D;Sweden;['ECON'];Member;;Konsumentskydd, hållbarhet och arbetsvillkoren för anställda inom finanssektorn;Nordic Financial Unions;Bryssel;02/10/24
257087;Adnan DIBRANI;S&D;Sweden;['IMCO'];Member;;Miljömärkning;Ecolabelling Sweden;Bryssel;02/10/24
257087;Adnan DIBRANI;S&D;Sweden;['ECON'];Member;;Finansiella frågor;Swedish Securities Markets Association (Swedish: Föreningen Svensk Värdepappersmarknad);Bryssel;26/09/24
257087;Adnan DIBRANI;S&D;Sweden;['ECON'];Member;;Försäkringsfrågor;Svensk Försäkring;Bryssel;26/09/24
257087;Adnan DIBRANI;S&D;Sweden;['IMCO'];Member;;Presentation av Svenskt Näringslivs medlemsförbund;Confederation of Swedish Enterprise;Bryssel;26/09/24
257087;Adnan DIBRANI;S&D;Sweden;['IMCO'];Member;;Mediepolitik och sociala medier;Schibsted Media;Bryssel;25/09/24
256981;Ton DIEPEVEEN;PfE;Netherlands;['PECH'];Member;;Kennismakingsgesprek;Stichting De Noordzee;Brussels - European Parliament;26/09/24
256981;Ton DIEPEVEEN;PfE;Netherlands;['PECH'];Member;;90-jarig jubileum vissersbond;Nederlandse vissersbond;Urk;20/09/24
256981;Ton DIEPEVEEN;PfE;Netherlands;['JURI'];Member;;Auteursrecht en kunstmatige intelligentie;Buma Stemra;Straatsburg;18/09/24
256834;Elisabeth DIERINGER;PfE;Austria;['IMCO'];Member;;Introduction of Lobbyists;Verband der österreichischen Musikwirtschaft;Strasbourg;08/10/24
256834;Elisabeth DIERINGER;PfE;Austria;['IMCO'];Member;;"""Tag der Industrie""";Vereinigung der österreichischen Industrie - Industriellenvereinigung;Vienna;26/09/24
256834;Elisabeth DIERINGER;PfE;Austria;['IMCO'];Member;;Introduction of Lobbyists;Wirtschaftskammer Österreich;Strasbourg;18/09/24
256834;Elisabeth DIERINGER;PfE;Austria;['IMCO'];Member;;Introduction of Lobbyists;confindustria;Strasbourg;17/09/24
256834;Elisabeth DIERINGER;PfE;Austria;['IMCO'];Member;;Introduction of Lobbyists;Mathias Corvinus Collegium Brussels AISBL;Brussels;11/09/24
256834;Elisabeth DIERINGER;PfE;Austria;['IMCO'];Member;;Introduction of Lobbyists;Philip Morris International Inc.;Brussels;10/09/24
33998;Vasile DÎNCU;S&D;Romania;['AFCO'];Member;;Priorities of the soft drinks industry in the EU;The National Association of Soft Drinks and Union of European Soft Drink Associations from Romania;European Parliament;02/10/24
256874;Mélanie DISDIER;PfE;France;['EMPL'];Member;;Visite Institut de recherches agricoles, halieutiques et alimentaires;ILVO;Melle;11/09/24
197579;Klára DOBREV;S&D;Hungary;[];Member;;Priorities for the upcoming mandate;ILGA-Europe;Brussels;02/10/24
197579;Klára DOBREV;S&D;Hungary;[];Member;;The situation of human rights, regional stability and foreign affairs concerning Iran;Le Conseil National de la Resistance Iranienne-Bruxelles;Brussels;01/10/24
197579;Klára DOBREV;S&D;Hungary;[];Member;;Erasmus Plus programme;Erasmus Student Network;Brussels;01/10/24
197579;Klára DOBREV;S&D;Hungary;[];Member;;Exchange of views about building bridges and fostering constructive communication in policymaking, and the upcoming launch of a Depolarisation Exhibition of the think tank.;Re-Imagine Europa;Brussels (online);01/10/24
197579;Klára DOBREV;S&D;Hungary;[];Member;;Global Progress Action Summit 2024;Canada 20/20 Corporation, Center for American Progress Action Fund, invited guests of the summit;Le Centre Sheraton Montréal Hotel, Montréal, Quebec, Canada;21/09/24
197579;Klára DOBREV;S&D;Hungary;[];Member;;Global Progress Action Summit 2024;Canada 20/20 Corporation, Center for American Progress Action Fund, invited guests of the summit;Le Centre Sheraton Montréal Hotel, Montréal, Quebec, Canada;20/09/24
197579;Klára DOBREV;S&D;Hungary;[];Member;;Priorities for the upcoming mandate;EuroCommerce;Strasbourg;18/09/24
197579;Klára DOBREV;S&D;Hungary;[];Member;;Recent developments in European politics;Minister of State at the Federal Foreign Office of Federal Republic of Germany;Residence of the Ambassador of Federal Republic of Germany to Hungary, Budapest;02/09/24
197579;Klára DOBREV;S&D;Hungary;[];Member;;Participation in Field Fellowship 2024 program;Center for American Progress Action Fund, invited participants of the training program;The Rockefeller Foundation - Bellagio Center, Bellagio, Italy;04/08/24
197579;Klára DOBREV;S&D;Hungary;[];Member;;Participation in Field Fellowship 2024 program;Center for American Progress Action Fund, invited participants of the training program;The Rockefeller Foundation - Bellagio Center, Bellagio, Italy;03/08/24
197579;Klára DOBREV;S&D;Hungary;['LIBE'];Member;;Down Syndrome Day;Europe for Trisomy;European Parliament;05/02/20
197579;Klára DOBREV;S&D;Hungary;[];Member;;Exchange of views;Alliance for Serbia;European Parliament;29/01/20
197579;Klára DOBREV;S&D;Hungary;['LIBE'];Member;;Exchange of views;European Forum for Urban Security;European Parliament;28/01/20
257095;Elena DONAZZAN;ECR;Italy;[];Member;;Incontro conoscitivo e scambio di vedute sul mandato del Parlamento Europeo;ENEL SpA;Bruxelles;24/09/24
257095;Elena DONAZZAN;ECR;Italy;['ITRE'];Member;;Incontro conoscitivo e scambio di vedute sul mandato del Parlamento Europeo;FINCANTIERI SpA;Strasburgo;18/09/24
257095;Elena DONAZZAN;ECR;Italy;[];Member;;Incontro conoscitivo e scambio di vedute sul mandato del Parlamento Europeo;ANIMA CONFINDUSTRIA MECCANICA VARIA;Strasburgo;18/09/24
257095;Elena DONAZZAN;ECR;Italy;[];Member;;Incontro conoscitivo e scambio di vedute sul mandato del Parlamento Europeo;Aeroporti di Roma;Strasburgo;18/09/24
257095;Elena DONAZZAN;ECR;Italy;['ITRE'];Member;;Incontro conoscitivo e scambio di vedute sul mandato del Parlamento Europeo;Leonardo S.p.A.;Bruxelles;10/09/24
257095;Elena DONAZZAN;ECR;Italy;[];Member;;Incontro conoscitivo e scambio di vedute sul mandato del Parlamento Europeo;Eni S.p.A.;Bruxelles;24/07/24
257095;Elena DONAZZAN;ECR;Italy;[];Member;;Incontro conoscitivo e scambio di vedute sul mandato del Parlamento Europeo;Federchimica;Bruxelles;22/07/24
257095;Elena DONAZZAN;ECR;Italy;[];Member;;Incontro conoscitivo e scambio di vedute sul mandato del parlamento europeo;Confederazione Nazionale dell'Artigianato e della Piccola e Media Impresa;Strasburgo;17/07/24
257095;Elena DONAZZAN;ECR;Italy;[];Member;;Incontro conoscitivo e scambio di vedute sul mandato del parlamento europeo;Confederazione Nazionale Coldiretti;Strasburgo;17/07/24
257095;Elena DONAZZAN;ECR;Italy;[];Member;;Incontro conoscitivo e scambio di vedute sul mandato del parlamento europeo;Confindustria;Strasburgo;17/07/24
96787;Herbert DORFMANN;EPP;Italy;[];Member;;CAP - new mandate;CLITRAVI;Strasbourg;18/07/24
96787;Herbert DORFMANN;EPP;Italy;[];Member;;social policy and demographic change;FAFCE - Federation of Catholic Family Associations in Europe;Strasbourg;17/07/24
96787;Herbert DORFMANN;EPP;Italy;[];Member;;EU policy new mandated - general exchange;Terna;Strasbourg;17/07/24
96787;Herbert DORFMANN;EPP;Italy;[];Member;;transport policy - rail;CER - Community of European Railway and Infrastructure Companies;Strasbourg;17/07/24
96787;Herbert DORFMANN;EPP;Italy;[];Member;;CAP - new mandate;Austrian Chamber of Agriculture;Bruxelles;26/06/24
96787;Herbert DORFMANN;EPP;Italy;['AGRI'];Rapporteur;;Discussion on the F2F Strategy;Nestlé;Virtual Meeting;25/11/20
96787;Herbert DORFMANN;EPP;Italy;['AGRI'];Rapporteur;;Discussion on the F2F Strategy;Slow Food Europe, IFOAM EU, EU Food Policy Coalition, Eurocoop, BEUC, EPHA, WWF EU;Virtual Meeting;24/11/20
96787;Herbert DORFMANN;EPP;Italy;['AGRI'];Rapporteur;;Discussion on the F2F Strategy;Dutch Produce Association (DPA);Virtual Meeting;12/11/20
96787;Herbert DORFMANN;EPP;Italy;['AGRI'];Rapporteur;;Discussion on the F2F Strategy;Corteva Agriscience;Virtual Meeting;11/11/20
96787;Herbert DORFMANN;EPP;Italy;['AGRI'];Rapporteur;;Discussion on the F2F Strategy;Eurogroup for Animals;Virtual Meeting;09/11/20
96787;Herbert DORFMANN;EPP;Italy;['AGRI'];Rapporteur;;Discussion on the F2F Strategy;Barilla;Virtual Meeting;09/11/20
96787;Herbert DORFMANN;EPP;Italy;['AGRI'];Rapporteur;;Discussion on the F2F Strategy and the CAP reform;Ceettar;Virtual Meeting;28/10/20
96787;Herbert DORFMANN;EPP;Italy;['AGRI'];Rapporteur;;Discussion on the F2F Strategy;Copa-Cogeca;Virtual Meeting;28/10/20
96787;Herbert DORFMANN;EPP;Italy;['AGRI'];Rapporteur;;Discussion on the F2F Strategy;CEJA;Autoworld;12/10/20
96787;Herbert DORFMANN;EPP;Italy;['AGRI'];Rapporteur;;Discussion on the F2F Strategy;Animal Health Europe;Outside EP;24/09/20
96787;Herbert DORFMANN;EPP;Italy;['AGRI'];Rapporteur;;Discussion on sustainable dairy, innovation and food systems and the F2F Strategy;Arla Foods;Virtual Meeting;23/09/20
96787;Herbert DORFMANN;EPP;Italy;['AGRI'];Rapporteur;;Discussion on the F2F Strategy;The Central Union of Agricultural Producers and Forest Owners (MTK);Virtual Meeting;17/09/20
96787;Herbert DORFMANN;EPP;Italy;['AGRI'];Rapporteur;;Discussion on F2F and Biodiversity;Federchimica, Agrofarma, Assofertilizzanti, Aispec, Assobiotec, AISA;Virtual Meeting;10/09/20
96787;Herbert DORFMANN;EPP;Italy;['AGRI'];Rapporteur;;Discussion on the Farm to Fork strategy and the role of industry and innovation;Syngenta;Virtual Meeting;03/09/20
96787;Herbert DORFMANN;EPP;Italy;['AGRI'];Rapporteur;;Discussion on the F2F Strategy;Assolatte, Assica, Federalimentare;Virtual Meeting;15/07/20
96787;Herbert DORFMANN;EPP;Italy;['AGRI'];Rapporteur;;Discussion on the F2F Strategy;Alleanza delle Cooperative Italiane - Agroalimentare;Virtual Meeting;15/07/20
96787;Herbert DORFMANN;EPP;Italy;['AGRI'];Rapporteur;;Discussion on the F2F Strategy and the CAP reform;CEJA - European Young Farmers' Organisation;Virtual Meeting;02/07/20
96787;Herbert DORFMANN;EPP;Italy;['AGRI'];Rapporteur;;Discussion on the F2F Strategy;Deutscher Bauernverband;Deutscher Bauernverband (Brussels Office);02/07/20
256851;Ondřej DOSTÁL;;Czechia;['ENVI'];Member;;Introduction;The European Organisation for Packaging and the Environment;Brussels EP;26/09/24
256851;Ondřej DOSTÁL;;Czechia;['ENVI'];Member;;Introduction;European Automobile Manufacturers' Association;Brussels EP;26/09/24
256851;Ondřej DOSTÁL;;Czechia;['ENVI'];Member;;Introduction;European Association of E-Pharmacies;Brussels EP;26/09/24
256851;Ondřej DOSTÁL;;Czechia;['ENVI'];Member;;Introduction;Reusable Packaging Europe;Brussels EP;26/09/24
256851;Ondřej DOSTÁL;;Czechia;['ENVI'];Member;;Introduction;Svaz chemického průmyslu České republiky, z.s.;Brussels EP;25/09/24
256851;Ondřej DOSTÁL;;Czechia;['ENVI'];Member;;Introduction;European Association of Public Water Operators;Brussels EP;25/09/24
256851;Ondřej DOSTÁL;;Czechia;['ENVI'];Member;;Introduction;European Cigar Manufacturers Association;Brussels EP;25/09/24
256851;Ondřej DOSTÁL;;Czechia;[];Member;;Introduction;TotalEnergies SE;Brussels EP;25/09/24
256851;Ondřej DOSTÁL;;Czechia;['ENVI'];Member;;Introduction;Environmental Investigation Agency, European Environmental Bureau;Virtual meeting;13/09/24
256851;Ondřej DOSTÁL;;Czechia;[];Member;;Introduction;Mission of Egypt to the EU;Brussels EP;11/09/24
99945;Lena DÜPONT;EPP;Germany;[];Member;;Management of Emergency Situations in Moldova and its membership within the EU civil protection mechanism;General Inspectorate for Emergency Situations of Moldova;Chisinau;20/08/24
99945;Lena DÜPONT;EPP;Germany;[];Member;;Human rights in the breakaway Transnistria region;Promo-Lex;Chisinau;20/08/24
99945;Lena DÜPONT;EPP;Germany;[];Member;;Defense and National Security in Moldova;Adviser to the President of the Republic of Moldova on Defense and National Security, Secretary of Supreme Security Council;Chisinau;19/08/24
99945;Lena DÜPONT;EPP;Germany;[];Member;;Current challenges of the Republic of Moldova;EU High Level adviser to the President of the Republic of Moldova;Chisinau;19/08/24
99945;Lena DÜPONT;EPP;Germany;[];Member;;Security, EU-accession, the refugee influx following the war in Ukraine;Ministry of Internal Affairs of Moldova;Chisinau;19/08/24
99945;Lena DÜPONT;EPP;Germany;[];Member;;Security challenges of the Moldovan Border Police;General Inspectorate of Border Police Moldova;Chisinau;19/08/24
99945;Lena DÜPONT;EPP;Germany;[];Member;;Combatting Antisemitism in the EU;B'nai B'rith Europe, European Jewish Congress;Strasbourg;18/07/24
99945;Lena DÜPONT;EPP;Germany;[];Member;;Relations with Israel;European Leadership Network;Strasbourg;17/07/24
99945;Lena DÜPONT;EPP;Germany;[];Member;;Die Bedeutung der Europawahlen für die deutschen Landkreise;Deutscher Landkreistag;Brussels;10/07/24
99945;Lena DÜPONT;EPP;Germany;[];Member;;Combatting child sexual abuse online;Thorn;Brussels;10/07/24
99945;Lena DÜPONT;EPP;Germany;['FEMM'];Shadow rapporteur;;Child protection online;Canadian Centre for Child Protection, Innocence in Danger;web-meeting;20/11/20
99945;Lena DÜPONT;EPP;Germany;['FEMM'];Shadow rapporteur;;Child protection online;Match Group;web-meeting;20/11/20
99945;Lena DÜPONT;EPP;Germany;['FEMM'];Shadow rapporteur;;Child protection on the internet;Improving the Digital Environment for Children;Virtual meeting;17/11/20
99945;Lena DÜPONT;EPP;Germany;['FEMM'];Shadow rapporteur;;Child protection online;Internet Watch Foundation;web meeting;16/07/20
99945;Lena DÜPONT;EPP;Germany;['LIBE'];Rapporteur;;Search and Rescue;International Rescue Committee Inc;Brussels;05/03/20
99945;Lena DÜPONT;EPP;Germany;['LIBE'];Rapporteur;;Search and rescue;United4rescue;Elbuferstraße 227, 21436 Marschacht;09/02/20
237465;Matthias ECKE;S&D;Germany;['ITRE'];Member;;Energie- / Industriepolitik;ChargeUp Europe;Straßburg;18/09/24
237465;Matthias ECKE;S&D;Germany;['ITRE'];Member;;Energie- / Industriepolitik;LEAG;Brüssel;12/09/24
237465;Matthias ECKE;S&D;Germany;['ITRE'];Member;;Kennenlernen / Energie- und Industriepolitik;Bundesverband WindEnergie e.V.;Brüssel;11/09/24
237465;Matthias ECKE;S&D;Germany;['ITRE'];Member;;Kennenlernen / Digitalpolitik;Bitkom e.V.;Brüssel;03/09/24
237465;Matthias ECKE;S&D;Germany;[];Member;;Demokratie;Synode der Evangelischen Kirche in Deutschland.;Dresden;29/08/24
237465;Matthias ECKE;S&D;Germany;['ECON'];Member;;Kennenlernen / Finanzpolitik;Deutscher Sparkassen-und Giroverband;Dresden;22/08/24
237465;Matthias ECKE;S&D;Germany;['ECON'];Member;;Kennenlernen / Wirtschafts- und Finanzpolitik;ShareAction Europe;Straßburg;17/07/24
237465;Matthias ECKE;S&D;Germany;['ECON'];Member;;Kennenlernen / Wirtschafts- und Finanzpolitik;Deutsche Bank AG;Straßburg;17/07/24
28226;Christian EHLER;EPP;Germany;[];Member;;Digitalpolitik;Bitkom e.V.;Brussels;02/10/24
28226;Christian EHLER;EPP;Germany;[];Member;;European Space and Defence Policy;European Space Agency;Brussels;02/10/24
28226;Christian EHLER;EPP;Germany;[];Member;;FP 10;EIT;Brussels;02/10/24
28226;Christian EHLER;EPP;Germany;[];Member;;Industriepolitik - Start-ups und Scale-ups;France Digitale;Brussels;01/10/24
28226;Christian EHLER;EPP;Germany;[];Member;;Industriepolitik allgemein;Delivery Hero SE;Brussels;01/10/24
28226;Christian EHLER;EPP;Germany;[];Member;;FP 10;Clean Aviation Joint Undertaking;Brussels;01/10/24
28226;Christian EHLER;EPP;Germany;[];Member;;Industriepolitik;Acea S.p.A., RENAULT;Brussels;01/10/24
28226;Christian EHLER;EPP;Germany;[];Member;;Industrial Policy;Verband der Deutschen Automobilwirtschaft;Brussels;30/09/24
28226;Christian EHLER;EPP;Germany;[];Member;;FP 10;European Institute of Technology;Brussels;30/09/24
28226;Christian EHLER;EPP;Germany;[];Member;;Wasserstoffkernnetz Deutschland;ONTRAS Gastransport GmbH;Brussels;27/09/24
28226;Christian EHLER;EPP;Germany;['ITRE'];Rapporteur;;Horizon Europe / European Green Deal;Panel Discussion R&I to support and boost the development of the Hydrogen economy, FCH JU;remote;26/11/20
28226;Christian EHLER;EPP;Germany;['ITRE'];Rapporteur;;European Green Deal / Horizon Europe;Arcelor Mittal, Members of the Board;remote;18/11/20
28226;Christian EHLER;EPP;Germany;['ITRE'];Rapporteur;;European Green Deal / Horizon;Arcelor Mittal, Members of the Board;remote;30/10/20
28226;Christian EHLER;EPP;Germany;['ITRE'];Rapporteur;;European Green Deal / Horizon;Wirtschaftsvereinigung Stahl, Members of the Board;remote;08/10/20
28226;Christian EHLER;EPP;Germany;['ITRE'];Rapporteur;;European Green Deal / Horizon;LEAG, Members of the Board;Berlin;25/09/20
28226;Christian EHLER;EPP;Germany;['ITRE'];Rapporteur;;European Green Deal / Horizon;Ostdeutsches Wirtschaftsforum, Members of the Board;Bad Saarow;21/09/20
28226;Christian EHLER;EPP;Germany;['ITRE'];Rapporteur;;SALCOS & Clean Steel Partnership;Member of the Board, Salzgitter AG;Brussels;29/07/20
28226;Christian EHLER;EPP;Germany;['ITRE'];Rapporteur;;European Green Deal - Horizon;"Verband der Chemischen Industrie e.V. (VCI); Europäischer Chemieverband CEFIC";Web-Conference;07/07/20
28226;Christian EHLER;EPP;Germany;['ITRE'];Rapporteur;;Horizon Europe;Member of the Board EARTO;Phone Call;28/05/20
28226;Christian EHLER;EPP;Germany;['ITRE'];Rapporteur;;Horizon Europe;Executive Director Fuel Cell Hydrogen Partnership;Phone Call;26/05/20
28226;Christian EHLER;EPP;Germany;['ITRE'];Rapporteur;;European Green Deal;Member of the Board, Arcelor Mittal;Phone Call;11/05/20
28226;Christian EHLER;EPP;Germany;['ITRE'];Rapporteur;;Horizon Europe;Member of the Board SAFRAN;Phone Call;11/05/20
28226;Christian EHLER;EPP;Germany;['ITRE'];Rapporteur;;Horizon Europe;Member of the Board CleanSky;Phone Call;28/04/20
28226;Christian EHLER;EPP;Germany;['ITRE'];Rapporteur;;Horizon Europe;Member of the Board, TESAT;remote;21/04/20
28226;Christian EHLER;EPP;Germany;['ITRE'];Rapporteur;;Clean Hydrogen Partnership;Member of the Board Hydrogen Europe;Phone Call;20/04/20
28226;Christian EHLER;EPP;Germany;['ITRE'];Rapporteur;;Clean Hydrogen;Member of the Board, Clean Hydrogen Partnership;remote;20/04/20
28226;Christian EHLER;EPP;Germany;['ITRE'];Rapporteur;;European Green Deal;Member of the Board, Arcelor Mittal;remote;06/04/20
28226;Christian EHLER;EPP;Germany;['ITRE'];Rapporteur;;Clean Sky;Members of the Board, Rolls Royce;Blankenfelde-Mahlow, Germany;16/03/20
28226;Christian EHLER;EPP;Germany;['ITRE'];Rapporteur;;Horizon Europe;Representatives of Max Planck-Institut, CNR, Leibnitz-Institut, CNRS, CSIC;Brussels;03/03/20
28226;Christian EHLER;EPP;Germany;['ITRE'];Rapporteur;;European Green Deal;Members of the Board ENERTRAG;Berlin;21/02/20
28226;Christian EHLER;EPP;Germany;['ITRE'];Rapporteur;;European Green Deal;Representatives Chemical Industry - Wacker Chemie AG;Berlin;21/02/20
28226;Christian EHLER;EPP;Germany;['ITRE'];Rapporteur;;European Green Deal;Member of the Board OCEANERGY AG;Strasbourg;12/02/20
28226;Christian EHLER;EPP;Germany;['ITRE'];Rapporteur;;Horizon Europe;Executive Directors CleanSky & Fuell Cell Hydrogen Partnership;Brussels;23/01/20
28226;Christian EHLER;EPP;Germany;['ITRE'];Rapporteur;;European Green Deal;Manager European Affairs Port of Rotterdam;Brussels;21/01/20
28226;Christian EHLER;EPP;Germany;['ITRE'];Rapporteur;;Horizon Europe;Representatives of Biomasseforschungszentrum Leipzig (DBFZ);Leipzig;10/01/20
28226;Christian EHLER;EPP;Germany;['ITRE'];Rapporteur;;Horizon Europe / European Green Deal;Exchange, Member of the Board of Executive Directors, BASF;Brussels;07/01/20
28226;Christian EHLER;EPP;Germany;['ITRE'];Rapporteur;;Horizon Europe;Board Member Universität Potsdam;Potsdam;06/01/20
96725;Bas EICKHOUT;Greens / EFA;Netherlands;[];Member;;EU beleid voor reductie van broeikasgassen in de landbouw- en voedsel sector;TAPP Coalitie;Videocall;01/10/24
96725;Bas EICKHOUT;Greens / EFA;Netherlands;[];Member;;EU/UA relations;Members of the UA parliament;Brussels;30/09/24
96725;Bas EICKHOUT;Greens / EFA;Netherlands;[];Member;;Mariene Beschermde Gebieden (MBG's) in Europa;Stichting De Noordzee;Brussels;25/09/24
96725;Bas EICKHOUT;Greens / EFA;Netherlands;['ENVI'];Member;;Green Deal / food security;Rijk Zwaan / Plantum;videoconference;08/12/20
96725;Bas EICKHOUT;Greens / EFA;Netherlands;['ENVI'];Member;;Offshore wind / EU Climate & Energy objectives;WindEurope/Vattenfall;videoconference;01/12/20
96725;Bas EICKHOUT;Greens / EFA;Netherlands;['ECON'];Member;;Climate/Biodiversity/sustainable finance;ABN AMRO;videoconference;18/11/20
96725;Bas EICKHOUT;Greens / EFA;Netherlands;['ENVI'];Member;;Renewable or recycled carbon;Unilever;videoconference;17/11/20
96725;Bas EICKHOUT;Greens / EFA;Netherlands;['ENVI'];Member;;EU Climate ambitions;Tesla;videoconference;02/11/20
96725;Bas EICKHOUT;Greens / EFA;Netherlands;['ENVI'];Member;;environmental and climate priorities;UN Environment Programme;videoconference;28/10/20
96725;Bas EICKHOUT;Greens / EFA;Netherlands;['ENVI'];Member;;PCI;Renewables Grid Initiative;viceoconference;28/10/20
96725;Bas EICKHOUT;Greens / EFA;Netherlands;['ENVI'];Member;;CAP;Birdlife;Videoconference;06/10/20
96725;Bas EICKHOUT;Greens / EFA;Netherlands;['ENVI'];Member;;Covid19 EU response;ONE Campaign;Videoconference;01/10/20
96725;Bas EICKHOUT;Greens / EFA;Netherlands;['ENVI'];Member;;EU Green Deal;DRT;Videoconference;17/09/20
96725;Bas EICKHOUT;Greens / EFA;Netherlands;['ENVI'];Member;;Energy System Integration & Hydrogen Strategy;Eurogas;Videoconference;08/09/20
96725;Bas EICKHOUT;Greens / EFA;Netherlands;['ENVI'];Member;;Farm to Fork Strategy;CEJA;Videoconference;08/07/20
96725;Bas EICKHOUT;Greens / EFA;Netherlands;['ENVI'];Member;;Gas companies and EU policy;Global Witness;Videoconference;30/06/20
96725;Bas EICKHOUT;Greens / EFA;Netherlands;['ENVI'];Member;;Philips' sustainability program;Philips;phone call;10/06/20
96725;Bas EICKHOUT;Greens / EFA;Netherlands;['ENVI'];Member;;zero emission mobility;Transport & Environment;phone call;05/06/20
96725;Bas EICKHOUT;Greens / EFA;Netherlands;['ENVI'];Member;;carbon neutrality;European Automobile Manufacturers’ Association;phone call;05/05/20
96725;Bas EICKHOUT;Greens / EFA;Netherlands;['ENVI'];Member;;biomassa;RWE;phone call;04/05/20
96725;Bas EICKHOUT;Greens / EFA;Netherlands;['ECON'];Rapporteur;;sustainable finance, taxonomy;Mattrvest;phone call;01/05/20
96725;Bas EICKHOUT;Greens / EFA;Netherlands;['ENVI'];Member;;nutritional labelling;BEUC;phone call;30/04/20
96725;Bas EICKHOUT;Greens / EFA;Netherlands;['ENVI'];Member;;Covid 19 and chemicals strategy;ECHA;phone call;06/04/20
96725;Bas EICKHOUT;Greens / EFA;Netherlands;['ENVI'];Member;;Climate politics and COP 26;Energeia;phone call;03/04/20
96725;Bas EICKHOUT;Greens / EFA;Netherlands;['ENVI'];Member;;Green Deal;Vogelbescherming;phone call;16/03/20
96725;Bas EICKHOUT;Greens / EFA;Netherlands;['ENVI'];Member;;plant health;Allura Vision Growers;phone call;13/03/20
96725;Bas EICKHOUT;Greens / EFA;Netherlands;['ENVI'];Member;;PFAS;Alber & Geier;EP Brussels;02/03/20
96725;Bas EICKHOUT;Greens / EFA;Netherlands;['ENVI'];Member;;circular economy;Copper8;phone call;28/02/20
96725;Bas EICKHOUT;Greens / EFA;Netherlands;['ENVI'];Member;;Water Framework Directive;WWF;EP Brussels;23/02/20
96725;Bas EICKHOUT;Greens / EFA;Netherlands;['ENVI'];Member;;Mercury in lamps;EEB;Rue des Deux Eglises 14-16;19/02/20
96725;Bas EICKHOUT;Greens / EFA;Netherlands;['ENVI'];Member;;F-gasses and plastic;EIA;By phone;06/02/20
96725;Bas EICKHOUT;Greens / EFA;Netherlands;['ENVI'];Member;;emissions from deforestation;REDD+ Business Initiative;EP Brussels;06/02/20
96725;Bas EICKHOUT;Greens / EFA;Netherlands;['ENVI'];Member;;EU climate and environmental policy;VNO-NCW;Karsmakers;30/01/20
96725;Bas EICKHOUT;Greens / EFA;Netherlands;[];Member;;zero-emission trucks;Transport&Environment;EP Brussels;28/01/20
96725;Bas EICKHOUT;Greens / EFA;Netherlands;['ENVI'];Member;;sustainability and cooperation between public and private sector;Heineken;Heineken;28/01/20
96725;Bas EICKHOUT;Greens / EFA;Netherlands;['ENVI'];Member;;innovation in air transportation;General Aviation Manufacturers Association;EP Brussels;27/01/20
96725;Bas EICKHOUT;Greens / EFA;Netherlands;['ENVI'];Member;;carbon dioxide emissions from maritime transport;Danish Shipping;EP Brussels;23/01/20
96725;Bas EICKHOUT;Greens / EFA;Netherlands;['ENVI'];Member;;future of aviation;Airlines for Europe, KLM;EP Brussels;23/01/20
96725;Bas EICKHOUT;Greens / EFA;Netherlands;['ENVI'];Member;;agriculture and food systems;Food NL;EP Brussels;22/01/20
96725;Bas EICKHOUT;Greens / EFA;Netherlands;['ENVI'];Member;;air pollution;European Respiratory Society Environment and Health Committee, WHO;EP Brussels;22/01/20
96725;Bas EICKHOUT;Greens / EFA;Netherlands;['ENVI'];Member;;sustainability and aviation;IATA;EP Brussels;21/01/20
96725;Bas EICKHOUT;Greens / EFA;Netherlands;['ENVI'];Member;;agriculture and technology;Koppert;EP Brussels;21/01/20
96725;Bas EICKHOUT;Greens / EFA;Netherlands;['ENVI'];Member;;EU chemical policy;Vereniging ION;Karsmakers;16/01/20
96725;Bas EICKHOUT;Greens / EFA;Netherlands;['ENVI'];Member;;Dutch climate law and European Green Deal;Alliander;EP Brussels;09/01/20
96725;Bas EICKHOUT;Greens / EFA;Netherlands;['ENVI'];Member;;hydrogen technology;FUEL CELLS AND HYDROGEN JOINT UNDERTAKING;EP Brussels;08/01/20
96725;Bas EICKHOUT;Greens / EFA;Netherlands;[];Member;;future of road transport;Transport&Environment;Karsmakers;07/01/20
257088;Sofie ERIKSSON;S&D;Sweden;['REGI'];Member;;Scandinavian Mountain Railway;Destination Sälenfjällen;Strasbourg;09/10/24
257088;Sofie ERIKSSON;S&D;Sweden;['PECH'];Member;;Aktuella Östersjöfrågor;Fältbiologerna;Bryssel;03/10/24
257088;Sofie ERIKSSON;S&D;Sweden;['PECH'];Member;;Aktuella Östersjöfrågor;Fishsec;Bryssel;02/10/24
257088;Sofie ERIKSSON;S&D;Sweden;['ITRE'];Member;;Utsläppsmål och framtidens politik i ITRE-utskottet.;Bellona Europa;Brussels;02/10/24
257088;Sofie ERIKSSON;S&D;Sweden;['ITRE'];Member;;Energipriser i Sverige och prissättningsfrågor;Energiföretagen /  Swedenergy;Digitalt;27/09/24
257088;Sofie ERIKSSON;S&D;Sweden;[];Member;;Svenska skogsfrågor och vad som är aktuellt i parlamentet;Lantbrukarnas Riksförbund;Bryssel;26/09/24
257088;Sofie ERIKSSON;S&D;Sweden;[];Member;;Intro om hur regionkontoret arbetar och viktiga aktuella frågor på hemmaplan.;North Sweden European Office;Bryssel;26/09/24
257088;Sofie ERIKSSON;S&D;Sweden;[];Member;;Presentation av Svenskt Näringslivs medlemsförbund;Confederation of Swedish Enterprise;Bryssel;26/09/24
257088;Sofie ERIKSSON;S&D;Sweden;['ITRE'];Member;;Framtidens politik för forskning och innovation;Stockholm Region Assocation for European Affairs (Stockholm Region EU Office);Bryssel;26/09/24
257088;Sofie ERIKSSON;S&D;Sweden;[];Member;;Skogsfrågor och energi i södra Sverige;Södra Skogsägarna ekonomisk förening;Bryssel;26/09/24
197430;Engin EROGLU;RE;Germany;[];Member;;Bridging the toy safety gap between offline and online sales;Deutscher Verband der Spielwarenindustrie e.V., Toy Industries of Europe (TIE), Ulrich Brobeil;Renaissance Hotel / Parnassusstraat 19, 1050 Brussel (nah beim EP);24/09/24
197430;Engin EROGLU;RE;Germany;[];Member;;Bürokratieabbau;Robert Bosch GmbH, Kathrin Watson;MEP Bar, EP;24/09/24
197430;Engin EROGLU;RE;Germany;['ITRE'];Member;;Industry Suggestions for the mandate;Pierre Gröning;EP;25/07/24
256961;Sebastian EVERDING;GUE/NGL;Germany;['AGRI'];Member;;Introductory Meeting;FOUR PAWS;Swan bar, Strasbourg;08/10/24
256961;Sebastian EVERDING;GUE/NGL;Germany;['AFCO'];Member;;Introductory Meeting;Democracy International e.V.;Spaak builing, Brussels;03/10/24
256961;Sebastian EVERDING;GUE/NGL;Germany;['PECH'];Member;;Introductory Meeting;Deutsche Stiftung Meeresschutz;Brussels Office;02/10/24
256961;Sebastian EVERDING;GUE/NGL;Germany;['AGRI'];Member;;Introductory meeting;Bund für Umwelt und Naturschutz Deutschland e. V.;Brussels Office;01/10/24
256961;Sebastian EVERDING;GUE/NGL;Germany;['AGRI'];Member;;Introductory meeting;EUHUMAN;Brussels Office;01/10/24
256961;Sebastian EVERDING;GUE/NGL;Germany;['AGRI'];Member;;Networking Event: Exhibition Silent Suffering;Eurogroup for Animals, VIER PFOTEN International;Royal Library of Belgium, Brussels;01/10/24
256961;Sebastian EVERDING;GUE/NGL;Germany;['PECH'];Member;;Introductory meeting - Ocean Week;FUNDACION OCEANA;Bruessels Office;01/10/24
256961;Sebastian EVERDING;GUE/NGL;Germany;['PECH'];Member;;Introductory meeting - Ocean Week;Stop the Grind;Brussels Office;01/10/24
256961;Sebastian EVERDING;GUE/NGL;Germany;['AGRI'];Member;;Online Introductory meeting / SDGs & Agenda 2030;Rat für Nachhaltige Entwicklung;Online (Teams);30/09/24
256961;Sebastian EVERDING;GUE/NGL;Germany;['DROI'];Member;;Discussion about Sakharov Prize Candidacy of Dr. Gubad;Zhala Bayramova;Brussels Office;26/09/24
257137;Marco FALCONE;EPP;Italy;[];Member;;Presentazione della struttura di European Regulatory and Public Affairs della Direzione Institutional Affairs di Intesa San Paolo;Intesa Sanpaolo;Ufficio MEP Bruxelles;02/10/24
257137;Marco FALCONE;EPP;Italy;[];Member;;Costante aumento delle commissioni dei circuiti internazionali;Nexi Group;Ufficio MEP Bruxelles;02/10/24
257137;Marco FALCONE;EPP;Italy;[];Member;;Ruolo dell'industria dei carburanti nella transizione ecologica;FuelsEurope;Ufficio MEP Strasburgo;18/09/24
257137;Marco FALCONE;EPP;Italy;[];Member;;La valorizzazione del ruolo del sistema di credito cooperativo;FEDERCASSE - Federazione Italiana delle Banche di Credito Cooperativo Casse Rurali e Artigiane;Ufficio MEP Strasburgo;18/09/24
257137;Marco FALCONE;EPP;Italy;[];Member;;Come gestire le esigenze di infrastruttura digitale dell'UE;Open Fiber;Uffico MEP Strasburgo;17/09/24
257137;Marco FALCONE;EPP;Italy;[];Member;;Pesca ricreativa nell'UE;European Anglers Alliance, European Fishing Tackle & Trade Association;Ufficio MEP Strasburgo;17/09/24
197589;Laurence FARRENG;RE;France;['CULT'];Member;;Alliances des Universités européennes / Enseignement supérieur et recherche;Conférence des Présidents d'Université / France Universités;Bruxelles;01/10/24
197589;Laurence FARRENG;RE;France;['CULT'];Member;;Liberté des médias et nouveau mandat du Parlement européen;Reporters sans frontières;Paris;30/09/24
197589;Laurence FARRENG;RE;France;['CULT'];Member;;Politique audiovisuelle et nouveau mandat du Parlement européen;European Film Agency Directors, Federation of European Screen Directors - Fédération Européenne des Réalisateurs de l'Audiovisuel;Parlement européen - Strasbourg;18/09/24
197589;Laurence FARRENG;RE;France;['CULT'];Member;;Priorités du nouveau mandat;EUROCINEMA, Association de producteurs de cinéma et de télévision;Parlement européen - Strasbourg;17/09/24
197589;Laurence FARRENG;RE;France;['CULT'];Member;;Priorités du nouveau mandat;Groupement Européen des Sociétés d'Auteurs et Compositeurs;Parlement européen - Strasbourg;17/09/24
197589;Laurence FARRENG;RE;France;[];Member;;"Priorités du nouveau mandat ; compétences et compétitivité";Mouvement des Entreprises de France;Strasbourg;17/09/24
197589;Laurence FARRENG;RE;France;[];Member;;Politique culturelle et nouveau mandat du Parlement européen;Culture Action Europe, Europa Nostra, European Cultural Foundation;Parlement européen - Strasbourg;17/07/24
197589;Laurence FARRENG;RE;France;[];Member;;Politique culturelle et nouveau mandat du Parlement européen;European Coalitions for Cultural Diversity;Parlement européen - Strasbourg;17/07/24
197589;Laurence FARRENG;RE;France;[];Member;;Politique culturelle et nouveau mandat du Parlement européen;Society of Audiovisual Authors;Parlement européen - Strasbourg;17/07/24
197589;Laurence FARRENG;RE;France;['CULT'];Member;;Défis de l'audiovisuel et du numérique (Réforme de la directive SMA, futurs DSA, DMA);Canal+, Vivendi;Pau - en visioconférence;10/12/20
197589;Laurence FARRENG;RE;France;[];Member;;Protection des enfants sur Internet;Association Point de contact;Pau - en visioconférence;10/12/20
197589;Laurence FARRENG;RE;France;['CULT'];Member;;Présentation du Centre européen de Musique;Centre européen de Musique, Europa Nostra;Pau - en visioconférence;30/11/20
197589;Laurence FARRENG;RE;France;['CULT'];Member;;Evénement sur les relations entre créateurs culturels et grandes plateformes;GESAC;Pau - en visioconférence;18/11/20
197589;Laurence FARRENG;RE;France;[];Member;;Transition énergétique et Green Deal;Total Carbon Neutrality Business;Pau - en visioconférence;13/11/20
197589;Laurence FARRENG;RE;France;['CULT'];Member;;Evénement sur les arts vivants et l'écologie;European Theatre Convention, International Theatre Institute, Pearle;Pau - en visioconférence;12/11/20
197589;Laurence FARRENG;RE;France;[];Member;;Lutte contre la pédopornographie en ligne;Microsoft, Edri, Point de contact;Pau - en visio conférence;03/11/20
197589;Laurence FARRENG;RE;France;['CULT'];Member;;Situation du secteur des librairies;Librairie Tonnet;Pau;30/10/20
197589;Laurence FARRENG;RE;France;['CULT'];Member;;Droits des organisateurs d'événements sportifs dans l'environnement numérique;Ligue de Football Professionnel;Pau - en visioconférence;29/10/20
197589;Laurence FARRENG;RE;France;[];Member;;Problématiques agricoles locales / PAC;Chambre d'agriculture 64;Pau;22/10/20
197589;Laurence FARRENG;RE;France;[];Member;;Situation du secteur du foie gras en Europe et en France;CIFOG, Eurofoiegras, cabinet Aliénor;Pau - en visioconférence;20/10/20
197589;Laurence FARRENG;RE;France;['CULT'];Shadow rapporteur;;Education et numérique;Fédérations des éditeurs européens, Syndicat national de l'édition, Relx, Elsevier;Pau - en visioconférence;20/10/20
197589;Laurence FARRENG;RE;France;['CULT'];Member;;Etat du secteur du cinéma;Union Internationale des Cinémas;Pau - par téléphone;13/10/20
197589;Laurence FARRENG;RE;France;['CULT'];Member;;Présentation de l'organisme;Eurocinéma;Bruxelles - en visioconférence;06/10/20
197589;Laurence FARRENG;RE;France;[];Member;;Rencontre avec les représentants de grandes entreprises françaises;Bouygues, L'Oréal, Alstom, Airbus, Air France, Danone, Schneider, Orange, Renault, FBF, LVMH, Air Liquide;Bruxelles;06/10/20
197589;Laurence FARRENG;RE;France;['CULT'];Rapporteur;;Industries de la musique britannique, transition écologique, COVID19 et Brexit;Music Declares Emergency, Ninjatune, Julie's Bicycle, Impala;Pau - en visioconférence;25/09/20
197589;Laurence FARRENG;RE;France;['CULT'];Member;;Présentation de l'organisme;Centre National de la Musique, Bureau Export;Pau - en visioconférence;24/09/20
197589;Laurence FARRENG;RE;France;['CULT'];Member;;Organisation d'un événement;Fair Play for Planet;Pau;11/09/20
197589;Laurence FARRENG;RE;France;[];Member;;Relations UE-Inde;Ambassade d'Inde à Paris;Pau - en visioconférence;02/07/20
197589;Laurence FARRENG;RE;France;[];Member;;Secteur agricole face au COVID-19;Président de la Chambre d'agriculture 64;Pau;14/05/20
197589;Laurence FARRENG;RE;France;['CULT'];Member;;Covid-19 et jeunes en mobilité européenne;Association Pistes Solidaires;Pau - en visioconférence;30/04/20
197589;Laurence FARRENG;RE;France;[];Member;;Application de tracing;Président de l’INRIA;Pau - en visioconférence;27/04/20
197589;Laurence FARRENG;RE;France;[];Member;;Webinar sur les applications de tracing;Access Now, Représentant de DP3T, Représentant de Google, Représentant d'Apple, Représentant de l'OMS, Représentant de DataPop Alliance;Pau - en visioconférence;24/04/20
197589;Laurence FARRENG;RE;France;['CULT'];Member;;Impact du COVID-19 sur le secteur culturel, réponses européennes à apporter;Secrétaire générale du GESAC;Rendez-vous téléphonique depuis Pau (France);19/03/20
197589;Laurence FARRENG;RE;France;[];Member;;Présentation du Pôle Avenia - énergies renouvelables;Représentants du Pôle Avenia;Pau;06/03/20
197589;Laurence FARRENG;RE;France;['CULT'];Rapporteur;;Corps européen de solidarité et Green Deal;Directrice de l'Agence nationale du Service civique;Pau - RDV téléphonique;05/03/20
197589;Laurence FARRENG;RE;France;['CULT'];Member;;Présentation du projet NoA;France 3 Nouvelle-Aquitaine;Pau;04/03/20
197589;Laurence FARRENG;RE;France;['CULT'];Member;;Patrimoine européen et changement climatique;Europa Nostra, ICOMOS;Parlement européen - Bruxelles;19/02/20
197589;Laurence FARRENG;RE;France;['CULT'];Rapporteur;;Intégration des programmes Erasmus + et Europe Creative dans le Green Deal;British Council;Parlement européen, Bruxelles;18/02/20
197589;Laurence FARRENG;RE;France;['CULT'];Rapporteur;;Evènements culturels éco-responsables : bonnes pratiques des villes;Eurocities;Parlement européen, Bruxelles;18/02/20
197589;Laurence FARRENG;RE;France;['CULT'];Shadow rapporteur;;Erasmus + et mobilité des apprentis;Secrétaire général des Compagnons du Devoir et du Tour de France;Paris - Siège des Compagnons du Devoir et du Tour de France;13/02/20
197589;Laurence FARRENG;RE;France;['CULT'];Member;;Présentation des priorités de l'entreprise : apprentissage et lutte contre la contrefaçon;LVMH;Parlement européen;12/02/20
197589;Laurence FARRENG;RE;France;['CULT'];Rapporteur;;Erasmus + et Green Deal;Agence Erasmus + France;Parlement européen - RDV téléphonique;11/02/20
197589;Laurence FARRENG;RE;France;['CULT'];Rapporteur;;Erasmus + , ESC et Europe Créative : intégration dans le Green deal - Rencontre avec les stakeholders;Nether, Erasmus Student Network, European Federation for Intercultural Learning, European Youth Forum, Lifelong Learning Platform, EUROCLIO, German Academic Exchange Service, Goethe Institute Brussels, World Scout Bureau, European Youth Information and Counselling Agency, European Disability Forum, Eurodesk Brussels, Bureau Information Jeunesse Bruxelles, CEPI (European Coordination of Independent Producers), Culture Action Europe, EFA - European Festival Association, EFADs - European Film Agency Directors association, European Choral Association - Europa Cantat, European Cultural Foundation, European Historic Houses Association, European Music Council, ENCC - European Network of Cultural Centres, European Producers Club, FERA - Federation of European Film and TV Directors, IETM - International network for contemporary performing arts, UNIC - Union Internationale des Cinémas, Michael Culture, PEARLE, EuroVod, Bureau Media Europe Creative Bruxelles;Parlement européen;06/02/20
197589;Laurence FARRENG;RE;France;['CULT'];Member;;Présentation de l'organisme et du secteur de la VOD;Netflix;Parlement européen - Bruxelles;05/02/20
197589;Laurence FARRENG;RE;France;['CULT'];Member;;Patrimoine culturel européen;Europa Nostra;Parlement européen;29/01/20
197589;Laurence FARRENG;RE;France;['CULT'];Member;;Rencontre avec le Président;Jean-Noël Tronc (Président de la SACEM);Parlement européen - Bruxelles;22/01/20
197589;Laurence FARRENG;RE;France;[];Member;;Présentation de Welfarm;Welfarm;Parlement européen Strasbourg;15/01/20
197589;Laurence FARRENG;RE;France;[];Member;;Présentation des priorités de l'entreprise;Alstom;Parlement européen - Strasbourg;14/01/20
197589;Laurence FARRENG;RE;France;[];Member;;Présentation d'un projet sur le changement climatique et la santé;Croix-Rouge française;Pau;13/01/20
197589;Laurence FARRENG;RE;France;['CULT'];Member;;Rencontre avec des exploitants français de salle de cinéma;Union Internationale des Cinémas, UGC, Fédération Nationale des Cinémas Français;Parlement européen - Bruxelles;08/01/20
1917;Markus FERBER;EPP;Germany;['ECON'];Member;;Current financial and economic policy issues and priorities for the new legislature;Deutscher Sparkassen- und Giroverband;Brussels;26/09/24
1917;Markus FERBER;EPP;Germany;['ECON'];Member;;Developments in financial markets and CMU;NASDAQ;Brussels;26/09/24
1917;Markus FERBER;EPP;Germany;['ECON'];Member;;Development of the Capital Markets Union within the new legislative mandate;Bank Julius Baer & Co. Ltd;Brussels;25/09/24
1917;Markus FERBER;EPP;Germany;['TRAN'];Member;;Automotive policy in the new legislative term;European Automobile Manufacturers’ Association;Brussels;24/09/24
1917;Markus FERBER;EPP;Germany;['ECON'];Member;;Challenges in the banking industry;Bundesverband der Deutschen  Volksbanken und Raiffeisenbanken e.V.;Brussels;24/09/24
1917;Markus FERBER;EPP;Germany;['ECON'];Member;;Capital Markets Union / competitiveness;The European Association of Corporate Treasurers;Brussels;24/09/24
1917;Markus FERBER;EPP;Germany;['TRAN'];Member;;EU aviation policy priorities;Airlines for Europe;Brussels;24/09/24
1917;Markus FERBER;EPP;Germany;['TRAN'];Member;;Challenges in the aviation sector;Flughafenverband ADV;Strasbourg;17/09/24
1917;Markus FERBER;EPP;Germany;['TRAN'];Member;;Challenges facing the commercial vehicle industry and current/future regulatory projects;MAN Truck & Bus SE;Brussels;11/09/24
1917;Markus FERBER;EPP;Germany;[];Member;;Implementation of the Green Deal;Robert Bosch GmbH;Brussels;11/09/24
1917;Markus FERBER;EPP;Germany;['ECON'];Rapporteur;;MiFID II Review ( 2020/0152 COD);Bundesverband deutscher Banken e.V. (Bankenverband) 0764199368-97;Brussels / Teleconference;13/10/20
1917;Markus FERBER;EPP;Germany;['ECON'];Rapporteur;;MiFID II Review (2020/0152 COD);Federation of European Securities Exchanges (FESE) 71488206456-23;Brussels / Teleconference;07/10/20
1917;Markus FERBER;EPP;Germany;['ECON'];Rapporteur;;MiFID II Review (2020/0152 COD);Deutscher Sparkassen-und Giroverband (DSGV) 62379064909-15, Deutscher Derivate Verband (DDV) 377055313623-72, Fédération bancaire française (FBF) 09245221105-30, Association Française des Marchés Financiers (AMAFI) 1992865484-43, Association Française des Produits d'investissement de Détail et de Bourse (AFPDB) 025380938176-48;Brussel / Teleconference;07/10/20
1917;Markus FERBER;EPP;Germany;['ECON'];Rapporteur;;MiFID II Review (2020/0152 COD);Europex 50679663522-75;Brussels /Teleconference;30/09/20
1917;Markus FERBER;EPP;Germany;['ECON'];Rapporteur;;MiFID II Review (2020/0152 COD);Deutsche Kreditwirtschaft (DK) 52646912360-95;Brussels / Teleconference;23/09/20
256857;Viktória FERENC;PfE;Hungary;[];Member;;Presentation;Euro Foie Gras;European Parliament Strasbourg;08/10/24
256857;Viktória FERENC;PfE;Hungary;[];Member;;Excange of views;MOL Hungarian Oil and Gas Company;European Parliament;17/09/24
256857;Viktória FERENC;PfE;Hungary;[];Member;;Exchange of views;Kárpátaljai Magyar Kulturális Szövetség;European Parliament;11/09/24
256857;Viktória FERENC;PfE;Hungary;[];Member;;Exchange of views;Szövetség a Polgári Magyarországért Alapítvány;European Parliament;10/09/24
256857;Viktória FERENC;PfE;Hungary;[];Member;;Exchange of views;Kárpátaljai Magyar Kulturális Szövetség;European Parliament;10/09/24
256857;Viktória FERENC;PfE;Hungary;[];Member;;Exchange of views;MCC Brussels;European Parliament;10/09/24
256857;Viktória FERENC;PfE;Hungary;[];Member;;Exchange of views;Kárpátaljai Magyar Kulturális Szövetség, Ukrajnai Magyar Demokrata Szövetség, Kárpátaljai Magyar Kulturális Szövetség Ifjúsági Szervezete, Kárpátaljai Magyar Pedagógusszövetség, II. Rákóczi Ferenc Kárpátaljai Magyar Főiskola, Kárpátaljai Református Egyházkerület, Munkácsi Római Katolikus Egyházmegye, Munkácsi Görög Katolikus Egyházmegye Magyar Egyházközségekért és Magyar Ajkú Hívekért, Helyi polgármesterek, Kárpátaljai Határmenti Önkormányzatok Társulása, Kárpátaljai Magyar Cserkészszövetség, Kárpátaljai Magyar Nagycsaládosok Egyesülete;Beregszász, Ukrajna;07/09/24
125046;Jonás FERNÁNDEZ;S&D;Spain;[];Member;;Sustainable and inclusive EU financial system;Finance Watch;Brussels - EP;26/09/24
125046;Jonás FERNÁNDEZ;S&D;Spain;[];Member;;Banking Union - Economic priorities;Asociación Española de Banca;Brussels - EP;26/09/24
125046;Jonás FERNÁNDEZ;S&D;Spain;[];Member;;Banking Union - Capital Markets Union;Bundesverband deutscher Banken e.V.;EP - Brussels;26/09/24
125046;Jonás FERNÁNDEZ;S&D;Spain;[];Member;;Competition policy;The Chemours Company;EP - Brussels;26/09/24
125046;Jonás FERNÁNDEZ;S&D;Spain;[];Member;;Sustainable finance and investment.;Better Europe;Brussels - EP;25/09/24
125046;Jonás FERNÁNDEZ;S&D;Spain;['ECON'];Member;;Eurofi Seminar / Berlin 9, 10, 11 September 2020 (Eurofi paid for flight and accommodation);Eurofi;Berlin;08/09/20
125046;Jonás FERNÁNDEZ;S&D;Spain;['ECON'];Rapporteur;;Packaged retail and insurance-based investment products (PRIIPs) in the context of Capital Markets Union (CMU);Better Finance;Brussels (virtual);26/08/20
125046;Jonás FERNÁNDEZ;S&D;Spain;['ECON'];Rapporteur;;"Capital Requirements Regulation (CRR) ""quick fix""";European Banking Federation;Brussels (virtual);25/05/20
125046;Jonás FERNÁNDEZ;S&D;Spain;['ECON'];Rapporteur;;Capital Requirements Regulation (CRR);CECA, Caixabank;Brussels (virtual);14/05/20
125046;Jonás FERNÁNDEZ;S&D;Spain;['ECON'];Rapporteur;;"Capital Requirements Regulation (CRR) ""Quick fix""";BBVA;Brussels (virtual);14/05/20
125046;Jonás FERNÁNDEZ;S&D;Spain;['ECON'];Rapporteur;;"Prudential ""quick fix""";Association for Financial Markets in Europe;Brussels (virtual);12/05/20
125046;Jonás FERNÁNDEZ;S&D;Spain;['ECON'];Rapporteur;;"Capital Requirement Regulation (CRR) ""quick fix""";French Banking Federation, German Banking Association;Brussels (virtual);11/05/20
125046;Jonás FERNÁNDEZ;S&D;Spain;['ECON'];Rapporteur;;Packaged retail and insurance-based investment products (PRIIPs) Regulatory Technical Standards (RTS);Better Finance;Brussels (virtual);05/05/20
197607;Pietro FIOCCHI;ECR;Italy;['ENVI'];Member;;Exchange of views about food and drink issues;FoodDrinkEurope;Strasbourg;18/09/24
197607;Pietro FIOCCHI;ECR;Italy;['ITRE'];Member;;Exchange of views about New Legislature priorities;Terna spa;Strasbourg;18/09/24
197607;Pietro FIOCCHI;ECR;Italy;['ENVI'];Shadow rapporteur;;Classification, étiquetage et émballage des substances et des mélanges;Association Internationale de la Savonnerie, de la Détergence et des Produits d'Entretien;Strasbourg;17/09/24
197607;Pietro FIOCCHI;ECR;Italy;['ENVI'];Member;;Recyclage des plastiques;Plastics Recyclers Europe;Strasbourg;17/09/24
197607;Pietro FIOCCHI;ECR;Italy;['ITRE'];Member;;Exchange of views about New Legislature priorities;FINCANTIERI SpA;Strasbourg;17/09/24
197607;Pietro FIOCCHI;ECR;Italy;['ENVI'];Member;;Energy;Huawei Technologies;Strasbourg;17/09/24
197607;Pietro FIOCCHI;ECR;Italy;['ENVI'];Shadow rapporteur;;Packaging and packaging waste, amending Regulation (EU) 2019/1020 and Directive (EU) 2019/904, and repealing Directive 94/62/EC;Seda International Packaging Group;Bruxelles;11/09/24
197607;Pietro FIOCCHI;ECR;Italy;['ENVI'];Member;;Pharmaceutical;GSK;Bruxelles;11/09/24
197607;Pietro FIOCCHI;ECR;Italy;['ENVI'];Member;;EU Insecting Producing Sector;International Platform of Insects for Food and Feed (IPIFF);Bruxelles;10/09/24
197607;Pietro FIOCCHI;ECR;Italy;['ENVI'];Shadow rapporteur;;PET Industry;PETCORE EUROPE;Bruxelles;10/09/24
197607;Pietro FIOCCHI;ECR;Italy;[];Member;;pharmaceutical industries;teva- hubert puech dalissac, luigi burgio;bruxelles;18/02/20
197607;Pietro FIOCCHI;ECR;Italy;['ENVI'];Shadow rapporteur;;chemical strategies;chemours US - evi moutsipai;bruxelles;06/02/20
197607;Pietro FIOCCHI;ECR;Italy;[];Member;;industry policy;pirelli;bruxelles;05/02/20
197607;Pietro FIOCCHI;ECR;Italy;[];Member;;pharmaceutical industries;farmindustria - nadia ruozzi;bruxelles;05/02/20
197607;Pietro FIOCCHI;ECR;Italy;[];Member;;taxonomy;energy technologies europe;bruxelles;28/01/20
197607;Pietro FIOCCHI;ECR;Italy;[];Member;;agricultural machinery;federunacoma;bruxelles;23/01/20
197607;Pietro FIOCCHI;ECR;Italy;[];Member;;Nutriscore;Federsalus, Antonio Santoro, Livia Menichetti;Bruxelles;22/01/20
197607;Pietro FIOCCHI;ECR;Italy;[];Member;;environmental subjects;zoomarine italia;bruxelles;22/01/20
197607;Pietro FIOCCHI;ECR;Italy;[];Member;;Monetary Politicy;World Bank, International Monetary Fund;Strasburgo;16/01/20
197607;Pietro FIOCCHI;ECR;Italy;[];Member;;Reducing Greenhouse Gas Emissions;ExxonMobil;Strasburgo;15/01/20
197607;Pietro FIOCCHI;ECR;Italy;[];Member;;Industry in Europe;European Lift Assotiation;Bruxelles;09/01/20
197607;Pietro FIOCCHI;ECR;Italy;[];Member;;The European Green Deal;BASF;Bruxelles;08/01/20
197607;Pietro FIOCCHI;ECR;Italy;[];Member;;The priorities of the wood-working industries for the period 2019-2024;Club du Bois;Bruxelles;08/01/20
106936;Daniel FREUND;Greens / EFA;Germany;[];Member;;EU Ombudsman;Fundamental Rights European Experts Group, Mr Emilio Augusto De Capitani;Strasbourg;17/09/24
106936;Daniel FREUND;Greens / EFA;Germany;[];Member;;Exchange of views;US Mission to the EU;Strasbourg;17/09/24
106936;Daniel FREUND;Greens / EFA;Germany;[];Member;;Hungarian civil society exchange;Transparency International Hungary, Amnesty International Hungary, Hungarian Helsinki Committee, Tanitanek Teachers Movement;Strasbourg;17/09/24
106936;Daniel FREUND;Greens / EFA;Germany;['LIBE'];Member;;Rule of Law in Hungary;Open Society European Policy Institute;Brussels;16/09/24
106936;Daniel FREUND;Greens / EFA;Germany;['AFCO'];Member;;Webinar zu European Peoples' Assembly;Europe Calling e.V.;Hybrid;12/09/24
106936;Daniel FREUND;Greens / EFA;Germany;['AFCO'];Member;;Changemakers for Democracy Programme;Ashoka;Brussels;12/09/24
106936;Daniel FREUND;Greens / EFA;Germany;['CONT'];Member;;EEA/Norway Grants;Representative Mission of Norway to the EU;Brussels;29/07/24
106936;Daniel FREUND;Greens / EFA;Germany;['CONT'];Member;;"CEIPA Online Conference: ""Recovering trust in the European project and reclaiming tax payers’ lost money: The EU Mantra of Rule of Law and the conditionality in dispersing funding to states in breach of the provisions of the European Treaty""";Peter von Bethlenfalvy from CEIPA, 079926927551-52;Zoom Meeting;16/12/20
106936;Daniel FREUND;Greens / EFA;Germany;['CONT'];Member;;"Panel discussion ""How to safeguard sport from corruption? A multi-stakeholder discussion on challenges and opportunities”";Yatta Dakowah from UNODC, Paquerette Girard Zappelli from IOC, Matteo Zacchetti, Paolo Bertaccini, Viola von Cramon-Taubadel;Microsoft Teams Meeting;09/12/20
106936;Daniel FREUND;Greens / EFA;Germany;['AFCO', 'CONT'];Member;;"Discussion ""Die EU, ihre aktuellen Herausforderungen und Perspektiven""";Moritz Glenk from Europäische Akademie NRW, Ulrike Müller, Lena Düpont, Moritz Körner;Alphaview Meeting;08/12/20
106936;Daniel FREUND;Greens / EFA;Germany;['CONT', 'AFCO'];Member;;"Citizens' Panel ""How would you change the European Union?""";Joe Litobarski from Debating Europe;Zoom Meeting;07/12/20
106936;Daniel FREUND;Greens / EFA;Germany;['AFCO', 'CONT'];Member;;"Panel discussion ""Shining a light: Open data standards for political integrity""";Jon Vrushi, Jacopo Leone, Ieva Duncikaite from Transparency International, 501222919-71, Ania Calderon from Global Integrity;Zoom Meeting;04/12/20
106936;Daniel FREUND;Greens / EFA;Germany;['AFCO', 'CONT'];Member;;Policy debate 'European venues to protect the right to peaceful assembly in the context of the rule of law framework';Birgit Van Hout from the Office of the United Nations High Commissioner for Human Rights, Anaïs Franquesa, Marta Lempart, Arie Alimi from LDH, Niovi Ringou (Commission), Anna Júlia Donáth (MEP), Miguel Urban (MEP);Zoom Meeting;03/12/20
106936;Daniel FREUND;Greens / EFA;Germany;['AFCO'];Member;;Annual Conference on European Citizenship 2020;Brando Benifei, Jeremy Bierbach from Franssen Advocaten, Jože Štrus, Monika Frackowiak from MEDEL-Europe, 981119221130-18;Zoom Meeting;02/12/20
106936;Daniel FREUND;Greens / EFA;Germany;['AFCO'];Member;;Exchange with NGO's on ethics body concept;Nicholas Aiossa and Vitor Teixeira from Transparency International, 501222919-71, Maragarida Silva from Corporate European Observatory, 5353162366-85;Zoom Meeting;01/12/20
106936;Daniel FREUND;Greens / EFA;Germany;['AFCO'];Member;;Panel discussion on the launch of the Integrity Watch Europe regional report;Beatriz Rios from Luxembourg Times, Marie Lintzer, Susanna Ferro from Transparency International Italy, 501222919-71;Zoom Meeting;26/11/20
106936;Daniel FREUND;Greens / EFA;Germany;['AFCO'];Member;;Webinar on ‘The EU Transparency Register: Where are we now & what is to be done?’;Adriana Bunea from the University of Bergen, Cristina Gonzalez from Politico, Vitor Teixeira from Transparency International EU, 501222919-71;Skype Meeting;25/11/20
106936;Daniel FREUND;Greens / EFA;Germany;['CONT', 'AFCO'];Member;;Input on European Ethics Body;Christophe Leclercq from Europe's Media Lab, 485832526193-89;Zoom Meeting;19/11/20
106936;Daniel FREUND;Greens / EFA;Germany;['CONT', 'AFCO'];Member;;Discussion round about lobby transparency in the EU;Norman Loeckel from Transparency International Germany, Michaela Schröder from Verbraucherzentrale Bundesverband Deutschland, 2893800753-48, Dr. Michael Efler from Bundestagsfraktion Die Linke;Zoom Meeting;17/11/20
106936;Daniel FREUND;Greens / EFA;Germany;['CONT'];Member;;Exchange about Anti-corruption measures and awareness rising;Nicholas Aiossa from Transparency International, 501222919-71;Zoom Meeting;17/11/20
106936;Daniel FREUND;Greens / EFA;Germany;['CONT', 'AFCO'];Member;;Exchange on the rule of law negotiations;Nicholas Aiossa from Transparency International, 501222919-71;Phone Call;28/10/20
106936;Daniel FREUND;Greens / EFA;Germany;['CONT', 'AFCO'];Member;;Exchange about the ongoing negotiations on a mandatory Transparency Register;Paul Wujek and Stefano Marmo from SEAP, 360457536314-69;Zoom Meeting;22/10/20
106936;Daniel FREUND;Greens / EFA;Germany;['CONT', 'AFCO'];Member;;Exchange about GAP Capping und RoL negotiations;Nicholas Aiossa from Transparency International, 501222919-71;Phone Call;21/10/20
106936;Daniel FREUND;Greens / EFA;Germany;[];Member;;Exchange with young people of the YOURAH Steering Committee;Elena Vakali, Uro Bogdanović, Katrine Mariell Karlsen, from IDF Europe, 80267287489-88;Zoom;14/10/20
106936;Daniel FREUND;Greens / EFA;Germany;['AFCO'];Member;;Exchange on the European Future with the Chamber of Crafts;Tim Krögel from the ZDH, 5189667783-94, Jeanine Burcherer, Garrelt Duin from Handwerkskammer Cologne;Zoom;05/10/20
106936;Daniel FREUND;Greens / EFA;Germany;['AFCO'];Member;;Good Governance Forum 2020;Marie Lintzer from High Authority for Transparency in Public Life, Raj Chari from Trinity College Dublin, Helen Turek from Open Government Partnership, 681306927105-61, Vitor Teixeira from Transparency International EU 501222919-71, Julio Terracino from OECD 773248535875-05;Zoom;02/10/20
106936;Daniel FREUND;Greens / EFA;Germany;['AFCO'];Member;;Exchange on the lobby register;Carl Dolan from Open Society European Policy Institute, 8557515321-37;Brussels;02/10/20
106936;Daniel FREUND;Greens / EFA;Germany;['AFCO'];Member;;Exchange with NGO's about the EU Transparency Register;Helen Darbishire from Info Access Europe, Federico Anghele and Elena from The Good Lobby, Vitor Teixeira from Transparency International, 501222919-71, Margarida Silva from Corporate Europe Observatory;Zoom;02/10/20
106936;Daniel FREUND;Greens / EFA;Germany;['AFCO', 'CONT'];Member;;Exchange on Corruption in Bulgaria and misuse of EU Funds;Ruslan Stefanov from the Center for the Study of Democracy;Phone Call;29/09/20
106936;Daniel FREUND;Greens / EFA;Germany;[];Member;;Democracy and the Rule of Law in Central Europe;International IDEA;Tout Bon, Brussels;28/09/20
106936;Daniel FREUND;Greens / EFA;Germany;['AFCO', 'CONT'];Member;;"Negotiations about the future of the foundation ""Europäische Stiftung Aachener Dom""";Annette Schavan from Europäische Stiftung Aachner Dom, Dr. Stephan Holthoff- Pförtner;Aachen;24/09/20
106936;Daniel FREUND;Greens / EFA;Germany;['AFCO'];Member;;Webinar Elements of Direct Democracy;Lukas Beckmann and Claudine Nierth and Ralf-Uwe Beck from Mehr Demokratie e.V., 964799628086-26;Zoom;24/09/20
106936;Daniel FREUND;Greens / EFA;Germany;['CONT', 'AFCO'];Member;;Meeting with Bulgarian NGO's about the current protest situation;Velislav Velichkov from The Justice for All Initiative, Bilyana Gyaurova from Bulgarian Institute for Legal Initiatives, Diliana Markova from Bulgarian Lawyers For Human Rights, Stefan Angelov from Access to Information Initiative, Nikolay Staykov from Anti-corruption Fund, Lyubomir Avdjiiski from Justice Monitoring Center;Sofia, Bulgaria;22/09/20
106936;Daniel FREUND;Greens / EFA;Germany;['AFCO', 'CONT'];Member;;Exchange about climate protection;Arne Fellermann from BUND e.V.;Phone Call;17/09/20
106936;Daniel FREUND;Greens / EFA;Germany;['AFCO'];Member;;German proposal of a lobby register;Roman Ebener from Abgeordnetenwatch;Phone Call;11/09/20
106936;Daniel FREUND;Greens / EFA;Germany;[];Member;;"Round of Discussion ""Digital Democracy – What Europe can learn from Taiwan""";Dominik Hierlemann from Bertelsmann Stiftung, 13571025706-27, Audrey Tang (Digital minister Taiwan), : Eva Maydell (MEP, Bulgaria), Yves Mathieu (Missions Publiques, Paris), Anna Piperal (e-Estonia, Tallinn), and Prof. Graham Smith (University of Westminster, London);Webex Meet;07/09/20
106936;Daniel FREUND;Greens / EFA;Germany;['AFCO'];Shadow rapporteur;;EPC Roundtable on the Conference on the Future of Europe;European Policy Centre, 89632641000-47;Zoom;07/09/20
106936;Daniel FREUND;Greens / EFA;Germany;[];Member;;Integrity of national elections;Anna Mertens and Silvia Schwab from Transparency International Germany, 501222919-71;Phone Call;02/09/20
106936;Daniel FREUND;Greens / EFA;Germany;[];Member;;Discussion over innovative mobility concepts „Made in Aachen“;Oliver Grün and Iris Wilhelmi from digitalHUB e. V.;Aachen;28/08/20
106936;Daniel FREUND;Greens / EFA;Germany;['CONT'];Member;;"Discussion ""How open contracting adds value to the EU’s COVID-19 response and recovery""";Karolis Granickas, Open Contracting Partnership, 743117736368-80;Zoom;09/07/20
106936;Daniel FREUND;Greens / EFA;Germany;['CONT'];Member;;"Webinar ""Welche Regeln brauchen wir für die Lobbymacht?""";Discussion with Christina Deckwirth, Kevin Kühnert, Sven Giegold;Zoom;09/07/20
106936;Daniel FREUND;Greens / EFA;Germany;['CONT', 'AFCO'];Member;;Meeting and discussion on transparency of EU funds;Gabor Ivanyi, pastor;Budapest;03/07/20
106936;Daniel FREUND;Greens / EFA;Germany;['CONT', 'AFCO'];Member;;Discussion on the rule of law conditionality in Hungary;Márta Pardavi and Andreas Lederer from the Hungarian Helsinki Committee, 496227428572-68;Budapest;03/07/20
106936;Daniel FREUND;Greens / EFA;Germany;['AFCO', 'CONT'];Member;;Introduction and Discussion on budget transparency/open government;Sandor Lederer from K-Monitor, 745636122335-90;Budapest;02/07/20
106936;Daniel FREUND;Greens / EFA;Germany;['AFCO'];Shadow rapporteur;;Network Connecting Europe on the Conference on the Future of Europe;Netzwerk Connecting Europe;Zoom;02/07/20
106936;Daniel FREUND;Greens / EFA;Germany;['AFCO', 'CONT'];Member;;Discussion on the rule of law in Hungary;Miklos Ligeti from Transparency International Hungary, 501222919-71;Budapest;02/07/20
106936;Daniel FREUND;Greens / EFA;Germany;[];Member;;Exchange with the Citizens' Convention on Climate;Citizens' Convention on Climate;Zoom;30/06/20
106936;Daniel FREUND;Greens / EFA;Germany;[];Member;;"Webinar ""Digital business as usual or total shake-up? EU decision-making & influencing in the Covid-19 era""";Better Europe, 113286326329-37;Google Meet;26/06/20
106936;Daniel FREUND;Greens / EFA;Germany;['CONT'];Member;;Upcoming initiatives with Open Government Partnership;Paul Maassen from Open Government Partnership, 681306927105-61;Phone Call;24/06/20
106936;Daniel FREUND;Greens / EFA;Germany;['CONT', 'AFCO'];Member;;Lobby transparency in Germany;Hartmut Bäumer from Transparency International Germany, 13571025706-27;Phone Call;24/06/20
106936;Daniel FREUND;Greens / EFA;Germany;['AFCO'];Shadow rapporteur;;"Online Dialogue ""How to make a participatory Conference on the Future of Europe happen – and a success?""";Bertelsmann Stiftung, 13571025706-27;Zoom;24/06/20
106936;Daniel FREUND;Greens / EFA;Germany;['AFCO'];Shadow rapporteur;;Consultation on the Conference on the Future of Europe;Europäische Bewegung Deutschland e.V., 028179432513-92;GoToMeeting;23/06/20
106936;Daniel FREUND;Greens / EFA;Germany;['AFCO'];Shadow rapporteur;;Conference on the Future of Europe;Dr. Jürgen Linden, Mag. Bernd Vincken from Stiftung Internationaler Karlspreis Aachen;Aachen;12/06/20
106936;Daniel FREUND;Greens / EFA;Germany;[];Member;;Nuclear waste storage in Belgium and visit of a local environmental project;Claus Mayr from Naturschutzbund Deutschland e.V. (NABU), 0285583802-96;Aachen;12/06/20
106936;Daniel FREUND;Greens / EFA;Germany;['AFCO'];Shadow rapporteur;;Conference on the Future of Europe;Heinrich Böll Stiftung e.V. (hbs), 60404068097-81;Jitsi;08/06/20
106936;Daniel FREUND;Greens / EFA;Germany;['AFCO'];Member;;EU Transparency Register;Nick Aiossa from Transparency International (TI), 501222919-71;Zoom;03/06/20
106936;Daniel FREUND;Greens / EFA;Germany;['AFCO'];Member;;Crisis rules of procedure of the EU institutions;Sophia Russack, Centre for European Policy Studies (CEPS), 206201438220-85;Zoom;02/06/20
106936;Daniel FREUND;Greens / EFA;Germany;['AFCO'];Member;;Digital Conference: Parliamentary Voices on the Future of Europe;Rosa Beckmann, European Democracy Lab, Paul Kindermann, European Democracy Lab;Webx;28/05/20
106936;Daniel FREUND;Greens / EFA;Germany;['CONT'];Member;;latest amendments in the area of transparency and integrity - Ioana Ardereanu;Ioana Ardereanu, The Good Lobby, 308319527120-86;Skype Call;20/05/20
106936;Daniel FREUND;Greens / EFA;Germany;['CONT'];Member;;webinar on ethics body;Joao Teixeira de Freitas, Society of European Affairs Professionals, 360457536314-69;livestorm App;20/05/20
106936;Daniel FREUND;Greens / EFA;Germany;['AFCO'];Member;;Hintergrundgespräch zu Corona + EP, Zukunftskonferenz mit Nicolai von Ondarza, SWP;Nicolai von Ondarza, SWP, 662741612644-67;Telephone call;19/05/20
106936;Daniel FREUND;Greens / EFA;Germany;['AFCO'];Member;;Digital Workshop: From Participatory Governance to Participatory Democracy;Marco Schwarz, Friedrich Ebert Stiftung, 05546466757-61;Zoom Webinar;18/05/20
106936;Daniel FREUND;Greens / EFA;Germany;['AFCO'];Member;;Webinar: Deutscher Reformschub für die EU;Linn Selle, Europäische Bewegung Deutschland, 028179432513-92;Zoom Webinar;18/05/20
106936;Daniel FREUND;Greens / EFA;Germany;['AFCO'];Member;;Open Space Workshop: Konferenz zur Zukunft Europas;Achim Wölfel, Mehr Demokratie e.V., 964799628086-26;Zoom Webinar;16/05/20
106936;Daniel FREUND;Greens / EFA;Germany;['CONT'];Member;;Ethics Bodies;János Bertók, OECD;Telephone Call;14/05/20
106936;Daniel FREUND;Greens / EFA;Germany;['CONT'];Member;;Independent Ethics Body;Elena Foucraut, Transparency International France, 501222919-71;Telephone Call;12/05/20
106936;Daniel FREUND;Greens / EFA;Germany;['AFCO'];Member;;"Groupe de travail de l'Institut Jacques Delors ""Observatoire politique du Parlement européen""";Christine Verger, Jaques Delors Institute, 726109217329-25;Zoom Meeting;11/05/20
106936;Daniel FREUND;Greens / EFA;Germany;['AFCO'];Member;;Speaker at Democracy International Event - EU Charter of Fundamental Rights;Daniela Vancic, Democracy International, 014120028084-09;Zoom Meeting;11/05/20
106936;Daniel FREUND;Greens / EFA;Germany;['AFCO'];Member;;"Democracy International session ""Citizen Lobbyists: Influencing the Conference on the Future of Europe""";Daniela Vancic, Democracy International e.V., 014120028084-09;Online Event - EU Citizens Takeover;09/05/20
106936;Daniel FREUND;Greens / EFA;Germany;['AFCO'];Member;;Workshop on the Need of a European Constitution, digital conference Citizenstakeover(EU);Maarten de Groot, Bertelsman Foundation, 433897123348-44;Online Event - Citizens Takeover;09/05/20
106936;Daniel FREUND;Greens / EFA;Germany;['AFCO'];Member;;Guest Speaker at Europe Day - Time to reshape Europe beyond the unthinkable!;Valentina Presa, Young European Federalists, 166968915217-20;Young European Federalists Schuman 2.0 Event;09/05/20
106936;Daniel FREUND;Greens / EFA;Germany;['CONT'];Member;;Exchange about Transparency Register;Carlotta Besozzi, Civil Society Europe, 520775919740-63, Helen Darbishire, Access Info Europe, 49931835063-67, Jörg Rohwedder, WeMove.EU, Josipa Dika, GONG, 180972127836-49, Margarida Silva, CEO, 5353162366-85, Nick Aiossa, Vitor Teixeira, Transparency International, 501222919-71;Zoom Meeting;08/05/20
106936;Daniel FREUND;Greens / EFA;Germany;[];Member;;Meeting with THW Aachen;Albert Willekens;Eckenerstraße 52, 52078 Aachen;08/05/20
106936;Daniel FREUND;Greens / EFA;Germany;['AFCO'];Member;;Guest Speaker at Second Meeting of the Council on Participatory Democracy;Virginia Fiume  Projects Coordinator European Citizens Initiatives, EUmans;GoTo Meeting;23/04/20
106936;Daniel FREUND;Greens / EFA;Germany;[];Member;;European Climate Emergency Fund;Maxime Quenin-Cahn, AXA Group, 75149096203-49, Gilles Moec, AXA Group, 75149096203-49;Phone;15/04/20
106936;Daniel FREUND;Greens / EFA;Germany;['CONT'];Member;;Rule of Law Report - NGO Webinar;Linda Maria Ravo, Civil Liberties Union for Europe, 544892227334-39, Nóra Novoszádek,The Hungarian Helsinki Committee, 496227428572-68, Helen Darbishire, Access Info Europe, 49931835063-67, Georgiana Georghe, Apador-CH, 462189636661-33, Vanja Skoric, European Centre for Not-for-Profit Law, 090944731038-30, Otmar Lahodynsky,Association of European Journalists, 018214429231-64, Zsofia Banuta, Unhackdemocracy, Jessica Machacova, Free Press Unlimited, 244060929225-74, Nicholas Aiossa, Transparency International, 501222919-71, Veronika Mora, Okotars Foundation, Tom (Gibson), Committee to Protect Journalists, 370649919011-72, Flutura Kusari, European Centre for Press and Media Freedom,823710129179-63, Atanas Slavov, Anti-Corruption Fund, Emilia Zakrzewska, Agora International Human Rights Group;GoTO Webinar;14/04/20
106936;Daniel FREUND;Greens / EFA;Germany;['CONT'];Member;;Webinar concerning a transparency register in Germany;Nina Katzemich, Lobby Control, 6314918394-16, Dr. Joachim Lang, BDI e.V. 1771817758-48;GoTo Webinar;09/04/20
106936;Daniel FREUND;Greens / EFA;Germany;['CONT'];Member;;Exchange with German retail companies about Situation in Hungary;Silvia Warth, Schwarz Gruppe, 820634629289-26, Mark Friedrich, Metro, 479994110538-77, Carolina Müller, Markant,, Sabine Schnabel, Spar, 017784530272-96, Fabian Fechner, Handelsverband Deutschland (HDE), 31200871765-41;GoTo Meeting;08/04/20
106936;Daniel FREUND;Greens / EFA;Germany;['CONT'];Member;;"Exchange about article ""How to Stop Funding Autocracy in the EU""";Dan Kelemen, Rutgers University, Kim Lane Scheppele, Princeton University;GoTo Meeting;07/04/20
106936;Daniel FREUND;Greens / EFA;Germany;['CONT'];Member;;Exchange on Petition Rule of Law in Hungary;Vladimir Sestovic, European Civic Forum, 981872117501-10;Skype Call;02/04/20
106936;Daniel FREUND;Greens / EFA;Germany;['CONT'];Member;;Exchange about Petition;Georg Hackmack, Change.org, 181580220120-88;Telephone;30/03/20
106936;Daniel FREUND;Greens / EFA;Germany;['CONT'];Member;;NGO GoToMeeting on Hungary;Carlotta Besozzi, Civil Society Europe, 520775919740-63, Helen Darbishire, Access Info Europe, 49931835063-67, Jörg Rohwedder, WeMove.EU, Josipa Dika, GONG, 180972127836-49, Margarida Silva, CEO, 5353162366-85, Nick Aiossa, Vitor Teixeira, Transparency International, 501222919-71;GoTo Meeting;26/03/20
106936;Daniel FREUND;Greens / EFA;Germany;['CONT'];Member;;"""Ungarn, Polen und Co. - Der europäische Rechtsstaat in der Krise""";Dr. Petra Bard, CEU Budapest;Webinar;25/03/20
106936;Daniel FREUND;Greens / EFA;Germany;['CONT'];Member;;Counter Balance Report on EIB tackling fraud and corruption (staff level);Xavier Sol of Counter Balance 02902955023-04;Brussels;12/03/20
106936;Daniel FREUND;Greens / EFA;Germany;['AFCO'];Shadow rapporteur;;Conference on the Future of Europe;Dominik Hierlemann of Bertelsmann Stiftung 13571025706-27;Phone;05/03/20
106936;Daniel FREUND;Greens / EFA;Germany;[];Member;;Possibilities for more transparency in politics;Transparency International Ireland (501222919-71);Tout Bon, Brussels;05/03/20
106936;Daniel FREUND;Greens / EFA;Germany;['AFCO'];Shadow rapporteur;;Conference on the Future of Europe;Pulse of Europe;Skype conference;03/03/20
106936;Daniel FREUND;Greens / EFA;Germany;[];Member;;Possibilities of citizens engagement in politics;Mehr Demokratie e.V.;Café Albrechtshof, Berlin, Germany;02/03/20
106936;Daniel FREUND;Greens / EFA;Germany;['CONT'];Member;;Anti-Corruption measures in the Czech Republic;CEELI Institute;Villa Gröbovka, Prague, Czech Republic;27/02/20
106936;Daniel FREUND;Greens / EFA;Germany;['CONT'];Member;;Corruption in the Czech Republic;Nadační fond proti korupci, Milion chvilek pro demokracii, Rekonstrukce státu, Transparency International (501222919-71);PRA-PRA BUR.INF, Prague, Czech Republic;27/02/20
106936;Daniel FREUND;Greens / EFA;Germany;[];Member;;Stop Tihange - petition;Christel Schlebusch of Stop Tihange - citizen's initiative against the nuclear power plant Tihange;Aachen, Germany;14/02/20
106936;Daniel FREUND;Greens / EFA;Germany;['CONT'];Shadow rapporteur;;Rule of Law Mechanism;Benedek Javor, Municipality of Budapest - Brussels Representation 869503829669-42;Telephone;11/02/20
106936;Daniel FREUND;Greens / EFA;Germany;[];Member;;EU-UK future relationship;Roger Casale of The New Europeans AISBL 533848228213-17;European Parliament, Strasbourg;11/02/20
106936;Daniel FREUND;Greens / EFA;Germany;['AFCO'];Shadow rapporteur;;Conference on the Future of Europe;Linn Selle, Europäische Bewegung Deutschland e.V. (Netzwerk EBD) 028179432513-92;Berlin, Germany;07/02/20
106936;Daniel FREUND;Greens / EFA;Germany;['AFCO'];Shadow rapporteur;;Conference on the Future of Europe;Joachim Lang, Bundesverband der Deutschen Industrie e.V. (BDI) 1771817758-48;Berlin, Germany;07/02/20
106936;Daniel FREUND;Greens / EFA;Germany;['AFCO'];Shadow rapporteur;;Citizens online participation in the Conference on the Future of Europe (staff level);make.org 916768537222-67;European Parliament Brussels;05/02/20
106936;Daniel FREUND;Greens / EFA;Germany;['AFCO'];Shadow rapporteur;;Conference on the Future of Europe;Alicia Jensen, American Chamber of Commerce to the European Union 5265780509-97;European Parliament, Brussels;05/02/20
106936;Daniel FREUND;Greens / EFA;Germany;['CONT'];Member;;Transparency of EU Funds;Helen Darbishire, Access Info Europe 49931835063-67;European Parliament, Brussels;05/02/20
106936;Daniel FREUND;Greens / EFA;Germany;['AFCO'];Member;;Protection of Whistleblowers;Veronika Nad, Organisation Blueprint for Free Speech;European Parliament, Brussels;04/02/20
106936;Daniel FREUND;Greens / EFA;Germany;['AFCO'];Shadow rapporteur;;Conference on the Future of Europe - Citizen's participation;Prof. Alberto Alemanno, Jean Monnet Professor of EU Law & Policy, HEC Paris Karoline Meta Beisel, EU Correspondent of Süddeutsche Zeitung Ari Brodach, Head of Participatory Budgeting Department, Paris City Hall Claudia Chwalisz, Policy Analyst, OECD Céline Diebold, Bertelsmann Stiftung 13571025706-27 Janis A. Emmanouilidis, European Policy Centre 89632641000-47 Petros Fassoulas, Secretary General of European Movement International (EMI) 35279857524-58 Ruud Goossens, of newspaper De Standard Dr. Heather Grabbe, Open Society European Policy Institue (OSEPI) 8557515321-37 Dr. Dominik Hierlemann, Bertelsmann Stiftung 13571025706-27 Assya Kavrakova, European Citizen Action Service 47003483702-10 Dr. Raphael Kies, University of Luxembourg Olivier le Bussy, of newspaper La Libre Rose Longhurst, Open Society Initiative for Europe Marily Neven, International Institute for Democracy and Electoral Assistance Dr. Zuzana Podracká, GLOBSEC Policy Institute 903680223573-18 Wojciech Przybylski, Visegrad Insight, Res Publica Anna Renkamp, Bertelsmann Stiftung 13571025706-27 Sophia Russack, Centre for European Policy Studies 86853666704-95 Dr. Stefan Schäfers, Director of Kind Baudouin Foundation 759326517587-51 Christina Tillmann, Bertelsmann Stiftung 13571025706-27 David van Reybrouck, G1000 Prof. Richard Youngs, Carnegie Europe 688089718929-60, University of Warwick 536909915836-27;Brussels, Belgium;04/02/20
106936;Daniel FREUND;Greens / EFA;Germany;['CONT'];Member;;Anti Corruption Intergroup event with NGOs;Transparency International, 501222919-71, Access Info Europe, 49931835063-67, ClientEarth 96645517357-19, Open Society European Policy Institute (OSEPI) 8557515321-37, News Media Europe (NME) 577812220311-81, International Federation of Journalists 999725935832-94, Reporters sans frontières 612547127497-45, Committee to Protect Journalists (CPJ) 370649919011-72, Corporate Europe Observatory (CEO) 5353162366-85, Amnesty International European Association 11063928073-34, Friends of the Earth Europe 9825553393-31, Global Witness 10439809375-73, Whistleblowing International Network 433319333385-38, Journalismfund.eu, Repubblika, Elena Bojilova, Sylvia Atipova, Chavdar Vlachkov, Preslav Mitranov;European Parliament, Brussels;04/02/20
106936;Daniel FREUND;Greens / EFA;Germany;['AFCO'];Shadow rapporteur;;Extraordinary General Assembly on civil society and the conference on the future of Europe;Civil Society Europe 520775919740-63;Brussels, Belgium;04/02/20
106936;Daniel FREUND;Greens / EFA;Germany;['AFCO'];Member;;Conference on the Future of Europe;Christine Verger, Vice President of Delors Institute 726109217329-25;European Parliament, Brussels;30/01/20
106936;Daniel FREUND;Greens / EFA;Germany;['TRAN'];Member;;European Night Trains and a Green Deal;Julian Hitschler of Back-on-Track;European Parliament, Brussels;28/01/20
106936;Daniel FREUND;Greens / EFA;Germany;['AFCO'];Member;;Conference on the Future of Europe;Marla Luther of European Democracy Lab;European Parliament, Brussels;22/01/20
106936;Daniel FREUND;Greens / EFA;Germany;['AFCO'];Member;;Conference on the Future of Europe;Carol Thomas of Conseil des Communes et Régions d'Europe (CCRE) 81142561702-61;European Parliament, Brussels;22/01/20
106936;Daniel FREUND;Greens / EFA;Germany;['CONT'];Shadow rapporteur;;European Parliament Discharge Draft Report 2018, Upcoming Anti-Corruption Intergroup activities (staff level);Vitor Teixeira of Transparency International 501222919-71;European Parliament;22/01/20
106936;Daniel FREUND;Greens / EFA;Germany;['AFCO'];Member;;Upcoming AFCO files (staff level);Vitor Teixeira of Transparency International 501222919-71;European Parliament, Brussels;21/01/20
106936;Daniel FREUND;Greens / EFA;Germany;['CONT'];Shadow rapporteur;;European Parliament Discharge Draft Report 2018 (staff level);Angels Gimenez of Transparency International 501222919-71;European Parliament, Brussels;21/01/20
106936;Daniel FREUND;Greens / EFA;Germany;[];Member;;Demands of Fridays for Future movement;Fridays for Future Iserlohn;European Parliament, Brussels;20/01/20
106936;Daniel FREUND;Greens / EFA;Germany;[];Member;;Open letter to Charles Michel by NGOs with 10 demands to enforce the rule of law, avoid corporate capture, secure full lobby transparency and boost ethics in the European Council;Corporate Europe Observatory (5353162366-85);Phone Call;20/01/20
106936;Daniel FREUND;Greens / EFA;Germany;['AFCO'];Member;;Conference on the Future of Europe;Matteo Garavoglia of the Center for International Studies at the University of Oxford;European Parliament, Brussels;09/01/20
106936;Daniel FREUND;Greens / EFA;Germany;['AFCO'];Member;;Conference on the Future of Europe;Chiara Rosselli of The German Marshall Fund of the United States - The Transatlantic Foundation  823171519707-31;Telephone;07/01/20
106936;Daniel FREUND;Greens / EFA;Germany;['AFCO'];Member;;Conference on the Future of Europe;Ulrike Guérot of European Democracy Lab;Telephone;06/01/20
257038;Sigrid FRIIS;RE;Denmark;['ITRE'];Member;;Upcoming mandate;Confederation of Danish Industry;EP;23/09/24
257038;Sigrid FRIIS;RE;Denmark;['ITRE'];Member;;Upcoming mandate and space policy;DG DEFIS;EP;19/09/24
257038;Sigrid FRIIS;RE;Denmark;['ITRE'];Member;;Upcoming mandate;Eurelectric aisbl;EP;18/09/24
257038;Sigrid FRIIS;RE;Denmark;['ITRE'];Member;;Upcoming mandate;Klima, Energi- og  Forsyningsministeriet;Holmens Kanal 20, København;13/09/24
257038;Sigrid FRIIS;RE;Denmark;['ITRE'];Member;;Upcoming mandate;CONCITO, Denmarks Green Think Tank;EP;09/09/24
257038;Sigrid FRIIS;RE;Denmark;['ITRE'];Member;;Upcoming mandate;DG Energy Ditte Juul Jørgensen;Brussels;04/09/24
257038;Sigrid FRIIS;RE;Denmark;['ITRE'];Member;;Upcoming mandate;Green Power Denmark;Brussels;28/08/24
257038;Sigrid FRIIS;RE;Denmark;['ITRE'];Member;;Upcoming mandate;GRACE Public Affairs;Brussels;22/08/24
257038;Sigrid FRIIS;RE;Denmark;['ITRE'];Member;;Upcoming mandate;Ørsted A/S;Nesa Allé 1, Gentofte;15/08/24
257038;Sigrid FRIIS;RE;Denmark;['ITRE'];Member;;Upcoming mandate;ELECTRICITE DE FRANCE;European Parliament;17/07/24
197391;Heléne FRITZON;S&D;Sweden;[];Member;;Swedish agriculture and forest;79239225070-38;European Parliament;26/09/24
197391;Heléne FRITZON;S&D;Sweden;[];Member;;Swedish nature and environment;681872220973-70;European Parliament;26/09/24
197391;Heléne FRITZON;S&D;Sweden;[];Member;;Swedish water and sewage management;993542340795-03;European Parliament;25/09/24
197391;Heléne FRITZON;S&D;Sweden;['ENVI'];Member;;Meeting;Inter Ikea Systems BV;Strasbourg;17/09/24
197391;Heléne FRITZON;S&D;Sweden;[];Member;;Möte med RFSU;RFSU;Digitalt möte;11/12/20
197391;Heléne FRITZON;S&D;Sweden;[];Member;;Möte med BRIS;BRIS;Digitalt möte;08/12/20
197391;Heléne FRITZON;S&D;Sweden;[];Member;;Möte med Svenskt Näringsliv;Svenskt NÃ¤ringsliv;Digitalt möte;07/12/20
197391;Heléne FRITZON;S&D;Sweden;[];Member;;Möte med LO, TCO och Saco;LO, TCO, SACO;Digitalt möte;02/12/20
197391;Heléne FRITZON;S&D;Sweden;[];Member;;Möte med Region Skåne och Lärosäten Syd;Region SkÃ¥ne och LÃ¤rosÃ¤ten Syd;Digitalt möte;26/11/20
197391;Heléne FRITZON;S&D;Sweden;[];Member;;Möte med Svenskt Näringsliv;Svenskt NÃ¤ringsliv;Digitalt möte;15/10/20
197391;Heléne FRITZON;S&D;Sweden;[];Member;;Möte med Australiens ambassad i Sverige;Australiens ambassad i Sverige;Digitalt möte;22/09/20
197391;Heléne FRITZON;S&D;Sweden;[];Member;;Möte med ETUC;ETUC;Digitalt möte;10/09/20
197391;Heléne FRITZON;S&D;Sweden;['FEMM'];Shadow rapporteur;;Möte med UN Women;UN Women;Digitalt möte;14/07/20
197391;Heléne FRITZON;S&D;Sweden;['FEMM'];Shadow rapporteur;;Möte med European Women's Lobby;European Women's Lobby;Digitalt möte;23/06/20
197391;Heléne FRITZON;S&D;Sweden;[];Member;;Möte med Svenskt Näringsliv;Svenskt Näringsliv;Digitalt möte;08/06/20
197391;Heléne FRITZON;S&D;Sweden;[];Member;;Möte med ECDC;ECDC;Digitalt möte;03/06/20
197391;Heléne FRITZON;S&D;Sweden;['FEMM'];Member;;Möte med Sveriges kvinnolobby;Sveriges kvinnolobby;Digitalt möte;29/05/20
197391;Heléne FRITZON;S&D;Sweden;[];Member;;Möte med Rädda Barnen;Rädda Barnen;Digitalt möte;08/05/20
197391;Heléne FRITZON;S&D;Sweden;[];Member;;Möte med IndustryAll;IndustryAll;Digitalt möte;29/04/20
197391;Heléne FRITZON;S&D;Sweden;[];Member;;Möte med EU-kommissionären för inrikes frågor;EU-kommissionen;Digitalt möte;28/04/20
197391;Heléne FRITZON;S&D;Sweden;[];Member;;Möte med Svenskt Näringsliv;Svenskt Näringsliv;Telefonmöte;16/04/20
197391;Heléne FRITZON;S&D;Sweden;['FEMM'];Member;;Middagsmöte med S&D Youth Forum on Gender Equality;S&D Youth Forum on Gender Equality;Bryssel;04/03/20
197391;Heléne FRITZON;S&D;Sweden;['EMPL'];Member;;Möte med CEEP;CEEP;Bryssel;19/02/20
197391;Heléne FRITZON;S&D;Sweden;['EMPL'];Member;;Möte med EPSU;EPSU;Bryssel;19/02/20
197391;Heléne FRITZON;S&D;Sweden;['CULT'];Member;;Middagsmöte med Sveriges Utbildningsminister;Sveriges Utbildningsminister;Bryssel;19/02/20
197391;Heléne FRITZON;S&D;Sweden;[];Member;;Möte med International Organization for Migration;International Organization for Migration;Bryssel;04/02/20
197391;Heléne FRITZON;S&D;Sweden;[];Member;;Lunchmöte med Sveriges EU-minister;Sveriges EU-minister;Bryssel;21/01/20
257299;Kathleen FUNCHION;GUE/NGL;Ireland;[];Member;;Introductory Meeting;Cook Medical EMEA Group Limited;European Parliament;10/09/24
257299;Kathleen FUNCHION;GUE/NGL;Ireland;[];Member;;Introductory Meeting;Eli Lilly and Company;European Parliament;10/09/24
256896;Angéline FURET;PfE;France;['D-CN'];Member;;Visite de courtoisie;PAN Yumin, Consul général de Chine à Strasbourg;PE Strasbourg;08/10/24
197795;Mario FURORE;GUE/NGL;Italy;[];Member;;Incontro prossime iniziative dell'EU direct Teramo;Consorzio Punto Europa;Parlamento Europeo;02/10/24
197795;Mario FURORE;GUE/NGL;Italy;['CULT'];Member;;Incontro conoscitivo;Creativity Works!;Parlamento Europeo;01/10/24
197795;Mario FURORE;GUE/NGL;Italy;['CULT'];Member;;Incontro conoscitivo;International Federation of Film Distributors' and Publishers' Associations;Parlamento Europeo;18/09/24
197795;Mario FURORE;GUE/NGL;Italy;['CULT'];Member;;Incontro conoscitivo;MFE - MEDIAFOREUROPE N.V;Parlamento Europeo;17/09/24
197795;Mario FURORE;GUE/NGL;Italy;['CULT'];Member;;Presentazione Manifesto industria videogiochi 2024-2029 e Key Facts 2023;Video Games Europe;Parlamento Europeo;11/09/24
197795;Mario FURORE;GUE/NGL;Italy;['CULT'];Member;;Incontro conoscitivo;Society of Audiovisual Authors;Parlamento Europeo;05/09/24
197795;Mario FURORE;GUE/NGL;Italy;[];Member;;Air Passenger rights;Association of Passenger Rights Advocates;Virtual meeting;04/12/20
197795;Mario FURORE;GUE/NGL;Italy;[];Member;;Conference on the Future of Europe;Citizens Take Over Europe;Virtual meeting;15/10/20
197795;Mario FURORE;GUE/NGL;Italy;[];Member;;COVID-19 Recovery for the Tourism Sector - CEO Car Rental;Portland PR Europe Limited;Virtual meeting;29/09/20
197795;Mario FURORE;GUE/NGL;Italy;[];Member;;Incontro conoscitivo;Gruppo d’Iniziativa Italiana;Parlamento Europeo;18/03/20
28150;Kinga GÁL;PfE;Hungary;[];Member;;Geopolitical actualities;International Democracy Union;Brussels;01/10/24
28150;Kinga GÁL;PfE;Hungary;[];Member;;actualities in Egypt;Embassy of Egypt;Brussels;26/09/24
28150;Kinga GÁL;PfE;Hungary;[];Member;;Energy security;MOL Group;Strasbourg;17/09/24
28150;Kinga GÁL;PfE;Hungary;[];Member;;Programs of the MCC Brussels in 2024;Mathias Corvinus Collegium Brussels AISBL;Brussels;11/09/24
28150;Kinga GÁL;PfE;Hungary;[];Member;;The situation of national minorities in Ukraine;Kárpátaljai Magyar Kulturális Szövetség;Brussels;10/09/24
28150;Kinga GÁL;PfE;Hungary;[];Member;;Programs of the Hungarian Presidency;Mathias Corvinus Collegium Brussels AISBL;Brussels;10/09/24
28150;Kinga GÁL;PfE;Hungary;[];Member;;Cultural programs of the Hungarian Presidency;Szövetség a Polgári Magyarországért Alapítvány;Brussels;10/09/24
257012;Estrella GALÁN;GUE/NGL;Spain;[];Member;;Meeting with representatives of the Conselho Indigenista Missionário (CiMi) to discuss the problem of communities that are being expelled from their territories, threatened and persecuted for confronting extractive activities and exploitation of thei;Conselho Indigenista Missionário (CiMi);European Parliament;26/09/24
257012;Estrella GALÁN;GUE/NGL;Spain;[];Member;;Meeting with Cristina Barreto on the needs of people with disabilities in Europe;Grupo Social ONCE;European Parliament;25/09/24
257012;Estrella GALÁN;GUE/NGL;Spain;[];Member;;Meeting with Chris Nash to discuss up-to-date, objective, reliable and comparable EU migration and asylum information;European Migration Network;Virtual meeting;24/09/24
257012;Estrella GALÁN;GUE/NGL;Spain;[];Member;;Conference “Women decide in Europe. Women and European Governance”;Fundación Alternativas;Madrid;20/09/24
257012;Estrella GALÁN;GUE/NGL;Spain;[];Member;;Meeting with representatives of the Polisario Front, Omar Mih and Mansur Omar, to exchange views on the situation in Western Sahara.;Polisario Front;European Parliament;18/09/24
257012;Estrella GALÁN;GUE/NGL;Spain;[];Member;;Action against abusive subcontracting;European Transport Workers' Federation, European Trade Union Federation, European Federation of Trade Unions in the Food, Agriculture and Tourism;European Parliament;17/09/24
257012;Estrella GALÁN;GUE/NGL;Spain;[];Member;;Meeting to establish connections with professionals from leading NGOs across Europe;CONCORD Europe, La Coordinadora de Organizaciones para el Desarrollo;European Parliament;11/09/24
257012;Estrella GALÁN;GUE/NGL;Spain;[];Member;;Meeting Walter Baier, Chair of European Left;European Left;European Parliament;10/09/24
257012;Estrella GALÁN;GUE/NGL;Spain;[];Member;;Meeting with a Colombian delegation of people affected by the paper-intensive crops of the multinational Smurfit Kappa Group;Life Territory of Cajibío (TEVIIC), National Agrarian Coordinator (CNA);European Parliament;10/09/24
197702;Lina GÁLVEZ;S&D;Spain;['ITRE'];Rapporteur;;EU Cybersecurity Skills Academy;ISACA;EP Strasbourg;18/07/24
197702;Lina GÁLVEZ;S&D;Spain;['ITRE'];Member;;Clean technologies;Cleantech for Europe;EP Strasbourg;17/07/24
197702;Lina GÁLVEZ;S&D;Spain;['EMPL'];Rapporteur;;European Semester;ETUC;Online;11/12/20
197702;Lina GÁLVEZ;S&D;Spain;['ITRE'];Member;;Health Innovation Partnership;EFPIA;online;02/12/20
197702;Lina GÁLVEZ;S&D;Spain;['EMPL'];Shadow rapporteur;;European skills agenda;ISC Intelligence in Science;online;04/11/20
197702;Lina GÁLVEZ;S&D;Spain;['ITRE'];Member;;Meeting with the University of Granada;University of Granada;online;04/11/20
197702;Lina GÁLVEZ;S&D;Spain;['ITRE'];Member;;Meeting with Regional Minister for Innovation of Valencia (ES);Regional Minister of Innovation;online;04/11/20
197702;Lina GÁLVEZ;S&D;Spain;['ITRE'];Member;;Horizon Europe, European Research Area;Confederación de Sociedades Científicas de España;online;15/10/20
197702;Lina GÁLVEZ;S&D;Spain;['ITRE'];Member;;EU budget for R&I;European Research Council;online;15/09/20
197702;Lina GÁLVEZ;S&D;Spain;['EMPL'];Shadow rapporteur;;New Industrial Strategy for Europe;Comisiones Obreras;Online;07/07/20
197702;Lina GÁLVEZ;S&D;Spain;['EMPL'];Rapporteur;;Ethical aspects of artificial intelligence, robotics and related technologies;UNI Europe;Online;02/03/20
197702;Lina GÁLVEZ;S&D;Spain;['EMPL', 'ITRE'];Shadow rapporteur;;European Industrial Strategy;European Environmental Bureau;EP Brussels;19/02/20
256970;Raquel GARCÍA HERMIDA-VAN DER WALLE;RE;Netherlands;['FEMM'];Member;;Women's rights;Women Inc;Brussels;01/10/24
256970;Raquel GARCÍA HERMIDA-VAN DER WALLE;RE;Netherlands;[];Member;;Introductory meeting;Cities Northern Netherlands;Brussels;30/09/24
256970;Raquel GARCÍA HERMIDA-VAN DER WALLE;RE;Netherlands;[];Member;;Human rights in Cuba;Representatives of exiled Cubans;Brussels;25/09/24
256970;Raquel GARCÍA HERMIDA-VAN DER WALLE;RE;Netherlands;[];Member;;Sexual reproductive health and rights;International Planned Parenthood Federation European Network, Rutgers;Brussels;24/09/24
256970;Raquel GARCÍA HERMIDA-VAN DER WALLE;RE;Netherlands;[];Member;;European Ombudsman;Jonas Grimheden;Online;23/09/24
256970;Raquel GARCÍA HERMIDA-VAN DER WALLE;RE;Netherlands;['REGI'];Member;;REGI en minderheidstalen;Senator Auke van der Goot;Brussels;12/09/24
256970;Raquel GARCÍA HERMIDA-VAN DER WALLE;RE;Netherlands;[];Member;;Sexual reproductive health and rights;European Parliamentary Forum for Sexual & Reproductive Rights;Brussels;12/09/24
256970;Raquel GARCÍA HERMIDA-VAN DER WALLE;RE;Netherlands;[];Member;;Introductory meeting;European Movement International;Brussels;12/09/24
256970;Raquel GARCÍA HERMIDA-VAN DER WALLE;RE;Netherlands;[];Member;;Introductory meeting;Civil Society Europe;Brussels;12/09/24
256970;Raquel GARCÍA HERMIDA-VAN DER WALLE;RE;Netherlands;[];Member;;Introductory meeting;European Economic and Social Committee;Brussels;05/09/24
257092;Hanna GEDIN;GUE/NGL;Sweden;[];Member;;Media freedom;EBU-UER (European Broadcasting Union);Strasbourg;09/10/24
257092;Hanna GEDIN;GUE/NGL;Sweden;[];Member;;Palestine;Palestinian ambassador to the EU;Brussels;03/10/24
257092;Hanna GEDIN;GUE/NGL;Sweden;[];Member;;Eco labelling;Svanen;Brussels;02/10/24
257092;Hanna GEDIN;GUE/NGL;Sweden;[];Member;;Association agreement with Israel;European Coordination of Committees and Associations for Palestine;Brussels;24/09/24
257092;Hanna GEDIN;GUE/NGL;Sweden;[];Member;;Western Sahara;Polisario;Strasbourg;18/09/24
257092;Hanna GEDIN;GUE/NGL;Sweden;[];Member;;Housing;International Union of Tenants;Brussels;11/09/24
257092;Hanna GEDIN;GUE/NGL;Sweden;[];Member;;Free journalism;Palestinian Journalist Syndicate;Strasbourg;18/07/24
183916;Alexandra GEESE;Greens / EFA;Germany;['ITRE'];Member;;European Parliamentarians for a Sustainable Energy Future;European Forum for Renewable Energy Sources;Strasbourg;09/10/24
183916;Alexandra GEESE;Greens / EFA;Germany;['IMCO'];Member;;Aktuelle Herausforderungen für den öffentlich-rechtlichen Rundfunk in der digitalen Medien- und Plattformökonomie;ARTE, ARD, ZDF;Strasbourg;09/10/24
183916;Alexandra GEESE;Greens / EFA;Germany;[];Member;;Transatlantic Exchange, planification of trip to Project Liberty Summit;McCourt Global, Inc;Remote;08/10/24
183916;Alexandra GEESE;Greens / EFA;Germany;['IMCO'];Member;;Digital consumer rights;Bureau Européen des Unions de Consommateurs;Brussels;03/10/24
183916;Alexandra GEESE;Greens / EFA;Germany;['IMCO'];Member;;Online Advertisement;European Digital Rights;Remote;03/10/24
183916;Alexandra GEESE;Greens / EFA;Germany;[];Member;;Briefing on digital rights;Amnesty International Limited;Brussels;03/10/24
183916;Alexandra GEESE;Greens / EFA;Germany;['IMCO'];Member;;Event: Rebooting the Debate: Generative AI and Creative Work;COMMUNIA Association for the Public Domain, Friedrich-Ebert-Stiftung, Förderverein Initiative Urheberrecht, Stichting Open Future, Writers Guild of America West;Brussels;02/10/24
183916;Alexandra GEESE;Greens / EFA;Germany;[];Member;;Enforcement of digital legislation, upcoming legislation and administrative burdens;European Tech Alliance;Brussels;02/10/24
183916;Alexandra GEESE;Greens / EFA;Germany;['IMCO'];Member;;Online advertising, free and open source software, breaking up big tech;Meliore Foundation, (Future of Technology Institute);Brussels;02/10/24
183916;Alexandra GEESE;Greens / EFA;Germany;['IMCO'];Member;;Consumer rights;Bureau Européen des Unions de Consommateurs;Brussels;02/10/24
183916;Alexandra GEESE;Greens / EFA;Germany;['IMCO'];Member;;Digital Services Act and revenge porn;HateAid, Anna Nackt;remote;18/12/20
183916;Alexandra GEESE;Greens / EFA;Germany;[];Member;;Political ecologism and progressive perspectives;Fondazione Feltrinelli;remote;15/12/20
183916;Alexandra GEESE;Greens / EFA;Germany;['AIDA'];Member;;"Event: „The Hidden Dangers of Artificial Intelligence""";European Institut for Gender Equality (EIGE);remote;11/12/20
183916;Alexandra GEESE;Greens / EFA;Germany;['IMCO'];Member;;Algorithms4Consumers;VZBV;remote;10/12/20
183916;Alexandra GEESE;Greens / EFA;Germany;['IMCO'];Member;;Ad tech and the Digital Services Act;Google;remote;07/12/20
183916;Alexandra GEESE;Greens / EFA;Germany;['IMCO'];Member;;DigiTalk Cloud Computing – Regeln für die positive Nutzung;Digital Society;remote;02/12/20
183916;Alexandra GEESE;Greens / EFA;Germany;['AIDA'];Member;;Cloud, Artificial Intelligence, GaiaX;Dr. Herpig (Stiftung neue Verantwortung);remote;25/11/20
183916;Alexandra GEESE;Greens / EFA;Germany;['BUDG'];Member;;Gender Equality;EIGE;remote;25/11/20
183916;Alexandra GEESE;Greens / EFA;Germany;['IMCO', 'AIDA'];Member;;Digital policies;Jan Ippen;remote;24/11/20
183916;Alexandra GEESE;Greens / EFA;Germany;['BUDG'];Member;;fairere Verteilung von Care-Arbeit;Equal Care Day;remote;24/11/20
183916;Alexandra GEESE;Greens / EFA;Germany;['AIDA'];Member;;Artificial Intelligence, Cloud, GaiaX;Prof. Markl - Deutsches Forschungszentrum für Künstliche Intelligenz GmbH;remote;20/11/20
183916;Alexandra GEESE;Greens / EFA;Germany;['IMCO'];Member;;Toward a shared agenda? Protecting free speech from harmful online content Pathways to platform accountability in the European Union and the United States;Heinrich Böll Stiftung, German Marshall Fund;remote;20/11/20
183916;Alexandra GEESE;Greens / EFA;Germany;['IMCO'];Shadow rapporteur;;Digital Services Act and Digital Markets Act, search and competition;DuckDuckGo;remote;18/11/20
183916;Alexandra GEESE;Greens / EFA;Germany;['IMCO'];Shadow rapporteur;;Affordable Housing, AirBnB & DSA;Janet Sanz, Deputy Mayor Ecology, Urbanism and Mobility in Barcelona Alice Corona (Ocio Venezia), Data activist from Venice Clotilde Clark-Foulquier (FEANTSA), Presentation of FEANTSA/Fondation Abbé Pierre report on the impact of the sharing economy on the housing market Virginie Toussain (Union Sociale pour l'Habitat);remote;18/11/20
183916;Alexandra GEESE;Greens / EFA;Germany;['IMCO'];Shadow rapporteur;;Digital Services Act and Targeted Advertising;Barjiji Abdelkader - Ströer;remote;17/11/20
183916;Alexandra GEESE;Greens / EFA;Germany;['IMCO'];Shadow rapporteur;;Digital Services Act and online targeted advertising;STER/NPO;remote;16/11/20
183916;Alexandra GEESE;Greens / EFA;Germany;['IMCO'];Shadow rapporteur;;Digital Services Act;Fondation EURACTIV;remote;16/11/20
183916;Alexandra GEESE;Greens / EFA;Germany;['IMCO'];Shadow rapporteur;;Digital Services Act;TikTok;remote;13/11/20
183916;Alexandra GEESE;Greens / EFA;Germany;['IMCO'];Shadow rapporteur;;Digital Services Act : Oversight and Accountability;Facebook Oversight Board;remote;13/11/20
183916;Alexandra GEESE;Greens / EFA;Germany;['IMCO'];Shadow rapporteur;;Greens/EFA internal briefing on targeted advertising;Johnny Ryan, Irish Council for Civil Liberties;remote;03/11/20
183916;Alexandra GEESE;Greens / EFA;Germany;['IMCO'];Shadow rapporteur;;Digital Services Act and behavioural online advertising;VZBV;remote;03/11/20
183916;Alexandra GEESE;Greens / EFA;Germany;['IMCO'];Shadow rapporteur;;Governing Platforms Workshop and the Digital Services Act;AlgorithmWatch;remote;30/10/20
183916;Alexandra GEESE;Greens / EFA;Germany;['IMCO'];Shadow rapporteur;;Online advertising and the Digital Services Act;BDZV;remote;30/10/20
183916;Alexandra GEESE;Greens / EFA;Germany;['BUDG'];Member;;EIGE Gender Equality Index conference;EIGE;remote;29/10/20
183916;Alexandra GEESE;Greens / EFA;Germany;['IMCO'];Shadow rapporteur;;Digital Services Act;Mozilla, Panoptykon Foundation, Who Targtes Me;remote;29/10/20
183916;Alexandra GEESE;Greens / EFA;Germany;['IMCO'];Member;;Digital Services Act;Allied for Start-Ups;remote;27/10/20
183916;Alexandra GEESE;Greens / EFA;Germany;['IMCO'];Shadow rapporteur;;Digital Services Act and platform regulation;BEUC;remote;16/10/20
183916;Alexandra GEESE;Greens / EFA;Germany;['IMCO'];Member;;Digital policies;European Digital Rights;Brussels;12/10/20
183916;Alexandra GEESE;Greens / EFA;Germany;['AIDA'];Member;;Artificial Intelligence conference;TÜV;remote;05/10/20
183916;Alexandra GEESE;Greens / EFA;Germany;['AIDA'];Member;;Artificial Intelligence Summit;Politico, Panoptykon Foundation, Facebook, Council of Europe;remote;01/10/20
183916;Alexandra GEESE;Greens / EFA;Germany;['IMCO'];Shadow rapporteur;;"""My content my rights"" event";EDRi, ILGA, Wikimedia, Lionstorm, Martin Husovec, epcienter.works, AccessNow;remote;01/10/20
183916;Alexandra GEESE;Greens / EFA;Germany;['IMCO'];Shadow rapporteur;;Transatlantic Technology and Digital Cooperation after the U.S. Election;Carnegie Endowment for International Peace, Heinrich Böll Stiftung;remote;30/09/20
183916;Alexandra GEESE;Greens / EFA;Germany;['IMCO'];Shadow rapporteur;;EU DisinfoLab Conference;EU DisinfoLab;remote;28/09/20
183916;Alexandra GEESE;Greens / EFA;Germany;['AIDA'];Member;;Artificial Intelligence;„ExamAI - KI Testing & Auditing“ Gesellschaft für Informatik e.V;remote;25/09/20
183916;Alexandra GEESE;Greens / EFA;Germany;['IMCO'];Member;;Digitales Europa: Von der Kreisklasse in die Champions League?!;Deutsche Telekom;remote;24/09/20
183916;Alexandra GEESE;Greens / EFA;Germany;['AIDA'];Member;;Artificial Intelligence and democracy;Professor Claes de Vrees;remote;23/09/20
183916;Alexandra GEESE;Greens / EFA;Germany;['IMCO'];Shadow rapporteur;;Ad tech / online advertisement;Axel Springer Verlag;remote;18/09/20
183916;Alexandra GEESE;Greens / EFA;Germany;['IMCO'];Shadow rapporteur;;Ad tech / online advertisement;iq digital;remote;18/09/20
183916;Alexandra GEESE;Greens / EFA;Germany;['IMCO'];Shadow rapporteur;;Digitalpolitik – Wohin soll die Reise gehen?;AlgorithmWatch, Superrr Lab, eyeo;remote;15/09/20
183916;Alexandra GEESE;Greens / EFA;Germany;['IMCO'];Shadow rapporteur;;Ad tech / online advertisement;Mediengruppe RTL;remote;04/09/20
183916;Alexandra GEESE;Greens / EFA;Germany;['IMCO'];Member;;Debatt(l)e Royale: Games und Digitalpolitik.;gamescom;remote;28/08/20
183916;Alexandra GEESE;Greens / EFA;Germany;['IMCO'];Member;;„Digitalisierung als Chance auf Teilhabe am Arbeitsleben“;FiLB;Gütersloh;27/08/20
183916;Alexandra GEESE;Greens / EFA;Germany;['IMCO'];Member;;Künstliche Intelligenz, Digitalisierung;Caritas;Remote;17/07/20
183916;Alexandra GEESE;Greens / EFA;Germany;['IMCO'];Shadow rapporteur;;„Notice & Action and Systematic Oversight Frameworks in the Digital Services Act: What Implications for Liability?“;Stanford Univsersity, Center for Democracy and Technology;remote;07/07/20
183916;Alexandra GEESE;Greens / EFA;Germany;['BUDG'];Member;;Webinar: #nextGenerationEU – Werden Frauen beim Konjunkturpaket der EU außen vor gelassen?;Dr. Elisabeth Klatzer, Dr. Azzurra Rinaldi, Sapienza Universität Rom, European Women’s Lobby;remote;15/06/20
183916;Alexandra GEESE;Greens / EFA;Germany;['IMCO'];Member;;Digital Services Act, Artificial Intelligence;International Department of the Belgian union ACV-CSC;Remote;11/06/20
183916;Alexandra GEESE;Greens / EFA;Germany;['IMCO'];Shadow rapporteur;;Hate Speech online;NoHateSpeech;remote;11/06/20
183916;Alexandra GEESE;Greens / EFA;Germany;['IMCO'];Rapporteur;;DG Justice, EU Commission;Artificial Intelligence;remote;09/06/20
183916;Alexandra GEESE;Greens / EFA;Germany;['IMCO'];Rapporteur;;GEF workshop on smart cities;Euregio, Smart Enschede, Smart City Münster, Wetenschappelijk Bureau GroenLinks, Green European Foundation;remote;06/06/20
183916;Alexandra GEESE;Greens / EFA;Germany;['IMCO'];Shadow rapporteur;;Mozilla Mornings: advertising and micro-targeting in the EU Digital Services Act;Mozilla, Panoptykon, Centre for Data Ethics & Innovation;remote;04/06/20
183916;Alexandra GEESE;Greens / EFA;Germany;['IMCO'];Shadow rapporteur;;Global Network Initiative: multistakeholder roundtable on DSA;GNI, Article19, AccessNow, Global Partners Digital, CDT, Open Technology Institute, University of Connecticut;remote;04/06/20
183916;Alexandra GEESE;Greens / EFA;Germany;['IMCO'];Shadow rapporteur;;DSA4Startups event;Ecosia, Soundcloud, The Bina School, Silicon Allee, Allied for Startups;remote;04/06/20
183916;Alexandra GEESE;Greens / EFA;Germany;['IMCO'];Shadow rapporteur;;Governing Platforms Project: Online Stakeholder Dialogue;AlgorithmWatch, European Policy CEnter;remote;26/05/20
183916;Alexandra GEESE;Greens / EFA;Germany;['BUDG'];Member;;"webinar ""Covid-19: Keine Zeit für Rückschläge bei der Gleichberechtigung""";Prof. Dr. Aysel Yollu-Tok, Professor, Hochschule für Wirtschaft und Recht Berli, Almut Schnerring Journalist;remote;20/05/20
183916;Alexandra GEESE;Greens / EFA;Germany;['IMCO'];Shadow rapporteur;;Digital Services Act, Platform Governance;Article19;remote;19/05/20
183916;Alexandra GEESE;Greens / EFA;Germany;['IMCO'];Member;;Webinar: COVID19 Apps: Data privacy & The Consumer Perspective;Prof. Alberto Alemanno, professor at HEC Paris, - Els Bruggeman, Head of Policy and Enforcement at Euroconsumers;remote;07/05/20
183916;Alexandra GEESE;Greens / EFA;Germany;['IMCO'];Shadow rapporteur;;"Webinar ""Desinformation in Zeiten von Corona""";Alice Echtermann: Journalist, Natascha Strobl: Politikwissenschaftlerin;remote;04/05/20
183916;Alexandra GEESE;Greens / EFA;Germany;['BUDG'];Member;;Webinar “Erster deutsch-italienischen digitalen Europa-Ratschlag”;Mario Monti (Ehem. EU-Kommissar und Ministerpräsident Italiens) Francesca Cucchiara (Italienische Grüne Jugend) Gad Lerner (Bekannter italienischer Fernsehjournalist) Rossella Muroni (Umweltaktivistin und Mitglied des italienischen Parlaments)  Prof. Dr. Michael Hüther (Direktor des Instituts der Deutschen Wirtschaft) Luisa Neubauer (Fridays For Future Germany);remote;30/04/20
183916;Alexandra GEESE;Greens / EFA;Germany;['IMCO'];Shadow rapporteur;;Digital Services Act;European Digital Rights;Brussels;30/04/20
183916;Alexandra GEESE;Greens / EFA;Germany;['BUDG'];Member;;Webinar: „Der Weg zu EU-Fördergeldern“;Jochen Eisenburger, Consultant, Caritasverband;remote;24/04/20
183916;Alexandra GEESE;Greens / EFA;Germany;['IMCO'];Member;;Webinar: Privacy & Tracing Apps - Why Standards Matter;Prof. Carmela Troncoso (DP-3T), Katarzyna Szymielewicz (Panoptykon), Wojciech Wiewiórowski (EDPS);remote;21/04/20
183916;Alexandra GEESE;Greens / EFA;Germany;['BUDG'];Member;;Corona-Bonds & EU Politics after the crisis;Heinrich Böll Stiftung;remote;20/04/20
183916;Alexandra GEESE;Greens / EFA;Germany;['IMCO'];Member;;Impact of COVID-19 on German SMEs and e-Commerce;Mittelstandsverbund;remote;20/04/20
183916;Alexandra GEESE;Greens / EFA;Germany;['IMCO'];Member;;Lock-down impact on German (e-)Commerce;Handelsverband Deutschland;remote;17/04/20
183916;Alexandra GEESE;Greens / EFA;Germany;['IMCO'];Member;;DSA, AI, COVID-19, Feminism;Sabria David, Slow Media Institute;remote;17/04/20
183916;Alexandra GEESE;Greens / EFA;Germany;['IMCO'];Member;;Climate change;Fridays for Future Bonn;remote;17/04/20
183916;Alexandra GEESE;Greens / EFA;Germany;['IMCO'];Rapporteur;;Artifial Intelligence and COVID-19;Stiftung Wissenschaft und Politik;remote;08/04/20
183916;Alexandra GEESE;Greens / EFA;Germany;['IMCO'];Member;;Webinar “Tracing Apps im Kampf gegen Corona – Potentiale und Gefahren”;Chaos Computer Club, Gesellschaft für Freiheitsrechte, eyeo;remote;07/04/20
183916;Alexandra GEESE;Greens / EFA;Germany;['BUDG'];Member;;COVID-19, support for women and girls;CARE Deutschland e.V.;remote;03/04/20
183916;Alexandra GEESE;Greens / EFA;Germany;['BUDG'];Member;;COVID-19, support for Italy;University Giessen, Fachbüro für den Deutsch-Italienischen Dialog;remote;03/04/20
183916;Alexandra GEESE;Greens / EFA;Germany;['IMCO'];Shadow rapporteur;;Webinar „Hass und Hetze im Netz“;HateAid, Karolin Schwarz, Freelance journalist, Merve Kayikci, Journalist;remote;01/04/20
183916;Alexandra GEESE;Greens / EFA;Germany;['IMCO'];Rapporteur;;Artificial Intelligence;Seda Gürses, Nakeema Stefflbauer;remote;23/03/20
183916;Alexandra GEESE;Greens / EFA;Germany;['IMCO'];Shadow rapporteur;;Digital Services Act, Hate Speech online;Hate Aid;Remote;20/03/20
183916;Alexandra GEESE;Greens / EFA;Germany;['IMCO'];Rapporteur;;Artificial Intelligence: Oversight and enforcement;Federal Data Protection Commissioner, Germany;Remote;20/03/20
183916;Alexandra GEESE;Greens / EFA;Germany;['IMCO'];Shadow rapporteur;;Biometrics, Digital Services Act;European Digital Rights;Remote;16/03/20
183916;Alexandra GEESE;Greens / EFA;Germany;['IMCO'];Shadow rapporteur;;Lobbying, transparency and the Digital Services Act;Corporate Europe Observatory;Brussels;10/03/20
183916;Alexandra GEESE;Greens / EFA;Germany;['IMCO'];Shadow rapporteur;;Event: Digital Services Act: Making responsibility a reality;Mozilla;Brussels;03/03/20
183916;Alexandra GEESE;Greens / EFA;Germany;['IMCO'];Member;;Digital policies, data strategy, Artificial INtelligence;Salesforce;Brussels;20/02/20
183916;Alexandra GEESE;Greens / EFA;Germany;['IMCO'];Shadow rapporteur;;Digital Services Act;Global Network Initiative;Brussels;19/02/20
183916;Alexandra GEESE;Greens / EFA;Germany;['IMCO'];Shadow rapporteur;;Digital Services Act;Liberty Global;Brussels;19/02/20
183916;Alexandra GEESE;Greens / EFA;Germany;['IMCO'];Shadow rapporteur;;Digital Services Act;Consumers Union Finland;Brussels;19/02/20
183916;Alexandra GEESE;Greens / EFA;Germany;['IMCO'];Shadow rapporteur;;Digital Services Act;OLX group;Brussels;18/02/20
183916;Alexandra GEESE;Greens / EFA;Germany;['IMCO'];Shadow rapporteur;;Digital Services Act;AirBnB;Brussels;18/02/20
183916;Alexandra GEESE;Greens / EFA;Germany;['BUDG'];Member;;Childrens Rights;Bertelsmann Stiftung;Brussels;18/02/20
183916;Alexandra GEESE;Greens / EFA;Germany;['IMCO'];Member;;Youth IGF;Together Against Cybercrime;Strasbourg;12/02/20
183916;Alexandra GEESE;Greens / EFA;Germany;['IMCO'];Shadow rapporteur;;Digital Policies, Digital Services Act;Vodafone Group;Strasbourg;12/02/20
183916;Alexandra GEESE;Greens / EFA;Germany;['IMCO'];Shadow rapporteur;;Digital Services Act, AI;ebay;Strasbourg;11/02/20
183916;Alexandra GEESE;Greens / EFA;Germany;['IMCO'];Member;;CiCi Lunch - State of creative industries in Europe;IFPI, CEPIC, Channel 4, Discovery, Disney, Impala, ISFE, NBC Universal, European Publishers Council, RELX, MediaPro, Unic-Cinema, Warner Media Europe and Wiley;Brussels;05/02/20
183916;Alexandra GEESE;Greens / EFA;Germany;['IMCO'];Shadow rapporteur;;Hate speech online;Zentralrat der Juden;Berlin;03/02/20
183916;Alexandra GEESE;Greens / EFA;Germany;['IMCO'];Shadow rapporteur;;Hate speech online;DeZIM Institut;Berlin;03/02/20
183916;Alexandra GEESE;Greens / EFA;Germany;['IMCO'];Shadow rapporteur;;Hate speech online;Amadeu-Antonio Stiftung;Berlin;03/02/20
183916;Alexandra GEESE;Greens / EFA;Germany;['IMCO'];Shadow rapporteur;;hate speech online;Weizenbaum-Institut;Berlin;03/02/20
183916;Alexandra GEESE;Greens / EFA;Germany;['IMCO'];Shadow rapporteur;;Women in Tech;Frauenloop;Berlin;03/02/20
183916;Alexandra GEESE;Greens / EFA;Germany;['IMCO'];Shadow rapporteur;;Microsoft hosting the Transatlantic High Level Working Group on On-line Content Moderation and Freedom of Expression;Microsoft, EDIMA, IBM, APCO;Brussels;29/01/20
183916;Alexandra GEESE;Greens / EFA;Germany;['IMCO'];Shadow rapporteur;;Digital Services Act, toursim and hospitality;AhTop;Brussels;28/01/20
183916;Alexandra GEESE;Greens / EFA;Germany;['IMCO'];Shadow rapporteur;;Digital Services Act;EuroCommerce;Brussels;27/01/20
183916;Alexandra GEESE;Greens / EFA;Germany;['IMCO'];Shadow rapporteur;;DSA, e-Commerce, AI;EuroCommerce;Brussels;27/01/20
183916;Alexandra GEESE;Greens / EFA;Germany;['IMCO'];Shadow rapporteur;;Content moderation, Digital Services Act;Facebook;Strasbourg;14/01/20
96833;Jens GEIER;S&D;Germany;['BUDG'];Member;;exchange on upcoming MFF proposal and health policy;DSW (Deutsche Stiftung Weltbevoelkerung);Brussels;03/10/24
96833;Jens GEIER;S&D;Germany;[];Member;;exchange on economic policy;Friedrich-Ebert-Stiftung;Brussels;03/10/24
96833;Jens GEIER;S&D;Germany;['ITRE'];Member;;Expections on the upcoming legislative term;BDEW Bundesverband der Energie- und Wasserwirtschaft e. V.;Brussels;26/09/24
96833;Jens GEIER;S&D;Germany;['ITRE'];Member;;Exchange on current EU policies on chemicals;Verband der Chemischen Industrie e.V.;Brussels;26/09/24
96833;Jens GEIER;S&D;Germany;['ITRE'];Member;;Expectations on the new European Commission with regard to Energy/Grid development/Heating and cooling and geothermal Energy;WIENER STADTWERKE GmbH;Brussels;26/09/24
96833;Jens GEIER;S&D;Germany;['ITRE'];Member;;Media and Connectivity Policy;ARD-Verbindungsbüro Brüssel, ZDF Europabüro Brüssel;European Parliament;25/09/24
96833;Jens GEIER;S&D;Germany;['ITRE'];Member;;EU Digital and Connectivity Policy;Cisco Systems Inc.;European Parliament;25/09/24
96833;Jens GEIER;S&D;Germany;['ITRE'];Member;;The developments and future of CCS and CCSU;Carbon Capture & Storage Association;Brussels;25/09/24
96833;Jens GEIER;S&D;Germany;['ITRE'];Member;;Current Challenges for the Energy intensive Industries and expections on the EU Clean Industrial Plan;European Aluminium AISBL;Brussels;25/09/24
96833;Jens GEIER;S&D;Germany;['ITRE'];Member;;Recognition of the off the value of European Manufacturing and European Grid policies;WindEurope;Brussels;25/09/24
96833;Jens GEIER;S&D;Germany;['ITRE'];Rapporteur;;Carbon Border Adjustment;European Aluminium;Virtual Meeting;17/11/20
96833;Jens GEIER;S&D;Germany;['ITRE'];Rapporteur;;European Hydrogen Strategy;Oersted;Virtual Meeting;03/11/20
96833;Jens GEIER;S&D;Germany;['ITRE'];Rapporteur;;European Hydrogen Strategy;EUROFER;Virtual Meeting;27/10/20
96833;Jens GEIER;S&D;Germany;['ITRE'];Rapporteur;;Carbon Border Adjustment;Verbraucherzentrale Bundesverband;Virtual Meeting;15/10/20
96833;Jens GEIER;S&D;Germany;['ITRE'];Rapporteur;;European Hydrogen Strategy;EIT InnoEnergy;Virtual Meeting;14/10/20
96833;Jens GEIER;S&D;Germany;['ITRE'];Rapporteur;;European Hydrogen Strategy;Bundesverband der Energie- und Wasserwirtschaft;Virtual Meeting;08/10/20
96833;Jens GEIER;S&D;Germany;['ITRE'];Rapporteur;;European Hydrogen Strategy;Verband der Chemischen Industrie;Virtual Meeting;07/10/20
96833;Jens GEIER;S&D;Germany;['ITRE'];Rapporteur;;European Hydrogen Stragey;Hydrogen Europe;Virtual Meeting;30/09/20
96833;Jens GEIER;S&D;Germany;['ITRE'];Rapporteur;;European Hydrogen Strategy;European Commission;Virtual Meeting;25/09/20
96833;Jens GEIER;S&D;Germany;['ITRE'];Rapporteur;;European Hydrogen Strategy;FCH Joint Undertaking;Virtual Meeting;22/09/20
96833;Jens GEIER;S&D;Germany;['ITRE'];Rapporteur;;European Hydrogen Strategy;Climate Citizens Initiative;Virtual Meeting;17/09/20
96833;Jens GEIER;S&D;Germany;['ITRE'];Rapporteur;;European Hydrogen Strategy;Sandbag;Virtual Meeting;17/09/20
96833;Jens GEIER;S&D;Germany;['ITRE'];Rapporteur;;European Hydrogen Strategy;Eurogas;Virtual Meeting;16/09/20
96833;Jens GEIER;S&D;Germany;['ITRE'];Member;;Exchange of views on climate and industrial policies;Bundesverband Erneuerbare Energie e.V. (German Renewable Energy Federation);European Parliament, Brussels;10/09/20
96833;Jens GEIER;S&D;Germany;['BUDG'];Member;;MFF and Recovery Fund;Foundation for Progressive Studies;FEPS, Brussels;07/07/20
96833;Jens GEIER;S&D;Germany;['BUDG'];Member;;MFF and Recovery Plan;caritas;Brussels (virtual meeting);10/06/20
96833;Jens GEIER;S&D;Germany;['ITRE'];Member;;Invest EU, energy efficiency of buildings;Bundesverband deutscher Wohnungs- und Immobilienunternehmen e.V. (GdW);Phone call;04/06/20
96833;Jens GEIER;S&D;Germany;['ITRE'];Member;;Exchange on environment and climate policy;Environment Committee of Wirtschaftsvereinigung Stahl;Virtual Meeting;04/06/20
96833;Jens GEIER;S&D;Germany;['ITRE'];Member;;General Exchange of views;Verband Deutscher Maschinen- und Anlagenbau e. V. (VDMA);Virtual Meeting;26/05/20
96833;Jens GEIER;S&D;Germany;['ITRE'];Member;;Impact of COVID-19 on the car industry;Verband der Automobilindustrie (VdA);Virtual Meeting;11/05/20
96833;Jens GEIER;S&D;Germany;['BUDG'];Member;;Multiannual Financial Framework and Development Policy;German Development Institute (DIE);European Parliament, Brussels;15/04/20
96833;Jens GEIER;S&D;Germany;[];Member;;General Exchange of views;Auswärtiges Amt;Berlin, Auswärtiges Amt;03/03/20
96833;Jens GEIER;S&D;Germany;['ITRE'];Member;;Climate policy;Bürgerlobby Klimaschutz;European Parliament, Brussels;20/02/20
96833;Jens GEIER;S&D;Germany;['ITRE'];Shadow rapporteur;;Establishment of the Cybersecurity Competence Centre;European Union Agency for Cybersecurity (ENISA);European Parliament, Brussels;20/02/20
96833;Jens GEIER;S&D;Germany;['ITRE'];Member;;General Exchange of views;European Federation of Local Energy Companies;European Parliament, Brussels;19/02/20
96833;Jens GEIER;S&D;Germany;[];Member;;General exchange of views;RVR Ruhr;European Parliament, Brussels;18/02/20
96833;Jens GEIER;S&D;Germany;['ITRE'];Member;;General exchange of views;Deutscher Städtetag;European Parliament, Brussels;05/02/20
96833;Jens GEIER;S&D;Germany;['ITRE'];Member;;General exchange of views;Vonovia;European Parliament, Brussels;04/02/20
96833;Jens GEIER;S&D;Germany;[];Member;;Green New Deal, Just Transition Fund, MFF;IHK Nord-Westfalen;European Parliament, Brussels;23/01/20
96833;Jens GEIER;S&D;Germany;['ITRE'];Member;;General exchange of views;Bundesverband der Deutschen Industrie;European Parliament, Brussels;08/01/20
96833;Jens GEIER;S&D;Germany;['ITRE'];Member;;Exchange of view on European long-term industrial strategy;European Commission, DG Internal Market, Industry, Entrepreneurship and SMEs;European Parliament, Brussels;07/01/20
96833;Jens GEIER;S&D;Germany;['ITRE'];Member;;Exchange of views on decarbonisation of the steel industry;ArcelorMittal;European Parliament, Brussels;07/01/20
256939;Thomas GEISEL;;Germany;[];Member;;General exchange with UNRWA representatives on budget issues;UNRWA representatives;Brussels, Belgium;24/09/24
256939;Thomas GEISEL;;Germany;[];Member;;General exchange on the current situation and development in Turkey;Honorary Consul of Turkey;Düsseldorf, Germany;13/09/24
256939;Thomas GEISEL;;Germany;[];Member;;St. Michael-Jahresempfang;Kommissariat der deutschen Bischöfe - Katholisches Büro in Berlin -;Berlin, Germany;10/09/24
256939;Thomas GEISEL;;Germany;[];Member;;Webinar Tönissteiner Kreis;Tönissteiner Kreis;Online;05/09/24
256939;Thomas GEISEL;;Germany;[];Member;;General exchange on the current situation and development in Bangladesh;Honorary Consul of Bangladesh;Düsseldorf, Germany;02/09/24
256939;Thomas GEISEL;;Germany;[];Member;;Exchange on Energy Issues;VNG AG;Leipzig, Germany;20/08/24
256939;Thomas GEISEL;;Germany;[];Member;;General exchange on the current situation and development in Pakistan;Honorary Consul of Pakistan in North Rhine-Westphalia;Düsseldorf, Germany;15/08/24
197794;Chiara GEMMA;ECR;Italy;[];Member;;Stakeholder meeting;British American Tobacco;Bruxelles;25/09/24
197794;Chiara GEMMA;ECR;Italy;[];Member;;Stakeholder meeting;Confindustria;Bruxelles;24/07/24
197794;Chiara GEMMA;ECR;Italy;['EMPL'];Member;;Stakeholder meeting;Huawei Technologies;Strasbourg;17/07/24
251874;Niels GEUKING;EPP;Germany;['EMPL'];Member;;Mandat 2024_2029 Inhalte;CNE Christian Network Europe;Office SBG;09/10/24
251874;Niels GEUKING;EPP;Germany;['EMPL'];Member;;BRICS;Vocal Europe;Online;03/10/24
251874;Niels GEUKING;EPP;Germany;['EMPL'];Member;;Menschenrechte;PRISONERS DEFENDERS INTERNATIONAL NETWORK;Office Mr Geuking;02/10/24
251874;Niels GEUKING;EPP;Germany;['EMPL'];Member;;Sozialpolitik;CEEMET;Office Mr Geuking;02/10/24
251874;Niels GEUKING;EPP;Germany;['EMPL'];Member;;Meeresschutz;Deutsche Stiftung Meeresschutz (DSM);Office Mr Geuking;01/10/24
251874;Niels GEUKING;EPP;Germany;['EMPL'];Member;;Children /;EPA;Office Mr Geuking;01/10/24
251874;Niels GEUKING;EPP;Germany;['EMPL'];Member;;Gesundheitspolitik;Cocir;Brussels;01/10/24
251874;Niels GEUKING;EPP;Germany;['EMPL'];Member;;eFuels/RFNBO;Infinium Operations, LLC;Office Mr Geuking;11/09/24
251874;Niels GEUKING;EPP;Germany;['EMPL'];Member;;Sozialpolitik;Deutscher Caritasverband e. V.;Office Mr Geuking;11/09/24
251874;Niels GEUKING;EPP;Germany;['EMPL'];Member;;Sozialpolitik;BDA;Office Mr Geuking;11/09/24
124807;Jens GIESEKE;EPP;Germany;[];Member;;Austausch zur Europapolitk;MEYER WERFT GmbH & Co. KG;Papenburg;05/08/24
124807;Jens GIESEKE;EPP;Germany;[];Member;;Austausch zur Europapolitk;Oettinger Consulting GmbH;Telefonat;31/07/24
124807;Jens GIESEKE;EPP;Germany;[];Member;;Austausch zu Umweltpolitik;Fachagentur Nachwachsende Rohstoffe e.V.;Lehe;30/07/24
124807;Jens GIESEKE;EPP;Germany;[];Member;;Austausch zu Umwelt- und Verkehrspolitik;Verband der Deutschen Biokraftstoffindustrie;Brüssel;23/07/24
124807;Jens GIESEKE;EPP;Germany;[];Member;;Austausch zu Umwelt- und Verkehrspolitik;Verband Deutscher Maschinen- und Anlagenbau e.V.;Straßburg;16/07/24
124807;Jens GIESEKE;EPP;Germany;[];Member;;Austausch zu Umwelt- und Verkehrspolitik;Verband der Automobilindustrie;Straßburg;16/07/24
124807;Jens GIESEKE;EPP;Germany;[];Member;;Austausch zur Europapolitk;Verband der psychologischen Berater;Telefonat;15/07/24
124807;Jens GIESEKE;EPP;Germany;[];Member;;Austausch zu Verkehrspolitik;Verband der Automobilindustrie, Fahrzeugwerk Bernard Krone;Telefonat;11/07/24
124807;Jens GIESEKE;EPP;Germany;[];Member;;Austausch zu Verkehrspolitik;Airbus;Telefonat;11/07/24
124807;Jens GIESEKE;EPP;Germany;[];Member;;Austausch zu Umweltpolitik;Verband der Chemischen Industrie e.V.;Brüssel;10/07/24
124807;Jens GIESEKE;EPP;Germany;[];Member;;Austausch zur EU-Kreislaufwirtschaft;Exide Technologies;Videokonferenz;16/12/20
124807;Jens GIESEKE;EPP;Germany;[];Member;;Austausch zur Europapolitik;Taipei Representative Office;Brüssel;15/12/20
124807;Jens GIESEKE;EPP;Germany;[];Member;;Austausch zur EU-Kreislaufwirtschaft;VDMA;Telefonat;09/12/20
124807;Jens GIESEKE;EPP;Germany;[];Member;;Austausch zur EU-Umweltpolitik;eFuel Alliance;Videokonferenz;08/12/20
124807;Jens GIESEKE;EPP;Germany;[];Member;;Austausch zur EU-Kreislaufwirtschaft;Sandker Metallbau GmbH;Sögel;07/12/20
124807;Jens GIESEKE;EPP;Germany;[];Member;;Austausch zu CoV19;Meyer Werft;Papenburg;02/12/20
124807;Jens GIESEKE;EPP;Germany;[];Member;;Austausch zur EU-Verkehrspolitik;friedrich30 GmbH & Co. KG;Telefonat;02/12/20
124807;Jens GIESEKE;EPP;Germany;[];Member;;Austausch zur EU-Umweltpolitik;RWE;Videokonferenz;02/12/20
124807;Jens GIESEKE;EPP;Germany;[];Member;;Austausch zur EU-Verkehrspolitik;Neste Oil;Videokonferenz;01/12/20
124807;Jens GIESEKE;EPP;Germany;[];Member;;Austausch zur EU-Umweltpolitik;RWE;Videokonferenz;01/12/20
124807;Jens GIESEKE;EPP;Germany;[];Member;;Austausch zur EU-Kreislaufwirtschaft;WV Metall;Videokonferenz;24/11/20
124807;Jens GIESEKE;EPP;Germany;[];Member;;Austausch zur EU-Verkehrspolitik;VW;Telefonat;23/11/20
124807;Jens GIESEKE;EPP;Germany;[];Member;;Austausch zur EU-Sportpolitik;Sporthilfe Emsland e.V.;Videokonferenz;20/11/20
124807;Jens GIESEKE;EPP;Germany;[];Member;;Austausch zur EU-Politik;Krone Holding SE;Spelle;13/11/20
124807;Jens GIESEKE;EPP;Germany;[];Member;;Austausch zur deutschen Ratspräsidentschaft;Konrad-Adenauer-Stiftung;Videokonferenz;12/11/20
124807;Jens GIESEKE;EPP;Germany;[];Member;;Austausch zur EU-Politik;Lions Osnabrück;Videokonferenz;02/11/20
124807;Jens GIESEKE;EPP;Germany;[];Member;;Informationsgespräch zum Thema Wassermanagement;Landwirtschaftskammer Niedersachsen;Telefonat;27/10/20
124807;Jens GIESEKE;EPP;Germany;['TRAN'];Rapporteur;;Austausch zur EU-Verkehrspolitik;Flughafen München GmbH;Telefonat;15/10/20
124807;Jens GIESEKE;EPP;Germany;[];Member;;Austausch zur EU-Verkehrspolitik;Deutsche Flugsicherung GmBH;Telefonat;15/10/20
124807;Jens GIESEKE;EPP;Germany;[];Member;;Austausch zur Kreislaufwirtschaft;WV Stahl;Telefonat;14/10/20
124807;Jens GIESEKE;EPP;Germany;[];Member;;Austausch zur EU-Industriepolitik;ISP Salzbergen GmBH & CO.KG;Telefonat;12/10/20
124807;Jens GIESEKE;EPP;Germany;[];Member;;Austausch zu Spitzentechnologie;Forschungszentrum Jülich;Jülich;12/10/20
124807;Jens GIESEKE;EPP;Germany;[];Member;;KMU-Kreis / Austausch zu Corona und der Situation der KMUs;Business Europe, European Entrepreneurs;online;05/10/20
124807;Jens GIESEKE;EPP;Germany;[];Member;;Podiumsdiskussion zum Green Deal;Wintershall Dea;Online;28/09/20
124807;Jens GIESEKE;EPP;Germany;[];Member;;Runder Tisch zur Meyer-Werft;Meyer-Werft, IG Metall;Papenburg;11/09/20
124807;Jens GIESEKE;EPP;Germany;['TRAN'];Rapporteur;;Austausch zu TEN-T;"""European Construction Industry Federation, Zentralverband des deutschen Baugewerbes, Hauptverband der Deutschen Bauindustrie """;Telefonat;10/09/20
124807;Jens GIESEKE;EPP;Germany;['ITRE'];Shadow rapporteur;;Austausch zur SME Strategie;European Sustainable Business Federation;Telefonat;09/09/20
124807;Jens GIESEKE;EPP;Germany;['ITRE'];Shadow rapporteur;;Austausch zur SME Strategie;BusinessEurope;Telefonat;09/09/20
124807;Jens GIESEKE;EPP;Germany;[];Member;;Austausch zur EU-Umweltpolitik;Verband der Chemischen Industrie;Salzbergen;31/08/20
124807;Jens GIESEKE;EPP;Germany;[];Member;;"Bündnis ""Frauen in die Politik""";"Bündnis ""Frauen in die Politik""";Salzbergen;31/08/20
124807;Jens GIESEKE;EPP;Germany;['ITRE'];Shadow rapporteur;;Abgesagt: Austausch zur SME Strategie;BusinessEurope;Telefonat;15/07/20
124807;Jens GIESEKE;EPP;Germany;[];Member;;Austausch zum Green Deal;IW Köln, Verband der Chemischen Industrie;Webinar;09/07/20
124807;Jens GIESEKE;EPP;Germany;[];Member;;Austausch zu CoV19;VW;Telefonat;08/07/20
124807;Jens GIESEKE;EPP;Germany;[];Member;;Austausch zur EU-Umweltpolitik;WV Stahl;Telefonat;07/07/20
124807;Jens GIESEKE;EPP;Germany;[];Member;;Austausch zur EU-Politik;Stiftung Wirtschaftsethik;Telefonat;06/07/20
124807;Jens GIESEKE;EPP;Germany;[];Member;;Austausch zur EU-Verkehrspolitik;Verband der Automobilindustrie;Telefonat;01/07/20
124807;Jens GIESEKE;EPP;Germany;[];Member;;Austausch zur EU-Politik;Nord Stream 2;Telefonat;18/06/20
124807;Jens GIESEKE;EPP;Germany;[];Member;;Austausch zu CoV19;ZF Friedrichshafen AG;Telefonat;09/06/20
124807;Jens GIESEKE;EPP;Germany;[];Member;;Austausch zum Green Deal;Anglo American;Telefonat;09/06/20
124807;Jens GIESEKE;EPP;Germany;[];Member;;Austausch zu CoV19;Lufthansa Group;Telefonat;02/06/20
124807;Jens GIESEKE;EPP;Germany;[];Member;;Austausch zur EU-Umweltpolitik;Arbeitsgemeinschaft PVC und UMWELT e.V.;Telefonat;26/05/20
124807;Jens GIESEKE;EPP;Germany;[];Member;;Austausch zur EU-Verkehrspolitik;Charge Up Europe;Telefonat;19/05/20
124807;Jens GIESEKE;EPP;Germany;[];Member;;Austausch zur EU-Politik;EU vertegenwoordiger provincie Overijssel;Telefonat;15/05/20
124807;Jens GIESEKE;EPP;Germany;[];Member;;Austausch zu CoV19;VW;Telefonat;14/05/20
124807;Jens GIESEKE;EPP;Germany;[];Member;;Austausch zur EU-Agrarpolitik;Kellogg Deutschland;Telefonat;12/05/20
124807;Jens GIESEKE;EPP;Germany;[];Member;;Austausch zur EU-Umweltpolitik;Sustainable Mobility European Platform;Telefonat;12/05/20
124807;Jens GIESEKE;EPP;Germany;[];Member;;Austausch zu CoV19;Verband der Automobilindustrie;Telefonat;06/05/20
124807;Jens GIESEKE;EPP;Germany;[];Member;;Austausch zur Lage der Menschenrechte in  Guatemala;Peace Brigades International;Telefonat;06/05/20
124807;Jens GIESEKE;EPP;Germany;[];Member;;Austausch zu CoV19;European Boating Industry;Telefonat;04/05/20
124807;Jens GIESEKE;EPP;Germany;[];Member;;Austausch zu CoV19;TUI;Telefonat;27/04/20
124807;Jens GIESEKE;EPP;Germany;[];Member;;Austausch zur EU-Verkehrspolitik;Arbeitsgemeinschaft Deutscher Verkehrsflughäfen;Telefonat;22/04/20
124807;Jens GIESEKE;EPP;Germany;[];Member;;Austausch zu CoV19;Alswede Spargelhof, Gemüseanbau Mählmann, Spargelhof Niehaus;Löningen, Menslage, Cappeln;20/04/20
124807;Jens GIESEKE;EPP;Germany;[];Member;;Austausch zu CoV19;Lufthansa Group;Telefonat;15/04/20
124807;Jens GIESEKE;EPP;Germany;[];Member;;Austausch zur EU-Industriestrategie;Cambridge University Institute  for Sustainability Leadership;Telefonat;14/04/20
124807;Jens GIESEKE;EPP;Germany;[];Member;;Austausch zur EU-Politik;Costa-Group;Brüssel;07/04/20
124807;Jens GIESEKE;EPP;Germany;[];Member;;Austausch zur EU-Politik;Lufthansa Group;Brüssel;10/03/20
124807;Jens GIESEKE;EPP;Germany;[];Member;;Austausch zur EU-Politik;Zentralverband Deutsches KFZ-Gewerbe;Brüssel;03/03/20
124807;Jens GIESEKE;EPP;Germany;[];Member;;Austausch zur EU-Politik;Airlines for Europe;Brüssel;02/03/20
124807;Jens GIESEKE;EPP;Germany;[];Member;;Austausch zu Hilfsprojekt;Belu-Ugandahilfe;Sögel;21/02/20
124807;Jens GIESEKE;EPP;Germany;[];Member;;Austausch zur EU-Verkehrspolitik;Boeing;Brüssel;20/02/20
124807;Jens GIESEKE;EPP;Germany;[];Member;;Austausch zur EU-Politik;Industrie- und Handelskammer;Brüssel;19/02/20
124807;Jens GIESEKE;EPP;Germany;[];Member;;Austausch über die deutsche Ratspräsidentschaft;Bundesverband der Deutschen Luftverkehrswirtschaft;Brüssel;19/02/20
124807;Jens GIESEKE;EPP;Germany;[];Member;;Austausch zur Lage der Menschenrechte in  Guatemala;Peace Brigades International;Brüssel;18/02/20
124807;Jens GIESEKE;EPP;Germany;[];Member;;Austausch zur EU-Politik;Nord Stream 2;Brüssel;18/02/20
124807;Jens GIESEKE;EPP;Germany;[];Member;;Austausch zu Hilfsprojekt;Belu-Ugandahilfe;Telefonat;17/02/20
124807;Jens GIESEKE;EPP;Germany;[];Member;;Austausch zur EU-Politik;Verband der Automobilindustrie;Straßburg;11/02/20
124807;Jens GIESEKE;EPP;Germany;[];Member;;Austausch zur EU-Politik;International Association of Oil and Gas Producers, NOVE;Straßburg;11/02/20
124807;Jens GIESEKE;EPP;Germany;[];Member;;Austausch zur EU-Sozialpolitik;Deutscher Gewerkschaftsbund;Brüssel;05/02/20
124807;Jens GIESEKE;EPP;Germany;[];Member;;Austausch zur EU-Gesundheitspolitik;Bundesverband der pharmazeutischen Industrie;Brüssel;05/02/20
124807;Jens GIESEKE;EPP;Germany;[];Member;;Austausch zur EU-Gesundheitspolitik;European Society for Medical Oncology;Brüssel;05/02/20
124807;Jens GIESEKE;EPP;Germany;[];Member;;Austausch zur EU-Politik;Bundesverband Deutscher Omnibusunternehmer;Brüssel;05/02/20
124807;Jens GIESEKE;EPP;Germany;[];Member;;Austausch zur EU-Verkehrspolitik;Bundeslotsenkammer;Brüssel;05/02/20
124807;Jens GIESEKE;EPP;Germany;[];Member;;Austausch zur Luftfahrt;Airlines for America;Brüssel;29/01/20
124807;Jens GIESEKE;EPP;Germany;[];Member;;Austausch zur Schiffahrt;Royal Caribbean Cruises, Fipra International;Brüssel;29/01/20
124807;Jens GIESEKE;EPP;Germany;[];Member;;Austausch zu KMUs;Intergraf;Brüssel;28/01/20
124807;Jens GIESEKE;EPP;Germany;[];Member;;Neujahrsempfang;VW;Brüssel;27/01/20
124807;Jens GIESEKE;EPP;Germany;[];Member;;Austausch zur EU-Politik;Eurelectric;Brüssel;22/01/20
124807;Jens GIESEKE;EPP;Germany;[];Member;;Austausch zur EU-Politik;Marketing Gesellschaft der niedersächsischen Land- und Ernährungswirtschaft;Berlin;22/01/20
124807;Jens GIESEKE;EPP;Germany;[];Member;;Austausch zur Gesundeitspolitik der EU;Landesvertretung Baden-Württemberg;Brüssel;21/01/20
124807;Jens GIESEKE;EPP;Germany;[];Member;;Austausch zu KMUs;Industrie- und Handelskammer, Enterprise Europe Network, Wirtschaftskammer Österreich;Brüssel;21/01/20
124807;Jens GIESEKE;EPP;Germany;[];Member;;Austausch zur EU-Politik;Rail Forum Europe;Brüssel;20/01/20
124807;Jens GIESEKE;EPP;Germany;[];Member;;Austausch zur EU-Politik;BASF, European Chemical Industry Council;Straßburg;15/01/20
124807;Jens GIESEKE;EPP;Germany;[];Member;;Austausch zur EU-Politik;European Society for Medical Oncology;Straßburg;15/01/20
124807;Jens GIESEKE;EPP;Germany;[];Member;;Austausch zum Green Deal;Eurometaux;Straßburg;14/01/20
124807;Jens GIESEKE;EPP;Germany;[];Member;;Austausch mit dem Botschafter von Taiwan;Taipei Representative Office in the EU and Belgium;Straßburg;14/01/20
124807;Jens GIESEKE;EPP;Germany;[];Member;;Austausch zur EU-Politik;International Airlines Group;Brüssel;08/01/20
124807;Jens GIESEKE;EPP;Germany;[];Member;;Austausch zur Rechtsstaatlichkeit in Guatemala;"""International Federation  for Human Rights""";Brüssel;07/01/20
124807;Jens GIESEKE;EPP;Germany;[];Member;;Austausch zur EU-Politik;BASF;Brüssel;07/01/20
125204;Borja GIMÉNEZ LARRAZ;EPP;Spain;['TRAN'];Member;;Grupo Abertis' priorities;Grupo Abertis;Brussels;25/09/24
125204;Borja GIMÉNEZ LARRAZ;EPP;Spain;[];Member;;Deloitte priorities;Deloitte;Strasbourg;17/09/24
125204;Borja GIMÉNEZ LARRAZ;EPP;Spain;['TRAN'];Member;;Confederación Española de Agencias de Viaje (CEAV) 's priorities;Confederación Española de Agencias de Viaje (CEAV);European Parliament;16/09/24
125204;Borja GIMÉNEZ LARRAZ;EPP;Spain;['TRAN'];Member;;INDITEX priorities;INDITEX;European Parliament;12/09/24
125204;Borja GIMÉNEZ LARRAZ;EPP;Spain;['TRAN'];Member;;Meeting with Consejería de Transportes de la Representación Permanente de España ante la Unión Europea (REPER);Consejería de Transportes REPER;European Parliament (11E168);11/09/24
125204;Borja GIMÉNEZ LARRAZ;EPP;Spain;['TRAN'];Member;;International Airlines Group (IAG) priorities;International Airlines Group (IAG);European Parliament;11/09/24
125204;Borja GIMÉNEZ LARRAZ;EPP;Spain;['TRAN'];Member;;CEPSA Priorities;CEPSA;European Parliament (10E217);10/09/24
125204;Borja GIMÉNEZ LARRAZ;EPP;Spain;[];Member;;Atresmedia priorities;Atresmedia Corporación de Medios de Comunicación, S.A.;European Parliament (10E217);10/09/24
125204;Borja GIMÉNEZ LARRAZ;EPP;Spain;[];Member;;Iranian women representatives;NCRI Womens Committee;European Parliament (10E217);10/09/24
125204;Borja GIMÉNEZ LARRAZ;EPP;Spain;['INTA'];Member;;ACT Media Priorities;Association of Commercial Television and Video on Demand Services in Europe;European Parliament;28/08/24
202036;Sunčana GLAVAK;EPP;Croatia;[];Member;;Meeting on the situation in the European Public Media and Broadcasting sector;EBU-UER (European Broadcasting Union);European Parliament Strasbourg;09/10/24
202036;Sunčana GLAVAK;EPP;Croatia;[];Member;;Meeting on EU policies impacting the music industry;HRVATSKA DISKOGRAFSKA UDRUGA - HDU IFPI CROATIA;European Parliament, Strasbourg;08/10/24
202036;Sunčana GLAVAK;EPP;Croatia;[];Member;;Meeting on toy safety standards in the EU;Toy Industries of Europe;Online meeting;02/10/24
202036;Sunčana GLAVAK;EPP;Croatia;[];Member;;Meeting on the challenges of EUs mineral fertilizers industry;LAT Nitrogen Belgium BV;European Parliament, Brussels;01/10/24
202036;Sunčana GLAVAK;EPP;Croatia;[];Member;;Meeting on EU policies impacting the music industry;IFPI Representing recording industry worldwide, Warner Music Group;European Parliament, Brussels;26/09/24
202036;Sunčana GLAVAK;EPP;Croatia;[];Member;;Meeting on political content on TikTok;TikTok Technology Ltd;Online;26/09/24
202036;Sunčana GLAVAK;EPP;Croatia;[];Member;;Meeting on Open source AI;Meta Platforms Ireland Limited and its various subsidiaries;European Parliament Brussels;24/09/24
202036;Sunčana GLAVAK;EPP;Croatia;[];Member;;Meeting on industrial decarbonisation and strengthening the EU circular economy;European Aluminium AISBL;European Parliament, Brussels;24/09/24
202036;Sunčana GLAVAK;EPP;Croatia;[];Member;;Meeting on issues related to audiovisual sector, including AI, content protection and connectivity;Motion Picture Association EMEA;EP Strasbourg;17/09/24
202036;Sunčana GLAVAK;EPP;Croatia;[];Member;;Discussion on measures for greater protection of children from harm on social media;People vs Big Tech;Online;12/09/24
197443;Andreas GLÜCK;RE;Germany;['ITRE'];Member;;Energy Policy;Vulcan Energie Ressourcen;Brussels;09/10/24
197443;Andreas GLÜCK;RE;Germany;['ENVI'];Member;;Climate and Environment Policy;Verband Kommunaler Unternehmen e.V.;Brussels;02/10/24
197443;Andreas GLÜCK;RE;Germany;['ITRE'];Member;;Health Policy;Siemens Healthineers AG;online;02/10/24
197443;Andreas GLÜCK;RE;Germany;['ENVI'];Member;;Climate and Environment Policy;Verband der Automobilindustrie;Brussels;01/10/24
197443;Andreas GLÜCK;RE;Germany;['ENVI'];Member;;Climate and Environment Policy;Papier-Kettler KG;Morbach;26/09/24
197443;Andreas GLÜCK;RE;Germany;['ITRE'];Member;;Energy and Climate Policy;Stuttgart Group;Brussels;25/09/24
197443;Andreas GLÜCK;RE;Germany;['ENVI'];Member;;Climate and Environment Policy;Arbeitsgemeinschaft Deutscher Verkehrsflughäfen e. V.;Straßburg;18/09/24
197443;Andreas GLÜCK;RE;Germany;['ENVI'];Member;;Energy and Climate Policy;ExxonMobil Petroleum & Chemical BV;Straßburg;18/09/24
197443;Andreas GLÜCK;RE;Germany;['ITRE'];Member;;Energy and Climate Policy;Lausitz Energie Kraftwerke AG (LEAG);Brussels;12/09/24
197443;Andreas GLÜCK;RE;Germany;['ITRE'];Member;;Energy and Climate Policy;Clean Air Task Force, Inc.;Online;09/09/24
197443;Andreas GLÜCK;RE;Germany;['ENVI'];Shadow rapporteur;;EU Hydrogen Strategy;Hydrogen Europe;Online;12/11/20
197443;Andreas GLÜCK;RE;Germany;['ENVI'];Shadow rapporteur;;EU Hydrogen Strategy;Shell;Online;12/11/20
197443;Andreas GLÜCK;RE;Germany;['ENVI'];Shadow rapporteur;;EU Hydrogen Strategy;Eurogas;Online;04/11/20
197443;Andreas GLÜCK;RE;Germany;['ENVI'];Shadow rapporteur;;EU Hydrogen Strategy;European Environmental Bureau (EEB);Online;04/11/20
197443;Andreas GLÜCK;RE;Germany;['ENVI'];Shadow rapporteur;;EU Hydrogen Strategy;Wirtschaftsvereinigung Stahl;Online;04/11/20
197443;Andreas GLÜCK;RE;Germany;['ENVI'];Shadow rapporteur;;EU Hydrogen Strategy;Verband der Chemischen Industrie (VCI);Online;04/11/20
197443;Andreas GLÜCK;RE;Germany;['ENVI'];Shadow rapporteur;;EU Hydrogen Strategy;BASF;Online;04/11/20
197443;Andreas GLÜCK;RE;Germany;['ENVI'];Shadow rapporteur;;EU Hydrogen Strategy;EIfER (European Institute for Energy Research), EDF Group (Électricité de France);Online;22/10/20
197694;Raphaël GLUCKSMANN;S&D;France;['INTA'];Member;;Aluminium;European Aluminium AISBL;Brussels;10/10/24
197694;Raphaël GLUCKSMANN;S&D;France;['INTA'];Member;;Steel;ArcelorMittal;Online;27/09/24
197694;Raphaël GLUCKSMANN;S&D;France;['INTA'];Member;;Trade;European Trade Justice Coalition (formerly S2B);Brussels;26/09/24
197694;Raphaël GLUCKSMANN;S&D;France;['SEDE'];Member;;Defense industry;SAFRAN;Brussels;25/09/24
197694;Raphaël GLUCKSMANN;S&D;France;['AFET'];Member;;HR in Israel- Palestine;Ofek: The Israeli Center for Public Affairs;Brussels;24/09/24
197694;Raphaël GLUCKSMANN;S&D;France;['INTA'];Member;;Trade;Australian Embassy;Brussels;24/09/24
197694;Raphaël GLUCKSMANN;S&D;France;['AFET'];Member;;HR in Israel and Palestine;European Coordination of Committees and Associations for Palestine;Brussels;23/09/24
197694;Raphaël GLUCKSMANN;S&D;France;['INTA'];Member;;Steel;The European Steel Association;Strasbourg;19/09/24
197694;Raphaël GLUCKSMANN;S&D;France;['INTA'];Member;;Competitiveness;Mouvement des Entreprises de France;Strasbourg;17/09/24
197694;Raphaël GLUCKSMANN;S&D;France;['SEDE'];Member;;Defense industry & trade;Airbus;Brussels;16/09/24
197694;Raphaël GLUCKSMANN;S&D;France;['AFET'];Member;;Courtesy meeting;India embassy / Brussels;Online;01/12/20
197694;Raphaël GLUCKSMANN;S&D;France;['AFET'];Member;;Human rights violations in China;Uyghur Tribunal;Online;26/11/20
197694;Raphaël GLUCKSMANN;S&D;France;['INGE'];Committee chair;;INGE;EU DisinfoLab;Visio;25/11/20
197694;Raphaël GLUCKSMANN;S&D;France;['INGE'];Committee chair;;INGE;Dossier Center;Visio;19/11/20
197694;Raphaël GLUCKSMANN;S&D;France;['INGE'];Committee chair;;INGE;Alliance for Securing Democracy;Visio;17/11/20
197694;Raphaël GLUCKSMANN;S&D;France;['INGE'];Committee chair;;INGE;The European Regulators Group for Audiovisual Media Services;Visio;17/11/20
197694;Raphaël GLUCKSMANN;S&D;France;['INTA'];Member;;GSP Reform;GSP Hub;Online;10/11/20
197694;Raphaël GLUCKSMANN;S&D;France;['INGE'];Committee chair;;INGE;France Permanent Representation;Online;09/11/20
197694;Raphaël GLUCKSMANN;S&D;France;['INGE'];Committee chair;;INGE;Network for the Open Information Partnership;Visio;09/11/20
197694;Raphaël GLUCKSMANN;S&D;France;['INGE'];Committee chair;;INGE;Reporters sans frontières;Visio;19/10/20
197694;Raphaël GLUCKSMANN;S&D;France;['AFET'];Rapporteur;;Human Rights due diligence legislation;Global Witness, Oxfam, ECCJ, FIDH, Sherpa, AntiSlaveryInternational, Clean Clothes Campaign, Human Rights Watch;Online;10/07/20
197694;Raphaël GLUCKSMANN;S&D;France;[];Member;;Memorial project of Holocaust in Ukraine and Eastern Europe;BYHMC Babyn Yar Holocaust Memorial Centre;Bruxelles;07/07/20
197694;Raphaël GLUCKSMANN;S&D;France;['AFET'];Rapporteur;;Due diligence in the textile sector;Toni Garcia (NIKE Government & Public Affairs);Online;02/07/20
197694;Raphaël GLUCKSMANN;S&D;France;['AFET'];Rapporteur;;Human rights due diligence Legislation;ECCHR - European Centre for Constitutional and Human Rights;Online;02/07/20
197694;Raphaël GLUCKSMANN;S&D;France;['INTA'];Member;;HR impact of EU Trade agreement with Colombia, Peru and Ecuador;Leyner Palacios - Platform HR, Democracy and Development, Diana Sanchez - Minga;Online;30/06/20
197694;Raphaël GLUCKSMANN;S&D;France;['AFET', 'INTA'];Member;;Processus d'évaluation de l'accord commercial UE-Colombie;OIDHACO;Online;30/06/20
197694;Raphaël GLUCKSMANN;S&D;France;['AFET'];Rapporteur;;Human Rights due diligence in the textile sector;Lacoste;Paris;26/06/20
197694;Raphaël GLUCKSMANN;S&D;France;['AFET'];Rapporteur;;Human Rights due diligence in the textile sector;Manuel Pauser - ADIDAS Global Government Affairs;Online;16/06/20
197694;Raphaël GLUCKSMANN;S&D;France;['AFET'];Rapporteur;;Human Rights due diligence Legislation;SHERPA;Online;09/06/20
197694;Raphaël GLUCKSMANN;S&D;France;['AFET'];Member;;Global coordination in Covid-19 response;Taiwan Embassy in France;Online;04/06/20
197694;Raphaël GLUCKSMANN;S&D;France;['AFET'];Rapporteur;;Human Rights due diligence Legislation;Richard Gardiner - Global Witness;Online;03/06/20
197694;Raphaël GLUCKSMANN;S&D;France;['INTA'];Member;;Système de préférences généralisées;Union des industries textiles;Online;25/05/20
197694;Raphaël GLUCKSMANN;S&D;France;['AFET'];Rapporteur;;Human Rights due diligence legislation;Filip Gregor - Frank Bold;Online;20/05/20
197694;Raphaël GLUCKSMANN;S&D;France;['AFET'];Member;;HR and Rule of Law in Hong-Kong;Sam Goodman - Hong Kong Watch;Online;06/05/20
197694;Raphaël GLUCKSMANN;S&D;France;['AFET'];Member;;International Sanctions on Russia;Sanction2020 Campaign;Online;05/05/20
197694;Raphaël GLUCKSMANN;S&D;France;['AFET', 'INTA'];Member;;GSP reform;GSP Platform;Online;03/04/20
197694;Raphaël GLUCKSMANN;S&D;France;['AFET'];Member;;Global coordination on Covid-19 response;South Korea Embassy to the EU;Online;23/03/20
197694;Raphaël GLUCKSMANN;S&D;France;['AFET'];Member;;Global coordination on Covid-19 response;Taïwan Embassy to the EU;Online;18/03/20
197694;Raphaël GLUCKSMANN;S&D;France;[];Member;;Rôle et responsabilité sociale et environementale des entreprises à mission;MAIF;EP Bruxelles;05/03/20
197694;Raphaël GLUCKSMANN;S&D;France;[];Member;;Droit des travailleurs;confédération européenne des syndicats (CES);EP Bruxelles;04/03/20
197694;Raphaël GLUCKSMANN;S&D;France;[];Member;;Droit des migrants;Conseil National des Barreaux;EP Strasbourg;11/02/20
197694;Raphaël GLUCKSMANN;S&D;France;[];Member;;HR in China;China Tribunal - ETAC;EP Bruxelles;29/01/20
197694;Raphaël GLUCKSMANN;S&D;France;[];Member;;Disinformation;EU DisinfoLAB;EP Bruxelles;28/01/20
197694;Raphaël GLUCKSMANN;S&D;France;[];Member;;HR in Georgia;Georgian Ambassador to the EU;EP Bruxelles;28/01/20
197694;Raphaël GLUCKSMANN;S&D;France;['AFET'];Member;;Hong Kong;Stand with Hong Kong group;EP Bruxelles;22/01/20
197694;Raphaël GLUCKSMANN;S&D;France;['AFET'];Member;;Human rights in Turkey;Collectif DDH;EP Bruxelles;21/01/20
197694;Raphaël GLUCKSMANN;S&D;France;['AFET'];Member;;Taiwan;Taipei Representative Office in the EU and Belgium;EP Strasbourg;15/01/20
840;Charles GOERENS;RE;Luxembourg;['DEVE'];Member;;Gaza - UNRWA;UNRWA;European Parliament Strasbourg;08/10/24
840;Charles GOERENS;RE;Luxembourg;['AGRI'];Member;;OACPS banana producers;Afruibana;Bruxelles;01/10/24
840;Charles GOERENS;RE;Luxembourg;[];Member;;European asylum policy;Refugee affected by European asylum policy;Brussels;30/09/24
840;Charles GOERENS;RE;Luxembourg;['AGRI'];Member;;Future of EU Agriculture (Trade agreements and enlargement);Confédération Internationale des Betteraviers Européens (CIBE);Brussels;25/09/24
840;Charles GOERENS;RE;Luxembourg;['DEVE'];Member;;World Hunger;United Nations World Food Programme;Brussels European Parliament;25/09/24
840;Charles GOERENS;RE;Luxembourg;[];Member;;Meeting with GAVI;Gavi, the Vaccine Alliance;Brussels European Parliament;24/09/24
840;Charles GOERENS;RE;Luxembourg;['DEVE'];Member;;Humanitarian action and development in the EU’s external actions;Caritas Europa;European Parliament;23/09/24
840;Charles GOERENS;RE;Luxembourg;[];Member;;The political situation in Iran;Activist;Brussels;23/09/24
840;Charles GOERENS;RE;Luxembourg;['DEVE'];Member;;Maasai's in Tanzania;Survival International;Strasbourg;17/09/24
840;Charles GOERENS;RE;Luxembourg;['AGRI'];Member;;Agricultural policies in Africa;European Visitors Program;Strasbourg;17/09/24
256919;Christophe GOMART;EPP;France;[];Member;;Industrie de défense européenne;MBDA;Paris;11/10/24
256919;Christophe GOMART;EPP;France;[];Member;;Commémoration des victimes du terrorisme;European Leadership Network;Israel;07/10/24
256919;Christophe GOMART;EPP;France;[];Member;;Industrie de défense européenne;Airbus;Paris;04/10/24
256919;Christophe GOMART;EPP;France;[];Member;;Prise de contact;Fédération bancaire française;Brussels;25/09/24
256919;Christophe GOMART;EPP;France;[];Member;;Industrie de défense terrestre européenne;Groupement des Industries Françaises de Défense et de Sécurité Terrestres et Aéroterrestres;Paris;20/09/24
256919;Christophe GOMART;EPP;France;[];Member;;Industrie de défense aéronautique et spatiale européenne;Groupement des Industries Françaises Aéronautiques et Spatiales;Paris;20/09/24
256919;Christophe GOMART;EPP;France;[];Member;;Industrie de défense européenne;Association Française des Marchés Financiers;Paris;20/09/24
256919;Christophe GOMART;EPP;France;[];Member;;Programme Défense du CEA;Commissariat à l'Energie atomique et aux énergies alternatives;Bruxelles;10/09/24
257079;Sérgio GONÇALVES;S&D;Portugal;['TRAN'];Member;;Priorities for this mandate in the TRAN Committee;Neste Oyj;Brussels;03/10/24
257079;Sérgio GONÇALVES;S&D;Portugal;['TRAN'];Member;;Priorities for this mandate;Airbnb Ireland UC;European Parliament;02/10/24
257079;Sérgio GONÇALVES;S&D;Portugal;['REGI'];Member;;Priorities for this mandate;Associação de Vinhos e Espirituosas de Portugal;European Parliament;02/10/24
257079;Sérgio GONÇALVES;S&D;Portugal;['REGI'];Member;;Priorities for this mandate;SIBS SGPS, SA;European Parliament;01/10/24
257079;Sérgio GONÇALVES;S&D;Portugal;['D-ZA'];Member;;Priorities for this mandate;CIDSE - International Alliance of Catholic social justice organisations;European Parliament;27/09/24
257079;Sérgio GONÇALVES;S&D;Portugal;['TRAN'];Member;;Priorities for this mandate in the TRAN Committee;HOTREC, Hotels, Restaurants & Cafés in Europe;European Parliament;26/09/24
257079;Sérgio GONÇALVES;S&D;Portugal;['TRAN'];Member;;Road Safety;European Transport Safety Council;European Parliament;26/09/24
257079;Sérgio GONÇALVES;S&D;Portugal;['TRAN'];Member;;Priorities for this mandate in the TRAN Committee;Ryanair Holdings;European Parliament;25/09/24
257079;Sérgio GONÇALVES;S&D;Portugal;['PECH'];Member;;Priorities for this mandate;Sciaena - Ocean # Conservation # Awareness;European Parliament;24/09/24
257079;Sérgio GONÇALVES;S&D;Portugal;['TRAN'];Member;;Priorities for this mandate;vöwg;European Parliament;12/09/24
197718;Nicolás GONZÁLEZ CASARES;S&D;Spain;['ITRE'];Member;;Hearings of commissioners-designate;Ekaterina Zaharieva;European Parliament;09/10/24
197718;Nicolás GONZÁLEZ CASARES;S&D;Spain;['ITRE'];Member;;Automotive sector;ACEA;European Parliament;09/10/24
197718;Nicolás GONZÁLEZ CASARES;S&D;Spain;['ITRE'];Member;;Energy transition;smartEn Smart Energy Europe;European Parliament;08/10/24
197718;Nicolás GONZÁLEZ CASARES;S&D;Spain;['ITRE'];Member;;Green transition;Ecologistas en Accion;European Parliament;02/10/24
197718;Nicolás GONZÁLEZ CASARES;S&D;Spain;['PECH'];Member;;Hearings of commissioners-designate;Costas Kadis;European Parliament;02/10/24
197718;Nicolás GONZÁLEZ CASARES;S&D;Spain;['ITRE'];Member;;Hearings of commissioners-designate;Dan Jørgensen;European Parliament;26/09/24
197718;Nicolás GONZÁLEZ CASARES;S&D;Spain;['ITRE'];Member;;Energy transition;European Environmental Bureau;European Parliament;25/09/24
197718;Nicolás GONZÁLEZ CASARES;S&D;Spain;['ITRE'];Member;;Energy transition;Veolia Environnement;European Parliament;25/09/24
197718;Nicolás GONZÁLEZ CASARES;S&D;Spain;['ITRE'];Member;;Energy transition;FUNDACION RENOVABLES;European Parliament;25/09/24
197718;Nicolás GONZÁLEZ CASARES;S&D;Spain;['ITRE'];Member;;Energy transition;Bioenergy Europe;European Parliament;25/09/24
197718;Nicolás GONZÁLEZ CASARES;S&D;Spain;['BECA'];Shadow rapporteur;;BECA Committee;Asociación Española Contra el Cáncer (AECC);online;22/12/20
197718;Nicolás GONZÁLEZ CASARES;S&D;Spain;['ITRE'];Shadow rapporteur;;EU Energy Sector Integration;EDF;online;17/12/20
197718;Nicolás GONZÁLEZ CASARES;S&D;Spain;['ENVI'];Rapporteur;;European Medicines Agency;Agencia Española de Medicamentos y Productos Sanitarios;Online;15/12/20
197718;Nicolás GONZÁLEZ CASARES;S&D;Spain;['ITRE'];Shadow rapporteur;;EU Energy Sector Integration;Gas Infrastructure Europe (gie);online;02/12/20
197718;Nicolás GONZÁLEZ CASARES;S&D;Spain;['ITRE'];Shadow rapporteur;;European energy sector integration strategy;European Heating Industry (ehi);online;23/11/20
197718;Nicolás GONZÁLEZ CASARES;S&D;Spain;['BECA'];Shadow rapporteur;;BECA Committee;Advanced Accelerator Applications;Online;17/11/20
197718;Nicolás GONZÁLEZ CASARES;S&D;Spain;['ITRE'];Shadow rapporteur;;European Energy Sector Integration;The European Association for Storage of Energy (EASE);online;06/11/20
197718;Nicolás GONZÁLEZ CASARES;S&D;Spain;['BECA'];Shadow rapporteur;;BECA Committee;MSD Vaccines;Online;05/11/20
197718;Nicolás GONZÁLEZ CASARES;S&D;Spain;['BECA'];Shadow rapporteur;;BECA Committee;Bayer Pharmaceuticals;Online;04/11/20
197718;Nicolás GONZÁLEZ CASARES;S&D;Spain;['ITRE'];Shadow rapporteur;;European Strategy for Energy System Integration;IOGP;online;27/10/20
197718;Nicolás GONZÁLEZ CASARES;S&D;Spain;['ITRE'];Shadow rapporteur;;Fishing sector of offshore windfarms and other renewable energy systems;Fundación Asturiana de la Energía;online;14/10/20
197718;Nicolás GONZÁLEZ CASARES;S&D;Spain;['BECA'];Shadow rapporteur;;Special Committee on Beating Cancer;GSK;Online;13/10/20
197718;Nicolás GONZÁLEZ CASARES;S&D;Spain;['ITRE'];Shadow rapporteur;;European Strategy for Energy System Integration;ENGIE;online;07/10/20
197718;Nicolás GONZÁLEZ CASARES;S&D;Spain;['ITRE'];Shadow rapporteur;;European Strategy for Energy System Integration;E3G;Online;22/09/20
197718;Nicolás GONZÁLEZ CASARES;S&D;Spain;['ITRE'];Shadow rapporteur;;European Climate Law;Greenpeace;online;31/08/20
197718;Nicolás GONZÁLEZ CASARES;S&D;Spain;['ITRE'];Shadow rapporteur;;European Climate Law;DG CLIMA;online;17/06/20
197718;Nicolás GONZÁLEZ CASARES;S&D;Spain;['ITRE'];Shadow rapporteur;;Climate Law;IKEA;online;12/06/20
197718;Nicolás GONZÁLEZ CASARES;S&D;Spain;['ITRE'];Shadow rapporteur;;Climate Law;Shell;online;02/06/20
197718;Nicolás GONZÁLEZ CASARES;S&D;Spain;['ITRE'];Shadow rapporteur;;Climate Law, other legislation;European Alliance to Save Energy (EU-ASE);online;27/05/20
197718;Nicolás GONZÁLEZ CASARES;S&D;Spain;['ITRE'];Shadow rapporteur;;Energy legislation;Naturgy;online;25/05/20
197718;Nicolás GONZÁLEZ CASARES;S&D;Spain;['ITRE'];Shadow rapporteur;;Climate Law, other legislation;SolarPower Europe;online;20/05/20
257102;Giorgio GORI;S&D;Italy;[];Member;;General presentation and priorities;Dalmine S.p.A.;European Parliament;10/09/24
257102;Giorgio GORI;S&D;Italy;[];Member;;First contatct;Withub SPA;European Parliament;10/09/24
97399;Dirk GOTINK;EPP;Netherlands;['ECON'];Member;;Banking Regulation, Capital Markets Union, Digital Euro;Deutsche Bank AG;Strasbourg;09/10/24
97399;Dirk GOTINK;EPP;Netherlands;['ECON'];Member;;banking reform and supervision;Finance Watch;Brussels;02/10/24
97399;Dirk GOTINK;EPP;Netherlands;['ECON'];Member;;EU priorities and policies related to payment systems;The European Digital Payments Industry Alliance;Brussels;26/09/24
97399;Dirk GOTINK;EPP;Netherlands;['ECON'];Member;;EU capital markets regulation;AIMA;Brussels;26/09/24
97399;Dirk GOTINK;EPP;Netherlands;['ECON'];Member;;ECON;Stichting Ons Geld;Brussels;26/09/24
97399;Dirk GOTINK;EPP;Netherlands;['IMCO'];Member;;IMCO files;VNO-NCW | MKB-Nederland;Brussels;25/09/24
97399;Dirk GOTINK;EPP;Netherlands;['IMCO'];Member;;Digital Infrastructure;Rasmussen Global;Brussels;25/09/24
97399;Dirk GOTINK;EPP;Netherlands;['ECON'];Member;;Bankenwetgeving;Nederlandse Vereniging van Banken / Dutch Banking Association;Brussels;25/09/24
97399;Dirk GOTINK;EPP;Netherlands;[];Member;;Evenement Grensoverschrijdende samenwerking;Huis van de Nederlandse Provincies;Brussels;11/09/24
97399;Dirk GOTINK;EPP;Netherlands;['IMCO'];Member;;IMCO;Ahold Delhaize;Brussels;09/09/24
124785;Maria GRAPINI;S&D;Romania;[];Member;;Siguranței rutiera, un obiectiv al UE pentru reducerea  deceselor si accidentelor rutiere;European Transport Safety Council;EP Bruxelles;26/09/24
124785;Maria GRAPINI;S&D;Romania;[];Member;;Standards Harmonization and Intellectual Property;Cosmetics Europe;EP BRUXELLES;24/09/24
124785;Maria GRAPINI;S&D;Romania;[];Member;;Intellectual property and innovation;Google;EP BRUXELLES;23/09/24
124785;Maria GRAPINI;S&D;Romania;[];Member;;Bilateral relations between Romania and UK in the European context;Ambassador of the United Kingdom of Great Britain and Northern Ireland to Romania;Bucharest;28/08/24
94649;Catherine GRISET;PfE;France;[];Member;;Lutte, prévention et recherche contre le cancer au niveau européen;European Cancer Organisation;Strasbourg;17/07/24
197780;Bart GROOTHUIS;RE;Netherlands;['ITRE'];Member;;Grids and demand-side flexibility;Sustainable public affairs;Brussels;03/10/24
197780;Bart GROOTHUIS;RE;Netherlands;['ITRE'];Member;;EU energy policy;Publyon;Brussels;03/10/24
197780;Bart GROOTHUIS;RE;Netherlands;['ITRE'];Member;;CCS;International organisation of oil and gas producers;Brussels;26/09/24
197780;Bart GROOTHUIS;RE;Netherlands;['ITRE'];Member;;Energy storage;European Association for Storage of Energy;Brussels;26/09/24
197780;Bart GROOTHUIS;RE;Netherlands;['ITRE'];Member;;CCS;CCS Association;Brussels;25/09/24
197780;Bart GROOTHUIS;RE;Netherlands;['ITRE'];Member;;Hydrogen and CCS;Shell Companies;The Hague;20/09/24
197780;Bart GROOTHUIS;RE;Netherlands;['ITRE'];Member;;Energy policy;BBP;The Hague;20/09/24
197780;Bart GROOTHUIS;RE;Netherlands;['ITRE'];Member;;Sustainable steel;EUROFER;Strasbourg;19/09/24
197780;Bart GROOTHUIS;RE;Netherlands;['ITRE'];Member;;Carbon removal techniques;Negative Emissions Platform;Strasbourg;17/09/24
197780;Bart GROOTHUIS;RE;Netherlands;['ITRE'];Member;;Quantum computing;Quantum Delta NL;Online;05/09/24
197780;Bart GROOTHUIS;RE;Netherlands;['ITRE'];Shadow rapporteur;;APA meeting on Hydrogen report;SolarPower Europe;Online;04/12/20
197780;Bart GROOTHUIS;RE;Netherlands;['ITRE'];Shadow rapporteur;;APA meeting on Hydrogen report;Euroheat & Power;Online;04/12/20
197780;Bart GROOTHUIS;RE;Netherlands;['ITRE'];Shadow rapporteur;;APA meeting on Hydrogen report;CATF;Online;04/12/20
197780;Bart GROOTHUIS;RE;Netherlands;['INGE'];Shadow rapporteur;;Foreign interference / disinformation;DOT Europe;Online;27/11/20
197780;Bart GROOTHUIS;RE;Netherlands;['ITRE'];Shadow rapporteur;;Meeting on Hydrogen report;RWE;Online;27/11/20
197780;Bart GROOTHUIS;RE;Netherlands;['ITRE'];Shadow rapporteur;;Roundtable Hydrogen;Samenwerkingsverband, Noord Nederland;Online;27/11/20
197780;Bart GROOTHUIS;RE;Netherlands;['ITRE'];Shadow rapporteur;;APA meeting on Hydrogen report;Environmental Defense Fund;Online;23/11/20
197780;Bart GROOTHUIS;RE;Netherlands;['ITRE'];Shadow rapporteur;;Meeting on Hydrogen report;EHI;Online;20/11/20
197780;Bart GROOTHUIS;RE;Netherlands;['ITRE'];Shadow rapporteur;;Meeting on Hydrogen report;Hygro;Online;20/11/20
197780;Bart GROOTHUIS;RE;Netherlands;['ITRE'];Shadow rapporteur;;Meeting on Hydrogen report;France Hydrogene;Online;19/11/20
197780;Bart GROOTHUIS;RE;Netherlands;['ITRE'];Shadow rapporteur;;APA meeting on Hydrogen report;HydrogenEurope;Online;18/11/20
197780;Bart GROOTHUIS;RE;Netherlands;['ITRE'];Shadow rapporteur;;Meeting on Hydrogen report;ExxonMobile;Online;18/11/20
197780;Bart GROOTHUIS;RE;Netherlands;['ITRE'];Shadow rapporteur;;Meeting on Hydrogen report;Eurogas;Online;17/11/20
197780;Bart GROOTHUIS;RE;Netherlands;['ITRE'];Shadow rapporteur;;APA  meeting on Hydrogen report;UFE;Online;17/11/20
197780;Bart GROOTHUIS;RE;Netherlands;['ITRE'];Shadow rapporteur;;Roundtable SMES on Hydrogen;Provincie South Holland;Online;16/11/20
197780;Bart GROOTHUIS;RE;Netherlands;['ITRE'];Shadow rapporteur;;APA meeting on Hydrogen report;EASE;Online;08/11/20
197780;Bart GROOTHUIS;RE;Netherlands;['ITRE'];Shadow rapporteur;;APA meeting on Hydrogen report;PVO;Online;05/11/20
197780;Bart GROOTHUIS;RE;Netherlands;['ITRE'];Shadow rapporteur;;Meeting on Hydrogen report;Universiteit, Groningen;Online;05/11/20
197780;Bart GROOTHUIS;RE;Netherlands;['ITRE'];Shadow rapporteur;;Meeting on Hydrogen report;IEA;Online;05/11/20
197780;Bart GROOTHUIS;RE;Netherlands;['ITRE'];Shadow rapporteur;;APA meeting on Hydrogen report;Equinor;Online;03/11/20
197780;Bart GROOTHUIS;RE;Netherlands;['ITRE'];Shadow rapporteur;;APA meeting on Hydrogen report;VEMW;Online;30/10/20
197780;Bart GROOTHUIS;RE;Netherlands;['ITRE'];Shadow rapporteur;;Meeting Hydrogen report;EIT, InnoEnergy;Online;16/10/20
197780;Bart GROOTHUIS;RE;Netherlands;['ITRE'];Shadow rapporteur;;APA meeting on Hydrogen report;E3G;Online;16/10/20
197780;Bart GROOTHUIS;RE;Netherlands;['ITRE'];Shadow rapporteur;;Hydrogen report meeting;Shell;Online;15/10/20
197780;Bart GROOTHUIS;RE;Netherlands;['ITRE'];Shadow rapporteur;;Meeting on Hydrogen report;TNO;Online;14/10/20
197780;Bart GROOTHUIS;RE;Netherlands;['ITRE'];Shadow rapporteur;;Hydrogen report;Clingendaal;Online;14/10/20
197780;Bart GROOTHUIS;RE;Netherlands;['INGE'];Shadow rapporteur;;APA, Foreign interference / Disinformation;The Netherlands permanent representation to the EU;Online;07/10/20
197780;Bart GROOTHUIS;RE;Netherlands;['ITRE'];Shadow rapporteur;;Meeting on Hydrogen report;Natuur, milieu;Online;03/10/20
197780;Bart GROOTHUIS;RE;Netherlands;['ITRE'];Shadow rapporteur;;APA meeting Hygrogen report;EuroGas;Online;24/09/20
197780;Bart GROOTHUIS;RE;Netherlands;['ITRE'];Shadow rapporteur;;APA meeting Hydrogen report;Sandbag;Online;24/09/20
197780;Bart GROOTHUIS;RE;Netherlands;['ITRE'];Shadow rapporteur;;Meeting on Hydrogen report;VNO NCW;Oline;23/09/20
197780;Bart GROOTHUIS;RE;Netherlands;['INGE'];Shadow rapporteur;;Foreign interference / disinformation;DefendDemocracy;Online;23/09/20
197780;Bart GROOTHUIS;RE;Netherlands;['ITRE'];Shadow rapporteur;;Meeting on Hydrogen report;Ad van Wijk;Online;22/09/20
197780;Bart GROOTHUIS;RE;Netherlands;['ITRE'];Shadow rapporteur;;APA Call Hydrogen;Samenwerkings verband Noord Nederland;Call;22/09/20
197780;Bart GROOTHUIS;RE;Netherlands;['INGE'];Shadow rapporteur;;Foreign interference / disinformation;European Commission;Online;14/09/20
197780;Bart GROOTHUIS;RE;Netherlands;['ITRE'];Shadow rapporteur;;Meeting on Hydrogen report;GasUnie;Online;10/09/20
197780;Bart GROOTHUIS;RE;Netherlands;['ITRE'];Shadow rapporteur;;Meeting on Hydrogen report;IOGP;Online;08/09/20
197780;Bart GROOTHUIS;RE;Netherlands;['ITRE'];Shadow rapporteur;;APA meeting Hydrogen report;Agora;Online;06/09/20
197780;Bart GROOTHUIS;RE;Netherlands;['ITRE'];Shadow rapporteur;;APA Hydrogen event NL/Vlaanderen;Minaraad;Online;03/09/20
197780;Bart GROOTHUIS;RE;Netherlands;['AFET'];Shadow rapporteur;;PESCO;NIDV;Digital Meeting;23/06/20
197780;Bart GROOTHUIS;RE;Netherlands;['AFET'];Shadow rapporteur;;PESCO;Dutch Permanent Representation;Brussels;23/06/20
197780;Bart GROOTHUIS;RE;Netherlands;['AFET'];Shadow rapporteur;;PESCO;GKN Fokker;Digital meeting;28/05/20
197780;Bart GROOTHUIS;RE;Netherlands;['AFET'];Shadow rapporteur;;PESCO;EPRS;Digital meeting;18/05/20
256830;Elisabeth GROSSMANN;S&D;Austria;['IMCO'];Member;;informal exchange;Wirtschaftskammer Österreich;Strasbourg;17/09/24
197618;Elisabetta GUALMINI;S&D;Italy;[];Member;;ITRE Committee;The Sherwin-Williams Company;EP Strasbourg;08/10/24
197618;Elisabetta GUALMINI;S&D;Italy;[];Member;;ITRE Committee;smartEn Smart Energy Europe;EP Strasbourg;08/10/24
197618;Elisabetta GUALMINI;S&D;Italy;[];Member;;AGRI Committee;FoodDrinkEurope;EP Strasbourg;08/10/24
197618;Elisabetta GUALMINI;S&D;Italy;[];Member;;ITRE Committee;newcleo;EP;03/10/24
197618;Elisabetta GUALMINI;S&D;Italy;[];Member;;Trade policies for industry;BUSINESSEUROPE;Reinassance hotel;02/10/24
197618;Elisabetta GUALMINI;S&D;Italy;[];Member;;AGRI committee;European Federation of Origin Wines;EP;02/10/24
197618;Elisabetta GUALMINI;S&D;Italy;[];Member;;US delegation;Progressive Policy Institute;EP;01/10/24
197618;Elisabetta GUALMINI;S&D;Italy;[];Member;;ITRE Committee;Geopost SA;EP;18/09/24
197618;Elisabetta GUALMINI;S&D;Italy;[];Member;;Event;Associazione Comunità Papa Giovanni XXIII;EP;18/09/24
197618;Elisabetta GUALMINI;S&D;Italy;[];Member;;ITRE Committee;ArcelorMittal;EP;18/09/24
197618;Elisabetta GUALMINI;S&D;Italy;['BUDG'];Rapporteur;;Carbor Border Adjustment Mechanism;WFF, Carbon Market Watch, CAN-Europe;via zoom;08/12/20
197618;Elisabetta GUALMINI;S&D;Italy;['BUDG'];Rapporteur;;Carbor Border Adjustment Mechanism and SMEs;Cerame Unie;remote event;17/11/20
197618;Elisabetta GUALMINI;S&D;Italy;['BUDG'];Rapporteur;;Carbor Border Adjustment Mechanism;Citizens' Climate Europe;remote meeting;10/11/20
257130;Cristina GUARDA;Greens / EFA;Italy;[];Member;;Agricolture;European Environmental Bureau, Stichting BirdLife Europe, WWF European Policy Programme;Brussels;02/10/24
257130;Cristina GUARDA;Greens / EFA;Italy;[];Member;;Agricolture;European Industrial Hemp Association;Brussels;24/09/24
257130;Cristina GUARDA;Greens / EFA;Italy;[];Member;;Agriculture;European Coordination Via Campesina;Online;20/09/24
257130;Cristina GUARDA;Greens / EFA;Italy;[];Member;;Agricolture;AREPO - Association of European Regions for Products of Origin;Online;19/09/24
257130;Cristina GUARDA;Greens / EFA;Italy;[];Member;;Animal welfare;WWF - Italia;Online;19/09/24
257130;Cristina GUARDA;Greens / EFA;Italy;[];Member;;Agricolture;EARA - European Alliance for Regenerative Agriculture;Online;18/09/24
257130;Cristina GUARDA;Greens / EFA;Italy;[];Member;;Agricolture;IFOAM;Online;17/09/24
257130;Cristina GUARDA;Greens / EFA;Italy;[];Member;;Agricolture;Agroecology Europe;Online;16/09/24
257130;Cristina GUARDA;Greens / EFA;Italy;[];Member;;Animal Welfare;LAV, ENPA, Lega nazionale difesa cane, Animal Protection - Italia;Online;13/09/24
197543;Bernard GUETTA;RE;France;[];Member;;Enlargement policy of the EU on the Western Balkans;Embassy of Serbia;Brussels;26/09/24
197543;Bernard GUETTA;RE;France;['AFET'];Member;;Meeting on Venezuela;Democratic Movement of Venezuela;European Parliament;18/09/24
197543;Bernard GUETTA;RE;France;['AFET'];Member;;War in Gaza;Diplomat from the Israeli Embassy in Paris;European Parliament;18/09/24
197543;Bernard GUETTA;RE;France;['AFET'];Member;;EU and China;Interparliamentary Alliance on China, Konrad Adenauer Stiftung, Wilfried Martens Centre;European Parliament;11/09/24
197543;Bernard GUETTA;RE;France;['AFET'];Member;;EU and China;Inter-Parliamentary Alliance on China;European Parliament;11/09/24
197543;Bernard GUETTA;RE;France;['AFET'];Member;;War in Ukraine;Centre for Civil Liberties;European Parliament;04/09/24
197543;Bernard GUETTA;RE;France;[];Member;;Transparency measures;Nicholas Aiossa  Transparency International EU Office;Place du Luxembourg;03/03/20
96830;Enikő GYŐRI;PfE;Hungary;['INTA'];Member;;agricultural aspects of EU trade policy;Baromfi Termék Tanács, Orvia Magyarország Kft, Nemzeti Agrárgazdasági Kamara;EP;08/10/24
96830;Enikő GYŐRI;PfE;Hungary;[];Member;;EU-Türkiye relations;Permanent Representation of Türkiye;EP;26/09/24
96830;Enikő GYŐRI;PfE;Hungary;['ECON'];Member;;exchange of views on taxation;European Tax Adviser Federation;Brussels;25/09/24
96830;Enikő GYŐRI;PfE;Hungary;['ECON'];Member;;exchange of view on Capital Market Union;Budapesti Értéktőzsde (BÉT);Budapest, HU;24/09/24
96830;Enikő GYŐRI;PfE;Hungary;[];Member;;exchange of views;MOL Hungarian Oil and Gas Company;European Parliament;17/09/24
96830;Enikő GYŐRI;PfE;Hungary;['FISC'];Member;;ongoing ECON and FISC files;Philip Morris International Inc.;European Parliament;11/09/24
96830;Enikő GYŐRI;PfE;Hungary;[];Member;;the new European Parliament;Szövetség a Polgári Magyarországért Alapítvány;European Parliament;10/09/24
96830;Enikő GYŐRI;PfE;Hungary;[];Member;;War in Ukraine;Kárpátaljai Magyar Kulturális Szövetség;European Parliament;10/09/24
96830;Enikő GYŐRI;PfE;Hungary;[];Member;;the new European Parliament;MCC Brussels;European Parliament;10/09/24
96830;Enikő GYŐRI;PfE;Hungary;['ECON'];Member;;financial services and banking sector;European Savings and Retail Banking Group;European Parliament;25/07/24
23816;András GYÜRK;PfE;Hungary;[];Member;;Overview of upcoming hydrogen and PFAS regulation;Emerson Electric Co.;Brussels;04/10/24
23816;András GYÜRK;PfE;Hungary;[];Member;;Energy policy priorities;BUSINESSEUROPE;Online;04/10/24
23816;András GYÜRK;PfE;Hungary;[];Member;;Biofuels and upcoming CCSU projects;PRM-CEE Kft.;Brussels;03/10/24
23816;András GYÜRK;PfE;Hungary;[];Member;;State of play of EU energy policy;MVM Energetika Ltd.;Brussels;03/10/24
23816;András GYÜRK;PfE;Hungary;[];Member;;Overview of potential AI applications;Google;Brussels;02/10/24
23816;András GYÜRK;PfE;Hungary;[];Member;;Development of electricity grids;E.ON SE;Brussels;01/10/24
23816;András GYÜRK;PfE;Hungary;[];Member;;Overview of the state of play on EU Geothermal policy;Cool Heating Coalition;Brussels;25/09/24
23816;András GYÜRK;PfE;Hungary;[];Member;;Development of grids in Europe;Renewables Grid Initiative e.V.;Online;25/09/24
23816;András GYÜRK;PfE;Hungary;[];Member;;Overview of the situation of SAFs;Alber & Geiger;Online;25/09/24
23816;András GYÜRK;PfE;Hungary;[];Member;;Overview of R&I priorities of EU enterprises;BUSINESSEUROPE;Brussels;23/09/24
256985;Michalis HADJIPANTELA;EPP;Cyprus;['ITRE'];Member;;Meeting with EBU for media independence;EBU-UER (European Broadcasting Union);European Parliament Strasbourg;09/10/24
256985;Michalis HADJIPANTELA;EPP;Cyprus;['ENVI'];Member;;Meeting with European Brain Council;European Brain Council;European Parliament Strasbourg;08/10/24
256985;Michalis HADJIPANTELA;EPP;Cyprus;['ECON'];Member;;Introductory Meeting with European Banking Federation;European Banking Federation;European Parliament;02/10/24
256985;Michalis HADJIPANTELA;EPP;Cyprus;['ENVI'];Member;;Introductory Meeting with European Respiratory Society;European Respiratory Society;European Parliament;02/10/24
256985;Michalis HADJIPANTELA;EPP;Cyprus;['ECON'];Member;;Introductory Meeting with Cboe Europe;Cboe Europe B.V., Fleishman-Hillard;European Parliament;25/09/24
256985;Michalis HADJIPANTELA;EPP;Cyprus;['ITRE'];Member;;Introductory meeting with Meta - privacy;EUTOPIA, Meta Platforms Ireland Limited and its various subsidiaries;European Parliament Strasbourg;18/09/24
256985;Michalis HADJIPANTELA;EPP;Cyprus;['ENVI'];Member;;Early diagnosis of diabetes in Europe;Acumen Public Affairs, Eli Lilly and Company;European Parliament Strasbourg;18/09/24
256985;Michalis HADJIPANTELA;EPP;Cyprus;['ITRE'];Member;;Introductory Meeting with ChargeUp Europe;ChargeUp Europe;European Parliament Strasbourg;18/09/24
256985;Michalis HADJIPANTELA;EPP;Cyprus;['ITRE'];Member;;Introductory Meeting with ECSA;European Community Shipowners' Associations;European Parliament;05/09/24
197444;Svenja HAHN;RE;Germany;['IMCO'];Member;;Exchange between MEPs and European Tech companies;Adevinta ASA, AirHelp, Allegro sp. z o.o., Booking.com B.V., CDISCOUNT, Deliveroo, European Tech Alliance, HELLOWORK, Proton AG, Schibsted ASA, Trustpilot, Vinted, appjobber, AppJobber;European Parliament, Brussels;02/10/24
197444;Svenja HAHN;RE;Germany;[];Member;;Implementation of regulation, competitiveness, tariffs;Verband der Automobilindustrie;European Parliament, Brussels;01/10/24
197444;Svenja HAHN;RE;Germany;[];Member;;Liberal politics and competitiveness of the European economy;DIE FAMILIENUNTERNEHMER;Brussels, European Parliament;24/09/24
197444;Svenja HAHN;RE;Germany;['IMCO'];Member;;Consumer protection in the food sector;FRoSTA AG;Hamburg;20/09/24
197444;Svenja HAHN;RE;Germany;['IMCO'];Member;;Standardisation;European Committee for Electrotechnical Standardization, European Committee for Standardization;European Parliament, Strasbourg;18/09/24
197444;Svenja HAHN;RE;Germany;['INTA'];Member;;EUROFER's priorities for the new mandate;The European Steel Association;European Parliament, Strasbourg;18/09/24
197444;Svenja HAHN;RE;Germany;[];Member;;HDE Sommerabend;Handelsverband Deutschland, Schwarz Unternehmenskommunikation International GmbH;Kehl;18/09/24
197444;Svenja HAHN;RE;Germany;[];Member;;EU's Digital Policy;Deliveroo, European Tech Alliance, Proton AG, Wolt Enterprises, Zalando SE;European Parliament, Strasbourg;17/09/24
197444;Svenja HAHN;RE;Germany;[];Member;;Introductory meeting;Embassy of Israel, Berlin;European Parliament, Strasbourg;17/09/24
197444;Svenja HAHN;RE;Germany;['AIDA'];Member;;Artificial Intelligence, Digital Service Act (DSA), Data Governance Act (DGA);Twilio;Online;10/12/20
197444;Svenja HAHN;RE;Germany;['AIDA'];Member;;Introductory meeting on Artificial Intelligence;Friedrich-Naumann-Stiftung fÃ¼r die Freiheit (FNF);Online;10/12/20
197444;Svenja HAHN;RE;Germany;['AIDA'];Member;;Artificial Intelligence, Digital Markets Act (DMA), Digital Services Act (DSA);Wikimedia Deutschland e. V.;Online;16/11/20
197444;Svenja HAHN;RE;Germany;['INTA'];Shadow rapporteur;;Corporate Due Diligence;Association FranÃ§aise des Entreprises PrivÃ©es (AFEP);Online;08/10/20
197444;Svenja HAHN;RE;Germany;['INTA'];Shadow rapporteur;;Corporate Due Diligence;VERBAND DER CHEMISCHEN INDUSTRIE e.V. â€“ VCI (Brussels / Frankfurt);Online;07/10/20
197444;Svenja HAHN;RE;Germany;['INTA'];Shadow rapporteur;;Due Diligence and Circular Economy Action Plan;Federation of the European Sporting Goods Industry (FESI);Online;22/09/20
197444;Svenja HAHN;RE;Germany;['INTA'];Shadow rapporteur;;Corporate Due Diligence;Mars, Adidas, SÃ¼dwind-Institut), NestlÃ© Deutschland;Online;22/09/20
197444;Svenja HAHN;RE;Germany;['INTA'];Shadow rapporteur;;Corporate Due Diligence;BusinessEurope;Online;10/09/20
197444;Svenja HAHN;RE;Germany;['INTA'];Shadow rapporteur;;Corporate Due Diligence;Handelsverband Deutschland (HDE), Edeka, Schwarz Gruppe, Rewe Group, Metro, Bundesverband des Deutschen Lebensmittelhandels;Online;10/09/20
197444;Svenja HAHN;RE;Germany;['INTA'];Shadow rapporteur;;Due Diligence;Anti-Slavery International, Global Witness, CleanClothesCampaign, European Coalition for Corporate Justice (ECCJ), International Federation for Human Rights (FIDH);Online;10/09/20
197444;Svenja HAHN;RE;Germany;['INTA'];Shadow rapporteur;;Corporate Due Diligence;BDI/BDA The German Business Representation;Online;10/09/20
197444;Svenja HAHN;RE;Germany;['INTA'];Shadow rapporteur;;Due Diligence;Human Rights Watch;Online;10/09/20
197444;Svenja HAHN;RE;Germany;['INTA'];Rapporteur;;Circular Economy Action Plan;Rreuse;Online;01/09/20
197444;Svenja HAHN;RE;Germany;['IMCO'];Member;;Artificial Intelligence, Cybersecurity, Internet of Things, intelligent mobility;NXP Semiconductors;Hamburg;27/08/20
197444;Svenja HAHN;RE;Germany;[];Member;;COVID-19 response;altona Diagnostics;Hamburg;27/08/20
197444;Svenja HAHN;RE;Germany;['INTA'];Rapporteur;;Circular Economy Action Plan;Institute for European Environmental Policy (IEEP);Online;16/07/20
197444;Svenja HAHN;RE;Germany;['INTA'];Rapporteur;;Circular Economy Action Plan;European Environmental Bureau (EEB);Online;14/07/20
197444;Svenja HAHN;RE;Germany;['INTA'];Rapporteur;;Circular Economy Action Plan;European Aluminium;Online;14/07/20
197444;Svenja HAHN;RE;Germany;['IMCO'];Rapporteur;;Artificial Intelligence;Google;Online;23/06/20
197444;Svenja HAHN;RE;Germany;['IMCO'];Rapporteur;;Artificial Intelligence;Vzbv (Federation of German Consumer Organisations);Online;23/06/20
197444;Svenja HAHN;RE;Germany;['IMCO'];Member;;Digital Services Act;Apple;Online;16/06/20
197444;Svenja HAHN;RE;Germany;['IMCO'];Rapporteur;;Civil liability regime for artificial intelligence;EuroCommerce;Online;10/06/20
197444;Svenja HAHN;RE;Germany;['IMCO'];Rapporteur;;Civil liability regime for artificial intelligence;Huawei;Online;10/06/20
197444;Svenja HAHN;RE;Germany;['IMCO'];Member;;The role of tech during and after the Covid-19 crisis, how EU and Germany are managing the crisis;Microsoft;Online;29/05/20
197444;Svenja HAHN;RE;Germany;['IMCO'];Rapporteur;;Civil liability AI;Gesamtverband der Deutschen Versicherungswirtschaft e.V.;ONLINE video call;28/05/20
197444;Svenja HAHN;RE;Germany;['IMCO'];Rapporteur;;Civil Liability AI;Zalando;ONLINE Video call;28/05/20
197444;Svenja HAHN;RE;Germany;[];Member;;Covid situation in Europe;Permanent representative of Germany to the EU;Online;29/04/20
197444;Svenja HAHN;RE;Germany;[];Member;;Food security, teacher survey;Kellogg Northern Europe GMBH;Hamburg;20/02/20
197444;Svenja HAHN;RE;Germany;[];Member;;SME topics, Titanium dioxide, poison information centers;einzA Lackfabrik GmbH;Hamburg;19/02/20
197444;Svenja HAHN;RE;Germany;[];Member;;Environmental and climate protection, European framework conditions for research and development, construction products regulation;Verband der Chemischen Industrie e.V. (VCI);Hamburg;19/02/20
197444;Svenja HAHN;RE;Germany;['INTA', 'IMCO'];Member;;German council presidency, internal market for maritime transportation, foreign direct investment;Zentralverband der deutschen Seehafenbetriebe e.V.;Hamburg;18/02/20
197444;Svenja HAHN;RE;Germany;['IMCO'];Member;;Google in Hamburg, YouTube and uploadfilters, AI, Digital Services Act;Google;Hamburg;18/02/20
197444;Svenja HAHN;RE;Germany;[];Member;;Introduction;alsterarbeit gGmbH;Hamburg;17/02/20
197444;Svenja HAHN;RE;Germany;['IMCO'];Member;;Introductory visit;Breeze Technologies;Hamburg;14/02/20
197444;Svenja HAHN;RE;Germany;[];Member;;Current affairs;Deputy Permanent Representative, Permanent Representation of Germany to the EU;Strasbourg;11/02/20
197444;Svenja HAHN;RE;Germany;['INTA'];Member;;Fighting deforestation in palm oil producing countries;Golden Agri-Resources Ltd;European Parliament Brussels;06/02/20
197444;Svenja HAHN;RE;Germany;['INTA'];Member;;Withdrawal of the Everything But Arms Agreement with Cambodia;CNRP;European Parliament Brussels;04/02/20
197444;Svenja HAHN;RE;Germany;['INTA'];Member;;Political situation in Cambodia, EU-Cambodia trade relations, EBA;Representative of the Cambodian National Rescue Party;Brussels;04/02/20
197444;Svenja HAHN;RE;Germany;['INTA'];Member;;EU-Thailand relations;Ambassador of Thailand to the EU;Brussels;03/02/20
197444;Svenja HAHN;RE;Germany;[];Member;;Current affairs;Permanent representative of the state of Hamburg to the EU;Brussels;30/01/20
197444;Svenja HAHN;RE;Germany;['IMCO'];Member;;EU EES sBMS – Tender process for biometric matching system for Entry-Exit System within the EU (Border Control) – euLISA;DERMALOG Identification Systems GmbH;European Parliament Brussels;29/01/20
197444;Svenja HAHN;RE;Germany;['IMCO'];Member;;Empowering SMEs in the EU Single Market and how trade alliances can help to balance the Internal Market and empower suppliers for the benefit of customers;METRO AG;European Parliament Brussels;28/01/20
197444;Svenja HAHN;RE;Germany;['IMCO'];Member;;Current and upcoming legislation regarding drones;DJI;European Parliament Brussels;28/01/20
197444;Svenja HAHN;RE;Germany;['INTA'];Member;;Germany- Vietnam and EU-Vietnam (trade) relations;Ambassador of Vietnam to Germany;Berlin;27/01/20
197444;Svenja HAHN;RE;Germany;['INTA', 'IMCO'];Member;;EU-Vietnam Free Trade Agreement, trade aspects of the Green Deal, development of the internal market towards Green Procurement;Aurubis AG;European Parliament Strasbourg;15/01/20
197444;Svenja HAHN;RE;Germany;['INTA'];Member;;International trade in agricultural goods and EU policy on maximum residue levels/import tolerances of pesticide residues;European Crop Protection Association (ECPA);European Parliament Strasbourg;14/01/20
197444;Svenja HAHN;RE;Germany;['IMCO'];Member;;Digital single market, future of internet regulation, social media civic engagement;Facebook;European Parliament Strasbourg;14/01/20
197444;Svenja HAHN;RE;Germany;[];Member;;Taiwan election results;Representative, Taipei Representative Office in the EU and Belgium;Brussels;14/01/20
193419;Christophe HANSEN;EPP;Luxembourg;[];Member;;Exchange of views;Permanent Representative of the Netherlands to the EU;Strasbourg;17/09/24
193419;Christophe HANSEN;EPP;Luxembourg;[];Member;;Welcome reception;European Family Businesses;Brussels;10/09/24
193419;Christophe HANSEN;EPP;Luxembourg;[];Member;;MEP visit Industry;FEDIL - The Voice of Luxembourg's Industry, Goodyear Europe B.V, Luxconnect S.A.;Luxembourg;06/09/24
193419;Christophe HANSEN;EPP;Luxembourg;[];Member;;Emissions reduction targets;RENAULT;Brussels;03/09/24
193419;Christophe HANSEN;EPP;Luxembourg;[];Member;;Safety textile production;DuPont de Nemours International SARL;Brussels;02/09/24
193419;Christophe HANSEN;EPP;Luxembourg;[];Member;;Exchange of views;CEJA - European Council of Young Farmers;Brussels;24/07/24
193419;Christophe HANSEN;EPP;Luxembourg;[];Member;;Treated wood for decarbonisation;EPPA SA;Virtual meeting;24/07/24
193419;Christophe HANSEN;EPP;Luxembourg;[];Member;;EU Deforestation Regulation (EUDR);Better Europe, Global Witness;Strasbourg;17/07/24
257033;Niels Flemming HANSEN;EPP;Denmark;['ITRE'];Member;;Competitiveness;Essity;Strasbourg;09/10/24
257033;Niels Flemming HANSEN;EPP;Denmark;['ITRE'];Member;;Life Science;Medicoindustrien;Strasbourg;09/10/24
257033;Niels Flemming HANSEN;EPP;Denmark;[];Member;;Legal rights;Advokatsamfundet;Brussels;03/10/24
257033;Niels Flemming HANSEN;EPP;Denmark;['ITRE'];Member;;Biotech;Novo Nordisk Foundation;Brussels;01/10/24
256912;Rima HASSAN;GUE/NGL;France;['DROI'];Member;;Produits en provenance des colonies illégales en Cisjordanie;Centre National de Coopération au Développement- 11 11 11;Parlement européen;01/10/24
256912;Rima HASSAN;GUE/NGL;France;['AFET'];Member;;UNRWA;United Nations Relief and Works Agency for Palestine Refugees in the Near East (UNRWA);Parlement européen;25/09/24
256912;Rima HASSAN;GUE/NGL;France;['DROI'];Member;;Situation des droits humains en Palestine et en Egypte;Amnesty International Limited;Parlement européen;25/09/24
256912;Rima HASSAN;GUE/NGL;France;['DROI'];Member;;Situation en Palestine;European Coordination of Committees and Associations for Palestine;Parlement européen;23/09/24
256912;Rima HASSAN;GUE/NGL;France;['DROI'];Member;;Situation des Massaï de Tanzanie;Survival International;Parlement européen;17/09/24
256912;Rima HASSAN;GUE/NGL;France;['AFET'];Member;;Situation politique en Tunisie;Tayyar party, Qalb Tounes, Ennahdha;Parlement européen;12/09/24
135511;Valérie HAYER;RE;France;[];Member;;Relations UE-UK;UK Mission to the European Union;Strasbourg;08/10/24
135511;Valérie HAYER;RE;France;[];Member;;Politique énergétique européenne;APCO Worldwide;Strasbourg;07/10/24
135511;Valérie HAYER;RE;France;[];Member;;PAC;IDDRI;Bruxelles;03/10/24
135511;Valérie HAYER;RE;France;['AGRI'];Member;;Regenerative farming;Carlsberg Breweries A/S;Bruxelles;25/09/24
135511;Valérie HAYER;RE;France;[];Member;;Animal welfare ongoing and pending issues;Eurogroup for Animals;Bruxelles;24/09/24
135511;Valérie HAYER;RE;France;['AGRI'];Member;;Organic farming;International Federation of Organic Agriculture Movements EU Regional Group;Bruxelles;24/09/24
135511;Valérie HAYER;RE;France;['AGRI'];Member;;Wolves;Federation of Associations for Hunting & Conservation of the EU;Bruxelles;24/09/24
135511;Valérie HAYER;RE;France;['AGRI'];Member;;spirits - trade issues;Rémy Cointreau;Bruxelles;23/09/24
135511;Valérie HAYER;RE;France;['AGRI'];Member;;Fertilisers;YARA  BELGIUM S.A.;strasbourg;19/09/24
135511;Valérie HAYER;RE;France;['AGRI'];Member;;Strategic dialogue, value chain;EuroCommerce;Strasbourg;18/09/24
135511;Valérie HAYER;RE;France;['BUDG'];Rapporteur;;Rapport sur les ressources propres;Elipso;Videoconference;03/12/20
135511;Valérie HAYER;RE;France;['ITRE'];Member;;Cybersécurité;Orange;Videoconference;20/11/20
135511;Valérie HAYER;RE;France;['ITRE'];Member;;Identité numérique et cybersécurité;Alliance pour la confiance numérique;Videoconference;19/11/20
135511;Valérie HAYER;RE;France;['ITRE'];Member;;Souveraineté numérique européenne;Cisco;Visioconférence;22/10/20
135511;Valérie HAYER;RE;France;[];Member;;Situation agricole;FDSEA 53;Argentré;16/10/20
135511;Valérie HAYER;RE;France;['BUDG'];Member;;Fonds européens dont FSE;ATAO;Nantes;09/10/20
135511;Valérie HAYER;RE;France;['ITRE'];Member;;Rencontre avec les représentants des grandes entreprises françaises - Relance européenne et compétitivité;Fédération Bancaire Française, L'Oréal, Danone, schneider, Orange, Bouygues, Airbus, Air France-KLM, LVMH, Air Liquide, Renault, Alstom;Bruxelles;06/10/20
135511;Valérie HAYER;RE;France;['BUDG'];Member;;Projet social de mobilité;Senlimo;Visioconférence;02/10/20
135511;Valérie HAYER;RE;France;['BUDG'];Member;;Conjoncture laitière;OPLGO;Villaines la Juhel;28/07/20
135511;Valérie HAYER;RE;France;['ITRE'];Member;;Priorités numériques;Orange;Visioconférence;03/07/20
135511;Valérie HAYER;RE;France;['ITRE'];Member;;Souveraineté technologique;Digital SME France;Visioconférence;25/06/20
135511;Valérie HAYER;RE;France;['BUDG'];Member;;Salon de l'agriculture;Salon de l'agriculture;Paris;24/02/20
135511;Valérie HAYER;RE;France;['ITRE'];Member;;Intelligence artificielle;Microsoft;Bruxelles;18/02/20
125023;Anja HAZEKAMP;GUE/NGL;Netherlands;['ENVI'];Member;;Alternatives for Animal Testing;European Partnership for Alternative Approaches to Animal Testing;European Parliament Strasbourg;17/09/24
125023;Anja HAZEKAMP;GUE/NGL;Netherlands;['ENVI', 'AGRI'];Rapporteur;;Farm 2 Fork + CAP;SNN + Gedeputeerde Groningen;online;17/12/20
125023;Anja HAZEKAMP;GUE/NGL;Netherlands;['ENVI'];Rapporteur;;Farm 2 Fork;Humane Society International;online;16/12/20
125023;Anja HAZEKAMP;GUE/NGL;Netherlands;['ANIT'];Shadow rapporteur;;Animal Transport;Eurogroup for Animals;online;10/12/20
125023;Anja HAZEKAMP;GUE/NGL;Netherlands;['ENVI'];Rapporteur;;Farm 2 Fork;Too Good To Go;webconference;25/11/20
125023;Anja HAZEKAMP;GUE/NGL;Netherlands;['ENVI'];Rapporteur;;Farm 2 Fork;European Vegetarian Union;webconference;24/11/20
125023;Anja HAZEKAMP;GUE/NGL;Netherlands;['ENVI'];Rapporteur;;Farm 2 Fork;European Plant-based Foods Association;webconference;23/11/20
125023;Anja HAZEKAMP;GUE/NGL;Netherlands;['ENVI'];Rapporteur;;Farm 2 Fork;European Commission;webconference;18/11/20
125023;Anja HAZEKAMP;GUE/NGL;Netherlands;['ENVI'];Rapporteur;;Farm 2 Fork;Food Policy Coalition;webconference;16/11/20
125023;Anja HAZEKAMP;GUE/NGL;Netherlands;['ENVI'];Rapporteur;;Farm 2 Fork;Cop Cogeca;webconference;28/10/20
125023;Anja HAZEKAMP;GUE/NGL;Netherlands;['ENVI'];Rapporteur;;Farm 2 Fork;European Commission;webconference;15/10/20
125023;Anja HAZEKAMP;GUE/NGL;Netherlands;['ANIT'];Shadow rapporteur;;Animal Transport working group;Eurogroup for Animals;online;28/09/20
125023;Anja HAZEKAMP;GUE/NGL;Netherlands;['ENVI'];Rapporteur;;Farm 2 Fork;Transitie Coalitie Voedsel / ERT Instituut voor Milieuvraagstukken / Stichting Natuur & Milieu;webconference;23/09/20
125023;Anja HAZEKAMP;GUE/NGL;Netherlands;['ANIT'];Shadow rapporteur;;Animal Transport;Dog Trust / EU Dog & Cat Welfare;online;10/09/20
125023;Anja HAZEKAMP;GUE/NGL;Netherlands;['ENVI', 'AGRI'];Member;;Water Regulation;Unie van Waterschappen;webinar;04/09/20
125023;Anja HAZEKAMP;GUE/NGL;Netherlands;['ENVI'];Rapporteur;;Farm 2 Fork;Radboud University;online;07/07/20
125023;Anja HAZEKAMP;GUE/NGL;Netherlands;['ANIT'];Shadow rapporteur;;Animal Transport;Eurogroup for Animals;online;06/07/20
125023;Anja HAZEKAMP;GUE/NGL;Netherlands;['ENVI'];Rapporteur;;Farm 2 Fork + Ending Industrial Farming;World Animal Protection;online;24/06/20
197800;Eero HEINÄLUOMA;S&D;Finland;[];Member;;Ajankohtaisaiheet;Confederation of Finnish Industries EK;Bryssel;24/09/24
197800;Eero HEINÄLUOMA;S&D;Finland;[];Member;;Current Affairs;Klarna Bank AB;Brussels;24/09/24
197800;Eero HEINÄLUOMA;S&D;Finland;[];Member;;Current Affairs;European Coordination of Committees and Associations for Palestine;Brussels;24/09/24
197800;Eero HEINÄLUOMA;S&D;Finland;[];Member;;Current Affairs;European Biodiesel Board;Brussels;24/09/24
197800;Eero HEINÄLUOMA;S&D;Finland;[];Member;;Current Affairs;Allied for Startups asbl;Brussels;24/09/24
197800;Eero HEINÄLUOMA;S&D;Finland;[];Member;;Ajankohtaisaiheet;Tehy ry;Bryssel;24/09/24
197800;Eero HEINÄLUOMA;S&D;Finland;[];Member;;Ajankohtaisaiheet;Itä- ja Pohjois-Suomen EU-toimisto;Bryssel;24/09/24
197800;Eero HEINÄLUOMA;S&D;Finland;[];Member;;Ajankohtaisaiheet;Palvelualojen ammattiliitto, PAM ry;Bryssel;24/09/24
197800;Eero HEINÄLUOMA;S&D;Finland;[];Member;;Ajankohtaisaiheet;Vantaan Energia;Bryssel;24/09/24
197800;Eero HEINÄLUOMA;S&D;Finland;[];Member;;Current Affairs;The European Digital Payments Industry Alliance;Brussels;20/09/24
197800;Eero HEINÄLUOMA;S&D;Finland;['BUDG'];Shadow rapporteur;;European Investment Bank (EIB) annual report;Counter Balance;Zoom;03/12/20
197800;Eero HEINÄLUOMA;S&D;Finland;['ECON'];Shadow rapporteur;;Digital Finance Report;Digital Europe;Phone;05/11/20
197800;Eero HEINÄLUOMA;S&D;Finland;['ECON'];Shadow rapporteur;;Markets in financial instruments directive (MiFID) 2;Oxfam;Phone;04/11/20
197800;Eero HEINÄLUOMA;S&D;Finland;['ECON'];Shadow rapporteur;;Capital Markets Recovery Package;Nasdaq;Webex;06/10/20
197800;Eero HEINÄLUOMA;S&D;Finland;['ECON'];Shadow rapporteur;;Crypto assets;Facebook;Webex;25/09/20
197800;Eero HEINÄLUOMA;S&D;Finland;['ECON'];Shadow rapporteur;;Digital finance;ANT Group;Zoom;10/09/20
197800;Eero HEINÄLUOMA;S&D;Finland;['ECON'];Member;;Money laudering;PWC;Phone call;02/09/20
197800;Eero HEINÄLUOMA;S&D;Finland;['ECON'];Member;;Market in financial instruments directive;Finance Finland;Zoom;31/08/20
197800;Eero HEINÄLUOMA;S&D;Finland;['ECON'];Shadow rapporteur;;Report with recommendations to the EC on digital finance;Transferwise;Zoom;31/08/20
197800;Eero HEINÄLUOMA;S&D;Finland;['BUDG'];Shadow rapporteur;;EIB financial activities;Counter Balance;European Parliament;21/01/20
198073;Anna-Maja HENRIKSSON;RE;Finland;[];Member;;Prospects of the EU legislative period and key issues of Finlands economy and business sector;Elinkeinoelämän keskusliitto EK;Outside EP, Brussels;03/10/24
198073;Anna-Maja HENRIKSSON;RE;Finland;[];Member;;The energy transition and responsible, socially acceptable land use solutions for wind and solar power;Luonnonvarakeskus;EP Brussels;03/10/24
198073;Anna-Maja HENRIKSSON;RE;Finland;[];Member;;Climate change and the green transition;Neste Oyj;EP Brussels;02/10/24
198073;Anna-Maja HENRIKSSON;RE;Finland;[];Member;;Financial sector and regolatory projects;Finanssiala ry - Finance Finland;Outside EP, Brussels;01/10/24
198073;Anna-Maja HENRIKSSON;RE;Finland;[];Member;;Sharks and climate;Shark project International;EP Brussels;01/10/24
198073;Anna-Maja HENRIKSSON;RE;Finland;[];Member;;Research, innovation and education;Akava ry, Arene ry;Outside EP, Brussels;26/09/24
198073;Anna-Maja HENRIKSSON;RE;Finland;[];Member;;Food industry in the Nordic countries;Finnish Food and Drink Industries' Federation (Elintarviketeollisuusliitto ry);EP Brussels;25/09/24
198073;Anna-Maja HENRIKSSON;RE;Finland;[];Member;;Internal Market;Tehy ry;Outside EP, Brussels;25/09/24
198073;Anna-Maja HENRIKSSON;RE;Finland;[];Member;;Climate and Competitiveness;Wärtsilä Corporation;EP Strasbourg;17/09/24
198073;Anna-Maja HENRIKSSON;RE;Finland;[];Member;;Agriculture and forestry, labor market issues;Finnish trade union representation to the EU, Maa- ja metsätaloustuottajain Keskusliitto – Central Union of Agricultural Producers and Forest Owners;Outside EP, Strasbourg;17/09/24
197412;Niclas HERBST;EPP;Germany;[];Member;;Bürokratie als Hemmnis für den Einzelhandel;EDEKA ZENTRALE Stiftung & Co. KG;Straßburg;19/09/24
197412;Niclas HERBST;EPP;Germany;['CONT'];Committee chair;;CEAS - challenges;Frontex;Brussels;09/09/24
197412;Niclas HERBST;EPP;Germany;['CONT'];Committee chair;;OLAF - Combating Financial Fraud;OLAF;Brussels;04/09/24
197412;Niclas HERBST;EPP;Germany;['CONT'];Committee chair;;EU Agency for the Space Programme - security and defence in space;EUSPA;Brussels;03/09/24
197412;Niclas HERBST;EPP;Germany;[];Member;;General Situation in EU;Philip Morris International Inc.;Office Herbst;24/07/24
197412;Niclas HERBST;EPP;Germany;['D-IL'];Member;;Europe and Israel relations;ELNET;Strasbourg;16/07/24
197412;Niclas HERBST;EPP;Germany;[];Member;;Forum on Recreational Fisheries in the 10th legislative term of the European Parliament;European Anglers Alliance;Strasbourg;16/07/24
197412;Niclas HERBST;EPP;Germany;[];Member;;Combatting anti-Semitism;B’nai B’rith International and European Jewish Congress;Strasbourg;16/07/24
197412;Niclas HERBST;EPP;Germany;[];Member;;Importance of the European Parliament's commitment to Holocaust remembrance;Babyn Yar Holocaust Memorial Center (BYHMC);EP;08/07/20
197412;Niclas HERBST;EPP;Germany;['PECH'];Member;;WWF Deutschland Kontroll-VO/Kleinfischerei;Policy Advisor EU Fisheries;Office Herbst;03/03/20
197412;Niclas HERBST;EPP;Germany;[];Member;;EU - Taiwan;Taiwan EU Representation;Office Herbst;12/02/20
197412;Niclas HERBST;EPP;Germany;['PECH'];Rapporteur;;Fishing in Baltic Sea and between Denmark and Schleswig-Holstein;THE PERMANENT REPRESENTATION OF DENMARK TO THE EU;Office Herbst;29/01/20
197412;Niclas HERBST;EPP;Germany;['PECH'];Member;;Fisheries and Brexit;EU Fish Alliance;Office Herbst;28/01/20
197412;Niclas HERBST;EPP;Germany;['PECH'];Member;;Überfischung der Weltmeere, Omega 3 Fettsäuren;Evonik Head of Office;Office Herbst MEP;07/01/20
124895;Krzysztof HETMAN;EPP;Poland;['AGRI'];Member;;Agriculture policy of the EU;CropLife Europe;European Parliament, bar 3rd floor;19/09/24
124895;Krzysztof HETMAN;EPP;Poland;[];Member;;animals transport;Maa- ja metsätaloustuottajain Keskusliitto – Central Union of Agricultural Producers and Forest Owners;European Parliament - 3rd floor bar;18/09/24
124895;Krzysztof HETMAN;EPP;Poland;['ITRE'];Member;;Cosmetics industry in the EU;Polski Związek Przemysłu Kosmetycznego;European Parliament Strasbourg;10/09/24
124895;Krzysztof HETMAN;EPP;Poland;[];Member;;EU Energy Policy;PGE Polska Grupa Energetyczna SA;MEP Bar Strasbourg;16/07/24
96780;Monika HOHLMEIER;EPP;Germany;[];Member;;Exhibition in the Parliament;European Leadership Network;European Parliament;13/09/24
96780;Monika HOHLMEIER;EPP;Germany;[];Member;;Budget;World Food Programme;European Parliament;09/09/24
96780;Monika HOHLMEIER;EPP;Germany;['CONT'];Committee chair;;Working methods ECHA;Zentralverband OberflÃ¤chentechnik e.V. (ZVO), 00975784840-38;Virtual meeting;09/12/20
197770;Martin HOJSÍK;RE;Slovakia;[];Member;;Pesticides, impact on non-target species;Pesticide Action Network Europe;Online;11/10/24
197770;Martin HOJSÍK;RE;Slovakia;[];Member;;Biocontrol;IBMA;Online;11/10/24
197770;Martin HOJSÍK;RE;Slovakia;[];Member;;transition of the European agri-food sector towards sustainable, resilient and competitive food systems;Danone;Online;11/10/24
197770;Martin HOJSÍK;RE;Slovakia;[];Member;;Clean Industrial Deal;Sustainable Public Affairs;Strasbourg;08/10/24
197770;Martin HOJSÍK;RE;Slovakia;[];Member;;Agriculture and circular economy;Schwarz Unternehmenskommunikation International GmbH, Kaufland Slovenská republika v.o.s.;Brussels;27/09/24
197770;Martin HOJSÍK;RE;Slovakia;['ENVI'];Rapporteur;;Soil law and mining industry;European Association for Coal and Lignite;Brussels;26/09/24
197770;Martin HOJSÍK;RE;Slovakia;[];Member;;Automotive industry;Acea S.p.A.;Brussels;25/09/24
197770;Martin HOJSÍK;RE;Slovakia;['ENVI'];Rapporteur;;Soil Monitoring Law, Deforestation Regulation, CAP Strategic Dialogue;Agrarni komora ČR, Zemedelsky svaz ČR, Potravinarska komora ČR, Svaz mladych agrarniku ČR, Slovenska polnohospodarska a potravinarska komora, Svaz chemickeho prumyslu;Brussels;25/09/24
197770;Martin HOJSÍK;RE;Slovakia;['ENVI'];Rapporteur;;Soil protection;Aedes vereniging van woningcorporaties;Online;20/09/24
197770;Martin HOJSÍK;RE;Slovakia;['ENVI'];Rapporteur;;Soil, Strategic Dialogue on the future of EU agriculture;CONSEIL EUROPEEN DES JEUNES AGRICULTEURS;Online;20/09/24
197770;Martin HOJSÍK;RE;Slovakia;[];Member;;Sustainable use of pesticides;PAN Europe;Remote (call);08/12/20
197770;Martin HOJSÍK;RE;Slovakia;[];Member;;EU chemical policy;EEB;Remote (call);04/12/20
197770;Martin HOJSÍK;RE;Slovakia;[];Member;;EU Pollinators Initiative, EU Biodiversity Strategy to 2030;Buglife;Remote (call);20/11/20
197770;Martin HOJSÍK;RE;Slovakia;[];Member;;Lead in ammunition;Legis Telum - Združenie vlastníkov strelných zbraní;Remote (call);20/11/20
197770;Martin HOJSÍK;RE;Slovakia;['ENVI'];Shadow rapporteur;;Sustainable finance;WWF;Remote (call);16/11/20
197770;Martin HOJSÍK;RE;Slovakia;[];Member;;EU Chemicals Strategy for Sustainability;CEFIC;Remote (call);26/10/20
197770;Martin HOJSÍK;RE;Slovakia;[];Member;;Investment products and financial assets;Across Private Investments;Remote (call);16/10/20
197770;Martin HOJSÍK;RE;Slovakia;[];Member;;European Green Deal;Greenpeace;Brussels;02/10/20
197770;Martin HOJSÍK;RE;Slovakia;[];Member;;Animal welfare;EU Dog & Cat Alliance;Remote (call);02/10/20
197770;Martin HOJSÍK;RE;Slovakia;[];Member;;Animal Welfare;Four Paws;Remote (call);25/09/20
197770;Martin HOJSÍK;RE;Slovakia;[];Member;;EU Biodiversity Strategy to 2030, MFF;IUCN;Remote (call);25/09/20
197770;Martin HOJSÍK;RE;Slovakia;[];Member;;Farm to fork;BASF;Remote (call);23/09/20
197770;Martin HOJSÍK;RE;Slovakia;[];Member;;Biodiversity Strategy, CAP;FACE;Remote (call);23/09/20
197770;Martin HOJSÍK;RE;Slovakia;[];Member;;Farm to fork, Circular economy action plan, Biodiversity Strategy;Nestlé;Remote (call);22/09/20
197770;Martin HOJSÍK;RE;Slovakia;[];Member;;Environmental sustainability, work of NGOs;IEEP;Remote (call);21/09/20
197770;Martin HOJSÍK;RE;Slovakia;[];Member;;Bioplastics, circular economy;Crafting Plastics;Bratislava;17/09/20
197770;Martin HOJSÍK;RE;Slovakia;[];Member;;European green deal, climate policies;CAN Europe;Remote (call);01/09/20
197770;Martin HOJSÍK;RE;Slovakia;[];Member;;Green deal, EU´s energy and environmental policy;Slovnaft;Bratislava;28/07/20
197770;Martin HOJSÍK;RE;Slovakia;[];Member;;Electronic vehicles;Greenway;Bratislava;13/07/20
197770;Martin HOJSÍK;RE;Slovakia;[];Member;;Geoterm Kosice;geothermal energy, energy supplies, EU Energy policy;Bratislava;23/06/20
197770;Martin HOJSÍK;RE;Slovakia;[];Member;;Green Recovery, events in EP;GLOBE EU;Brussels;18/06/20
197770;Martin HOJSÍK;RE;Slovakia;[];Member;;Projects and activities in Slovakia;H. Boll Stiftung;Brussels;16/06/20
197770;Martin HOJSÍK;RE;Slovakia;[];Member;;Projects and activities in Slovakia;Heinrich Böll Stiftung;Remote (call);05/06/20
197770;Martin HOJSÍK;RE;Slovakia;[];Member;;Economic Recovery;Konfederácie odborových zväzov;Bratislava;02/06/20
197770;Martin HOJSÍK;RE;Slovakia;[];Member;;Chemické a potravinářské technologie;Fakulta chemickej a potravinarskej technologie STU;Bratislava;25/05/20
197770;Martin HOJSÍK;RE;Slovakia;[];Member;;Fossil fuels;Greenpeace;Remote (call);07/05/20
197770;Martin HOJSÍK;RE;Slovakia;[];Member;;EU Chemical Policy;ChemSec;Remote (call);07/05/20
197770;Martin HOJSÍK;RE;Slovakia;[];Member;;illegal wildlife trade;FOUR PAWS International;Remote (call);06/05/20
197770;Martin HOJSÍK;RE;Slovakia;[];Member;;Endocrine disrupting substances, health & chemical policy;Endocrine Society;Remote (call);28/04/20
197770;Martin HOJSÍK;RE;Slovakia;[];Member;;Plant protection products, IPM, CAP;PAN Europe;Brussels;08/04/20
197770;Martin HOJSÍK;RE;Slovakia;[];Member;;Geothermal energy, EU energy policy;GA Drilling;Remote (call);04/03/20
197770;Martin HOJSÍK;RE;Slovakia;[];Member;;European Bee Week, Sustainable food production;FAO;Brussels;03/03/20
197770;Martin HOJSÍK;RE;Slovakia;[];Member;;Endocrine disrupting substances, health & chemical policy;European Association of Endocrinology;Brusel;18/02/20
197770;Martin HOJSÍK;RE;Slovakia;[];Member;;Green Deal, Future Car CO2 legislation, RDE, Alternative Fuels Infrastructure;Jaguar Europe;Brussels;05/02/20
197770;Martin HOJSÍK;RE;Slovakia;[];Member;;Genome editing;TestBiotech;Brussels;04/02/20
197770;Martin HOJSÍK;RE;Slovakia;[];Member;;Introductory meeting;Bill & Melinda Gates Foundation;Brussels;04/02/20
197770;Martin HOJSÍK;RE;Slovakia;[];Member;;SK Energy policy;Slovnaft SK;Bratislava;31/01/20
197770;Martin HOJSÍK;RE;Slovakia;[];Member;;Energy policy of EU, CO2 emisisons, climate change;Can Europe;Brussels;29/01/20
197770;Martin HOJSÍK;RE;Slovakia;[];Member;;Biodiversity;IUCN;Strasbourg;27/01/20
197770;Martin HOJSÍK;RE;Slovakia;[];Member;;Energy Poverty;Habitat for Humanity International;Brussels;21/01/20
197398;Pär HOLMGREN;Greens / EFA;Sweden;['AGRI'];Member;;Agricultural sustainability;Lantbrukarnas Riksförbund;European Parliament (Brussels);03/10/24
197398;Pär HOLMGREN;Greens / EFA;Sweden;['ENVI'];Member;;Outdoor community and climate action;Protect Our Winters Europe;European Parliament;02/10/24
197398;Pär HOLMGREN;Greens / EFA;Sweden;[];Member;;University breakfast meeting;Uppsala University;Online;02/10/24
197398;Pär HOLMGREN;Greens / EFA;Sweden;['ENVI'];Member;;Sustainability and food packaging industry;Duni Group;European Parliament (Brussels);01/10/24
197398;Pär HOLMGREN;Greens / EFA;Sweden;['AGRI'];Member;;Food Industry breakfast Meeting;Nordic Food Industry;European Parliament (Brussels);25/09/24
197398;Pär HOLMGREN;Greens / EFA;Sweden;['ENVI'];Member;;Receive symbolic scarf at climate action demonstration;Rebellmammorna;Luxembourg Square;25/09/24
197398;Pär HOLMGREN;Greens / EFA;Sweden;['ENVI'];Member;;Circular economy and chemicals;re:profit;European Parliament (Brussels);25/09/24
197398;Pär HOLMGREN;Greens / EFA;Sweden;[];Member;;"""Nordic University Days"" Breakfast Event";Gothenburg European Office;European Parliament (Brussels);24/09/24
197398;Pär HOLMGREN;Greens / EFA;Sweden;['ENVI'];Member;;Environmental and agricultural priorities;Swedish Society for Nature Conservation;European Parliament (Brussels);24/09/24
197398;Pär HOLMGREN;Greens / EFA;Sweden;['ENVI'];Member;;Biomass use, international forests/EUDR, Forest Monitoring Law, Standing Forestry Committee Files, forest finance;Fern;European Parliament (Brussels);24/09/24
197398;Pär HOLMGREN;Greens / EFA;Sweden;['AGRI'];Rapporteur;;8th Environmental Action Plan;European Environmental Agency;Online;09/12/20
197398;Pär HOLMGREN;Greens / EFA;Sweden;['AGRI'];Rapporteur;;8th Environmental Action Plan;European Chemical Agency;Online;07/12/20
197398;Pär HOLMGREN;Greens / EFA;Sweden;['AGRI'];Rapporteur;;8th Environmental Action Plan;WWF European Policy Programme (1414929419-24);Online;04/12/20
197398;Pär HOLMGREN;Greens / EFA;Sweden;['AGRI'];Rapporteur;;8th Environmental Action Plan;European Environmental Bureau - EEB (06798511314-27);Online;04/12/20
197398;Pär HOLMGREN;Greens / EFA;Sweden;['ENVI'];Member;;Circular Economy;Ragn-Sells (277986036522-33);Online;03/12/20
197398;Pär HOLMGREN;Greens / EFA;Sweden;[];Member;;Minimum wages;Landsorganisationen Sverige - LO (673091017982-82), Tjänstemännens centralorganisation - TCO (86242309652-84), Sveriges Akademikers Centralorganisation - SACO (263312725149-84);Online;02/12/20
197398;Pär HOLMGREN;Greens / EFA;Sweden;['ENVI'];Member;;Bioenergy;Stockholm Exergi;Online;30/11/20
197398;Pär HOLMGREN;Greens / EFA;Sweden;['ENVI'];Member;;Forest Policy;Skogsindustrierna (355702910008-47);Online;27/11/20
197398;Pär HOLMGREN;Greens / EFA;Sweden;['AGRI', 'ENVI'];Member;;Antibiotic Resistance;ReAct - Action on Antibiotic Resistance (189720828138-88);Online;10/11/20
197398;Pär HOLMGREN;Greens / EFA;Sweden;['AGRI', 'ANIT'];Member;;Study Visit: Larsbo lantgård (Larsbo farm);Larsbo lantgård;Örbyhus, Sweden;04/11/20
197398;Pär HOLMGREN;Greens / EFA;Sweden;['AGRI', 'ENVI', 'ANIT'];Member;;Sveriges Lantbruksuniversitet;Sveriges Lantbruksuniversitet - SLU (608007420695-66);Uppsala, Sweden;03/11/20
197398;Pär HOLMGREN;Greens / EFA;Sweden;['AGRI'];Member;;CAP;Lantbrukarnas Riksförbund - LRF (79239225070-38);Online;22/10/20
197398;Pär HOLMGREN;Greens / EFA;Sweden;['ENVI'];Member;;European Climate Law;Världsnaturfonden WWF Sverige (299330237015-12), Naturskyddsföreningen (681872220973-70), Greenpeace Sverige;Online;02/10/20
197398;Pär HOLMGREN;Greens / EFA;Sweden;['ENVI'];Member;;European Climate Law;Fältbiologerna, Jordens Vänner - Friends of the Earth Sweden, Klimataktion;Online;02/10/20
197398;Pär HOLMGREN;Greens / EFA;Sweden;['ANIT'];Member;;Animal transports;Djurens Rätt (734361235778-05);Online;24/09/20
197398;Pär HOLMGREN;Greens / EFA;Sweden;['ANIT'];Member;;Animal transport;Svenska Djurskyddsföreningen;Online;24/09/20
197398;Pär HOLMGREN;Greens / EFA;Sweden;['ENVI'];Member;;Climate Change Adaptation Policy;United Nations Office for Disaster Risk Reduction;Online;24/09/20
197398;Pär HOLMGREN;Greens / EFA;Sweden;['AGRI'];Member;;Agriculture;Swedish Permanent Represenation to the EU;Tout Bon, Brussels;23/09/20
197398;Pär HOLMGREN;Greens / EFA;Sweden;['AGRI'];Member;;Farm to Fork, Biodiversity;Lantbrukarnas Riksförbund - LRF (79239225070-38);Online;22/09/20
197398;Pär HOLMGREN;Greens / EFA;Sweden;['ENVI'];Member;;European Climate Law;PUSH;Online;09/09/20
197398;Pär HOLMGREN;Greens / EFA;Sweden;['ENVI'];Member;;Climate and environment;ECOLISE;Online;03/09/20
197398;Pär HOLMGREN;Greens / EFA;Sweden;['ENVI'];Member;;European standardisation;Svenska institutet för standarder - SIS;Online;23/06/20
197398;Pär HOLMGREN;Greens / EFA;Sweden;['ENVI', 'AGRI'];Shadow rapporteur;;Just Transition Fund;CEE Bankwatch Network - BWN (93834493808-49);Online;10/06/20
197398;Pär HOLMGREN;Greens / EFA;Sweden;[];Member;;COVID Recovery Plan;Svenskt Näringsliv (39912257528-48);Online;08/06/20
197398;Pär HOLMGREN;Greens / EFA;Sweden;['ENVI', 'AGRI'];Member;;European Climate Law;European Environmental Bureau - EEB (06798511314-27);Online;02/06/20
197398;Pär HOLMGREN;Greens / EFA;Sweden;['ENVI', 'AGRI'];Member;;Web seminar: Forestry and Corona;Skogsindustrierna (355702910008-47);Online;26/05/20
197398;Pär HOLMGREN;Greens / EFA;Sweden;['ENVI', 'AGRI'];Shadow rapporteur;;Just Transition Fund;WWF EU (1414929419-24);Video/online;06/05/20
197398;Pär HOLMGREN;Greens / EFA;Sweden;['ENVI'];Member;;European Green Deal, Climate and Environment;Naturskyddsföreningen (681872220973-70), European Environmental Bureau (06798511314-27);Europaparlamentet, Bryssel;06/02/20
197398;Pär HOLMGREN;Greens / EFA;Sweden;['ENVI'];Member;;Environment and policy related to Östersjön;Östersjöcentrum - Stockholms Universitet / Baltic Sea Center - Stockholm University;Europaparlamentet, Bryssel;04/02/20
197398;Pär HOLMGREN;Greens / EFA;Sweden;['ENVI'];Member;;European Green Deal;Stockholm Environmental Institute (419874835766-5);Europaparlamentet, Bryssel;03/02/20
197398;Pär HOLMGREN;Greens / EFA;Sweden;['ENVI'];Member;;European Green Deal and Fossilfritt Sverige;Energiföretagen / Swedenergy (13073098010-57);Europaparlamentet, Bryssel;23/01/20
197398;Pär HOLMGREN;Greens / EFA;Sweden;['ENVI'];Member;;European Green Deal;Världsnaturfonden WWF Sverige (299330237015-12);Tout Bon, Bryssel;23/01/20
197398;Pär HOLMGREN;Greens / EFA;Sweden;[];Member;;Dinner with MEPs - social issues;Landsorganisationen Sverige - LO (673091017982-82), Tjänstemännens centralorganisation - TCO (86242309652-84), Sveriges Akademikers Centralorganisation - SACO (263312725149-84);Sofitel, Bryssel;22/01/20
124715;György HÖLVÉNYI;PfE;Hungary;[];Member;;Exchange of views;MOL Group;European Parliament;17/09/24
124715;György HÖLVÉNYI;PfE;Hungary;[];Member;;Exchange of views;Szövetség a Polgári Magyarországért Alapítvány;European Parliament;10/09/24
124715;György HÖLVÉNYI;PfE;Hungary;[];Member;;Exchange of views;Kárpátaljai Magyar Kulturális Szövetség;European Parliament;10/09/24
124715;György HÖLVÉNYI;PfE;Hungary;[];Member;;Exchange of views;MCC Brussels;European Parliament;10/09/24
122978;Alicia HOMS GINEL;S&D;Spain;['EMPL'];Member;;Prioridades en materia social y de empleo 2024/29;UNIÓN GENERAL DE TRABAJADORES DE ESPAÑA;Brussels;02/10/24
122978;Alicia HOMS GINEL;S&D;Spain;['EMPL'];Rapporteur;;Traineeships Directive;EUROPEAN TRADE UNION CONFEDERATION, European Youth Forum;Brussels;30/09/24
122978;Alicia HOMS GINEL;S&D;Spain;['EMPL'];Member;;Prioridades en material social y de empleo 2024/29;Oliver Röpke, Presidente del Comité Económico y Social;Bruselas;25/09/24
122978;Alicia HOMS GINEL;S&D;Spain;['EMPL'];Member;;Prioridades en materia de discapacidad 2024/29;ORGANIZACION NACIONAL DE CIEGOS DE ESPAÑA;Bruselas;25/09/24
122978;Alicia HOMS GINEL;S&D;Spain;['EMPL'];Member;;Prioridades en material social y de empleo 2024/29;Representación Permanente de España ante la UE;Bruselas;24/09/24
122978;Alicia HOMS GINEL;S&D;Spain;['EMPL'];Member;;Prioridades en materia de juventud 2024/29;European Youth Forum;Bruselas;24/09/24
197624;Ivars IJABS;RE;Latvia;[];Member;;EU-Taiwan relations;Taipei Representative Office in the EU;MEPs office;01/10/24
197624;Ivars IJABS;RE;Latvia;['IMCO'];Rapporteur;;Late payments regulation;Latvian Chamber of Traders;European Parliament;26/09/24
197624;Ivars IJABS;RE;Latvia;['ITRE'];Member;;Electronics Manufacturing, Industrial Strategy;IPC International, Inc.;Brussels, MEP's Office;12/09/24
256918;Céline IMART;EPP;France;[];Member;;Agriculture;Crop life Europe;Strasbourg;10/10/24
256918;Céline IMART;EPP;France;[];Member;;INTA;Ambassade d'Egypte;By Phone / Au téléphone;09/10/24
256918;Céline IMART;EPP;France;[];Member;;Agriculture;MSD;Strasbourg;09/10/24
256918;Céline IMART;EPP;France;[];Member;;Agriculture;Euro Foie Gras;Strasbourg;08/10/24
256918;Céline IMART;EPP;France;[];Member;;Agriculture;In Vivo;Strasbourg;07/10/24
256918;Céline IMART;EPP;France;[];Member;;Agriculture;CNIEL;Cournon d'Auvergne / Sommet de l'élevage;03/10/24
256918;Céline IMART;EPP;France;[];Member;;Agriculture;FNPL;Cournon d'Auvergne / Sommet de l'élevage;03/10/24
256918;Céline IMART;EPP;France;[];Member;;Agriculture;Groupe Limagrain;Cournon d'Auvergne / Sommet de l'élevage;03/10/24
256918;Céline IMART;EPP;France;[];Member;;Agriculture;INTERBEV;Cournon d'Auvergne / Sommet de l'élevage;03/10/24
256918;Céline IMART;EPP;France;[];Member;;Agriculture;COPAMAC;Cournon d'Auvergne / Sommet de l'élevage;03/10/24
197392;Evin INCIR;S&D;Sweden;[];Member;;Human rights;PRISONERS DEFENDERS INTERNATIONAL NETWORK;Brussels;02/10/24
197392;Evin INCIR;S&D;Sweden;[];Member;;Civil Society Organisations;Civil Society Europe, Social Platform;Brussels;02/10/24
197392;Evin INCIR;S&D;Sweden;[];Member;;Encryption;Internet Society, NOVE;Brussels;02/10/24
197392;Evin INCIR;S&D;Sweden;[];Member;;Roma rights and anti-discrimination;European Roma Grassroots Organisations Network;Brussels;02/10/24
197392;Evin INCIR;S&D;Sweden;[];Member;;Erasmus and student exchange studies;Erasmus Student Network Sweden;European Parliament;01/10/24
197392;Evin INCIR;S&D;Sweden;['LIBE'];Member;;Lunch;Ola Nord, Malmö stad;Certo, rue Longue Vie 48;27/09/24
197392;Evin INCIR;S&D;Sweden;['AFET'];Member;;Presentation av Svenskt Näringslivs medlemsförbund;Confederation of Swedish Enterprises;Confederation of Swedish Enterprises;26/09/24
197392;Evin INCIR;S&D;Sweden;['AFET'];Member;;Ambassador Insider Series;The Brussels Times;Borgendael Pavilion, BELvue Museum, Pl. des Palais 7, 1000 Bruxelles;25/09/24
197392;Evin INCIR;S&D;Sweden;[];Member;;Humanitarian situation in the Middle East and Gaza;Diakonia, Church of Sweden ACT;Brussels;25/09/24
197392;Evin INCIR;S&D;Sweden;['LIBE'];Member;;Children's rights;Save the Children Sweden;Karsmakers Coffee House, Rue de Trèves 20, 1050 Ixelles, Belgium.;23/09/24
197392;Evin INCIR;S&D;Sweden;['LIBE'];Member;;Zoom-möte;EDRi;Bryssel;30/11/20
197392;Evin INCIR;S&D;Sweden;['LIBE'];Member;;Zoom-möte;RFSL - Riksförbundet för homosexuellas, bisexuellas, transpersoners, queeras och intersexpersoners rättigheter;Stockholm;05/11/20
197392;Evin INCIR;S&D;Sweden;[];Member;;Teams-möte;ECPAT;Stockholm;05/11/20
197392;Evin INCIR;S&D;Sweden;['LIBE'];Member;;Zoom-möte;Reportrar utan gränser;Stockholm;05/11/20
197392;Evin INCIR;S&D;Sweden;[];Member;;Zoom-möte;Svenska PEN;Stockholm;05/11/20
197392;Evin INCIR;S&D;Sweden;['DEVE'];Member;;Zoom-möte;Concord;Stockholm;04/11/20
197392;Evin INCIR;S&D;Sweden;['LIBE'];Member;;Zoom-möte;RFSU - Riksförbundet för sexuell upplysning;Stockholm;04/11/20
197392;Evin INCIR;S&D;Sweden;['LIBE'];Member;;Zoom-möte;LSU - Sveriges Ungdomsorganisationer;Stockholm;03/11/20
197392;Evin INCIR;S&D;Sweden;[];Member;;Zoom-möte;Rädda Barnen;Bryssel;16/10/20
197392;Evin INCIR;S&D;Sweden;[];Member;;Zoom-möte;YFJ - European Youth Forum;Bryssel;16/10/20
197392;Evin INCIR;S&D;Sweden;['LIBE'];Member;;Zoom-möte;Schibsted;Bryssel;18/09/20
197392;Evin INCIR;S&D;Sweden;['AFET'];Rapporteur;;Lunchmöte;European Institute for Peace, Secretary general Michael Keating;Brussels;07/07/20
197392;Evin INCIR;S&D;Sweden;['LIBE'];Member;;Skype-möte;Reportrar utan gränser;Bryssel;29/06/20
197392;Evin INCIR;S&D;Sweden;['LIBE'];Member;;Zoom-möte;EDRi - European Digital Rights;Bryssel;22/05/20
197392;Evin INCIR;S&D;Sweden;['LIBE'];Member;;Zoom-möte;LSU - Sveriges Ungdomsorganisationer;Stockholm;22/05/20
197392;Evin INCIR;S&D;Sweden;['LIBE'];Rapporteur;;Zoom-möte;S-Kvinnor, Socialdemokraternas talesperson för Jämställdhet;Stockholm;19/05/20
197392;Evin INCIR;S&D;Sweden;[];Member;;Zoom-möte;Rädda Barnen;Stockholm;05/05/20
197392;Evin INCIR;S&D;Sweden;[];Member;;Webex-möte;Kommissionär Ylva Johansson;Stockholm;28/04/20
197392;Evin INCIR;S&D;Sweden;[];Member;;Digitalt årsmöte;PES Stockholm;Stockholm;14/04/20
197392;Evin INCIR;S&D;Sweden;['LIBE'];Rapporteur;;Skype-möte;ILGA Europe;Bryssel;16/03/20
197392;Evin INCIR;S&D;Sweden;[];Member;;Sponsrad grupp Socialdemokratiska Studentförbundet;Socialdemokratiska Studentförbundet;Bryssel;05/03/20
197392;Evin INCIR;S&D;Sweden;[];Member;;Möte;Israeliska representationen till EU och Nato;Bryssel;20/02/20
197392;Evin INCIR;S&D;Sweden;['LIBE'];Shadow rapporteur;;Möte;European Womens Lobby;Bryssel;18/02/20
197392;Evin INCIR;S&D;Sweden;['LIBE'];Shadow rapporteur;;Möte;Amnesty International;Bryssel;17/02/20
197392;Evin INCIR;S&D;Sweden;['LIBE'];Shadow rapporteur;;Skype-möte;Raoul Wallenberg institutet;Bryssel;17/02/20
197392;Evin INCIR;S&D;Sweden;['LIBE'];Shadow rapporteur;;Möte;Svenska Pen;Stockholm;14/02/20
197392;Evin INCIR;S&D;Sweden;['LIBE'];Shadow rapporteur;;Möte;RFSU;Stockholm;14/02/20
197392;Evin INCIR;S&D;Sweden;[];Member;;Möte;Center for American Progress;Bryssel;07/02/20
197392;Evin INCIR;S&D;Sweden;[];Member;;Konferens;EUTCC;Bryssel;06/02/20
197392;Evin INCIR;S&D;Sweden;[];Member;;Möte;LO;Bryssel;06/02/20
197392;Evin INCIR;S&D;Sweden;[];Member;;Möte;Digital Europe and Digital Turkey Platform;Bryssel;05/02/20
197392;Evin INCIR;S&D;Sweden;[];Member;;Möte;German Marshall Fund of the United States;Bryssel;05/02/20
197392;Evin INCIR;S&D;Sweden;[];Member;;Möte;PDKI;Bryssel;04/02/20
197392;Evin INCIR;S&D;Sweden;[];Member;;Möte;Amnesty International Sverige och Sveriges Utrikesminister;Stockholm;31/01/20
197392;Evin INCIR;S&D;Sweden;[];Member;;Möte;European Partnership for Democracy;Bryssel;28/01/20
197392;Evin INCIR;S&D;Sweden;[];Member;;Möte;Platform for Peace and Justice;Bryssel;23/01/20
197392;Evin INCIR;S&D;Sweden;[];Member;;Möte;LO, TCO och SACO;Bryssel;22/01/20
256992;Hana JALLOUL MURO;S&D;Spain;['AFET'];Member;;Ambassador Introduction;Turkish Delegation to the EU;Strasbourg;17/09/24
256992;Hana JALLOUL MURO;S&D;Spain;['AFET'];Member;;AFET Work Introduction;Catalan Press Group;Strasbourg;17/09/24
256992;Hana JALLOUL MURO;S&D;Spain;['AFET'];Member;;UNRWA Situation;UNRWA Representative;Strasbourg;17/09/24
256992;Hana JALLOUL MURO;S&D;Spain;['AFET'];Member;;Middle East Peace;Alliance for Middle East Peace;Brussels;11/09/24
256992;Hana JALLOUL MURO;S&D;Spain;['AFET'];Member;;EU Integration- Georgia;Representatives of Parliament of Georgia;Brussels;11/09/24
256992;Hana JALLOUL MURO;S&D;Spain;['AFET'];Member;;Tunisian Politics;Tunisian Activists;Brussels;11/09/24
256992;Hana JALLOUL MURO;S&D;Spain;['AFET'];Member;;Development of social democracy in Eastern & South Eastern Europe and the Middle East and North Africa;European Forum for Democracy and Solidarity;Brussels;10/09/24
256992;Hana JALLOUL MURO;S&D;Spain;['AFET'];Member;;Future of European foreign policy;Candidate for HR/VP;Brussels;10/09/24
256992;Hana JALLOUL MURO;S&D;Spain;['AFET'];Member;;Middle East Peace;UN Representaives;Brussels;10/09/24
256992;Hana JALLOUL MURO;S&D;Spain;['AFET'];Member;;Human Rights in MENA region;HRW, Human Rights Watch’s;Brussels;05/09/24
189065;France JAMET;PfE;France;['PECH'];Member;;Dîner informel avec le Consul général de Chine à Strasbourg;PAN Yumin;Strasbourg;20/09/24
197517;Adam JARUBAS;EPP;Poland;['SANT'];Committee chair;;Dostępnośc urządzeń medycznych w Polsce i Europie dzis i jutro w kontekście ram prawnych MDR;Ogólnopolska Izba Gospodarcza Wyrobów Medycznych POLMED;online;10/10/24
197517;Adam JARUBAS;EPP;Poland;['ENVI'];Member;;spotkanie z przedstawicielami związków branżowych zrzeszonych w Lewiatan - z okazji 20lecia Polski w UE;Polish Confederation Lewiatan;w siedzibie Europejskiego Komitetu Ekonomiczno-Społecznego (sala JDE63) w Brukseli;01/10/24
197517;Adam JARUBAS;EPP;Poland;['SANT'];Committee chair;;Health Summit;The Parliament Magazine;Comet Meeting Centre Louise located in Pl. Stéphanie 20, 1050 Bruxelles, Belgium;01/10/24
197517;Adam JARUBAS;EPP;Poland;['SANT'];Committee chair;;European medical professionals workforce crisis;Standing Committee of European Doctors;Spinelli 13E168;01/10/24
197517;Adam JARUBAS;EPP;Poland;['SANT'];Committee chair;;Wyzwania chorób rzadkich w tym rzadkich typów nowotworów;European Society for Medical Oncology (ESMO);online;25/09/24
197517;Adam JARUBAS;EPP;Poland;['SANT'];Committee chair;;Sytuacja sektora biotechnologicznego w Polsce w kontekście agendy prac nowej KE;Association of Biotechnological Companies BioForum;online;24/09/24
197517;Adam JARUBAS;EPP;Poland;['ENVI'];Member;;Przyszłość polskiego sektora bateryjnego w kontekście zielonej transformacji;Impact Clean Power Technology S.A.;online;19/09/24
197517;Adam JARUBAS;EPP;Poland;['SANT'];Committee chair;;Spotkanie ws. priorytetów w obszarze zdrowia w nowej kadencji PE;Acumen Public Affairs;online;16/09/24
197517;Adam JARUBAS;EPP;Poland;['SANT'];Committee chair;;Preparatory call High-Level Policy Event - EPF;European Patients' Forum (EPF);Online;11/09/24
197517;Adam JARUBAS;EPP;Poland;['ENVI'];Member;;EU Competitiveness;European Aluminium AISBL;Spinelli13E168;10/09/24
197517;Adam JARUBAS;EPP;Poland;['ENVI'];Shadow rapporteur;;Business Europe Apero Webinar CBAM;Business Europe;Brussels - videoconference;24/11/20
197517;Adam JARUBAS;EPP;Poland;['ENVI'];Shadow rapporteur;;CBAM;Sandbag;Brussels - videoconference;18/11/20
197517;Adam JARUBAS;EPP;Poland;['ENVI'];Shadow rapporteur;;BSP Insight - CBAM;Busines and Science Poland;Brussels - videoconference;10/11/20
197517;Adam JARUBAS;EPP;Poland;['ENVI'];Shadow rapporteur;;CBAM;Citizens Climate Europe;Brussels - videoconference;06/11/20
197517;Adam JARUBAS;EPP;Poland;['ENVI'];Shadow rapporteur;;CBAM;Konfederacja Lewiatan;Brussels - videoconference;29/10/20
257031;Dariusz JOŃSKI;EPP;Poland;['ENVI'];Member;;The challenges of the cosmetics industry in the context of new legislative projects developed at the EU level;Polish Confederation Lewiatan;T10034 The European Parliament in Strasbourg;17/09/24
197627;Virginie JORON;PfE;France;[];Member;;traitement du cancer;European Cancer Organisation;Parlement européen strasbourg;18/07/24
256898;Pierre JOUVET;S&D;France;['IMCO'];Member;;enjeux du piratage et du géoblocage;Ligue de Football Professionnel;Bruxelles;01/10/24
256898;Pierre JOUVET;S&D;France;['IMCO'];Member;;enjeux du secteur du jeu vidéo;Video Games Europe;Bruxelles;01/10/24
256898;Pierre JOUVET;S&D;France;['IMCO'];Member;;enjeux du e-commerce européen;CDISCOUNT;Bruxelles;01/10/24
256898;Pierre JOUVET;S&D;France;['IMCO'];Member;;enjeux de l'économie circulaire;Backmarket;Bruxelles;30/09/24
256898;Pierre JOUVET;S&D;France;['IMCO'];Member;;enjeux numériques;People vs Big Tech;Bruxelles;26/09/24
256898;Pierre JOUVET;S&D;France;['IMCO'];Member;;enjeux du secteur audiovisuel;European Film Agency Directors, Centre national du cinéma et de l'image animée;Bruxelles;26/09/24
256898;Pierre JOUVET;S&D;France;['ENVI'];Member;;enjeux environnementaux;Réseau Action Climat France;Bruxelles;26/09/24
256898;Pierre JOUVET;S&D;France;[];Member;;Armenia, COP 29;European Armenian Federation for Justice and Democracy;Strasbourg;17/09/24
256898;Pierre JOUVET;S&D;France;['IMCO'];Member;;enjeux pour les entreprises de proximité;U2P;Bruxelles;13/09/24
256898;Pierre JOUVET;S&D;France;['IMCO'];Member;;enjeux pour le secteur du livre;French Publishers Association (Syndicat National de l'Edition);Bruxelles;09/09/24
197447;Irena JOVEVA;RE;Slovenia;['DPAL'];Member;;Situation in Palestine;European Coordination of Committees and Associations for Palestine;Brussels;24/09/24
197447;Irena JOVEVA;RE;Slovenia;[];Member;;Pharmaceutical strategy and digitalization of the healthcare system;Novartis International AG;online;11/12/20
197447;Irena JOVEVA;RE;Slovenia;['DPAL'];Member;;Rights of Palestinians;Gibanje za pravice Palestincev;online;08/12/20
197447;Irena JOVEVA;RE;Slovenia;[];Member;;Human rights of minorities in Kuwait;European Center for Democracy and Human rights;online;08/12/20
197447;Irena JOVEVA;RE;Slovenia;[];Member;;Women's rights in the Western Balkans;The Kvinna till Kvinna Foundation;online;11/11/20
197447;Irena JOVEVA;RE;Slovenia;[];Member;;Young inventors;Think Young;online;03/11/20
197447;Irena JOVEVA;RE;Slovenia;[];Member;;Authors rights;GESAC;zoom;21/10/20
197447;Irena JOVEVA;RE;Slovenia;[];Member;;Societal impact of pain;SIP Europe;online;05/10/20
197447;Irena JOVEVA;RE;Slovenia;[];Member;;Challenges of sports events organizers in the digital environment;NEWS MEDIA COALITION;zoom;02/10/20
197447;Irena JOVEVA;RE;Slovenia;[];Member;;Emission reduction and Fit for 55;Professors at Univerza Primorskem;Ljubljana;30/09/20
197447;Irena JOVEVA;RE;Slovenia;[];Member;;Cooperation and local politics in Jesenice;Mayor of Jesenice;Jesenice;25/09/20
197447;Irena JOVEVA;RE;Slovenia;[];Member;;Sports events online;UEFA;Brussels;24/09/20
197447;Irena JOVEVA;RE;Slovenia;[];Member;;Women's health and beating cancer;Hologic BV;Brussels;23/09/20
197447;Irena JOVEVA;RE;Slovenia;[];Member;;Vaping;Independent European Vape Alliance;Zoom;23/09/20
197447;Irena JOVEVA;RE;Slovenia;[];Member;;Projekt Živa knjižnica Ljubljana;Project representatives;Ljubljana;11/09/20
197447;Irena JOVEVA;RE;Slovenia;[];Member;;Muzej novejše zgodovine Slovenije;Museum director;Ljubljana;04/09/20
197447;Irena JOVEVA;RE;Slovenia;[];Member;;Liberal political participation;European Liberal Forum;Ljubljana;17/08/20
197447;Irena JOVEVA;RE;Slovenia;[];Member;;European radio network;Euranet plus;Online;01/07/20
197447;Irena JOVEVA;RE;Slovenia;[];Member;;European Youth Parliament;Representative of the European Youth Parliament in Slovenia;Ljubljana;23/06/20
197447;Irena JOVEVA;RE;Slovenia;[];Member;;Challenges of sport events in the online environment;NEWS MEDIA COALITION;Brussels;17/06/20
197447;Irena JOVEVA;RE;Slovenia;[];Member;;Israel Palestine relations;Israeli ambassador;Phone call;16/06/20
197447;Irena JOVEVA;RE;Slovenia;[];Member;;Rights of Palestinians;Gibanje za pravice Palestincev;phone call;15/06/20
197447;Irena JOVEVA;RE;Slovenia;[];Member;;COVID pandemic and beating cancer;Representatives of Lek/Novartis;Ljubljana;02/06/20
197447;Irena JOVEVA;RE;Slovenia;[];Member;;MYWATER clean tech startup;MYWATER;Ljubljana;24/03/20
197447;Irena JOVEVA;RE;Slovenia;[];Member;;North Macedonia EU accession path;Mission of North Macedonia to the EU;Brussels;05/03/20
197447;Irena JOVEVA;RE;Slovenia;[];Member;;Liberal politics;Liberal international;Brussels;05/03/20
197447;Irena JOVEVA;RE;Slovenia;[];Member;;Društva Parada Ponosa;Representative of  Društva Parada Ponosa;Ljubljana;02/03/20
197447;Irena JOVEVA;RE;Slovenia;[];Member;;Skupnost socialnih zavodov Slovenije;Representative of the organisation Skupnost socialnih zavodov Slovenije;Ljubljana;02/03/20
197447;Irena JOVEVA;RE;Slovenia;[];Member;;Multilingualism and online platforms;Netflix International B.V.;Brussels;17/02/20
197447;Irena JOVEVA;RE;Slovenia;[];Member;;Bio production in Europe;EuropaBio;Brussels;12/02/20
197447;Irena JOVEVA;RE;Slovenia;[];Member;;Courtesy meeting with Ambassador - Brexit;Ambasador- UK Embassy in Slovenia;Ljubljana;12/02/20
197447;Irena JOVEVA;RE;Slovenia;[];Member;;Zveza društev upokojencev Slovenije;Zveza društev upokojencev Slovenije;Ljubljana;31/01/20
197447;Irena JOVEVA;RE;Slovenia;[];Member;;Political situation in Southeast Europe;IMELUM Think  thank;Brussels;21/01/20
197447;Irena JOVEVA;RE;Slovenia;[];Member;;European industry self sufficiency;AESGP+;Brussels;16/01/20
197840;Rasa JUKNEVIČIENĖ;EPP;Lithuania;[];Member;;Situation in Georgia before the general election;coalition of Georgian NGOs;Brussels;26/09/24
197840;Rasa JUKNEVIČIENĖ;EPP;Lithuania;[];Member;;Israel-Palestine situation;coalition of 12 Israeli NGOs;Brussels;26/09/24
197840;Rasa JUKNEVIČIENĖ;EPP;Lithuania;[];Member;;Introduction meeting;European Policy Centre;European Parliament;11/09/24
197840;Rasa JUKNEVIČIENĖ;EPP;Lithuania;[];Member;;Update on political developments in Armenia;Armenian representatives;Brussels;11/09/24
197840;Rasa JUKNEVIČIENĖ;EPP;Lithuania;[];Member;;Introduction meeting;European DIGITAL SME Alliance;European Parliament;10/09/24
197840;Rasa JUKNEVIČIENĖ;EPP;Lithuania;[];Member;;Update on political developments in Tibet;Tibetan representatives;Brussels;10/09/24
197840;Rasa JUKNEVIČIENĖ;EPP;Lithuania;[];Member;;Updates in Belarus;Transitional Cabinet of the democratic Belarus;Vilnius;29/08/24
197840;Rasa JUKNEVIČIENĖ;EPP;Lithuania;['INGE'];Member;;Disinformation and foreign interference;EDiMA;Zoom;03/11/20
197840;Rasa JUKNEVIČIENĖ;EPP;Lithuania;['INGE'];Member;;Measures taken by Facebook to address disinformation and foreign interference into elections;Facebook;Zoom;14/10/20
197840;Rasa JUKNEVIČIENĖ;EPP;Lithuania;['DEVE'];Rapporteur;;Recommendation for fight against COVID-19, MFF petition;ONE Campaign Youth Ambassadors;European Parliament (Brussels);01/10/20
197840;Rasa JUKNEVIČIENĖ;EPP;Lithuania;['DEVE'];Rapporteur;;Role of EIB in NDICI trilogue;European Investment Bank;European Parliament (Brussels);30/09/20
197840;Rasa JUKNEVIČIENĖ;EPP;Lithuania;['DEVE'];Rapporteur;;NDICI as a tool against forced displacement;UNHCR;European Parliament (Brussels);04/03/20
197840;Rasa JUKNEVIČIENĖ;EPP;Lithuania;[];Member;;Agricultural subsidies;Lietuvos ūkininkų sąjunga,, Lietuvos grudų augintojų asociacija, Lietuvos pieno gamintojų asociacija, Nenašių žemių asociacija, Žemdirbių taryba;European Parliament (Brussels);19/02/20
197840;Rasa JUKNEVIČIENĖ;EPP;Lithuania;['DEVE'];Rapporteur;;NDICI, Local Government;Platforma;European Parliament (Brussels);17/02/20
197840;Rasa JUKNEVIČIENĖ;EPP;Lithuania;['DEVE'];Rapporteur;;NDICI Cluster 2;Generation Nutrition;European Parliament (Brussels);07/02/20
197840;Rasa JUKNEVIČIENĖ;EPP;Lithuania;['DEVE'];Rapporteur;;Climate and Enviromental Elements of NDICI;Climate Action Network;European Parliament (Brussels);07/02/20
197840;Rasa JUKNEVIČIENĖ;EPP;Lithuania;['DEVE'];Rapporteur;;Tobacco Control in the EU development framework;Smoke Free Partnership;European Parliament (Brussels);06/02/20
197840;Rasa JUKNEVIČIENĖ;EPP;Lithuania;['AFET'];Member;;Activities and priorities of SWIFT;SWIFT;European Parliament, Brussels;08/01/20
257256;Taner KABILOV;RE;Bulgaria;[];Member;;introductory meeting;Representative of the Turkish Permanent Delegation to the EU;EP Strasbourg;18/09/24
256908;François KALFON;S&D;France;['TRAN'];Member;;Priorités Transport 2024-2029;CMA CGM;Bruxelles;12/09/24
256908;François KALFON;S&D;France;['IMCO'];Member;;Priorités IMCO 2024-2029;UFC Que choisir;Bruxelles;06/09/24
256908;François KALFON;S&D;France;['TRAN'];Member;;Priorités Transport 2024-2029;European Association Automotive Suppliers;Bruxelles;03/09/24
256908;François KALFON;S&D;France;['TRAN'];Member;;Priorités Transport 2024-2029;Air France-KLM;Bruxelles;03/09/24
256908;François KALFON;S&D;France;['TRAN'];Member;;Priorités Transport 2024-2029;GROUPEMENT DES INDUSTRIES DE CONSTRUCTION ET ACTIVITES NAVALES;Bruxelles;24/07/24
256908;François KALFON;S&D;France;['TRAN'];Member;;Priorités Transport 2024-2029;Airbus;Bruxelles;24/07/24
256908;François KALFON;S&D;France;['TRAN'];Member;;Priorités transport pour 2024-2029;SAFRAN;Bruxelles;23/07/24
256908;François KALFON;S&D;France;['TRAN'];Member;;Priorités Transport 2024-2029;Société nationale SNCF;Strasbourg;17/07/24
197491;Marina KALJURAND;S&D;Estonia;[];Member;;EU-Georgia relations;Mission of Georgia to the EU;Brussels;03/10/24
197491;Marina KALJURAND;S&D;Estonia;[];Member;;EU digital policy;Creative Commons;European Parliament;02/10/24
197491;Marina KALJURAND;S&D;Estonia;[];Member;;Presentation of Eurojust and its activities;Eurojust;Brussels;02/10/24
197491;Marina KALJURAND;S&D;Estonia;[];Member;;Cyber skills;International Information System Security Certification Consortium, Inc.;European Parliament;01/10/24
197491;Marina KALJURAND;S&D;Estonia;[];Member;;Political situation in Georgia;'United National Movement';Brussels;01/10/24
197491;Marina KALJURAND;S&D;Estonia;['LIBE'];Shadow rapporteur;;Directive on combating the sexual abuse and sexual exploitation of children and child sexual abuse material;The Netherlands' Authority for the Prevention of Online Terrorist Content and Child Sexual Abuse Material;Virtual meeting;27/09/24
197491;Marina KALJURAND;S&D;Estonia;[];Member;;EU-Ukraine and EU-Armenia relations;Rasmussen Global;Brussels;26/09/24
197491;Marina KALJURAND;S&D;Estonia;[];Member;;LGBTI rights;Amnesty International Limited, The European Region of the International Lesbian, Gay, Bisexual, Trans and Intersex Association;Brussels;24/09/24
197491;Marina KALJURAND;S&D;Estonia;[];Member;;Intergroup on Climate Change, Biodiversity and Sustainable Development;Intergroup on Climate Change, Biodiversity and Sustainable Development;European Parliament;05/09/24
197491;Marina KALJURAND;S&D;Estonia;[];Member;;"Brexit; EU alignment";Scottish Minister for Europe;Visioconference;12/11/20
197491;Marina KALJURAND;S&D;Estonia;['LIBE'];Shadow rapporteur;;Regulation on preventing the dissemination of terrorist content online;Federal Ministry of the Interior of Germany;Telephone call;27/10/20
197491;Marina KALJURAND;S&D;Estonia;[];Member;;Political situation in Georgia, elections in Georgia;Co-Chair of the EU-Georgia PAC;Visioconference;27/10/20
197491;Marina KALJURAND;S&D;Estonia;['LIBE'];Shadow rapporteur;;Regulation on preventing the dissemination of terrorist content online;Permanent Representation of France to the EU;Telephone call;26/10/20
197491;Marina KALJURAND;S&D;Estonia;['LIBE'];Shadow rapporteur;;Regulation on preventing the dissemination of terrorist content online;Federal Ministry of the Interior of Germany;Telephone call;13/10/20
197491;Marina KALJURAND;S&D;Estonia;['LIBE'];Shadow rapporteur;;Regulation on preventing the dissemination of terrorist content online;Commissioner for Home Affairs;Telephone call;08/10/20
197491;Marina KALJURAND;S&D;Estonia;[];Member;;Political situation in Armenia;Co-chair of the EU-Armenia PCC;Visioconference;06/10/20
197491;Marina KALJURAND;S&D;Estonia;[];Member;;Political situation in Azerbaijan;Co-chair of the EU-Azerbaijan PCC;Visioconference;06/10/20
197491;Marina KALJURAND;S&D;Estonia;[];Member;;Political situation in Armenia;Ambassador of Armenia to the EU;Brussels;30/09/20
197491;Marina KALJURAND;S&D;Estonia;[];Member;;Political situation in Azerbaijan;Ambassador of Azerbaijan to the EU;Brussels;30/09/20
197491;Marina KALJURAND;S&D;Estonia;[];Member;;Availability of COVID-19 vaccine;ONE youth ambassadors;Visioconference;30/09/20
197491;Marina KALJURAND;S&D;Estonia;[];Member;;Political situation in Georgia;Prime Minister of Georgia;Brussels;29/09/20
197491;Marina KALJURAND;S&D;Estonia;['LIBE'];Member;;International data transfers after Schrems 2 ruling;The Information Technology Industry Council;Visioconference;08/09/20
197491;Marina KALJURAND;S&D;Estonia;['LIBE'];Shadow rapporteur;;Regulation on preventing the dissemination of terrorist content online;Commissioner for Home Affairs;Telephone call;03/07/20
197491;Marina KALJURAND;S&D;Estonia;['LIBE'];Member;;Data strategy, AI, cyber security;GSMA;Visioconference;01/07/20
197491;Marina KALJURAND;S&D;Estonia;[];Member;;Political situation in Georgia;EU-Georgia civil society platform;Visioconference;01/07/20
197491;Marina KALJURAND;S&D;Estonia;['LIBE'];Shadow rapporteur;;Digital Services Act;Facebook;Visioconference;16/06/20
197491;Marina KALJURAND;S&D;Estonia;['LIBE'];Shadow rapporteur;;Digital Services Act;BEUC;Visioconference;16/06/20
197491;Marina KALJURAND;S&D;Estonia;[];Member;;Political situation in Georgia;EU Ambassador to Georgia;Visioconference;12/06/20
197491;Marina KALJURAND;S&D;Estonia;[];Member;;Political situation in Georgia;Head of the Georgian Parliamentary Delegation to EU;Visioconference;10/06/20
197491;Marina KALJURAND;S&D;Estonia;['LIBE'];Shadow rapporteur;;Digital Services Act, digital policy;Santander;Visioconference;09/06/20
197491;Marina KALJURAND;S&D;Estonia;['LIBE'];Shadow rapporteur;;Digital Services Act;CCIA, Uber, Amazon;Visioconference;22/05/20
197491;Marina KALJURAND;S&D;Estonia;[];Member;;Renewable energy;Eesti Taastuvenergia Koda;Visioconference;12/05/20
197491;Marina KALJURAND;S&D;Estonia;[];Member;;Exchange of views on digital policy;Microsoft;Visioconference;16/04/20
197491;Marina KALJURAND;S&D;Estonia;['LIBE'];Shadow rapporteur;;Digital Services Act;European Commission, DG CONNECT;Brussels;10/03/20
197491;Marina KALJURAND;S&D;Estonia;[];Member;;Political situation in Azerbaijan;Azerbaijan think tank The Topchubashov Center;Brussels;04/03/20
197491;Marina KALJURAND;S&D;Estonia;[];Member;;Political situation in Georgia;Georgian Ministry of Foreign Affairs;Brussels;04/03/20
197491;Marina KALJURAND;S&D;Estonia;[];Member;;Political situation in Georgia;Head of the Georgian Parliamentary Delegation to EU;Brussels;04/03/20
197491;Marina KALJURAND;S&D;Estonia;['LIBE'];Shadow rapporteur;;Regulation on preventing the dissemination of terrorist content online;DG HOME;Brussels;23/01/20
197491;Marina KALJURAND;S&D;Estonia;['LIBE'];Shadow rapporteur;;Regulation on preventing the dissemination of terrorist content online;Commissioner of Home Affairs and team;Brussels;22/01/20
197491;Marina KALJURAND;S&D;Estonia;[];Member;;Political situation in Azerbaijan;Cabinet of President of Azerbaijan;Brussels;21/01/20
197491;Marina KALJURAND;S&D;Estonia;[];Member;;Political situation in Armenia;European Armenian Federation;Brussels;21/01/20
197491;Marina KALJURAND;S&D;Estonia;[];Member;;Exchange of views on digital policy;AmCham EU, AT&T, Cisco, Salesforce;Brussels;21/01/20
197491;Marina KALJURAND;S&D;Estonia;[];Member;;Exchange of views on cyber security;USA Cyber Coalition;Brussels;20/01/20
197491;Marina KALJURAND;S&D;Estonia;[];Member;;Exchange of views on digital policy;Microsoft;Brussels;20/01/20
197491;Marina KALJURAND;S&D;Estonia;[];Member;;E-privacy;Criteo;Brussels;08/01/20
197839;Radan KANEV;EPP;Bulgaria;[];Member;;EU legislation on steel;SSAB AB;Strasbourg;10/10/24
197839;Radan KANEV;EPP;Bulgaria;[];Member;;EU legislation on gaseous energies;EUROGAS;Strasbourg;09/10/24
197839;Radan KANEV;EPP;Bulgaria;[];Member;;Sustainable mining;European Association of Mining Industries, Metal Ores & Industrial Minerals;Strasbourg;09/10/24
197839;Radan KANEV;EPP;Bulgaria;[];Member;;Maintaining a resilient energy system for a climate neutral and competitive economy:;European Energy Forum;Strasbourg;08/10/24
197839;Radan KANEV;EPP;Bulgaria;[];Member;;Electricity systems, infrastructure and EU legislation;European Energy Forum;Brussels;03/10/24
197839;Radan KANEV;EPP;Bulgaria;[];Member;;EU Energy Policy;Eurelectric aisbl;Brussels;30/09/24
197839;Radan KANEV;EPP;Bulgaria;[];Member;;Sustainability in petroleum sector;TotalEnergies SE;Brussels;30/09/24
197839;Radan KANEV;EPP;Bulgaria;[];Member;;Hydrogen deployment and conditions in the EU;Hydrogen Europe;Brussels;25/09/24
197839;Radan KANEV;EPP;Bulgaria;[];Member;;EU Defense and Security Equipment;PA Europe;Brussels;25/09/24
197839;Radan KANEV;EPP;Bulgaria;[];Member;;Renewables and Wind Energy EU Policy;WindEurope;Brussels;25/09/24
197839;Radan KANEV;EPP;Bulgaria;['ENVI'];Rapporteur;;report EMPL;ETUC;Brussels-Sofia online;15/09/20
197839;Radan KANEV;EPP;Bulgaria;['EMPL'];Rapporteur;;report EMPL;Eurofound;Brussels-Sofia online;08/07/20
197839;Radan KANEV;EPP;Bulgaria;['EMPL'];Rapporteur;;report EMPL;DG EMPL;Brussels online;29/06/20
197401;Karin KARLSBRO;RE;Sweden;[];Member;;Aktuella ärenden inom utskotten för miljö och internationell handel;Stegra (formerly H2GS AB);Bryssel;02/10/24
197401;Karin KARLSBRO;RE;Sweden;[];Member;;Energiomställningen;Gasum Oy;Bryssel;02/10/24
197401;Karin KARLSBRO;RE;Sweden;[];Member;;Aktuella politiska ärenden;Djurens Rätt;Bryssel;01/10/24
197401;Karin KARLSBRO;RE;Sweden;[];Member;;Prioriteringar inför ny mandatperiod;European Anglers Alliance;Bryssel;26/09/24
197401;Karin KARLSBRO;RE;Sweden;['ENVI'];Member;;Miljö- och klimatpolitik kommande mandatperiod;Swedish Society for Nature Conservation;Bryssel;25/09/24
197401;Karin KARLSBRO;RE;Sweden;[];Member;;Prioriteringar inför ny mandatperiod;Confederation of Swedish Enterprise;Bryssel;25/09/24
197401;Karin KARLSBRO;RE;Sweden;[];Member;;Prioriteringar inför mandatperioden;Finnish Energy - Energiateollisuus ry;Bryssel;24/09/24
197401;Karin KARLSBRO;RE;Sweden;['ENVI'];Member;;PPWR, WFD, Green Claims och framtida lagförslag;The European Organisation for Packaging and the Environment;Bryssel;24/09/24
197401;Karin KARLSBRO;RE;Sweden;['INTA'];Member;;Presentation av tjänstesektorn;Almega, EUROPEAN SERVICES FORUM;Bryssel;24/09/24
197401;Karin KARLSBRO;RE;Sweden;['INTA'];Member;;Aktuella politiska ärenden;Kreab Worldwide;Bryssel;24/09/24
197401;Karin KARLSBRO;RE;Sweden;['AFET'];Member;;Exchange of views;Reportrar utan gränser;Digitalt möte. Stockholm;17/12/20
197401;Karin KARLSBRO;RE;Sweden;['INTA'];Rapporteur;;Exchange of views VPA FLEGT EU-Honduras;Honduras Ambassador;Stockholm. Digital meeting;09/12/20
197401;Karin KARLSBRO;RE;Sweden;['INTA'];Rapporteur;;Meeting with Honduras NGOs;Honduras civil society;Stockholm. Digital meeting;02/12/20
197401;Karin KARLSBRO;RE;Sweden;['INTA'];Member;;Möte mellan svenska EP-ledamöter och ordförandena för LO, TCO och Saco om förslaget till direktiv om minimilöner i EU;Ordförandena för LO, TCO och Saco;Stockholm. Digitalt möte;02/12/20
197401;Karin KARLSBRO;RE;Sweden;['INTA'];Rapporteur;;Meeting VPA FLEGT EU-Honduras;Honduras Forest Institute/Instituto de Conservación Forestal de Honduras (ICF);Stockholm. Digital meeting;26/11/20
197401;Karin KARLSBRO;RE;Sweden;['INTA'];Member;;Introduction;Ambassador Tsai, Taiwan Mission;Brussels;08/10/20
197401;Karin KARLSBRO;RE;Sweden;['INTA'];Rapporteur;;Exchange of views on CBAM;The European Environmental Bureau EEB;Stockholm - Brussels;01/10/20
197401;Karin KARLSBRO;RE;Sweden;['INTA'];Rapporteur;;Exchange of views on CBAM;Svenskt Näringsliv - Confederation of Swedish Enterprise;Stockholm;23/09/20
197401;Karin KARLSBRO;RE;Sweden;['INTA'];Rapporteur;;Exchange of views on CBAM;Kommerskollegium- National Board of Trade Sweden;Stockholm-Brussels;17/09/20
197401;Karin KARLSBRO;RE;Sweden;['AFET'];Member;;Exchange of views;Dmitry Mironchik, Ambassador of Belarus;Stockholm;13/07/20
197401;Karin KARLSBRO;RE;Sweden;['ENVI'];Member;;Exchange of views;Ambassadör Tseng (Taiwan Mission);Brussels;24/06/20
197401;Karin KARLSBRO;RE;Sweden;[];Member;;Möte/ introduktion med Sveriges ungdomsdelegater till FN 2020;Sveriges ungdomsdelegater till FN 2020;Stockholm;26/05/20
197401;Karin KARLSBRO;RE;Sweden;['INTA'];Member;;Exchange of views;Sveriges EU representation, Handelsgruppen;Stockholm;30/04/20
197401;Karin KARLSBRO;RE;Sweden;['INTA'];Rapporteur;;Exchange of views;Naturskyddsföreningen;Stockholm;20/04/20
197401;Karin KARLSBRO;RE;Sweden;['INTA'];Member;;Exchange of views;Svenskt Näringsliv samverkansgrupp Näringspolitik & Påverkan;Bryssel;03/03/20
197401;Karin KARLSBRO;RE;Sweden;['INTA'];Member;;Introduction;Sveriges EU representation, Handelsgruppen;Bryssel;03/03/20
197401;Karin KARLSBRO;RE;Sweden;['INTA'];Member;;Exchange of views;Svenskt Näringsliv;Stockholm;23/02/20
197401;Karin KARLSBRO;RE;Sweden;['INTA'];Shadow rapporteur;;Exchange of views;Delegater från Vietnams regering och parlament;Strasbourg;11/02/20
197401;Karin KARLSBRO;RE;Sweden;['INTA'];Shadow rapporteur;;Exchange of views on Vietnam;European Chamber of Commerce in Vietnam;Strasbourg;10/02/20
197401;Karin KARLSBRO;RE;Sweden;['ENVI'];Member;;Exchange of views;Naturskyddsföreningen;Bryssel;04/02/20
197401;Karin KARLSBRO;RE;Sweden;['INTA'];Member;;Introduction;CNRP Cambodia;Bryssel;04/02/20
197401;Karin KARLSBRO;RE;Sweden;[];Member;;Introduction;Belarus ambassad;Bryssel;03/02/20
197401;Karin KARLSBRO;RE;Sweden;['INTA'];Shadow rapporteur;;Exchange of views;ILO Bryssel;Bryssel;29/01/20
197401;Karin KARLSBRO;RE;Sweden;['INTA'];Shadow rapporteur;;Exchange of views on Vietnam;EU ambassadören till Vietnam;Bryssel;28/01/20
197401;Karin KARLSBRO;RE;Sweden;['INTA'];Member;;Introduction;UK gov;Bryssel;13/01/20
256900;Fernand KARTHEISER;ECR;Luxembourg;[];Member;;Human Rights;Javier Larrondo, Prisoners Defenders;Brussels, European Parliament;03/10/24
256900;Fernand KARTHEISER;ECR;Luxembourg;[];Member;;Bahai: Situation in different countries;M. Pascal Jossi;Brussels, European Parliament;02/10/24
256900;Fernand KARTHEISER;ECR;Luxembourg;[];Member;;Réception taiwanaise (113th National day reception);Taiwanese representatives;Brussels,Hotel Double Tree Hilton;02/10/24
256900;Fernand KARTHEISER;ECR;Luxembourg;[];Member;;Development of Amazon;Mr James Waterworth, Mr Italo di Lorenzo;Brussels, European Parliament;01/10/24
256900;Fernand KARTHEISER;ECR;Luxembourg;[];Member;;EU regulations and large digital companies;Google, M. Andrea Busetto;Brussels, European Parliament;01/10/24
256900;Fernand KARTHEISER;ECR;Luxembourg;[];Member;;Relations bilatérales;Ambassadeur de Russie;Ambassade de Russie au Luxembourg (Résidence);27/09/24
256900;Fernand KARTHEISER;ECR;Luxembourg;[];Member;;Cigar industry;FECIBEL, Dannemann.com;Brussels, European parliament;25/09/24
256900;Fernand KARTHEISER;ECR;Luxembourg;[];Member;;Carbon free Europe;listening to Panel discussions, no further meetings;Brussels, Place Poelart 6;25/09/24
256900;Fernand KARTHEISER;ECR;Luxembourg;[];Member;;Situation in the Air transport industry/ Lufthansa group rentrée reception;Lufthansa group;Brussels, 3, rue du Luxembourg;24/09/24
256900;Fernand KARTHEISER;ECR;Luxembourg;[];Member;;Evolutions in Iran;National Council of Resistance of Iran (NCRI);Brussels, European Parliament;12/09/24
257013;Ľubica KARVAŠOVÁ;RE;Slovakia;['INTA'];Member;;Future of automotive industry;Volvo Car Group;Brussels;03/10/24
257013;Ľubica KARVAŠOVÁ;RE;Slovakia;['REGI'];Member;;Sustainability in retail;Kaufland Slovakia;Bratislava;27/09/24
257013;Ľubica KARVAŠOVÁ;RE;Slovakia;['REGI'];Member;;Courtesy/introduction meeting;Jaguar Land Rover Limited;Strasbourg;17/09/24
257013;Ľubica KARVAŠOVÁ;RE;Slovakia;['REGI'];Member;;Future of cohesion policy;The Union of Towns and Cities of Slovakia (Únia miest Slovenska);Online/Bratislava;31/07/24
191693;Elsi KATAINEN;RE;Finland;[];Member;;Turkistuotannon tilanne;FIFUR;Virtual meeting;11/10/24
191693;Elsi KATAINEN;RE;Finland;[];Member;;Koheesiopolitiikka, tuleva kausi;Leader- toimijat;Brussels (remotely from Strasbourg);10/10/24
191693;Elsi KATAINEN;RE;Finland;[];Member;;Ajankohtaiset tekijänoikeusasiat;Musiikkituottajat - IFPI Finland ry;Strasbourg;08/10/24
191693;Elsi KATAINEN;RE;Finland;[];Member;;Tuleva kausi;Finanssiala ry - Finance Finland;Strasbourg;08/10/24
191693;Elsi KATAINEN;RE;Finland;[];Member;;Metsien monitorointi;Suomen pysyvä edustusto Euroopan Unionissa;Strasbourg;07/10/24
191693;Elsi KATAINEN;RE;Finland;[];Member;;Metsälainsäädäntö, tuleva kausi;CEPF- Confederation of European Forest Owners;Brussels;03/10/24
191693;Elsi KATAINEN;RE;Finland;[];Member;;Kaasumarkkinat ja biokaasu;Gasum Oy;Brussels;03/10/24
191693;Elsi KATAINEN;RE;Finland;[];Member;;Maa- ja metsätalous;Maa- ja metsätalousministeriö;Brussels;02/10/24
191693;Elsi KATAINEN;RE;Finland;[];Member;;Ajankohtainen energiapolitiikka;Luonnonvarakeskus;Brussels;02/10/24
191693;Elsi KATAINEN;RE;Finland;[];Member;;Vesi- ja pumppuvoima, tuleva kausi;KEMIJOKI OY;Brussels;01/10/24
191693;Elsi KATAINEN;RE;Finland;['AGRI'];Rapporteur;;State of play in CAP Transitional regulation in European Parliament;Copa-Cogeca working party;Brussels;06/02/20
191693;Elsi KATAINEN;RE;Finland;[];Member;;Jornalist meeting;Meri Alaranta-Saukko;Brussels;06/02/20
191693;Elsi KATAINEN;RE;Finland;[];Member;;Lunch;Committee of foreing affairs, Finnish parliament;Brussels;06/02/20
191693;Elsi KATAINEN;RE;Finland;[];Member;;CAP and agri-issues;Johan Åberg, MTK;Brussels;05/02/20
191693;Elsi KATAINEN;RE;Finland;[];Member;;Quantum processes;IQM, Markku Räsänen, Jan Goetz;Brussels;05/02/20
191693;Elsi KATAINEN;RE;Finland;['AGRI'];Rapporteur;;CAP Transitional regulation;Permanent Representation of France in EU, AGRI team;Brussels;04/02/20
191693;Elsi KATAINEN;RE;Finland;['AGRI'];Rapporteur;;State of play with CAP Transitional regulation;Politico, Eddy Wax;Brussels;04/02/20
191693;Elsi KATAINEN;RE;Finland;[];Member;;Biodiveristy Strategy;MTK Hanna Leiponen-Syyrakki, Anna-Rosa Asikainen;Brussels;03/02/20
191693;Elsi KATAINEN;RE;Finland;[];Member;;Artic politics, regional development;Tunturi delegaatio;Brussels;03/02/20
191693;Elsi KATAINEN;RE;Finland;['AGRI'];Rapporteur;;CAP Transitional regulation;Becoming German Precidency, AGRI team;Brussels;21/01/20
191693;Elsi KATAINEN;RE;Finland;['AGRI'];Rapporteur;;Open event for AGRI Stakeholder for consultation CAP Transtional regulation;Several AGRI stakeholders;Brussels;08/01/20
197818;Billy KELLEHER;RE;Ireland;['ENVI'];Member;;Aviation Policy;Ryanair Holdings;Brussels;25/09/24
197818;Billy KELLEHER;RE;Ireland;['ENVI'];Member;;Hunting rights in Europe;National Association of Regional Game Councils;Brussels;24/09/24
197818;Billy KELLEHER;RE;Ireland;['ECON'];Member;;AMLA and Consumer Protection;Central Bank of Ireland;Strasbourg;19/09/24
197818;Billy KELLEHER;RE;Ireland;['ECON'];Member;;Tech issues, industrial policy, competitiveness;Apple Inc.;Strasbourg;17/09/24
197818;Billy KELLEHER;RE;Ireland;['AGRI'];Member;;Ongoing Farming Issues;Irish Farmers' Association;Strasbourg;16/09/24
197818;Billy KELLEHER;RE;Ireland;['SANT'];Member;;Rare Disease Screening;International Patient Organisation for Primary Immunodeficiencies;Brussels;09/09/24
197818;Billy KELLEHER;RE;Ireland;['SANT'];Member;;Physical Activity, Fitness and associated industries;Europe Active;Brussels;02/09/24
197818;Billy KELLEHER;RE;Ireland;['ECON'];Rapporteur;;Proposal on Regulation on Digital Operational Resilience (DORA);European Banking Federation;Virtual;16/12/20
197818;Billy KELLEHER;RE;Ireland;['ECON'];Rapporteur;;Proposal on Regulation on Digital Operational Resilience (DORA);Microsoft;virtual;15/12/20
197818;Billy KELLEHER;RE;Ireland;['ECON'];Rapporteur;;Proposal on Regulation on Digital Operational Resilience (DORA);Amazon Web Services;virtual;15/12/20
197818;Billy KELLEHER;RE;Ireland;['ECON'];Shadow rapporteur;;European Investment Bank;Counter Balance;Virtual;04/12/20
197818;Billy KELLEHER;RE;Ireland;['ECON'];Rapporteur;;Proposal on Regulation on Digital Operational Resilience (DORA);Bloomberg;Virtual;04/12/20
197818;Billy KELLEHER;RE;Ireland;['ECON'];Rapporteur;;Proposal on Regulation on Digital Operational Resilience (DORA);Deutsche Bank;Virtual;03/12/20
197818;Billy KELLEHER;RE;Ireland;['ECON'];Member;;EU-US trading relationship;American Chamber of Commerce Ireland;virtual;18/11/20
197818;Billy KELLEHER;RE;Ireland;['ECON'];Member;;ECON priorities;Citi Bank;Brussels;22/01/20
197818;Billy KELLEHER;RE;Ireland;['ECON'];Member;;Irish banking and payments sectors;Banking & Payments Federation Ireland (BPFI);Brussels;22/01/20
96668;Seán KELLY;EPP;Ireland;[];Member;;Education, economics;University College Cork Economics Society;Strasbourg;10/10/24
96668;Seán KELLY;EPP;Ireland;['ITRE'];Member;;Green Deal, Industry deal, agriculture;Kangaroo Group;Strasbourg;09/10/24
96668;Seán KELLY;EPP;Ireland;['DANZ'];Delegation chair;;New Zealand relations;Arena Williams MP New Zealand Parliament;Strasbourg;09/10/24
96668;Seán KELLY;EPP;Ireland;['ITRE'];Member;;European energy;European Energy Forum;Strasbourg;08/10/24
96668;Seán KELLY;EPP;Ireland;[];Member;;Music;Friends of Music;Strasbourg;08/10/24
96668;Seán KELLY;EPP;Ireland;[];Member;;Political Priorities for Ireland for the upcoming mandate;European Movement Ireland;Brussels;02/10/24
96668;Seán KELLY;EPP;Ireland;['ITRE'];Member;;Wind energy sector in Ireland;Wind Energy Ireland;Brussels;02/10/24
96668;Seán KELLY;EPP;Ireland;[];Member;;Irish relations with Northern Ireland;Northern Ireland Executive Office;Brussels;01/10/24
96668;Seán KELLY;EPP;Ireland;[];Member;;Agricultural priorities for the coming mandate;Irish Farmers' Association;Brussels;01/10/24
96668;Seán KELLY;EPP;Ireland;[];Member;;Political priorities for the fisheries industry in Ireland;Seafood Ireland Group;Brussels;01/10/24
256890;Rudi KENNES;GUE/NGL;Belgium;['EMPL'];Member;;Rights of people with disabilities;Vlaams Europees Netwerk van Personen met een Handicap, Onafhankelijk Leven;Brussels;24/09/24
256890;Rudi KENNES;GUE/NGL;Belgium;['INTA'];Member;;Situation in Palestine;European Coordination for Commitees and Associations for Palestine;Brussels;24/09/24
256890;Rudi KENNES;GUE/NGL;Belgium;['INTA'];Member;;International solidarity;Broederlijk Delen;Brussels;24/09/24
256890;Rudi KENNES;GUE/NGL;Belgium;['EMPL'];Member;;Workers' rights;European Federation of Public Service Unions;Ostende;07/09/24
256890;Rudi KENNES;GUE/NGL;Belgium;['EMPL'];Member;;Workers' rights;United Auto Workers;Ostende;06/09/24
256890;Rudi KENNES;GUE/NGL;Belgium;[];Member;;South African economic situation;Embassy of the Republic of South Africa to the Kingdom of Belgium, the Grand Duchy of Luxembourg and the Mission to the European Union.;Brussels;21/07/24
256890;Rudi KENNES;GUE/NGL;Belgium;[];Member;;International cooperation;EMBASSY OF LESOTHO BRUSSELS;Brussels;21/07/24
256890;Rudi KENNES;GUE/NGL;Belgium;[];Member;;Workers' rights;EUROCADRES - THE COUNCIL OF EUROPEAN PROFESSIONAL AND MANAGERIAL STAFF;Strasbourg;16/07/24
257037;Michał KOBOSKO;RE;Poland;['PETI'];Member;;European Ombudsman election;Candidate for Ombudsman;Brussels;25/09/24
257037;Michał KOBOSKO;RE;Poland;['PETI'];Member;;European Ombudsman election;Candidate for Ombudsman;Brussels;24/09/24
257037;Michał KOBOSKO;RE;Poland;['ITRE'];Member;;Future prospects of Internet and Digital Networks;Huawei;Brussels;24/09/24
257037;Michał KOBOSKO;RE;Poland;['ITRE'];Member;;Future of Energy in Poland and EU;GAZ-SYSTEM S.A.;Brussels;23/09/24
257037;Michał KOBOSKO;RE;Poland;['ITRE'];Member;;Priorities for the next legislative term;Vodafone GmbH;Brussels;18/09/24
257037;Michał KOBOSKO;RE;Poland;['PETI'];Member;;European Ombudsman election;Candidate for Ombudsman;Brussels;16/09/24
257037;Michał KOBOSKO;RE;Poland;['PETI'];Member;;European Ombudsman election;Candidate for Ombudsman;Brussels;05/09/24
257037;Michał KOBOSKO;RE;Poland;['ITRE'];Member;;Energy and green policy in EU;Polish ministry of Climate and Environment;Brussels;04/09/24
257037;Michał KOBOSKO;RE;Poland;['AFET'];Member;;EU Space among ITRE and AFET priorities;EU Agency for the Space Programme EUSPA;Brussels;03/09/24
257037;Michał KOBOSKO;RE;Poland;['ITRE'];Member;;European Internet forum;European Internet Forum;Brussels;03/09/24
256973;Stefan KÖHLER;EPP;Germany;['ENVI'];Shadow rapporteur for opinion;;Politischer Austausch;Bundesverband Vieh und Fleisch;EP Brüssel;02/10/24
256973;Stefan KÖHLER;EPP;Germany;[];Member;;Politischer Austausch;L'Oreal;EP Brüssel;02/10/24
256973;Stefan KÖHLER;EPP;Germany;[];Member;;Politischer Austausch;Green Biotech Europe;EP Brüssel;01/10/24
256973;Stefan KÖHLER;EPP;Germany;['ENVI'];Shadow rapporteur for opinion;;Politischer Austausch;Albert Schweitzer Stiftung für unsere Mitwelt, Deutscher Tierschutzbund - German Animal Welfare Federation, Eurogroup for Animals, VIER PFOTEN International;EP Brüssel;01/10/24
256973;Stefan KÖHLER;EPP;Germany;[];Member;;Politischer Austausch;Neova Oy;EP Brüssel;01/10/24
256973;Stefan KÖHLER;EPP;Germany;[];Member;;Politischer Austausch;Naturland Verband;München;23/09/24
256973;Stefan KÖHLER;EPP;Germany;[];Member;;Politischer Austausch;Beiersdorf;EP Straßburg;19/09/24
256973;Stefan KÖHLER;EPP;Germany;[];Member;;Politischer Austausch;The European Association for the Promotion of Cogeneration;EP Straßburg;18/09/24
256973;Stefan KÖHLER;EPP;Germany;[];Member;;Politischer Austausch;Wageningen University;EP Straßburg;18/09/24
256973;Stefan KÖHLER;EPP;Germany;[];Member;;Politischer Austausch;Bayer AG;EP Straßburg;18/09/24
197523;Łukasz KOHUT;EPP;Poland;[];Member;;Industrial matters;PGE Polska Grupa Energetyczna SA;European Parliament;16/07/24
197406;Arba KOKALARI;EPP;Sweden;['IMCO'];Member;;Competitiveness and single market;Europe Unlocked;Strasbourg;09/10/24
197406;Arba KOKALARI;EPP;Sweden;['IMCO'];Member;;Digital policy;Ericsson;Stockholm;04/10/24
197406;Arba KOKALARI;EPP;Sweden;['IMCO'];Shadow rapporteur;;Package Travel Directive;HOTREC, Hotels, Restaurants & Cafés in Europe, Visita;Brussels;03/10/24
197406;Arba KOKALARI;EPP;Sweden;['IMCO'];Shadow rapporteur;;Eco labels and public procurement;Ecolabelling Sweden;Brussels;03/10/24
197406;Arba KOKALARI;EPP;Sweden;['ECON'];Member;;Capital Markets Union (roundtable);NASDAQ;Stockholm;02/10/24
197406;Arba KOKALARI;EPP;Sweden;['EMPL'];Member;;Labour market policy;IKEM - Innovations- och kemiindustrierna i Sverige AB (556865-4650);Bryssel;01/10/24
197406;Arba KOKALARI;EPP;Sweden;['D-AL'];Member;;Enlargement policy;Embassy of Albania;Brussels;01/10/24
197406;Arba KOKALARI;EPP;Sweden;['ECON'];Member;;Insurance and banking;Svensk Försäkring;Brussels;26/09/24
197406;Arba KOKALARI;EPP;Sweden;['IMCO'];Member;;Digital policy and media policy;Schibsted Media;Brussels;25/09/24
197406;Arba KOKALARI;EPP;Sweden;['EMPL'];Member;;Labour market policy;Svenskt Näringsliv;Brussels;24/09/24
197406;Arba KOKALARI;EPP;Sweden;['IMCO'];Member;;Digital Services Act;Interactive Advertising Bureau;Online;10/12/20
197406;Arba KOKALARI;EPP;Sweden;['IMCO'];Member;;Internal Market;ISFE, Swedish Games Industry;Online;08/12/20
197406;Arba KOKALARI;EPP;Sweden;['AFET'];Shadow rapporteur;;Arctic policy;Norwegian Parliament representatives;Stockholm (digital);01/12/20
197406;Arba KOKALARI;EPP;Sweden;['FEMM'];Member;;Gender pay gap;Svenskt Näringsliv;Stockholm (digital);19/11/20
197406;Arba KOKALARI;EPP;Sweden;['FEMM'];Member;;LGBTI rights in Europe;RFSL;Stockholm (digital);19/11/20
197406;Arba KOKALARI;EPP;Sweden;['FEMM'];Rapporteur;;Istanbul Convention and violence against women;Unizon;Stockholm (digital);19/11/20
197406;Arba KOKALARI;EPP;Sweden;['IMCO'];Member;;Digital Services Act;Google;Stockholm (digital);16/11/20
197406;Arba KOKALARI;EPP;Sweden;['FEMM'];Member;;Sexual and reproductive health and rights;RFSU;Stockholm (digital);16/11/20
197406;Arba KOKALARI;EPP;Sweden;['AFET'];Shadow rapporteur;;Arctic policy;Swedish Ministry for Foreign Affairs;Stockholm;16/10/20
197406;Arba KOKALARI;EPP;Sweden;['AFET'];Member;;EU Foreign and Security Policy (CFSP/CSDP);The Swedish Institute of International Affairs;Stockholm;16/10/20
197406;Arba KOKALARI;EPP;Sweden;['AFET'];Member;;Transatlantic relations;U.S. Embassy in Sweden;Stockholm;15/10/20
197406;Arba KOKALARI;EPP;Sweden;['AFET'];Shadow rapporteur;;Transatlantic security and Arctic policy;Atlantic Council Northern Europe Office;Stockholm;15/10/20
197406;Arba KOKALARI;EPP;Sweden;['AFET'];Shadow rapporteur;;Arctic policy;Swedish Defence Research Agency;Stockholm;15/10/20
197406;Arba KOKALARI;EPP;Sweden;['IMCO'];Member;;Conditions for start-ups in the EU;SSE Business Lab;Stockholm;05/10/20
197406;Arba KOKALARI;EPP;Sweden;['IMCO'];Member;;Digital Services Act;Schibsted;Stockholm;05/10/20
197406;Arba KOKALARI;EPP;Sweden;['IMCO'];Member;;Internal market for services;Almega;Stockholm;02/10/20
197406;Arba KOKALARI;EPP;Sweden;['IMCO'];Member;;Digital Services Act;IT- och Telekomföretagen;Stockholm;02/10/20
197406;Arba KOKALARI;EPP;Sweden;['IMCO'];Member;;Digital Services Act;Kommerskollegium (National Board of Trade Sweden);Stockholm;02/10/20
197406;Arba KOKALARI;EPP;Sweden;['IMCO'];Member;;Digital Services Act;Svenskt Näringsliv (Confederation of Swedish Enterprise);Stockholm;02/10/20
197406;Arba KOKALARI;EPP;Sweden;['AFET'];Member;;Transatlantic issues;German Marshall Fund;Brussels (digital);22/09/20
197406;Arba KOKALARI;EPP;Sweden;['IMCO'];Shadow rapporteur;;Sustainable single market;The European Consumer Organisation (BEUC) & Sveriges Konsumenter;Brussels (digital);03/09/20
197406;Arba KOKALARI;EPP;Sweden;['IMCO'];Shadow rapporteur;;Sustainable single market;H&M;Brussels (digital);12/06/20
197406;Arba KOKALARI;EPP;Sweden;['IMCO'];Shadow rapporteur;;Sustainable single market;IKEA;Brussels (digital);12/06/20
197406;Arba KOKALARI;EPP;Sweden;['IMCO'];Shadow rapporteur;;Sustainable single market;HOP - Halte à l'Obsolescence Programmée;Brussels (digital);10/06/20
197406;Arba KOKALARI;EPP;Sweden;['IMCO'];Member;;Circular economy;International Chamber of Commerce;Stockholm;28/05/20
197406;Arba KOKALARI;EPP;Sweden;['IMCO'];Shadow rapporteur;;Sustainable single market;Svensk Handel;Stockholm (digital);16/04/20
197406;Arba KOKALARI;EPP;Sweden;['IMCO'];Shadow rapporteur;;Sustainable single market;Svenskt Näringsliv;Stockholm (digital);17/03/20
197406;Arba KOKALARI;EPP;Sweden;['IMCO'];Member;;Compliance and regulation;Näringslivets regelnämnd (NNR);Stockholm;21/02/20
197406;Arba KOKALARI;EPP;Sweden;['FEMM'];Rapporteur;;Istanbul Convention and violence against women;Riksorganisationen för kvinnojourer och tjejjourer i Sverige (ROKS);Stockholm;20/02/20
197406;Arba KOKALARI;EPP;Sweden;['AFET'];Member;;Transatlantic relations and investment;American Chamber of Commerce to the EU;Strasbourg;11/02/20
197406;Arba KOKALARI;EPP;Sweden;['FEMM'];Rapporteur;;Opinion on Istanbul Convention;Venice Commission;Strasbourg;11/02/20
197406;Arba KOKALARI;EPP;Sweden;['AFET'];Member;;Brexit;British embassy;Stockholm;07/02/20
197406;Arba KOKALARI;EPP;Sweden;['IMCO'];Member;;Internal market;Svensk Handel;Brussels;06/02/20
197406;Arba KOKALARI;EPP;Sweden;['AFET'];Member;;Western Balkans;Kosovo embassy;Brussels;05/02/20
197406;Arba KOKALARI;EPP;Sweden;['IMCO'];Shadow rapporteur;;Sustainable single market;Svenskt Näringsliv;Brussels;28/01/20
197406;Arba KOKALARI;EPP;Sweden;['IMCO'];Member;;Single market and sustainability;Svenskt Näringsliv;Stockholm;24/01/20
197406;Arba KOKALARI;EPP;Sweden;['IMCO'];Member;;Internal market and digital policy;Svensk Handel;Stockholm;24/01/20
197406;Arba KOKALARI;EPP;Sweden;['IMCO'];Member;;Internal market and innovation;Stockholms Handelskammare;Stockholm;24/01/20
197406;Arba KOKALARI;EPP;Sweden;['IMCO'];Member;;Internal market and digital policy;Kommerskollegium;Stockholm;23/01/20
197406;Arba KOKALARI;EPP;Sweden;['AFET'];Member;;Transatlantic relations;German Marshall Fund;Brussels;22/01/20
197406;Arba KOKALARI;EPP;Sweden;['AFET'];Member;;Democracy in the world;International Republican Institute;Brussels;21/01/20
197406;Arba KOKALARI;EPP;Sweden;['AFET'];Member;;Ukraine;Ukraine Center for European Policy;Strasbourg;15/01/20
220871;Rihards KOLS;ECR;Latvia;[];Member;;Introductory Meeting;European Coalition for Israel;EP Brussels;04/09/24
220871;Rihards KOLS;ECR;Latvia;[];Member;;Introductory Meeting;Embassy of the Arab Republic of Egypt;EP Brussels;27/08/24
220871;Rihards KOLS;ECR;Latvia;[];Member;;Introductory Meeting;Le Conseil National de la Resistance Iranienne-Bruxelles;EP Brussels;23/07/24
220871;Rihards KOLS;ECR;Latvia;[];Member;;Introductory Meeting;Israel Allies Foundation Europe;Brussels;23/07/24
220871;Rihards KOLS;ECR;Latvia;[];Member;;Introductory Meeting;AJC Transatlantic Institute;Strasbourg;17/07/24
23699;Kateřina KONEČNÁ;;Czechia;['IMCO'];Member;;Introduction of political priorities;UNI Europa;Brussels;26/09/24
23699;Kateřina KONEČNÁ;;Czechia;['ENVI'];Member;;Introduction of political priorities;Standing Committee of European Doctors;EP - Brussels;24/09/24
23699;Kateřina KONEČNÁ;;Czechia;['ENVI'];Member;;Introduction of political priorities;European Kidney Health Alliance;EP - Brussels;24/09/24
23699;Kateřina KONEČNÁ;;Czechia;[];Member;;Introduction of political priorities;Association des Constructeurs Européens d'Automobiles;EP - Strasbourg;17/07/24
23699;Kateřina KONEČNÁ;;Czechia;[];Member;;Introduction of political priorities;European Cancer Organisation;EP - Strasbourg;17/07/24
23699;Kateřina KONEČNÁ;;Czechia;['BECA'];Member;;BECA: Cervical Cancer Prevention - EU Beating Cancer Plan;European Parliamentary Forum for Sexual & Reproductive Rights (EPF);via ZOOM;01/12/20
23699;Kateřina KONEČNÁ;;Czechia;['IMCO'];Shadow rapporteur;;AI and data protection;BEUC;Online;29/10/20
23699;Kateřina KONEČNÁ;;Czechia;['ENVI'];Member;;The Pharmaceutical strategy for Europe;Mylan;via Webex;29/10/20
23699;Kateřina KONEČNÁ;;Czechia;['IMCO'];Shadow rapporteur;;AI and data protection;Access Now;Zoom;28/10/20
23699;Kateřina KONEČNÁ;;Czechia;['ENVI'];Member;;Společná zemědělská politika EU;Agrární komora ČR, Zemědělský svaz ČR;via Skype;15/10/20
23699;Kateřina KONEČNÁ;;Czechia;['BECA'];Member;;Cancer prevention;Institute for Rational Adiction Policies - IRAP;via Skype;14/10/20
23699;Kateřina KONEČNÁ;;Czechia;['BECA'];Member;;Beca - cancer;European Cancer Organisation;via Webex;13/10/20
23699;Kateřina KONEČNÁ;;Czechia;['ENVI'];Member;;coal transformation - heating plants;Veolia;Prague;13/10/20
23699;Kateřina KONEČNÁ;;Czechia;['ENVI'];Member;;Covid - 19 vaccines;Vaccines Europe;via Webex;12/10/20
197445;Moritz KÖRNER;RE;Germany;['ECON'];Member;;Policy Developments in the Financial Services Sector;Union Investment;Brussels;01/10/24
197445;Moritz KÖRNER;RE;Germany;['ECON'];Member;;Policy Developments in the Financial Services Sector;Deutsche Bank AG;Brussels;23/09/24
197445;Moritz KÖRNER;RE;Germany;[];Member;;Policy Developments in the Financial Services Sector;Deutscher Sparkassen-und Giroverband;Strasbourg;19/09/24
197445;Moritz KÖRNER;RE;Germany;[];Member;;Introductory Meeting;EDEKA;Strasbourg;18/09/24
197445;Moritz KÖRNER;RE;Germany;[];Member;;Israel and its ongoing challenges;Israelische Botschaft, Berlin;Strasbourg;18/09/24
197445;Moritz KÖRNER;RE;Germany;[];Member;;Introductory Meeting;innatura GmbH;Cologne;06/09/24
197445;Moritz KÖRNER;RE;Germany;[];Member;;Introductory Meeting;Mercedes-Benz Group AG;Strasbourg;17/07/24
197445;Moritz KÖRNER;RE;Germany;[];Member;;Introductory Meeting;Deutsche Bank AG;Strasbourg;16/07/24
197445;Moritz KÖRNER;RE;Germany;[];Member;;Introductory Meeting;Representatives Access Now;Brussels;26/11/20
197445;Moritz KÖRNER;RE;Germany;[];Member;;Introductory Meeting;Representatives Internationale Gesellschaft für Menschenrechte;Brussels;25/11/20
197445;Moritz KÖRNER;RE;Germany;[];Member;;Introductory Meeting;Representatives TikTok;Brussels;08/10/20
197445;Moritz KÖRNER;RE;Germany;[];Member;;Introductory Meeting;Representatives DGAP;Digital;16/09/20
197445;Moritz KÖRNER;RE;Germany;[];Member;;Introductory Meeting;Representatives BDI;Digital;23/06/20
197445;Moritz KÖRNER;RE;Germany;[];Member;;Introductory Meeting;Representatives VDA;Digital;14/05/20
197445;Moritz KÖRNER;RE;Germany;[];Member;;Introductory Meeting;Representatives Deutscher Handelsverband, Representatives BVLH, Representatives Markant, Representatives REWE Group, Representatives EDEKA;Digital;05/05/20
197445;Moritz KÖRNER;RE;Germany;['LIBE'];Shadow rapporteur;;Introductory Meeting;Representatives European Consumer Organisation;Digital;05/05/20
197445;Moritz KÖRNER;RE;Germany;[];Member;;Introductory Meeting;Representatives Deutsche Edelstahlwerke;Digital;07/04/20
197445;Moritz KÖRNER;RE;Germany;[];Member;;Introductory Meeting;Representatives European Movement International;Digital;24/03/20
197445;Moritz KÖRNER;RE;Germany;['LIBE'];Shadow rapporteur;;Introductory Meeting;Representatives EDRi;Brüssel;10/03/20
197445;Moritz KÖRNER;RE;Germany;['LIBE'];Shadow rapporteur;;Introductory Meeting;Representatives EDRi;Digital;04/03/20
197445;Moritz KÖRNER;RE;Germany;[];Member;;Introductory Meeting;Representatives Rhode & Schwarz;Brüssel;18/02/20
197445;Moritz KÖRNER;RE;Germany;[];Member;;Introductory Meeting;Representatives Handelsverband Deutschland;Brüssel;18/02/20
197445;Moritz KÖRNER;RE;Germany;[];Member;;Introductory Meeting;Representatives IBM;Straßburg;11/02/20
197445;Moritz KÖRNER;RE;Germany;['LIBE'];Shadow rapporteur;;Introductory Meeting;French Telecom Federation;Brüssel;30/01/20
197445;Moritz KÖRNER;RE;Germany;[];Member;;Introductory Meeting;Representatives Bundesdruckerei;Brüssel;29/01/20
197445;Moritz KÖRNER;RE;Germany;[];Member;;Introductory Meeting;Representatives Brave;Brüssel;22/01/20
197445;Moritz KÖRNER;RE;Germany;['LIBE'];Shadow rapporteur;;Introductory Meeting;Representatives Telekom;Straßburg;15/01/20
197445;Moritz KÖRNER;RE;Germany;[];Member;;Introductory Meeting;Representatives Facebook;Straßburg;15/01/20
197699;Elena KOUNTOURA;GUE/NGL;Greece;[];Member;;Meeting with IFPI representative;International Federation of the Phonographic Industry-Hellenic National Group;European Parliament;08/10/24
197699;Elena KOUNTOURA;GUE/NGL;Greece;['TRAN'];Member;;Meeting with HOTREC representatives;HOTREC, Hotels, Restaurants & Cafés in Europe;Virtual meeting;04/10/24
197699;Elena KOUNTOURA;GUE/NGL;Greece;['TRAN'];Member;;Meeting with ETF representatives;European Transport Workers' Federation;Virtual meeting;04/10/24
197699;Elena KOUNTOURA;GUE/NGL;Greece;['TRAN'];Member;;Meeting with ETSC representative;European Transport Safety Council;European Parliament;03/10/24
197699;Elena KOUNTOURA;GUE/NGL;Greece;['TRAN'];Member;;Meeting with ΟΦΑΕ representatives;ΟΜΟΣΠΟΝΔΙΑ ΦΟΡΤΗΓΩΝ ΑΥΤΟΚΙΝΗΤΙΣΤΩΝ ΕΛΛΑΔΟΣ ΔΙΕΘΝΩΝ ΜΕΤΑΦΟΡΩΝ;European Parliament;02/10/24
197699;Elena KOUNTOURA;GUE/NGL;Greece;['TRAN'];Member;;Meeting with PAC representative;President of the European Real Estate Brokers Association PAC;European Parliament;12/09/24
197699;Elena KOUNTOURA;GUE/NGL;Greece;['FEMM'];Member;;Meeting with Greek representatives of EWL;Greek Delegation of the European Women's Lobby (EWL);Virtual meeting;09/09/24
97968;Andrey KOVATCHEV;EPP;Bulgaria;[];Member;;Sakharov prize nominations;Human rights advocate;European Parliament;03/10/24
97968;Andrey KOVATCHEV;EPP;Bulgaria;[];Member;;Recent developments in the Middle East;UNRWA;European Parliament;03/10/24
97968;Andrey KOVATCHEV;EPP;Bulgaria;[];Member;;EU-Armenia relations;European Armenian Federation for Justice and Democracy;European Parliament;02/10/24
97968;Andrey KOVATCHEV;EPP;Bulgaria;[];Member;;Recent developments in the Middle East;Mission of the State of Palestine to the EU;European Parliament;02/10/24
97968;Andrey KOVATCHEV;EPP;Bulgaria;[];Member;;Textbook issues in conflict zones;The Institute for Monitoring Peace and Cultural Tolerance in School Education;European Parliament;01/10/24
97968;Andrey KOVATCHEV;EPP;Bulgaria;[];Member;;Situation of Christians worldwide;Open Doors International;European Parliament;18/09/24
97968;Andrey KOVATCHEV;EPP;Bulgaria;[];Member;;The relations between Bulgaria and China;Embassy of China in Bulgaria;Sofia;14/09/24
97968;Andrey KOVATCHEV;EPP;Bulgaria;['AFET'];Member;;The recent political developments in Kosovo and the progress towards EU accession;Embassy of the Republic of Kosova in Brussels|;European Parliament;12/09/24
97968;Andrey KOVATCHEV;EPP;Bulgaria;['AFET'];Member;;The recent political developments in Serbia and the progress towards EU accession;Mission of the Republic of Serbia to the EU;European Parliament;12/09/24
97968;Andrey KOVATCHEV;EPP;Bulgaria;[];Member;;The situation in Ukraine and the need of a new European Parliament intergroup to connect marginalized peoples including Crimean Tatars;Center for Civil Liberties;European Parliament;03/09/24
256996;Sebastian KRUIS;PfE;Netherlands;['INTA'];Member;;Situation of prisoners in Cuba;PRISONERS DEFENDERS INTERNATIONAL NETWORK;European Parliament;03/10/24
256996;Sebastian KRUIS;PfE;Netherlands;['IMCO'];Member;;Sector specific regulation;Just Eat Takeaway.com N.V.;European Parliament;02/10/24
256996;Sebastian KRUIS;PfE;Netherlands;['INTA'];Member;;Developments in the technological industry;FME;European Parliament;02/10/24
256996;Sebastian KRUIS;PfE;Netherlands;['IMCO'];Member;;Testing on animals;PETA International Science Consortium Ltd.;European Parliament;25/09/24
256996;Sebastian KRUIS;PfE;Netherlands;['IMCO'];Member;;Sector specific regulation;Ecma International;European Parliament;25/09/24
256996;Sebastian KRUIS;PfE;Netherlands;['IMCO'];Member;;Developments in the aviation industry;KLM Royal Dutch Airlines;European Parliament;25/09/24
256996;Sebastian KRUIS;PfE;Netherlands;['IMCO'];Member;;EU regulation - standardization;Amazon Europe Core SARL;European Parliament;12/09/24
256996;Sebastian KRUIS;PfE;Netherlands;['IMCO'];Member;;Priorities Dutch companies;Vereniging VNO-NCW;European Parliament;10/09/24
256996;Sebastian KRUIS;PfE;Netherlands;['IMCO'];Member;;Priorities sea ports of the Netherlands;Brancheorganisatie Nederlandse Zeehavens;European Parliament;05/09/24
256996;Sebastian KRUIS;PfE;Netherlands;['INTA'];Member;;International trade;Koninklijke Vereniging van Nederlandse Reders;European Parliament;05/09/24
256845;Ondřej KRUTÍLEK;ECR;Czechia;[];Member;;Crisis of automotive industry;Czech Automotive Industry Association;Prague;11/10/24
256845;Ondřej KRUTÍLEK;ECR;Czechia;[];Member;;The new European Commission and EU competitiveness;Europe Unlocked;Strasbourg;09/10/24
256845;Ondřej KRUTÍLEK;ECR;Czechia;[];Member;;Music industry and artificial intelligence;Česká národní skupina Mezinárodní federace hudebního průmyslu, z.s.;Strasbourg;08/10/24
256845;Ondřej KRUTÍLEK;ECR;Czechia;[];Member;;Future of the automotive industry in the EU;TOYOTA MOTOR EUROPE;Strasbourg;08/10/24
256845;Ondřej KRUTÍLEK;ECR;Czechia;[];Member;;The future of the automotive industry in the EU;ZF Friedrichshafen AG;Průhonice;04/10/24
256845;Ondřej KRUTÍLEK;ECR;Czechia;[];Member;;Energy after the EP elections and technical neutrality;Czech Biomass Association;Brussels;02/10/24
256845;Ondřej KRUTÍLEK;ECR;Czechia;[];Member;;Regenerative agriculture after the EU elections;Nestlé S.A.;Brussels;02/10/24
256845;Ondřej KRUTÍLEK;ECR;Czechia;[];Member;;Political priorities of the new Parliament;N+C;Brussels;02/10/24
256845;Ondřej KRUTÍLEK;ECR;Czechia;[];Member;;Nuclear energy after the EU elections;ČEZ;Brussels;02/10/24
256845;Ondřej KRUTÍLEK;ECR;Czechia;[];Member;;Better promotion of interests of Member States in the EU;EUROPEUM Institute for European Policy;Brussels;01/10/24
197843;Andrius KUBILIUS;EPP;Lithuania;['AFET'];Member;;Ukraine;European Solidarity party Ukraine;European Parliament;30/09/24
197843;Andrius KUBILIUS;EPP;Lithuania;['ITRE'];Member;;Energy - gas;Naftogaz;Radisson red;29/09/20
197843;Andrius KUBILIUS;EPP;Lithuania;['AFET'];Member;;Foreign policy;Belarus diaspora in Brussels;Radisson red;29/09/20
197843;Andrius KUBILIUS;EPP;Lithuania;['ITRE'];Member;;Climate Law, carbon removal;Kelsey Perlman , FERN;Radisson Red;09/07/20
197843;Andrius KUBILIUS;EPP;Lithuania;[];Member;;EU agriculture policy;Lietuvos ūkininkų sąjunga, Lietuvos grudų augintojų asociacija, Lietuvos pieno gamintojų asociacija, Nenašių žemių asociacija, Žemdirbių taryba;European Parliament;19/02/20
197843;Andrius KUBILIUS;EPP;Lithuania;[];Member;;Environmental protection in Ukraine;Free Svydovets Group;European Parliament;20/01/20
197843;Andrius KUBILIUS;EPP;Lithuania;[];Member;;Eastern Partneship and energy efficiency;Pavel Havlicek - Association for International Affairs, Czech Republic;Office;20/01/20
197395;Alice KUHNKE;Greens / EFA;Sweden;['LIBE'];Member;;LGBTIQ+ rights;The European Region of the International Lesbian, Gay, Bisexual, Trans and Intersex Association;European Parliament;08/10/24
197395;Alice KUHNKE;Greens / EFA;Sweden;['IMCO'];Member;;Textiles and due diligence;Stichting Fair Trade Advocacy Office;Brussels;01/10/24
197395;Alice KUHNKE;Greens / EFA;Sweden;['FEMM'];Member;;SRHR;DSW (Deutsche Stiftung Weltbevoelkerung), European Parliamentary Forum for Sexual & Reproductive Rights, International Planned Parenthood Federation European Network;European Parliament;26/09/24
197395;Alice KUHNKE;Greens / EFA;Sweden;['FEMM'];Member;;SRHR;Center for Reproductive Rights, Inc.;Brussels;26/09/24
197395;Alice KUHNKE;Greens / EFA;Sweden;['LIBE'];Member;;Media Freedom;Schibsted Media;Brussels;25/09/24
197395;Alice KUHNKE;Greens / EFA;Sweden;['LIBE'];Member;;Children's rights;Save the Children Europe;Brussels;24/09/24
197395;Alice KUHNKE;Greens / EFA;Sweden;[];Member;;People & Power Festival Panel Discussion;Forum Civ;Stockholm;20/09/24
197395;Alice KUHNKE;Greens / EFA;Sweden;['LIBE'];Shadow rapporteur;;Frontex-Serbia agreement;University of East Anglia;Brussels;13/09/24
197395;Alice KUHNKE;Greens / EFA;Sweden;[];Member;;Copyright, AI and digitalisation;Society of Audiovisual Authors;Strasbourg;16/07/24
197395;Alice KUHNKE;Greens / EFA;Sweden;[];Member;;Social pillar;Platform of European Social NGOs;Strasbourg;16/07/24
197395;Alice KUHNKE;Greens / EFA;Sweden;[];Member;;Minimum wages;Landsorganisationen Sverige - LO (673091017982-82), Tjänstemännens centralorganisation - TCO (86242309652-84), Sveriges Akademikers Centralorganisation - SACO (263312725149-84);Online;02/12/20
197395;Alice KUHNKE;Greens / EFA;Sweden;['FEMM', 'LIBE'];Member;;Discussion on CEAS;Save the Children (697362735627-20);Online;23/11/20
197395;Alice KUHNKE;Greens / EFA;Sweden;['FEMM'];Member;;Discussion on SRHR in Poland;Riksförbundet för sexuell upplysning (RFSU);Online;05/11/20
197395;Alice KUHNKE;Greens / EFA;Sweden;['FEMM'];Member;;Discussion on Women's Rights in the Western Balkans;Kvinna till Kvinna (601682417261-34);Online;04/11/20
197395;Alice KUHNKE;Greens / EFA;Sweden;['LIBE'];Member;;Launch of the Girls on the move project;Save the Children (697362735627-20);Online;06/10/20
197395;Alice KUHNKE;Greens / EFA;Sweden;[];Member;;Climate & Environment;Citizens Climaete Lobby - CCL;Online;28/09/20
197395;Alice KUHNKE;Greens / EFA;Sweden;['LIBE'];Member;;Situation in Cyprus;UNHCR;Online;09/09/20
197395;Alice KUHNKE;Greens / EFA;Sweden;['LIBE'];Member;;Discussion on the upcoming Pact on Asylum and Migration;Red Cross EU (132236315085-89);Online;30/06/20
197395;Alice KUHNKE;Greens / EFA;Sweden;['LIBE'];Rapporteur;;Discussion on the Anti-discrimination Directive;Permanent Representation of the Federal Republic of Germany;Online;17/06/20
197395;Alice KUHNKE;Greens / EFA;Sweden;['LIBE'];Rapporteur;;Discussion on the Anti-discrimination Directive;Permanent Representation of Sweden to the EU;Online;10/06/20
197395;Alice KUHNKE;Greens / EFA;Sweden;['LIBE'];Member;;Briefing migration;International Organization for Migration - IOM;Online;26/05/20
197395;Alice KUHNKE;Greens / EFA;Sweden;['FEMM'];Shadow rapporteur;;Gender Equality Strategy Report;CARE International;Online;08/05/20
197395;Alice KUHNKE;Greens / EFA;Sweden;[];Member;;Human Rights and Minority Rights;Samerådet;European Parliament;26/02/20
197395;Alice KUHNKE;Greens / EFA;Sweden;[];Member;;Sustainability in the textile industry;H&M (937959014241-02);European Parliament;20/02/20
197395;Alice KUHNKE;Greens / EFA;Sweden;['FEMM'];Member;;Gender policy;European Women's Lobby (85686156700-13);European Parliament;17/02/20
197395;Alice KUHNKE;Greens / EFA;Sweden;[];Member;;Launch Report: Immigration and trust in the EU: a territorial analysis of voting behaviour and attitudes;EC Joint Research Center;Egmont Palace;04/02/20
256864;András Tivadar KULJA;EPP;Hungary;['SANT'];Member;;Medical devices;MedTech Europe;Strasbourg;08/10/24
256864;András Tivadar KULJA;EPP;Hungary;['SANT'];Member;;European Healthcare;EUCOPE;Strasbourg;08/10/24
256864;András Tivadar KULJA;EPP;Hungary;['SANT'];Member;;Blood health;Blood and Beyond;Brussels;03/10/24
256864;András Tivadar KULJA;EPP;Hungary;['SANT'];Member;;Medical devices;Siemens Healthineers AG;Brussels;02/10/24
256864;András Tivadar KULJA;EPP;Hungary;['SANT'];Member;;Healthy society;EuropeActive;Brussels;02/10/24
256864;András Tivadar KULJA;EPP;Hungary;['SANT'];Member;;European Healthcare;EFPIA;Brussels;02/10/24
256864;András Tivadar KULJA;EPP;Hungary;['SANT'];Member;;Oral health;Platform for Better Oral Health in Europe;Brussels;01/10/24
256864;András Tivadar KULJA;EPP;Hungary;['SANT'];Member;;Cardiovascular health;European Society of Cardiology;Brussels;01/10/24
256864;András Tivadar KULJA;EPP;Hungary;['SANT'];Member;;Vaccination;GSK, ViiV Healthcare Limited;Strasbourg;18/09/24
256864;András Tivadar KULJA;EPP;Hungary;['SANT'];Member;;Rare Diseases;EURORDIS;Strasbourg;17/09/24
198084;Katri KULMUNI;RE;Finland;[];Member;;Energiaintensiivisen teollisuuden uudistuminen;Metallinjalostajat ry - Finnish Steel and Metal Producers;Strasbourg;08/10/24
198084;Katri KULMUNI;RE;Finland;[];Member;;Musiikintuottajien ajankohtaisia asioita;IFPI Representing recording industry worldwide;Strasbourg;08/10/24
198084;Katri KULMUNI;RE;Finland;[];Member;;Finanssialan ajankohtaiset sääntelyhankkeet;Finanssiala ry - Finance Finland;Strasbourg;08/10/24
198084;Katri KULMUNI;RE;Finland;[];Member;;Maa- ja metsätalouteen liityvät EU-aloitteet;Suomen maa- ja metsätalousministeri;Strasbourg;08/10/24
198084;Katri KULMUNI;RE;Finland;[];Member;;Päivitetty ilmastotiekartta;Chemical Industry Federation of Finland (Kemianteollisuus ry);Bryssel;02/10/24
198084;Katri KULMUNI;RE;Finland;[];Member;;Bioteknologia, EU:n biotalousstrategia;Suomen Bioteollisuus ry;Bryssel;02/10/24
198084;Katri KULMUNI;RE;Finland;[];Member;;EU-aiheinen lounaskeskustelu;Kuntarahoitus;Bryssel;02/10/24
198084;Katri KULMUNI;RE;Finland;[];Member;;EU:n sirusäädös;VTT Technical Research Centre of Finland Ltd, Business Tampere;Bryssel;26/09/24
198084;Katri KULMUNI;RE;Finland;[];Member;;Parlamentin asetelmat energia- ja ilmastopolitiikan osalta;Bioenergia ry - Bioenergy Association of Finland;Online;25/09/24
198084;Katri KULMUNI;RE;Finland;[];Member;;Ruoantuotanto, kotieläintuotanto;MTK ry;Bryssel;24/09/24
256865;Eszter LAKOS;EPP;Hungary;['ITRE'];Member;;Battery industry;Consortium for Battery Innovation;EP Strasbourg;08/10/24
256865;Eszter LAKOS;EPP;Hungary;['ITRE'];Member;;Research and Innovation;Universiteit Leiden;EP Brussels;03/10/24
256865;Eszter LAKOS;EPP;Hungary;['ITRE'];Member;;Energy sector;MVM Energetika Ltd.;EP Brussels;03/10/24
256865;Eszter LAKOS;EPP;Hungary;['ITRE'];Member;;Public health;Novo Nordisk A/S;EP Brussels;02/10/24
256865;Eszter LAKOS;EPP;Hungary;['ITRE'];Member;;Public health;European Federation of Pharmaceutical Industries and Associations;Online;25/09/24
256865;Eszter LAKOS;EPP;Hungary;['ITRE'];Member;;Public health;EuropaBio;EP Brussels;25/09/24
256865;Eszter LAKOS;EPP;Hungary;['ITRE'];Member;;Energy sector;Bioenergy Europe;EP Strasbourg;18/09/24
256865;Eszter LAKOS;EPP;Hungary;['ITRE'];Member;;Retailer sector;EuroCommerce;EP Strasbourg;17/09/24
256865;Eszter LAKOS;EPP;Hungary;['ITRE'];Member;;Defence industry;Rasmussen Global;EP Brussels;12/09/24
256865;Eszter LAKOS;EPP;Hungary;['ITRE'];Member;;Public health;Eli Lilly and Company;EP Brussels;11/09/24
197697;Aurore LALUCQ;S&D;France;['ECON'];Committee chair;;Priorities and cooperation;European Central Bank (ECB);Bruxelles;30/09/24
197697;Aurore LALUCQ;S&D;France;['ECON'];Committee chair;;Courtesy meeting - priorities and cooperation;European Economic and Social Committee (EESC);Bruxelles;25/09/24
197697;Aurore LALUCQ;S&D;France;['ECON'];Member;;Courtesy meeting - priorities and cooperation;Single Resolution Board (SRB);Bruxelles;23/09/24
197697;Aurore LALUCQ;S&D;France;['ECON'];Committee chair;;Digital euro;European Central Bank (ECB);Bruxelles;23/09/24
197697;Aurore LALUCQ;S&D;France;['ECON'];Committee chair;;CMU, CRD/CRR, règles prudentielles de Bâle;La Banque de France;Paris;20/09/24
197697;Aurore LALUCQ;S&D;France;['ECON'];Committee chair;;Compétitivité européenne, finalisation du marché intérieur, pacte pour une industrie propre, Fonds européen pour la compétitivité, lutte contre les ingérences étrangères;Mouvement des Entreprises de France;Strasbourg;18/09/24
197697;Aurore LALUCQ;S&D;France;['CULT'];Member;;Politique « culture et médias » de l’UE;La Scam;Strasbourg;18/09/24
197697;Aurore LALUCQ;S&D;France;['ECON'];Committee chair;;Introductory meeting;European Central Bank (ECB);Videoconference;18/09/24
197697;Aurore LALUCQ;S&D;France;['CULT'];Member;;Priorités de la mandature (IA, Europe créative, géoblocage, exception culturelle, etc.);European Film Agency Directors, Centre national du cinéma et de l'image animée (CNC);Strasbourg;17/09/24
197697;Aurore LALUCQ;S&D;France;['ECON'];Committee chair;;Priorités de la mandature;Finance Watch;Visioconférence;05/09/24
197697;Aurore LALUCQ;S&D;France;['ECON'];Member;;Plan de relance EU;Réseau Action Climat;Visio-conférence;09/09/20
197697;Aurore LALUCQ;S&D;France;[];Member;;COVID et secteur de la santé;L’Association Internationale de la Mutualité;Par vidéoconférence;12/06/20
197697;Aurore LALUCQ;S&D;France;['ECON'];Member;;Impact COVID sur le secteur aérien;AirFrance - KLM, Olivier Bertrand;Par téléphone;24/04/20
197697;Aurore LALUCQ;S&D;France;['ECON'];Member;;Impact du Covid sur les banques;Fédération Bancaire Francaise, Benjamin Quatre;Par téléphone;18/04/20
197697;Aurore LALUCQ;S&D;France;[];Member;;Liste de projets d'intérêt commun (infrastructure);CAN Europe, Esther Bollendorff;ASP11G153;05/02/20
197697;Aurore LALUCQ;S&D;France;[];Member;;Convention citoyenne pour le climat;Laurence Tubiana, European Climate Foundation;ASP11G153;28/01/20
197697;Aurore LALUCQ;S&D;France;['ECON'];Rapporteur;;Semestre européen;CESI;ASP11G153;28/01/20
197697;Aurore LALUCQ;S&D;France;['ECON'];Member;;Green and sustainable finance;European Association of co-operative Banks;ASP11G153;28/01/20
197697;Aurore LALUCQ;S&D;France;[];Member;;Le mix énergétique dans le Green Deal;Engie;LOW06T061;14/01/20
197697;Aurore LALUCQ;S&D;France;[];Member;;Enjeux de l'électricité dans le Green Deal;Eurelectric;LOW06T061;14/01/20
1909;Bernd LANGE;S&D;Germany;['INTA'];Committee chair;;General exchange of views;Mission of Singapore to the EU;Brussels;03/10/24
1909;Bernd LANGE;S&D;Germany;['INTA'];Committee chair;;General exchange of views;UK Mission to the EU;Brussels;17/09/24
1909;Bernd LANGE;S&D;Germany;['INTA'];Member;;General exchange of views;Bureau Européen des Unions de Consommateurs;Brussels;03/09/24
1909;Bernd LANGE;S&D;Germany;['INTA'];Member;;General exchange of views;Wirtschaftsvereinigung Stahl;Brussels;02/09/24
1909;Bernd LANGE;S&D;Germany;[];Member;;General exchange of views;US Mission;Brussels;27/08/24
1909;Bernd LANGE;S&D;Germany;['INTA'];Member;;General exchange of views;AGORIA;online;17/07/24
1909;Bernd LANGE;S&D;Germany;['INTA'];Committee chair;;General Exchange of Views;DBV – Deutscher Bauernverband;Videoconference;09/12/20
1909;Bernd LANGE;S&D;Germany;['INTA'];Committee chair;;General Exchange of Views;Portuguese Minister for Foreign Affairs;Videoconference;20/11/20
1909;Bernd LANGE;S&D;Germany;['INTA'];Committee chair;;General Exchange of Views;VDMA;Videoconference;20/11/20
1909;Bernd LANGE;S&D;Germany;['INTA'];Committee chair;;General Exchange of Views;Global Legal Entity Identifier Foundation (GLEIF);Videoconference;17/11/20
1909;Bernd LANGE;S&D;Germany;['INTA'];Committee chair;;General Exchange of Views;CoR;Videoconference;16/11/20
1909;Bernd LANGE;S&D;Germany;['INTA'];Committee chair;;General Exchange of Views;EESC;Videoconference;16/11/20
1909;Bernd LANGE;S&D;Germany;['INTA'];Committee chair;;General Exchange of Views;VDA;Videoconference;16/11/20
1909;Bernd LANGE;S&D;Germany;['INTA'];Committee chair;;General Exchange of Views;UK Mission to the European Union;Videoconference;13/11/20
1909;Bernd LANGE;S&D;Germany;['INTA'];Committee chair;;General Exchange of Views;BDI;Videoconference;10/11/20
1909;Bernd LANGE;S&D;Germany;['INTA'];Committee chair;;General Exchange of Views;Stiftung Familienunternehmen;Telefonat;06/11/20
1909;Bernd LANGE;S&D;Germany;['INTA'];Committee chair;;General Exchange of Views;Germany-Ghana Medical Education e.V.;Hannover;06/11/20
1909;Bernd LANGE;S&D;Germany;['INTA'];Committee chair;;General Exchange of Views;IHK Lüneburg-Wolfsburg;Wolfsburg;05/11/20
1909;Bernd LANGE;S&D;Germany;['INTA'];Committee chair;;General Exchange of Views;Betriebsrat VW;Wolfsburg;05/11/20
1909;Bernd LANGE;S&D;Germany;['INTA'];Committee chair;;General Exchange of Views;ZDS, Fairplay Internationales Schlepperunternehmen;Hamburg;03/11/20
1909;Bernd LANGE;S&D;Germany;['INTA'];Committee chair;;General Exchange of Views;Health Action International;Videoconference;29/10/20
1909;Bernd LANGE;S&D;Germany;['INTA'];Committee chair;;General Exchange of View;Jaques Delors Centre;Videoconference;26/10/20
1909;Bernd LANGE;S&D;Germany;['INTA'];Committee chair;;General Exchange of Views;N-Bank, Leibniz Uni Hannover;Videoconference;21/10/20
1909;Bernd LANGE;S&D;Germany;['INTA'];Committee chair;;General Exchange of Views;Ambassador Iredland;Videoconference;20/10/20
1909;Bernd LANGE;S&D;Germany;['INTA'];Committee chair;;General Exchange of Views;ECCJ;Videoconference;14/10/20
1909;Bernd LANGE;S&D;Germany;['INTA'];Committee chair;;General Exchange of Views;Ambassador New Zeeland;Videoconference;07/10/20
1909;Bernd LANGE;S&D;Germany;['INTA'];Committee chair;;General exchange of Views;AFEP Europe;Video;29/09/20
1909;Bernd LANGE;S&D;Germany;['INTA'];Committee chair;;General exchange of Views;Nord Stream 2;Telephone;29/09/20
1909;Bernd LANGE;S&D;Germany;['INTA'];Committee chair;;General exchange of Views;Tanobis;Video;28/09/20
1909;Bernd LANGE;S&D;Germany;['INTA'];Committee chair;;General exchange of Views;French Trade Minister;Brussels;17/09/20
1909;Bernd LANGE;S&D;Germany;['INTA'];Committee chair;;General exchange of views;Clarios GmbH;Hannover;28/08/20
1909;Bernd LANGE;S&D;Germany;['INTA'];Committee chair;;General exchange of views;NABU;Hattendorf;28/08/20
1909;Bernd LANGE;S&D;Germany;['INTA'];Committee chair;;General exchange of Views;DGB;Hannover;15/07/20
1909;Bernd LANGE;S&D;Germany;['INTA'];Committee chair;;General exchange of views;EIZ;Hannover;13/07/20
1909;Bernd LANGE;S&D;Germany;['INTA'];Committee chair;;General exchange of Views;Fridays for future;Video;13/07/20
1909;Bernd LANGE;S&D;Germany;['INTA'];Committee chair;;General exchange of views;DKV;Hannover;13/07/20
1909;Bernd LANGE;S&D;Germany;['INTA'];Committee chair;;General exchange of views;GIZ;Telephone;02/07/20
1909;Bernd LANGE;S&D;Germany;['INTA'];Committee chair;;General exchange of Views;Scottish Government;Video;30/06/20
1909;Bernd LANGE;S&D;Germany;['INTA'];Committee chair;;General exchange of View;Oidhaco;Video;25/06/20
1909;Bernd LANGE;S&D;Germany;['INTA'];Committee chair;;General exchange of Views;AUMA;Video;23/06/20
1909;Bernd LANGE;S&D;Germany;['INTA'];Committee chair;;General exchange of views;AmCham Germany;Video;16/06/20
1909;Bernd LANGE;S&D;Germany;['INTA'];Committee chair;;General exchange of views;Deutscher Bankenverband;Video;11/06/20
1909;Bernd LANGE;S&D;Germany;['INTA'];Committee chair;;General exchange of Views;Corporate Justice;Video;09/06/20
1909;Bernd LANGE;S&D;Germany;['INTA'];Committee chair;;General exchange of views;Bayer;Video;09/06/20
1909;Bernd LANGE;S&D;Germany;['INTA'];Committee chair;;General exchange of Views;EFPIA;Video;08/06/20
1909;Bernd LANGE;S&D;Germany;['INTA'];Committee chair;;General exchange of Views;CSR Europe;Video;03/06/20
1909;Bernd LANGE;S&D;Germany;['INTA'];Committee chair;;General exchange of views;European Cocoa Association;Video;03/06/20
1909;Bernd LANGE;S&D;Germany;['INTA'];Committee chair;;General exchange of Views;Nestlé;Video;02/06/20
1909;Bernd LANGE;S&D;Germany;['INTA'];Committee chair;;Genereal exchange of Views;Verband Schiffbau-Meerestechnik;Video;29/05/20
1909;Bernd LANGE;S&D;Germany;['INTA'];Committee chair;;General exchange of Views;UK Embassy in Germany;Video;29/05/20
1909;Bernd LANGE;S&D;Germany;['INTA'];Committee chair;;General exchange of views;UK Mission to the EU;Video;26/05/20
1909;Bernd LANGE;S&D;Germany;['INTA'];Committee chair;;General exchange of views;VW;Video;25/05/20
1909;Bernd LANGE;S&D;Germany;['INTA'];Committee chair;;General exchange of views;Ambbasador Denmark;Telephone;19/05/20
1909;Bernd LANGE;S&D;Germany;['INTA'];Committee chair;;General exchange of views;VdA;Video;11/05/20
1909;Bernd LANGE;S&D;Germany;['INTA'];Committee chair;;General exchange of views;Ambasssador Tunesia;Telephone;11/05/20
1909;Bernd LANGE;S&D;Germany;['INTA'];Committee chair;;General exchange of Views;Emily Thornberry MP;Video;07/05/20
1909;Bernd LANGE;S&D;Germany;['INTA'];Committee chair;;General exchange of view;Bitkom trade working group;Video;23/04/20
1909;Bernd LANGE;S&D;Germany;['INTA'];Committee chair;;General Exchange of Views;Zentralverband Deutscher Seehafenbetriebe;Video;03/04/20
1909;Bernd LANGE;S&D;Germany;['INTA'];Committee chair;;General exchange of Views;Hamburger Stiftung Wirtschaftsethik;Hannover;20/02/20
1909;Bernd LANGE;S&D;Germany;['INTA'];Committee chair;;General exchange of Views;Volkswagen;Brussels;19/02/20
1909;Bernd LANGE;S&D;Germany;['INTA'];Committee chair;;General Exchange of Views;Siemens Mobility;Brussels;18/02/20
1909;Bernd LANGE;S&D;Germany;['INTA'];Committee chair;;General exchange of views;IG Metall;Hannover;10/02/20
1909;Bernd LANGE;S&D;Germany;['INTA'];Committee chair;;General exchange of views;Architektenkammer Hannover;Hannover;07/02/20
1909;Bernd LANGE;S&D;Germany;['INTA'];Committee chair;;General exchange of views;Women for Justice e.V.;Hannover;07/02/20
1909;Bernd LANGE;S&D;Germany;['INTA'];Committee chair;;General exchange of Views;BVDVA;Hannover;07/02/20
1909;Bernd LANGE;S&D;Germany;['INTA'];Committee chair;;General exchange of views;Ambassador Australia;Hannover;07/02/20
1909;Bernd LANGE;S&D;Germany;['INTA'];Committee chair;;General exchange of views;European Coalition for Corporate Justice;Brussels;05/02/20
1909;Bernd LANGE;S&D;Germany;['INTA'];Committee chair;;General exchange of views;Deutscher Städtetag;Brussels;05/02/20
1909;Bernd LANGE;S&D;Germany;['INTA'];Committee chair;;General exchange of Views;SRD Vietnam;Brussels;04/02/20
1909;Bernd LANGE;S&D;Germany;['INTA'];Committee chair;;General exchange of views;Bureau EU Ambassadors;Brussels;04/02/20
1909;Bernd LANGE;S&D;Germany;['INTA'];Committee chair;;General exchange of Views;First Deputy Minister of Foreign Affairs of Viet Nam;Brussels;04/02/20
1909;Bernd LANGE;S&D;Germany;['INTA'];Committee chair;;General exchange of views;European Union Chamber of Commerce in China;Brussels;03/02/20
1909;Bernd LANGE;S&D;Germany;['INTA'];Committee chair;;General exchange of views;German Marshall Fund;Brussels;03/02/20
1909;Bernd LANGE;S&D;Germany;['INTA'];Committee chair;;General exchange of views;BEUC;Brussels;29/01/20
1909;Bernd LANGE;S&D;Germany;['INTA'];Committee chair;;General exchange of Views;ETUC trade committee;Brussels;28/01/20
1909;Bernd LANGE;S&D;Germany;['INTA'];Committee chair;;General exchange of views;Trade Counselor of Vietnam;Brussels;28/01/20
1909;Bernd LANGE;S&D;Germany;['INTA'];Committee chair;;General exchange of views;Ambassador Portugal;Brussels;23/01/20
1909;Bernd LANGE;S&D;Germany;['INTA'];Committee chair;;General exchange of views;Doc Morris;Brussels;22/01/20
1909;Bernd LANGE;S&D;Germany;['INTA'];Committee chair;;General exchange of views;Boing;Brussels;22/01/20
1909;Bernd LANGE;S&D;Germany;['INTA'];Committee chair;;General exchange of views;EUROPEAN MAR GmbH;Hannover;17/01/20
1909;Bernd LANGE;S&D;Germany;['INTA'];Committee chair;;General exchange of views;Islandpferde-Reiter- und Züchterverband e. V.;Hannover;17/01/20
1909;Bernd LANGE;S&D;Germany;['INTA'];Committee chair;;General exchange of views;Deputy Minister of Foreign Affairs Vietnam;Strasbourg;15/01/20
1909;Bernd LANGE;S&D;Germany;['INTA'];Committee chair;;General exchange of view;Nord Stream 2 AG;Strasbourg;15/01/20
1909;Bernd LANGE;S&D;Germany;['INTA'];Committee chair;;General exchange of views;Ambassador Colombia;Brussels;15/01/20
1909;Bernd LANGE;S&D;Germany;['INTA'];Committee chair;;General exchange of views;AnimalhealthEurope;Strasbourg;15/01/20
1909;Bernd LANGE;S&D;Germany;['INTA'];Committee chair;;General exchange of views;Alstom;Strasbourg;14/01/20
1909;Bernd LANGE;S&D;Germany;['INTA'];Committee chair;;General exchange of views;Institut Jacques Delors;Brussels;09/01/20
1909;Bernd LANGE;S&D;Germany;['INTA'];Committee chair;;Genereal exchange of views;Business Europe;Brussels;07/01/20
1909;Bernd LANGE;S&D;Germany;['INTA'];Committee chair;;Genereal exhange of views;Mission of Canada to the EU;Brussels;07/01/20
256860;András LÁSZLÓ;PfE;Hungary;[];Member;;Informal meeting;EuroAtlantic Consulting & Investment PLC;Brussels;26/09/24
256860;András LÁSZLÓ;PfE;Hungary;[];Member;;Delegation meeting;MOL Hungarian Oil and Gas Company;EP Strasbourg;17/09/24
256860;András LÁSZLÓ;PfE;Hungary;[];Member;;Informal meeting;Maka Botchorishvili member of the Georgian Parliament;EP Brussels;11/09/24
256860;András LÁSZLÓ;PfE;Hungary;[];Member;;Delegation meeting;Szövetség a Polgári Magyarországért Alapítvány;EP Brussels;10/09/24
256860;András LÁSZLÓ;PfE;Hungary;[];Member;;Delegation meeting;Mathias Corvinus Collegium Brussels AISBL;EP Brussels;10/09/24
256860;András LÁSZLÓ;PfE;Hungary;[];Member;;Delegation meeting;Chair of KMKSZ (UA);EP Brussels;10/09/24
230085;Camilla LAURETI;S&D;Italy;[];Member;;Settore canata- situazione;Imprenditori  canapa italia;Virtual meeting;03/10/24
230085;Camilla LAURETI;S&D;Italy;['AGRI'];Member;;Politiche agricole;Confederazione italiana agricoltori;Bruxelles;26/09/24
230085;Camilla LAURETI;S&D;Italy;['AGRI'];Member;;Donne e agricoltura;Confederazione Nazionale Coldiretti;Bruxelles EP;25/09/24
230085;Camilla LAURETI;S&D;Italy;[];Member;;Diritti dei lavoratori agricoli;FLAI CGIL;Strasbourg PE;18/09/24
230085;Camilla LAURETI;S&D;Italy;['AGRI'];Member;;Diritti dei lavoratori agricoli;European federation of food , agricolture and tourism trade unions;Bruxelles;12/09/24
230085;Camilla LAURETI;S&D;Italy;['AGRI'];Member;;Politiche agricole;Nature works;Bruxelles PE;11/09/24
230085;Camilla LAURETI;S&D;Italy;[];Member;;Incontro  conoscitivo;FEDERUNACOMA;Bruxelles EP;11/09/24
230085;Camilla LAURETI;S&D;Italy;[];Member;;Incontro conoscitivo;Nestlé S.A.;Bruxelles EP;11/09/24
230085;Camilla LAURETI;S&D;Italy;['AGRI'];Member;;Agricoltura biologica;IFOAM Europa;Virtual meeting;09/09/24
230085;Camilla LAURETI;S&D;Italy;['AGRI'];Member;;Politiche agricole;Laga Coop Agroalimentare;Bruxelles EP;04/09/24
257262;Rada LAYKOVA;ESN;Bulgaria;['ECON'];Member;;Policies;vöwg;Bar in the Spaak-Buildung;11/09/24
256872;Fabrice LEGGERI;PfE;France;[];Member;;Candidature de M. Grimheden au poste de Médiateur européen;Jonas Grimheden, directeur de l'Agence européenne des droits fondamentaux (FRA);Bruxelles;25/09/24
256872;Fabrice LEGGERI;PfE;France;['LIBE'];Member;;Tendances et défis de l immigration en Europe;Nicolas Pouvreau et Maxime Aymar-Hemery, Observatoire de l'immigration et de la démographie (OID);Paris;24/09/24
256872;Fabrice LEGGERI;PfE;France;[];Member;;Coopération entre les institutions européennes et les États membres;Ioannis Vrailas, Représentation permanente de la Grèce auprès de l'Union européenne;Strasbourg;17/09/24
256872;Fabrice LEGGERI;PfE;France;[];Member;;Coopération entre les institutions européennes et les États membres;Péter Galambos, Représentation permanente de la Hongrie auprès de l'Union européenne;Bruxelles;12/09/24
95074;Jeroen LENAERS;EPP;Netherlands;['LIBE'];Rapporteur;;CSAM Directive;Eurochild AISBL;European Parliament;10/10/24
95074;Jeroen LENAERS;EPP;Netherlands;['LIBE'];Member;;Meeting on E-commerce platform;Bol.com;European Parliament;03/10/24
95074;Jeroen LENAERS;EPP;Netherlands;[];Member;;Meeting on European Housing;Aedes vereniging van woningcorporaties;Brussels;30/09/24
95074;Jeroen LENAERS;EPP;Netherlands;['LIBE'];Rapporteur;;Migrant Smuggling;Europol;European Parliament;26/09/24
95074;Jeroen LENAERS;EPP;Netherlands;['LIBE'];Rapporteur;;CSAM Directive;Permanent Representative of the Netherlands;Karsmakers;26/09/24
95074;Jeroen LENAERS;EPP;Netherlands;[];Member;;Meeting on European Workers;CNV;Brussels;25/09/24
95074;Jeroen LENAERS;EPP;Netherlands;['LIBE'];Member;;General meeting;TNO;Bon;12/09/24
95074;Jeroen LENAERS;EPP;Netherlands;['LIBE'];Member;;European Public Prosecutors Office;European Prosecutor;European Parliament;11/09/24
95074;Jeroen LENAERS;EPP;Netherlands;['LIBE'];Rapporteur;;Migrant Smuggling;DG HOME;European Parliament;10/09/24
95074;Jeroen LENAERS;EPP;Netherlands;[];Member;;European Ombudsman;Candidate European Ombudsman;European Parliament;10/09/24
95074;Jeroen LENAERS;EPP;Netherlands;['EMPL'];Shadow rapporteur;;Social Security Coordination;Het ACV;Online;10/12/20
95074;Jeroen LENAERS;EPP;Netherlands;['EMPL'];Member;;EMPL;Bouwend Nederland;Online;27/11/20
95074;Jeroen LENAERS;EPP;Netherlands;['EMPL'];Member;;EU Minimum Wage;First Vice-President of LO - The Swedish Trade Union Confederation, International Secretary of LO, President of TCO - The Swedish Confederation of Professional Employees, International Director TCO, President of Saco - The Swedish Confederation of Professional Associations, International Secretary SACO, Director - The Brussels Office of the Swedish Trade Unions;Online;27/11/20
95074;Jeroen LENAERS;EPP;Netherlands;['INGE'];Member;;Disinformation, foreign interference, role of online platforms;Facebook;Online;19/11/20
95074;Jeroen LENAERS;EPP;Netherlands;['EMPL'];Shadow rapporteur;;Social Security Coordination;CEEMET online event;Online;16/10/20
95074;Jeroen LENAERS;EPP;Netherlands;['EMPL'];Member;;EMPL;World Employment Confederation Europe;Online;02/10/20
95074;Jeroen LENAERS;EPP;Netherlands;['EMPL'];Shadow rapporteur;;Coordination social security;President Verband Deutsches Reisemanagement, Executive director Verband Deutsches Reisemanagement;Brussels;17/02/20
95074;Jeroen LENAERS;EPP;Netherlands;['EMPL'];Member;;Social Affairs;Secretary General Eurofedop;Strasbourg;11/02/20
95074;Jeroen LENAERS;EPP;Netherlands;['EMPL'];Member;;Social affairs;Public affairs consulent European Federation for Family Employment & Home Care, Public affiars consulent European Federation for Family Employment & Home Care;Brussels;06/02/20
95074;Jeroen LENAERS;EPP;Netherlands;['LIBE'];Member;;E-evidence file;European Affairs and Media Policy responsible at European Magazine Media Publishers;Brussels;24/01/20
95074;Jeroen LENAERS;EPP;Netherlands;['LIBE'];Member;;Introductory meeting and briefing on Faith Under Pressure;OpenDoors EU advocacy officer;Strasbourg;16/01/20
95074;Jeroen LENAERS;EPP;Netherlands;[];Member;;Posting of workers;sectorhoofd van FNV Bouwen en Wonen,, Consulent vakbond FNV Bouw, Persvoorlichter FNV;Utrecht;10/01/20
95074;Jeroen LENAERS;EPP;Netherlands;['LIBE'];Member;;Situation of refugees on the Greek Islands;EU Migration Policy Advisor Oxfam International;Brussel;09/01/20
204336;Miriam LEXMANN;EPP;Slovakia;['AFET'];Member;;Freedom of Religion and Belief;ADF International Belgium;Organisation's office;10/09/24
204336;Miriam LEXMANN;EPP;Slovakia;['AFET'];Member;;Implementation of the EU Critical Raw Materials Act;Cobalt Institute;European Parliament;10/09/24
204336;Miriam LEXMANN;EPP;Slovakia;[];Member;;Brain health intergroup;European Brain Council;European Parliament;10/09/24
204336;Miriam LEXMANN;EPP;Slovakia;[];Member;;Volunteering initiatives in Slovakia;Centre for European Volunteering (CEV);online;10/09/24
204336;Miriam LEXMANN;EPP;Slovakia;[];Member;;European Employers Institute;Council of European Employers of the Metal, Engineering and Technology-based Industries;online;05/09/24
204336;Miriam LEXMANN;EPP;Slovakia;['INTA'];Member;;EU Competitiveness and trade barriers;Institute of Export & International Trade;European Parliament;04/09/24
204336;Miriam LEXMANN;EPP;Slovakia;['INTA'];Member;;Challenges for the EU automobile industry & competitiveness;Volvo Car Corporation AB;European Parliament;04/09/24
204336;Miriam LEXMANN;EPP;Slovakia;['AFET'];Member;;Implementation of the EU Critical Raw Materials Act;Anglo American;European Parliament;04/09/24
204336;Miriam LEXMANN;EPP;Slovakia;['INTA'];Member;;EU Competitiveness, economic security and priorities for the next mandate;American Chamber of Commerce to the European Union;European Parliament;03/09/24
204336;Miriam LEXMANN;EPP;Slovakia;['INTA'];Member;;EU Competitiveness and priorities for the next mandate;Seda International Packaging Group;European Parliament;28/08/24
1927;Peter LIESE;EPP;Germany;[];Member;;Climate Policy;Viessmann Climate Solutions SE;Phone;03/10/24
1927;Peter LIESE;EPP;Germany;[];Member;;Climate Policy;TUI AG;Online;01/10/24
1927;Peter LIESE;EPP;Germany;[];Member;;Environmental Policy;Business Alliance for Climate Action (BACA);Phone;26/09/24
1927;Peter LIESE;EPP;Germany;[];Member;;Environmental Policy;European Aluminium;Brussels;26/09/24
1927;Peter LIESE;EPP;Germany;[];Member;;Environmental Policy;Germanwatch;Brussels;26/09/24
1927;Peter LIESE;EPP;Germany;[];Member;;Environmental Policy;Europe Heating Industry (EHI);Brussels;25/09/24
1927;Peter LIESE;EPP;Germany;[];Member;;Environmental Policy;Deutsche Verband der Spielwarenindustrie (DVSI);Brussels;24/09/24
1927;Peter LIESE;EPP;Germany;[];Member;;Environmental Policy;Wirtschaftsvereinigung Stahl;Brussels;24/09/24
1927;Peter LIESE;EPP;Germany;[];Member;;Climate policy;Deutsche Umwelthilfe e.V.;Brussels;24/09/24
1927;Peter LIESE;EPP;Germany;[];Member;;Environmental Policy;FORVIA;Brussels;24/09/24
1927;Peter LIESE;EPP;Germany;['BECA'];Shadow rapporteur;;Cancer;British American Tobacco;Zoom Video Conference;04/12/20
1927;Peter LIESE;EPP;Germany;['ENVI'];Shadow rapporteur;;EU climate law;"DNR;, Germanwatch;, E3G";video conference;26/11/20
1927;Peter LIESE;EPP;Germany;['ENVI'];Shadow rapporteur;;EU climate targets;BDEW;video conference;09/11/20
1927;Peter LIESE;EPP;Germany;['BECA'];Shadow rapporteur;;INI Cancer;European Confederation of Pharmaceutical Entrepreneurs (EUCOPE);Zoom Meeting;04/11/20
1927;Peter LIESE;EPP;Germany;['BECA'];Shadow rapporteur;;INI Cancer;Institut Curie - Centre de recherche et traitement du cancer;Zoom Meeting;28/10/20
1927;Peter LIESE;EPP;Germany;['BECA'];Shadow rapporteur;;INI Cancer;Professor Knut Kröger and Professor Martin Strorck;Telefongespräch;27/10/20
1927;Peter LIESE;EPP;Germany;['ENVI'];Shadow rapporteur;;sustainable mobility;BEUC;video call;26/10/20
1927;Peter LIESE;EPP;Germany;['ENVI'];Shadow rapporteur;;Extending the EU Emissions Trading System (ETS): a necessity or risking stability?;PiK, t&e;video conference;15/10/20
1927;Peter LIESE;EPP;Germany;['ENVI'];Shadow rapporteur;;climate law (amongst others);Cement Innovation in Europe;phone call;09/10/20
1927;Peter LIESE;EPP;Germany;['ENVI'];Shadow rapporteur;;EU climate law (amongst others);transport&environment, NABU;zoom call;08/10/20
1927;Peter LIESE;EPP;Germany;['ENVI'];Shadow rapporteur;;EU climate law (amongst others);BDSI – Bundesverband der Deutschen Süßwarenindustrie e.V.;video conference;08/10/20
1927;Peter LIESE;EPP;Germany;['ENVI'];Shadow rapporteur;;EU climate law;Stiftung Klimaneutralität;phone call;08/10/20
1927;Peter LIESE;EPP;Germany;['ENVI'];Shadow rapporteur;;climate law;VCI, Cefic;phone call;02/10/20
1927;Peter LIESE;EPP;Germany;['ENVI'];Shadow rapporteur;;exchange on climate law;Jugendumweltverbänden;zoom call;02/10/20
1927;Peter LIESE;EPP;Germany;['ENVI'];Shadow rapporteur;;Europäisches Wirtschaftsgespräch;"Arbeitgeberverband Gesamtmetall e.V.;, DSGV;, VCI;, Amprion Offshore GmbH";phone call;01/10/20
1927;Peter LIESE;EPP;Germany;['ENVI'];Shadow rapporteur;;Green Deal and climate law;Bundesverband Keramische Industrie e.V.;phone call;30/09/20
1927;Peter LIESE;EPP;Germany;['ENVI'];Shadow rapporteur;;EU climate law and energy efficiency;Coalition for Energy Savings;phone call;23/09/20
1927;Peter LIESE;EPP;Germany;['ENVI'];Shadow rapporteur;;Deutscher EU-Wirtschaftskreis;BDI/BDA;WebEx;22/09/20
1927;Peter LIESE;EPP;Germany;['ENVI'];Shadow rapporteur;;EU climate law;Deutscher Naturschutzring;Phone call;18/09/20
1927;Peter LIESE;EPP;Germany;['ENVI'];Shadow rapporteur;;Roundtable Discussion on EU ETS in the maritime sector;IHK Nord;Brussels;19/02/20
1927;Peter LIESE;EPP;Germany;['ENVI'];Shadow rapporteur;;shipping/MRV file;transport and environment;Brussels;30/01/20
124808;Norbert LINS;EPP;Germany;['ENVI'];Member;;Entwaldungsfreier Soja für Legehennenfutter (EUDR);Birkhof - EI GmbH & Co KG;Virtual meeting;24/09/24
124808;Norbert LINS;EPP;Germany;[];Member;;Exchange on relevant topics for the new legislative period;ALDI SÜD Dienstleistungs-SE & Co. oHG, EDEKA ZENTRALE Stiftung & Co. KG, Handelsverband Deutschland, METRO AG, REWE Group, Schwarz Group, Markant;EP Strasbourg;19/09/24
124808;Norbert LINS;EPP;Germany;['TRAN'];Member;;Exchange on relevant topics for the new legislative period;Arbeitsgemeinschaft deutscher Verkehrsflughäfen;EP Strasbourg;18/09/24
124808;Norbert LINS;EPP;Germany;['AGRI'];Member;;Exchange on relevant topics for the new legislative period;European Confederation of Maize Producers (CEPM);EP Strasbourg;18/09/24
124808;Norbert LINS;EPP;Germany;['AGRI'];Member;;Exchange on relevant topics for the new legislative period;Food and Agriculture Organization of the United Nations (FAOLOB);EP Strasbourg;17/09/24
124808;Norbert LINS;EPP;Germany;['TRAN'];Member;;Exchange on the Hyperloop Program in Germany & Europe;Hyperloop Development Program;EP Brussels;11/09/24
124808;Norbert LINS;EPP;Germany;['AGRI'];Member;;Exchange on relevant topics for the new legislative period;Arla Foods amba;EP Brussels;11/09/24
124808;Norbert LINS;EPP;Germany;[];Member;;Exchange on relevant topics for the new legislative period;Philip Morris International Inc., Philip Morris Deutschland;EP Brussels;11/09/24
124808;Norbert LINS;EPP;Germany;['AGRI'];Member;;Exchange on relevant topics for the new legislative period;Verband der Kali- und Salzindustrie e.V.;EP Brussels;10/09/24
124808;Norbert LINS;EPP;Germany;['AGRI'];Member;;Exchange on relevant topics for the new legislative period;Bayer AG;EP Brussels;24/07/24
124808;Norbert LINS;EPP;Germany;['AGRI'];Committee chair;;EU Green Deal und CAP;Familienbetriebe Land und Forst e.V.;Video Call;17/12/20
124808;Norbert LINS;EPP;Germany;['AGRI'];Committee chair;;CAP;European Concil of Young Farmers CEJA;Video Call;17/12/20
124808;Norbert LINS;EPP;Germany;['AGRI'];Committee chair;;EU-Australia FTA;Meat & Livestock Australia;Video Call;16/12/20
124808;Norbert LINS;EPP;Germany;['AGRI'];Committee chair;;DBV Positionen;DBV;Video Call;16/12/20
124808;Norbert LINS;EPP;Germany;['AGRI'];Committee chair;;CAP;DBV;Video Call;10/12/20
124808;Norbert LINS;EPP;Germany;['AGRI'];Committee chair;;CAP;Confederation of European Yest Producers;Video Call;01/12/20
124808;Norbert LINS;EPP;Germany;['AGRI'];Committee chair;;CAP;Bitkom;Online Event;26/11/20
124808;Norbert LINS;EPP;Germany;['AGRI'];Committee chair;;CAP;Joint Copa-Cogeca Praesidia;Video Call;26/11/20
124808;Norbert LINS;EPP;Germany;['AGRI'];Committee chair;;CAP;Euro Foie Gras;Video Call;25/11/20
124808;Norbert LINS;EPP;Germany;['AGRI'];Committee chair;;CAP;Corteva Agriscience;Video Call;24/11/20
124808;Norbert LINS;EPP;Germany;['AGRI'];Committee chair;;CAP;Boscor Group;Video Call;20/11/20
124808;Norbert LINS;EPP;Germany;['AGRI'];Committee chair;;CAP;ELO/ Indigo;Online Event;18/11/20
124808;Norbert LINS;EPP;Germany;['AGRI'];Committee chair;;CAP;NABU;Video Call;17/11/20
124808;Norbert LINS;EPP;Germany;['AGRI'];Committee chair;;CAP;IGP Dialog;Online Event;12/11/20
124808;Norbert LINS;EPP;Germany;['AGRI'];Committee chair;;CAP;CSP;Video Call;12/11/20
124808;Norbert LINS;EPP;Germany;['AGRI'];Committee chair;;CAP;BSI e.V.;Video Call;11/11/20
124808;Norbert LINS;EPP;Germany;['AGRI'];Committee chair;;F2F;BSI e.V.;Video Call;11/11/20
124808;Norbert LINS;EPP;Germany;['AGRI'];Committee chair;;CAP;Agriculture and Progress;Video Call;10/11/20
124808;Norbert LINS;EPP;Germany;['AGRI'];Committee chair;;LandFrauentag;LandFrauenverband Württembergisches Allgäu;Event;31/10/20
124808;Norbert LINS;EPP;Germany;['AGRI'];Committee chair;;CAP;Alber&Geiger;Video Call;28/10/20
124808;Norbert LINS;EPP;Germany;['AGRI'];Committee chair;;Bridging the agriculture sustainability;US Mission to the EU;Online Event;27/10/20
124808;Norbert LINS;EPP;Germany;['AGRI'];Committee chair;;Podcast;Schutelaar & Partners;Online Event;27/10/20
124808;Norbert LINS;EPP;Germany;['AGRI'];Committee chair;;CAP;Feldspaziergang NABU-Landesverband und Landesjagdverband;Event;16/10/20
124808;Norbert LINS;EPP;Germany;['AGRI'];Committee chair;;Climate change and its effects on agriculture;Primary Food Processors Reception/ Meeting;Online Event;14/10/20
124808;Norbert LINS;EPP;Germany;['AGRI'];Committee chair;;CAP, F2F;Arbeitsgemeinschaft Deutscher Tierzüchter e.V.;Video Call/ Online Event;12/10/20
124808;Norbert LINS;EPP;Germany;['AGRI'];Committee chair;;CAP;GENO Verband;Video Call;07/10/20
124808;Norbert LINS;EPP;Germany;['ENVI'];Member;;Integrating Science into the EU Green Deal;Intergroup Climate Change Biodiversity & Sustainable Development;Online Event;30/09/20
124808;Norbert LINS;EPP;Germany;['ENVI'];Member;;CAP, Tierhaltung;Mensch Fair Tier;Videocall;30/09/20
124808;Norbert LINS;EPP;Germany;['AGRI'];Committee chair;;CAP;FACE European Federation for Hunting and Conservation;Video Call;30/09/20
124808;Norbert LINS;EPP;Germany;['AGRI'];Committee chair;;F2F, CAP;FoodDrink Europe;Videocall;23/09/20
124808;Norbert LINS;EPP;Germany;['AGRI'];Committee chair;;CAP;ATF;Videocall;23/09/20
124808;Norbert LINS;EPP;Germany;['AGRI'];Committee chair;;CAP and MRLs;CEFS;Videocall;23/09/20
124808;Norbert LINS;EPP;Germany;['AGRI'];Committee chair;;F2F, Precision Farming, Animal Health;Zoetis;Videocall;10/09/20
124808;Norbert LINS;EPP;Germany;['AGRI'];Committee chair;;UTPs;HDE;Videocall;10/09/20
124808;Norbert LINS;EPP;Germany;['AGRI'];Committee chair;;CAP, Lead Shot in Wetlands;FACE;Videocall;10/09/20
124808;Norbert LINS;EPP;Germany;['AGRI'];Committee chair;;CAP;BirdLife, Greenpeace, NABU;Videocall;08/09/20
124808;Norbert LINS;EPP;Germany;['AGRI'];Committee chair;;Carbon Farming;Indigo Agriculture;Videocall;08/09/20
124808;Norbert LINS;EPP;Germany;['AGRI'];Committee chair;;Food Labelling;BDSI;Videocall;15/07/20
124808;Norbert LINS;EPP;Germany;['AGRI'];Committee chair;;Farm to Fork and Digitisation;Bitkom;Videocall;09/07/20
124808;Norbert LINS;EPP;Germany;['AGRI'];Committee chair;;“Agriculture revolution: is the Farm to Fork Strategy groundbreaking or utopian?”;Consumer Choice Center;Videocall / Webinar;07/07/20
124808;Norbert LINS;EPP;Germany;['AGRI'];Committee chair;;CAP / F2F / Biodiversity / Organic Regulation;European Organic Congress;Videocall / Online Event;02/07/20
124808;Norbert LINS;EPP;Germany;['AGRI'];Committee chair;;F2F;BASF;Videocall;24/06/20
124808;Norbert LINS;EPP;Germany;['AGRI'];Committee chair;;F2F;Bundesvereinigung der Deutschen Ernährungsindustrie, Zentralverband des Deutschen Handwerks e.V., HDE e.V - Handelsverband Deutschlands;Videocall;24/06/20
124808;Norbert LINS;EPP;Germany;['AGRI'];Committee chair;;Tierwohl / Hausschlachtung;Schlachtung mit Achtung;Videocall;23/06/20
124808;Norbert LINS;EPP;Germany;['AGRI'];Committee chair;;Farm to Fork;Bioland, IFOAM, AöL, DBV;Videocall;17/06/20
124808;Norbert LINS;EPP;Germany;['AGRI'];Committee chair;;Farm to Fork;DBV, Industrie Agrar e.V.;Videocall;10/06/20
124808;Norbert LINS;EPP;Germany;['AGRI'];Committee chair;;Farm to Fork / CAP;AVEC;Videocall;10/06/20
124808;Norbert LINS;EPP;Germany;['AGRI'];Committee chair;;Introductory Meeting;Bayer;Videocall;10/06/20
124808;Norbert LINS;EPP;Germany;['AGRI'];Committee chair;;CAP;CEJA;Videocall;07/06/20
124808;Norbert LINS;EPP;Germany;['AGRI'];Committee chair;;CAP;BG MA Agricultureal and Food Econmics Uni Bonn;Videocall;05/06/20
124808;Norbert LINS;EPP;Germany;['AGRI'];Committee chair;;Transparency in Policy Making;Euractiv, Bayer;Videocall / Panellist at Virtual Conference;04/06/20
124808;Norbert LINS;EPP;Germany;['AGRI'];Committee chair;;CAP;Deutsche Reiterliche Vereinigung e.V;Videocall;03/06/20
124808;Norbert LINS;EPP;Germany;['AGRI'];Committee chair;;GAP / F2F / Biodiversity;FAO;Videocall;02/06/20
124808;Norbert LINS;EPP;Germany;['AGRI'];Committee chair;;CAP / Green Deal / Milk Market;DiMOE - Dienst für Mission Ökumene und Entwicklung;Videocall;20/05/20
124808;Norbert LINS;EPP;Germany;['ENVI'];Member;;CAP / Faire Tierhaltung;Mensch-Fair-Tier;Videocall;20/05/20
124808;Norbert LINS;EPP;Germany;['AGRI'];Committee chair;;CAP;European Industrial Hemp Association;Videocall;14/05/20
124808;Norbert LINS;EPP;Germany;['AGRI'];Committee chair;;Global manage Farm to Fork traceability;BeFrIT consortium;Videocall;12/05/20
124808;Norbert LINS;EPP;Germany;['ENVI'];Member;;Green Deal, CAP;European Compost Network;Videocall;12/05/20
124808;Norbert LINS;EPP;Germany;['ENVI'];Committee chair;;GVO und Pflanzenzüchtung;Test Biotech;Videocall;05/05/20
124808;Norbert LINS;EPP;Germany;['ENVI'];Member;;EU Climate Policy;Citizens' Climate Lobby EU;Videocall;29/04/20
124808;Norbert LINS;EPP;Germany;['AGRI'];Committee chair;;CAP;EuroNatur;Videocall;29/04/20
124808;Norbert LINS;EPP;Germany;['AGRI'];Committee chair;;European Animal Breeders;European Forum of Farm Animal Breeders;MEP Office;19/02/20
124808;Norbert LINS;EPP;Germany;['AGRI'];Committee chair;;CAP;DBV;MEP Office;18/02/20
124808;Norbert LINS;EPP;Germany;['AGRI'];Committee chair;;Milk Market;ARLA;MEP Office;04/02/20
124808;Norbert LINS;EPP;Germany;['AGRI'];Committee chair;;Verwaltung von Einfuhrkontingenten im Agrarsektor;Verband der Fleischwirtschaft e. V. (VDF);MEP Office;29/01/20
124808;Norbert LINS;EPP;Germany;['AGRI'];Committee chair;;Italian Agriculture and CAP;CIA;MEP Office;29/01/20
124808;Norbert LINS;EPP;Germany;['AGRI'];Committee chair;;European Milk Market;Milchindustrie-Verband e.V.;MEP Office;28/01/20
124808;Norbert LINS;EPP;Germany;['AGRI'];Committee chair;;European Forest Strategy;DBV, Thünen Institut, FVA/AGDW;European Parliament;22/01/20
124808;Norbert LINS;EPP;Germany;['AGRI'];Committee chair;;Situation of Sugar Sector;Südzucker;European Parliament;07/01/20
197494;Nathalie LOISEAU;RE;France;[];Member;;Sécurité et défense;GEOS - ADIT Group;Paris;11/10/24
197494;Nathalie LOISEAU;RE;France;[];Member;;Bouclier démocratique européen;Kofi Annan Foundation;Bruxelles;10/10/24
197494;Nathalie LOISEAU;RE;France;[];Member;;Situation des prisonniers arméniens en Azerbaïdjan;M. Arman Tatoyan, ancien défenseur des droits de la République d'Arménie, Mme Siranush Sahakyan, Présidente de l'organisation « International and Comparative law center », M. Karnig Kerkonian, Avocat et expert en droit international, M. Artak Beglaryan, ancien défenseur des droits au Haut-Karabakh;Strasbourg;09/10/24
197494;Nathalie LOISEAU;RE;France;[];Member;;Relations UE-Arménie;M. Tigran Balayan, Ambassadeur de la République d'Arménie auprès de l'Union européenne;Bruxelles;02/10/24
197494;Nathalie LOISEAU;RE;France;[];Member;;Situation au Moyen-Orient;M. Mohamed Al-Sahlawi, Ambassadeur des Émirats arabes unis auprès de l'Union européenne;Bruxelles;02/10/24
197494;Nathalie LOISEAU;RE;France;[];Member;;Affaires européennes;Mme María Lledó, ancienne Secrétaire générale des affaires européennes en Espagne, Acento;Bruxelles;02/10/24
197494;Nathalie LOISEAU;RE;France;[];Member;;Industrie de défense;Airbus;Bruxelles;01/10/24
197494;Nathalie LOISEAU;RE;France;[];Member;;Relations UE-Arménie;Conseiller de la mission d'Arménie auprès de l'UE;Bruxelles;25/09/24
197494;Nathalie LOISEAU;RE;France;[];Member;;Situation en Afghanistan;Équipe de production du documentaire « Hollywoodgate »;Bruxelles;24/09/24
197494;Nathalie LOISEAU;RE;France;[];Member;;Bouclier démocratique européen;SOPRA STERIA GROUP;Bruxelles;24/09/24
197494;Nathalie LOISEAU;RE;France;['INGE'];Member;;Lutte contre les ingérences étrangères et la désinformation;Association des Télévisions commerciales européennes;Téléconférence;04/12/20
197494;Nathalie LOISEAU;RE;France;['INGE'];Member;;Lutte contre les ingérences étrangères et la désinformation;Facebook;Téléconférence;17/11/20
197494;Nathalie LOISEAU;RE;France;[];Member;;Brexit;Confederation of British Industry;Téléconference;13/11/20
197494;Nathalie LOISEAU;RE;France;[];Member;;Europe de la défense;Boeing;Appel;27/08/20
197494;Nathalie LOISEAU;RE;France;[];Member;;Secteur spatial et défense;AeroSpace and Defence Industries Association of Europe;Téléconférence;15/07/20
197494;Nathalie LOISEAU;RE;France;[];Member;;Plan de relance économique européen et secteur industriel;France Industrie;Appel;29/06/20
197494;Nathalie LOISEAU;RE;France;[];Member;;Industrie navale;Groupement des industries de construction et activités navales;Téléconférence;05/06/20
197494;Nathalie LOISEAU;RE;France;[];Member;;Futures relations UE-Royaume-Uni;European Automobile Manufacturer Association;Téléconférence;22/04/20
197494;Nathalie LOISEAU;RE;France;[];Member;;Industrie de défense;Dassault;Téléconférence;21/04/20
197494;Nathalie LOISEAU;RE;France;[];Member;;Visite;Kongsberg Satellite Services;Tromsø;26/02/20
197494;Nathalie LOISEAU;RE;France;[];Member;;Oil and Gas activities in Northern Norway;Petroarctic;Tromsø;26/02/20
197494;Nathalie LOISEAU;RE;France;[];Member;;International Research on Climate Change in the Arctic;Norwegian Polar Institute;Tromsø;26/02/20
197494;Nathalie LOISEAU;RE;France;[];Member;;Arctic Security and Defence;Arctic University of Norway;Tromsø;26/02/20
197494;Nathalie LOISEAU;RE;France;[];Member;;Visit to Norwegian Fishermen’s Sales Organisation;Norwegian Fishermen’s Sales Organisation;Lofoten;25/02/20
197494;Nathalie LOISEAU;RE;France;[];Member;;The fight against marine litter in Arctic waters;SALT Lofoten;Lofoten;25/02/20
197494;Nathalie LOISEAU;RE;France;[];Member;;Safety and Preparedness: Visit to the Joint Rescue Coordination Centre;Joint Rescue Coordination Centre;Bodø;24/02/20
197494;Nathalie LOISEAU;RE;France;[];Member;;Green Arctic Industry & Arctic Circular Economy;Mo Industrial Park;Bodø;24/02/20
197494;Nathalie LOISEAU;RE;France;[];Member;;Nord University: global perspective with regional ties;Recteur et professeurs de la Nord University;Bodø;24/02/20
197494;Nathalie LOISEAU;RE;France;[];Member;;Situation des Yézidis;People's Democratic Party;Bruxelles;23/01/20
197494;Nathalie LOISEAU;RE;France;[];Member;;Droits des femmes en Europe;European Women's Lobby;Bruxelles;06/01/20
96709;Morten LØKKEGAARD;RE;Denmark;['ITRE'];Member;;CRMs and energy;Rasmussen Global;European Parliament;27/09/24
96709;Morten LØKKEGAARD;RE;Denmark;['ITRE'];Member;;EU defence industry policy;Terma A/S;European Parliament;25/09/24
96709;Morten LØKKEGAARD;RE;Denmark;['ITRE'];Member;;Heating and Cooling Decarbonization;Euroheat & Power;European Parliament;23/09/24
96709;Morten LØKKEGAARD;RE;Denmark;['ITRE'];Member;;Priorities and upcoming Commission;Green Power Denmark;European Parliament;17/09/24
96709;Morten LØKKEGAARD;RE;Denmark;['ITRE'];Member;;News from Danish energy sector;Green Power Denmark;Beer Factory;12/09/24
96709;Morten LØKKEGAARD;RE;Denmark;['IMCO'];Member;;Platform regulation and consumer protection;Confederation of Danish Industry;European Parliament;09/09/24
96709;Morten LØKKEGAARD;RE;Denmark;['ECON'];Member;;Interchange fees of electronic card payments;Fleishman Hillard;Karsmakers;09/09/24
96709;Morten LØKKEGAARD;RE;Denmark;['IMCO'];Member;;DSA enhancements;Confederation of Danish Industry;l'ancienne Poissonnere;09/09/24
96709;Morten LØKKEGAARD;RE;Denmark;['ITRE'];Member;;The geopolitical situation in Europe and globally;Rasmussen Global;European Parliament;04/09/24
96709;Morten LØKKEGAARD;RE;Denmark;['ITRE'];Member;;Bio solutions act;Novonesis A/S;Karsmakers;03/09/24
96709;Morten LØKKEGAARD;RE;Denmark;['IMCO'];Rapporteur;;Strengthening the Single Market: the future of free movement of services;Architects' Council of Europe - Conseil des Architectes d’Europe;European Parliament;19/02/20
220896;Reinhold LOPATKA;EPP;Austria;['AFET'];Member;;Meeting with the Head of the Mission of Bahrain to the EU;Ambassador H.E. Abdulla Al Doseri;102 Avenue Franklin Roosevelt;03/10/24
220896;Reinhold LOPATKA;EPP;Austria;['AFET'];Member;;Meeting with the Head of the Mission of Yemen to the EU;Ambassador H.E. Mohamed Taha Mustafa;European Parliament;03/10/24
220896;Reinhold LOPATKA;EPP;Austria;['AFET'];Member;;Meeting with the Head of the European Parliament Liaison Office in Vienna;Frank Piplat;European Parliament;18/09/24
220896;Reinhold LOPATKA;EPP;Austria;['AFET'];Member;;Meeting with the Head of Mission of Türkiye to the EU;Ambassador H.E. Faruk Kaymakcı;European Parliament;17/09/24
220896;Reinhold LOPATKA;EPP;Austria;['AFET'];Member;;Meeting with the Head of the Mission of Kuwait to the European Union;Ambassador H.E. Mr. Awaf Alenezi;Mission of Kuwait to the EU, 43 avenue Franklin Roosevelt;11/09/24
220896;Reinhold LOPATKA;EPP;Austria;['DEVE'];Member;;Meeting with Austrian Federal Economic Chamber;Wirtschaftskammer Österreich;European Parliament;05/09/24
220896;Reinhold LOPATKA;EPP;Austria;['AFET'];Member;;Meeting with the Head of the Mission of the United Arab Emirates to the European Union.;Ambassador H.E. Mr. Mohamed Al Sahlawi;European Parliament;04/09/24
220896;Reinhold LOPATKA;EPP;Austria;['AFET'];Member;;Meeting with the Head of the Mission of the Kingdom of Saudi Arabia to the EU;Ambassador H.E. Ms Haifa Al-Jedea;Mission of the Kingdom of Saudi Arabia to the EU, Boulevard du Regent, 43-44, 1000, Brussels;04/09/24
220896;Reinhold LOPATKA;EPP;Austria;['AFET'];Member;;Meeting with the Head of the Mission of the Sultanate of Oman to the European Union;Ambassador H.E. Ms Rua Issa Ashraf AL ZADJALI;Mission of Oman to the EU, Avenue Franklin Roosevelt 236;03/09/24
125042;Javi LÓPEZ;S&D;Spain;['AFET'];Member;;Haiti;Human Rights Watch;European Parliament, Brussels;09/09/24
125042;Javi LÓPEZ;S&D;Spain;['ENVI'];Rapporteur;;Implementation of the Ambient Air Quality Directives;DG Environment;Online;09/06/20
28399;Antonio LÓPEZ-ISTÚRIZ WHITE;EPP;Spain;['ECON'];Shadow rapporteur;;EU BMR;MSCI Limited;EUROPEAN PARLIAMENT BRUSSELS;08/10/24
28399;Antonio LÓPEZ-ISTÚRIZ WHITE;EPP;Spain;['ECON'];Shadow rapporteur;;EU BMR;ISDA;EUROPEAN PARLIAMENT BRUSSELS;07/10/24
28399;Antonio LÓPEZ-ISTÚRIZ WHITE;EPP;Spain;['DROI'];Member;;Discuss the problem of antisemitism in Europe;World Jewish Congress;Brussels;24/09/24
28399;Antonio LÓPEZ-ISTÚRIZ WHITE;EPP;Spain;['DROI'];Member;;Priorities for the defense of European human rights.;Ayuda en Acción;Brussels, Belgium;24/09/24
28399;Antonio LÓPEZ-ISTÚRIZ WHITE;EPP;Spain;['DROI'];Member;;To discuss the political priorities in the new mandate, the NGO's work, and its main objectives.;Open Doors International;Strasbourg, France;18/09/24
96675;Isabella LÖVIN;Greens / EFA;Sweden;[];Member;;EU's responsibility in the current situation in Gaza;European Coordination of Committees and Associations for Palestine;Spinelli 10E168, EP;24/09/24
96675;Isabella LÖVIN;Greens / EFA;Sweden;[];Member;;Discussion about ITRE and PECH;Naturskyddsföreningen;SPINELLI 10E168, EP;24/09/24
197721;César LUENA;S&D;Spain;['ENVI'];Rapporteur;;Microplastics;ExxonMobil Petroleum & Chemical;Brussels;08/10/24
197721;César LUENA;S&D;Spain;['ENVI'];Member;;Forest;Fern;Brussels;04/10/24
197721;César LUENA;S&D;Spain;['ENVI'];Member;;Food sector priorities;FoodDrinkEurope;Brussels;04/10/24
197721;César LUENA;S&D;Spain;['ENVI'];Member;;Detergents Regulation;Unilever;Brussels;03/10/24
197721;César LUENA;S&D;Spain;['ENVI'];Member;;Water Resilience and free flowing rivers;EFTTA;Brussels;03/10/24
197721;César LUENA;S&D;Spain;['ENVI'];Rapporteur;;Microplastics;Ecologistas en Accion, Seas At Risk;Brussels;02/10/24
197721;César LUENA;S&D;Spain;['ENVI'];Member;;Environmental priorities for small and medium companies;PIMEC Patronal;Brussels;02/10/24
197721;César LUENA;S&D;Spain;[];Member;;Mobility;Enterprise Mobility;Brussels;02/10/24
197721;César LUENA;S&D;Spain;['ENVI'];Rapporteur;;Pellets;The Pew Charitable Trusts;Brussels;30/09/24
197721;César LUENA;S&D;Spain;['ENVI'];Member;;Public interest services;Association of public services and enterprises of Austria (VÖWG);Brussels;26/09/24
197721;César LUENA;S&D;Spain;['ENVI'];Rapporteur;;Strategy of Biodiversity 2030;Cooperativas Agro-Alimentarias de España;Brussels;15/12/20
197721;César LUENA;S&D;Spain;['ENVI'];Rapporteur;;Strategy of Biodiversity 2030;Eurogroup for Animals;Brussels;15/12/20
197721;César LUENA;S&D;Spain;['ENVI'];Rapporteur;;Strategy of Biodiversity 2030;IUCN;Brussels;17/11/20
197721;César LUENA;S&D;Spain;['ENVI'];Rapporteur;;Strategy of Biodiversity 2030;Seas at risk;Brussels;10/11/20
197721;César LUENA;S&D;Spain;['ENVI'];Rapporteur;;Strategy of Biodiversity 2030;Asociación Española de Municipios de Montaña, Juntos por los Bosques;Brussels;05/10/20
197721;César LUENA;S&D;Spain;['ENVI'];Rapporteur;;Strategy of Biodiversity 2030;Europêche, CEPESCA, federación nacional de cofradías de pescadores;Brussels;17/09/20
197721;César LUENA;S&D;Spain;['ENVI'];Rapporteur;;Strategy of Biodiversity 2030;ASAJA;Brussels;15/07/20
197721;César LUENA;S&D;Spain;['ENVI'];Rapporteur;;Strategy of Biodiversity 2030;WWF;Brussels;14/07/20
197721;César LUENA;S&D;Spain;['ENVI'];Rapporteur;;Strategy of Biodiversity 2030;Universidad Santiago de Compostela;Brussels;07/07/20
197721;César LUENA;S&D;Spain;['ENVI'];Rapporteur;;Strategy of Biodiversity 2030;CEPI;Brussels;23/06/20
197721;César LUENA;S&D;Spain;['ENVI'];Rapporteur;;Strategy of Biodiversity 2030;ASPAPEL;Brussels;23/06/20
197721;César LUENA;S&D;Spain;['ENVI'];Rapporteur;;Strategy of Biodiversity 2030;AEPLA;Brussels;11/06/20
197721;César LUENA;S&D;Spain;['ENVI'];Rapporteur;;Strategy of Biodiversity 2030;SEO Birdlife;Brussels;11/06/20
197721;César LUENA;S&D;Spain;['ENVI'];Rapporteur;;Strategy of Biodiversity 2030;Greenpeace;Brussels;10/06/20
124806;David MCALLISTER;EPP;Germany;['AFET'];Committee chair;;EU-India relations;Saurabh Kumar, Ambassador of India to European Union;Brussels;01/10/24
124806;David MCALLISTER;EPP;Germany;['AFET'];Committee chair;;EU-US relations;Bruce Stokes, Board of Directors, Transatlantic Policy Network;Brussels;30/09/24
124806;David MCALLISTER;EPP;Germany;['AFET'];Committee chair;;Aktuelle außenpolitische Themen;Thorsten Schäfer-Gümbel, Vorstandssprecher der Gesellschaft für Internationale Zusammenarbeit;Brussels;10/09/24
124806;David MCALLISTER;EPP;Germany;['AFET'];Committee chair;;Relations between New Zealand and the EU;Damien O'Connor, Member of the New Zealand Parliament;Brussels;10/09/24
124806;David MCALLISTER;EPP;Germany;[];Member;;EU-UK relations;Europaausschuss des Verbandes der Chemischen Industrie e.V.;digital;01/12/20
124806;David MCALLISTER;EPP;Germany;[];Member;;EU-UK relations;Confederation of British Industry's (CBI);digital;29/10/20
124806;David MCALLISTER;EPP;Germany;[];Member;;Relationship between the EU and the UK;British Irish Chamber of Commerce;Video conference;07/07/20
124806;David MCALLISTER;EPP;Germany;[];Member;;Future EU/UK relations;British in Europe/the3million;Videoconference;09/06/20
124806;David MCALLISTER;EPP;Germany;[];Member;;Exchange on EU-UK relations;Ceemet;Telephone conference;31/03/20
124806;David MCALLISTER;EPP;Germany;[];Member;;General exchange on EU-UK relations;Roger Casale, CEO and Secretary General of New Europeans;European Parliament, Strasbourg;12/02/20
124806;David MCALLISTER;EPP;Germany;[];Member;;Exchange on current EU policies;Krzys Jurek, British Council’s Director of EU Office, Isabelle Van de Gejuchte, Senior Advisor Policy Engagement;European Parliament, Brussels;09/01/20
197719;Cristina MAESTRE;S&D;Spain;['AGRI'];Member;;Introductory meeting with European Vegetarian Union (EVU) and Proveg International (PVI);European Vegetarian Union (EVU) and Proveg International (PVI);Strasbourg;08/10/24
197719;Cristina MAESTRE;S&D;Spain;['AGRI'];Member;;Introductory meeting;Four Paws;Strasbourg;08/10/24
197719;Cristina MAESTRE;S&D;Spain;['AGRI'];Member;;Introductory meeting with Azucarera Spain;AB Azucarera Iberia SLU;Brussels;02/10/24
197719;Cristina MAESTRE;S&D;Spain;['AGRI'];Member;;Introductory meeting with Deputy Secretary General;Copa-Cogeca;Brussels;02/10/24
197719;Cristina MAESTRE;S&D;Spain;['AGRI'];Member;;Introductory meeting  Community Plant Variety Office;Community Plant Variety Office;Brussels;01/10/24
197719;Cristina MAESTRE;S&D;Spain;['AGRI'];Member;;Introductory meeting with EIHA;European Industrial Hemp Association;Brussels;26/09/24
197719;Cristina MAESTRE;S&D;Spain;['AGRI'];Member;;Introductory meeting with bovine sector representative;COPA-COGECA;Brussels;26/09/24
197719;Cristina MAESTRE;S&D;Spain;['AGRI'];Member;;Introductory meeting with UPA;UPA;Brussels;26/09/24
197719;Cristina MAESTRE;S&D;Spain;['AGRI'];Member;;Introductory meeting with AEPLA;AEPLA;Brussels;25/09/24
197719;Cristina MAESTRE;S&D;Spain;['AGRI'];Member;;Introductory meeting with Vinces;Vinces Consulting;Brussels;24/09/24
197719;Cristina MAESTRE;S&D;Spain;['REGI'];Member;;Europea despoblada;Southern Sparsely Populated Areas network;Bruselas;24/11/20
197719;Cristina MAESTRE;S&D;Spain;['ENVI'];Member;;Cuestiones medioambientales;ASAJA;Toledo;24/02/20
197719;Cristina MAESTRE;S&D;Spain;['PETI'];Member;;Petición sobre el Mar Menor;Peticionarios;Bruselas;19/02/20
197719;Cristina MAESTRE;S&D;Spain;['PETI'];Member;;Peticiones;Comisiones Obreras;Bruselas;18/02/20
197719;Cristina MAESTRE;S&D;Spain;['REGI'];Member;;Fondo Social Europeo y Fondos FEDER;CERMI CASTILLA-LA MANCHA;Toledo;17/02/20
197719;Cristina MAESTRE;S&D;Spain;['ENVI'];Member;;Pacto Verde;Vicepresidente de la Comisión Europea;Estrasburgo;11/02/20
197719;Cristina MAESTRE;S&D;Spain;['REGI'];Member;;Política regional;Junta de Andalucía;Bruselas;05/02/20
197719;Cristina MAESTRE;S&D;Spain;['ENVI'];Member;;Desayuno de trabajo;Círculo Energético Español en Bruselas;Bruselas;30/01/20
190713;Lukas MANDL;EPP;Austria;['DEVE'];Member;;Development cooperation and energy supply;TotalEnergies SE;Strasbourg;08/10/24
190713;Lukas MANDL;EPP;Austria;[];Member;;Fight against antisemitism;Simon Wiesenthal Center;Strasbourg;07/10/24
190713;Lukas MANDL;EPP;Austria;['D-CN'];Member;;EU-China relations;Chinese Embassy to Austria;Vienna;04/10/24
190713;Lukas MANDL;EPP;Austria;[];Member;;Competitiveness;Bundesverband der Zigarrenindustrie e.V.;Brussels;25/09/24
190713;Lukas MANDL;EPP;Austria;['D-CN'];Member;;EU-China relations;Chinese Mission to the EU;Brussels;25/09/24
190713;Lukas MANDL;EPP;Austria;['DEVE'];Member;;Humanitarian assistance and development cooperation;Norwegian Refugee Council Europe, OXFAM INTERNATIONAL EU ADVOCACY OFFICE, VOICE;Brussels;24/09/24
190713;Lukas MANDL;EPP;Austria;['DEVE'];Member;;Development cooperation;CIDSE - International Alliance of Catholic social justice organisations;Brussels;24/09/24
190713;Lukas MANDL;EPP;Austria;['DEVE'];Member;;Food security and development cooperation;UN World Food Programme;Rome;22/09/24
190713;Lukas MANDL;EPP;Austria;['DEVE'];Member;;Development cooperation and food security;Food and Agriculture Organization of the United Nations;Strasbourg;17/09/24
190713;Lukas MANDL;EPP;Austria;['LIBE'];Member;;Rule of Law, competitiveness, regulation and bureaucracy;EuroCommerce, Wirtschaftskammer Österreich;Strasbourg;17/09/24
190713;Lukas MANDL;EPP;Austria;['AFET'];Shadow rapporteur;;Recent developments in the Republic of Kosovo;Embassy of the Republic of Kosovo in Brussels;Brussels;07/10/20
190713;Lukas MANDL;EPP;Austria;['LIBE'];Rapporteur;;Mandate of the EU Fundamental Rights Agency;EU Fundamental Rights Agency (FRA);Brussels;29/09/20
190713;Lukas MANDL;EPP;Austria;['AFET'];Shadow rapporteur;;Recent developments in the Republic of Kosovo, visa liberalisation, Kosovo-Serbia dialogue;Embassy of the Republic of Kosovo in Vienna;Vienna;18/09/20
190713;Lukas MANDL;EPP;Austria;['AFET'];Shadow rapporteur;;Exchange of views on recent developments in the Republic of Kosovo;Embassy of the Republic of Kosovo in Brussels;Quartier Leopold Brussels;08/07/20
256824;Yannis MANIATIS;S&D;Greece;[];Member;;Introductory Meeting;ELECTRICITE DE FRANCE;European Parliament, Strasbourg;08/10/24
256824;Yannis MANIATIS;S&D;Greece;[];Member;;Introductory Meeting;International Federation of the Phonographic Industry-Hellenic National Group;European Parliament, Strasbourg;08/10/24
256824;Yannis MANIATIS;S&D;Greece;[];Member;;Introductory meeting;Ομοσπονδία Φορτηγών Αυτοκινητιστών Ελλάδας Οδικών Εμπορευματικών και Επιβατικών Μεταφορών (Ο.Φ.Α.Ε.);European Parliament, Brussels;02/10/24
256824;Yannis MANIATIS;S&D;Greece;[];Member;;Introductory Meeting;CEMBUREAU - The European Cement Association;European Parliament, Brussels;02/10/24
256824;Yannis MANIATIS;S&D;Greece;[];Member;;The future of Solar Power;EPIA SolarPower Europe;Restaurant Stirwen;01/10/24
256824;Yannis MANIATIS;S&D;Greece;[];Member;;Introductory Meeting;ECOCITY;European Parliament, Brussels;25/09/24
256824;Yannis MANIATIS;S&D;Greece;[];Member;;Introductory Meeting;Novo Nordisk A/S;European Parliament, Brussels;24/09/24
256824;Yannis MANIATIS;S&D;Greece;[];Member;;Introductory Meeting;EPIA SolarPower Europe;European Parliament, Strasbourg;18/09/24
256824;Yannis MANIATIS;S&D;Greece;[];Member;;Introductory Meeting;Edison Spa, Elpedison;European Parliament, Strasbourg;17/09/24
256824;Yannis MANIATIS;S&D;Greece;[];Member;;Introductory Meeting;Solar Heat Europe/ESTIF;European Parliament, Brussels;12/09/24
257727;Pierfrancesco MARAN;S&D;Italy;['IMCO'];Member;;Priorities new legislature;eu travel tech;European Parliament;18/09/24
257727;Pierfrancesco MARAN;S&D;Italy;[];Member;;Priorities new legislature;Confederazione Generale dell'Industria Italiana;European Parliament;17/09/24
257727;Pierfrancesco MARAN;S&D;Italy;[];Member;;Priorities new legislature;FEDERDISTRIBUZIONE;European Parliament;17/09/24
257727;Pierfrancesco MARAN;S&D;Italy;[];Member;;Priorities new legislature;viagogo GmbH;European Parliament;17/09/24
257727;Pierfrancesco MARAN;S&D;Italy;[];Member;;EU Housing Policy;Fédération Européenne d'Associations Nationales Travaillant avec les Sans-Abri;Brussels;13/09/24
257727;Pierfrancesco MARAN;S&D;Italy;[];Member;;New legislature;Ryanair Holdings;Brussels;05/09/24
257727;Pierfrancesco MARAN;S&D;Italy;[];Member;;Frejus Rail Tunnel;CONFCOMMERCIO - IMPRESE PER L'ITALIA;Brussels;04/09/24
257727;Pierfrancesco MARAN;S&D;Italy;[];Member;;New legislature;Terna spa;Strasbourg;18/07/24
257727;Pierfrancesco MARAN;S&D;Italy;[];Member;;New legislature;Assicurazioni Generali S.p.A;Strasbourg;17/07/24
197623;Thierry MARIANI;PfE;France;['INTA'];Member;;Relations commerciales entre l'UE et l'Indonésie : quels sont les enjeux?;Réprésentation de l'Indonésie auprès de l'UE;Strasbourg;09/10/24
197623;Thierry MARIANI;PfE;France;[];Member;;Echanges de vues sur la politique sociale et migratoire;EUPV European Union Visitors Programme - Sénatrice de Jamaïque;Strasbourg;09/10/24
197623;Thierry MARIANI;PfE;France;[];Member;;Perspectives des relations entre l'UE et la Tunisie;Représentant du Consulat de Tunisie à Strasbourg;Strasbourg;09/10/24
197623;Thierry MARIANI;PfE;France;[];Member;;Les relations entre l UE et les Emirats Arabes Unis;Représentation des Emirats Arabes Unis auprès de l'UE;Bruxelles;03/10/24
197623;Thierry MARIANI;PfE;France;['INTA'];Member;;Les conséquences de la guerre en Ukraine et de la décarbonation pour l industrie sucrière;CEFS association européenne des fabricants de sucre, Syndicat français des producteurs de sucre (SNFS);Bruxelles;02/10/24
197623;Thierry MARIANI;PfE;France;['INTA'];Member;;Les enjeux et l avenir du secteur de la fourrure;Représentant de la Fédération française des métiers de la fourrure;Bruxelles;02/10/24
197623;Thierry MARIANI;PfE;France;['INTA'];Member;;Les relations UE-Maroc;Représentation du Maroc auprès de l'UE;Bruxelles;26/09/24
197623;Thierry MARIANI;PfE;France;[];Member;;La sensibilisation à la législation européenne;European Cigar Manufacturers Association, Fédération des Fabricants de Cigares (FFC);Bruxelles;25/09/24
197623;Thierry MARIANI;PfE;France;['DEVE'];Member;;L’avenir de Cayenne dans le cadre des financements européens : Défis environnementaux, Sécurité, immigration;Mairie de Cayenne;Bruxelles;24/09/24
197623;Thierry MARIANI;PfE;France;['INTA'];Member;;Les relations économiques et commerciales entre l'UE et l'Egypte;Représentation de l'Egypte auprès de l'UE;Bruxelles;24/09/24
197462;Erik MARQUARDT;Greens / EFA;Germany;[];Member;;General exchange on competitiveness, transformation, new commission;Verband der Automobilindustrie;Brussels;02/10/24
197462;Erik MARQUARDT;Greens / EFA;Germany;[];Member;;Introductory meeting;European Organisation for Grassroots Sport;Brussels;30/09/24
197462;Erik MARQUARDT;Greens / EFA;Germany;[];Member;;Introductory meeting;Medienverband der freien Presse e.V.;Brussels;30/09/24
197462;Erik MARQUARDT;Greens / EFA;Germany;[];Member;;Refugium Stipendium für Journalist*innen;Reporters sans frontières, taz panter Stiftung;Brussels;25/09/24
197462;Erik MARQUARDT;Greens / EFA;Germany;[];Member;;Tibetan Empowerment Days;International Campaign for Tibet;Brussels;24/09/24
197462;Erik MARQUARDT;Greens / EFA;Germany;[];Member;;Exchange on Global Gateway;Counter Balance;Brussels;18/09/24
197462;Erik MARQUARDT;Greens / EFA;Germany;[];Member;;Introductory meeting;European Magazine Media Association, European Newspaper Publishers' Association, News Media Europe;Brussels;17/09/24
197462;Erik MARQUARDT;Greens / EFA;Germany;[];Member;;Introductory meeting;European Federation of Journalists;Brussels;17/09/24
197462;Erik MARQUARDT;Greens / EFA;Germany;[];Member;;General exchange on Statelessness in Europe;European Network on Statelessness;Brussels;13/09/24
197462;Erik MARQUARDT;Greens / EFA;Germany;[];Member;;Introductory meeting;DSW (Deutsche Stiftung Weltbevoelkerung);Brussels;04/09/24
197462;Erik MARQUARDT;Greens / EFA;Germany;[];Member;;Europäische Migrationspolitik;Balkanbrücke;Digital;15/12/20
197462;Erik MARQUARDT;Greens / EFA;Germany;[];Member;;Greece Paper;Human Rights Watch 56362448807-46;Digital;14/12/20
197462;Erik MARQUARDT;Greens / EFA;Germany;[];Member;;Aktuelle Zustände und die Lage für die Geflüchteten auf Lesbos;HIAS 120004038547-60;Mytilini;28/09/20
197462;Erik MARQUARDT;Greens / EFA;Germany;[];Member;;Migrationspolitik;Seebrücke;Telefon;01/09/20
197462;Erik MARQUARDT;Greens / EFA;Germany;[];Member;;EFSD;Eurodad 09136982496-09, Bruno Bonizzi, Ourania Dimakou, Counter Balance 02902955023-04, ACT Alliance EU  5189768701-12, ITUC 51806831589-68, Oxfam EU  46856801604-90;Digital;10/07/20
197462;Erik MARQUARDT;Greens / EFA;Germany;[];Member;;Migrationspolitik;Schellenberg | European Lawyers in Lesvos;Digital;08/07/20
197462;Erik MARQUARDT;Greens / EFA;Germany;[];Member;;EU-Africa-Strategy;Dr. Shannon Pfohman | Caritas Europa 6082564924-85;Digital;10/06/20
197462;Erik MARQUARDT;Greens / EFA;Germany;[];Member;;Migrationspolitik;Sea-Eye;Digital;08/06/20
197462;Erik MARQUARDT;Greens / EFA;Germany;[];Member;;Europäische Migrationspolitik;Europe Must Act;Telefon;29/05/20
197462;Erik MARQUARDT;Greens / EFA;Germany;[];Member;;Asylum paper;ECRE (Petra Baeyens) 43750202163-43, Amnesty (Anneliese Baldaccini) 11063928073-34, Save the Children (Karen Mets) 697362735627-20, EKD (Katrin Hatzinger) 61973396926-78, CCME (Torsten Moritz) 01765274994-03;Digital;20/05/20
197462;Erik MARQUARDT;Greens / EFA;Germany;[];Member;;Europäische Migrationspolitik;Viva con Agua;Lesbos;02/05/20
197462;Erik MARQUARDT;Greens / EFA;Germany;[];Member;;Press and Media Freedom;Jane Whyatt | Press and Communication Officer | European Centre for Press and Media Freedom 823710129179-63;Telephone;31/03/20
197462;Erik MARQUARDT;Greens / EFA;Germany;['LIBE'];Member;;Asyl and LIBE;Bernward Ostrop, Deutscher Caritasverband e. V. 04903991238-83;Berlin;14/02/20
197462;Erik MARQUARDT;Greens / EFA;Germany;[];Member;;Europäische Migrationspolitik;Respekt für Griechenland e.V.;Berlin;14/02/20
197462;Erik MARQUARDT;Greens / EFA;Germany;[];Member;;Europäische Migrationspolitik;Border Violence Monitoring Network, Danish Refugee Council 138599722179-35;Bihac;08/02/20
197462;Erik MARQUARDT;Greens / EFA;Germany;[];Member;;Europäische Migrationspolitik;Centre for Peace Studies, Croatian Law Centre, Are You Syrious;Zagreb;07/02/20
197462;Erik MARQUARDT;Greens / EFA;Germany;[];Member;;Europäische Migrationspolitik;Hotel Porin Reception Centre for Asylum Seekers;Zagreb;07/02/20
197462;Erik MARQUARDT;Greens / EFA;Germany;[];Member;;Europäische Migrationspolitik;CROSOL;Zagreb;07/02/20
197462;Erik MARQUARDT;Greens / EFA;Germany;['LIBE'];Member;;Bosnia;Danish Refugee Council Brussels 138599722179-35;European Parliament;22/01/20
257063;Catarina MARTINS;GUE/NGL;Portugal;['SANT'];Member;;Sexual and reproductive health;End Female Genital Mutilation - European Network, International Planned Parenthood Federation European Network;European Parliament;03/10/24
257063;Catarina MARTINS;GUE/NGL;Portugal;['EMPL'];Member;;Independent living for disabled people;EUROPEAN NETWORK ON INDEPENDENT LIVING BRUSSELS;European Parliament;03/10/24
257063;Catarina MARTINS;GUE/NGL;Portugal;['SANT'];Member;;Diabetes;International Diabetes Federation European Region;European Parliament;03/10/24
257063;Catarina MARTINS;GUE/NGL;Portugal;[];Member;;Civil Society for EU;Social Platform / Civil Society Europe;European parliament;03/10/24
257063;Catarina MARTINS;GUE/NGL;Portugal;['ENVI'];Member;;Sustainability;CIP - Confederação Empresarial de Portugal;European Parliament;25/09/24
257063;Catarina MARTINS;GUE/NGL;Portugal;['ENVI'];Member;;EU Seas;Sciaena - Ocean # Conservation # Awareness;European Parliament;25/09/24
257016;Vicent MARZÀ IBÁÑEZ;Greens / EFA;Spain;[];Member;;Human Rights Situation in Egypt;Cairo Institute for Human Rights Studies;Brussels;11/10/24
257016;Vicent MARZÀ IBÁÑEZ;Greens / EFA;Spain;[];Member;;CJEU ruling on EU-Morocco Trade Agreements;Polisario Front;Strasbourg;09/10/24
257016;Vicent MARZÀ IBÁÑEZ;Greens / EFA;Spain;[];Member;;Introduction meeting;RENFE;Brussels;01/10/24
257016;Vicent MARZÀ IBÁÑEZ;Greens / EFA;Spain;[];Member;;Introduction meeting;Civil Society Europe;Brussels;26/09/24
257016;Vicent MARZÀ IBÁÑEZ;Greens / EFA;Spain;[];Member;;Trade policies in Europe;European Trade Justice Coalition (formerly S2B Network);Brussels;26/09/24
257016;Vicent MARZÀ IBÁÑEZ;Greens / EFA;Spain;[];Member;;Solidarity with Palestinian population;Xarxa Universitària per Palestina;Brussels;24/09/24
257016;Vicent MARZÀ IBÁÑEZ;Greens / EFA;Spain;[];Member;;Introduction meeting;Airbus;Brussels;24/09/24
257016;Vicent MARZÀ IBÁÑEZ;Greens / EFA;Spain;[];Member;;Introduction, presentation and greeting;Rails Forum Europe;Strasbourg;18/09/24
257016;Vicent MARZÀ IBÁÑEZ;Greens / EFA;Spain;[];Member;;Introduction, presentation and greeting;UNIFE;Strasbourg;18/09/24
257016;Vicent MARZÀ IBÁÑEZ;Greens / EFA;Spain;[];Member;;Retail and distribution sector in Europe;Asociación Española de Distribuidores, Autoservicios y Supermercados, MERCADONA SA, Asociación Nacional Grandes de Empresas de Distribución;Strasbourg;17/09/24
96936;Gabriel MATO;EPP;Spain;[];Member;;PECH priorities with Hungarian Deputy ambassador;Hungarian Permanent Representation;European Parliament Strasbourg;08/10/24
96936;Gabriel MATO;EPP;Spain;[];Member;;Meeting with Vente Venezuela's french representative;Vente Francia;European Parliament Strasbourg;08/10/24
96936;Gabriel MATO;EPP;Spain;[];Member;;Meeting with OEI;Organización de Estados Iberoamericanos (OEI) para la Educación, Ciencia y Cultura Organización de Estados Iberoamericanos;European Parliament Brussels;01/10/24
96936;Gabriel MATO;EPP;Spain;['INTA'];Member;;Meeting with ASEDAS;ASEDAS;European Parliament Brussels;24/09/24
96936;Gabriel MATO;EPP;Spain;[];Member;;Meeting with representatives from Venezuela;Representatives from Venezuela;European Parliament Strasbourg;19/09/24
96936;Gabriel MATO;EPP;Spain;[];Member;;Meeting with Representatives from El Salvador;Representatives from El Salvador;European Parliament Strasbourg;18/09/24
96936;Gabriel MATO;EPP;Spain;[];Member;;Meeting with ArcelorMittal;ArcelorMittal;European Parliament Strassbourg;17/09/24
96936;Gabriel MATO;EPP;Spain;[];Member;;Meeting with cuban representatives and UPLA;UPLA, Representantes de Cuba;European Parliament Brussels;11/09/24
96936;Gabriel MATO;EPP;Spain;['AFET'];Member;;Meeting with El Salvador Embassador;El Salvador Embassy;European Parliament Brussels;09/09/24
96936;Gabriel MATO;EPP;Spain;['PECH'];Member;;Fisheries in Asturias, Spain;Susana Solís, the PP president of Asturias and Representatives of cofradías;European Parliament Brussels;03/09/24
208722;Sara MATTHIEU;Greens / EFA;Belgium;['EMPL'];Member;;Crisis in automotive sector;Transport and Environment (European Federation for Transport and Environment);Virtual meeting;04/10/24
208722;Sara MATTHIEU;Greens / EFA;Belgium;[];Member;;Meeting with Tibet activists from Belgium;International Campaign for Tibet;Brussels;26/09/24
208722;Sara MATTHIEU;Greens / EFA;Belgium;['EMPL'];Member;;Social Taxonomy;Weber Shandwick;coffee bar Brussels;09/09/24
208722;Sara MATTHIEU;Greens / EFA;Belgium;['EMPL'];Member;;Social Climate Fund;REScoop.eu vzw;European Parliament;21/08/24
208722;Sara MATTHIEU;Greens / EFA;Belgium;[];Member;;Just Transition;Ceemet;European Parliament Strasbourg;16/07/24
208722;Sara MATTHIEU;Greens / EFA;Belgium;['INTA'];Member;;International Trade;11.11.11;Online meeting;27/12/20
257300;Michael MCNAMARA;RE;Ireland;[];Member;;Georgia - EU relations;Mission of Georgia to the EU;European Parliament;12/09/24
257300;Michael MCNAMARA;RE;Ireland;[];Member;;Introductory meeting;Ibec;European Parliament;12/09/24
204418;Nora MEBAREK;S&D;France;[];Member;;Prise de contact;Réseau Action Climat France;Bruxelles;01/10/24
204418;Nora MEBAREK;S&D;France;[];Member;;Prise de contact;SUEZ Group;Bruxelles;01/10/24
204418;Nora MEBAREK;S&D;France;[];Member;;Prise de contact;Union des Transports Publics et ferroviaires;Bruxelles;16/09/24
204418;Nora MEBAREK;S&D;France;[];Member;;Prise de contact;Confédération des Petites et Moyennes Entreprises;Bruxelles;11/09/24
204418;Nora MEBAREK;S&D;France;[];Member;;prise de contact;Union des entreprises de proximité;Bruxelles;11/09/24
204418;Nora MEBAREK;S&D;France;[];Member;;actualité concernant les services postaux;La Poste;Bruxelles;01/07/20
256980;Alexandra MEHNERT;EPP;Germany;['TRAN'];Member;;Aspekte der Kreislaufwirtschaft und Wettbewerbsfähigkeit;GRS Batterien Service GmbH;Brüssel;01/10/24
256980;Alexandra MEHNERT;EPP;Germany;['TRAN'];Member;;Schwerpunkte der europäischen Verkehrs- und Bahnpolitik;Deutsche Bahn AG;Brüssel;01/10/24
256943;Eleonora MELETI;EPP;Greece;[];Member;;Audiovisual and media policies;EBU-UER (European Broadcasting Union);Strasbourg;17/07/24
257053;Ana Catarina MENDES;S&D;Portugal;[];Member;;Presentation of main challenges for Audio/Music Sector in the EU;Audiogest - Associação para a Gestão e Distribuição de Direitos;European Parliament;08/10/24
257053;Ana Catarina MENDES;S&D;Portugal;[];Member;;Presentation of Priorities for the new term on Youth;Erasmus Student Network;European Parliament;01/10/24
257053;Ana Catarina MENDES;S&D;Portugal;['LIBE'];Member;;Presentation of Priorities for the new term;Civil Society Europe;European Parliament;25/09/24
257053;Ana Catarina MENDES;S&D;Portugal;[];Member;;Presentation of Priorities for the new term;EUPPORTUNITY (QB, Lda.);European Parliament;24/09/24
257053;Ana Catarina MENDES;S&D;Portugal;['CULT'];Member;;Presentation of Priorities for the new term;Association of Commercial Television and Video on Demand Services in Europe;European Parliament;23/09/24
257053;Ana Catarina MENDES;S&D;Portugal;[];Member;;Presentation of Activities of CIP;CIP - Confederação Empresarial de Portugal;European Parliament;12/09/24
256994;Idoia MENDIA;S&D;Spain;[];Member;;Meeting with Organización de Consumidores y Usuarios;Organización de Consumidores y Usuarios;C. de Ferraz, 70, Moncloa - Aravaca, 28008 Madrid, Spain;07/10/24
256994;Idoia MENDIA;S&D;Spain;[];Member;;Meeting with Eurocadres;EUROCADRES - THE COUNCIL OF EUROPEAN PROFESSIONAL AND MANAGERIAL STAFF;9 Boulevard Baudoin;26/09/24
256994;Idoia MENDIA;S&D;Spain;[];Member;;Meeting with Grupo Social ONCE;Grupo Social ONCE;European Parliament - Brussels;25/09/24
256994;Idoia MENDIA;S&D;Spain;[];Member;;Meeting with EU ALS Coalition;European ALS Coalition;European Parliament - Brussels;25/09/24
256994;Idoia MENDIA;S&D;Spain;[];Member;;Meeting with Eurocarers;Eurocarers;European Parliament - Brussels;24/09/24
256994;Idoia MENDIA;S&D;Spain;[];Member;;Meeting with Egiaren Eginez;Egiaren Eginez;European Parliament - Brussels;23/09/24
256994;Idoia MENDIA;S&D;Spain;[];Member;;Meeting with Asociación Nacional de Grandes Empresas de Distribución;ASOCIACIÓN NACIONAL DE GRANDES EMPRESAS DE DISTRIBUCIÓN, EuroCommerce;European Parliament - Strasbourg;18/09/24
256994;Idoia MENDIA;S&D;Spain;[];Member;;Meeting with Arcelormittal;ArcelorMittal;European Parliament - Strasbourg;17/09/24
256994;Idoia MENDIA;S&D;Spain;[];Member;;Meeting with BEUC;Bureau Européen des Unions de Consommateurs;European Parliament - Brussels;12/09/24
256994;Idoia MENDIA;S&D;Spain;[];Member;;Meeting with European Food Forum;European Food Forum;European Parliament - Brussels;10/09/24
256974;Verena MERTENS;EPP;Germany;[];Member;;Introductory Meeting;EDEKA ZENTRALE Stiftung & Co. KG;Strasbourg;18/09/24
256974;Verena MERTENS;EPP;Germany;[];Member;;Introductory Meeting;Konrad-Adenauer-Stiftung;Strasbourg;16/07/24
236053;Marina MESURE;GUE/NGL;France;['ITRE'];Member;;Politique énergétique européenne et impact sur l'industrie;Glass for Europe;Parlement européen, Strasbourg;18/09/24
236053;Marina MESURE;GUE/NGL;France;['ITRE'];Member;;Politique énergétique européenne - efficacité énergétique des bâtiments;The Coalition for Energy Savings;Parlement européen, Bruxelles;11/09/24
28400;Francisco José MILLÁN MON;EPP;Spain;['AFET'];Member;;EU-Türkiye relations;Ambassador of Türkiye to the EU;Strasbourg;19/09/24
28400;Francisco José MILLÁN MON;EPP;Spain;['AFET'];Member;;Bilateral relations between the EU - El Salvador as well as regional issues.;Ambassador of El Salvador to the EU;Bruselas;11/09/24
28400;Francisco José MILLÁN MON;EPP;Spain;['PECH'];Member;;Fisheries policy;MEP Susana Solís, the PP president of Asturias and Representatives of cofradías;Brussels;03/09/24
28400;Francisco José MILLÁN MON;EPP;Spain;[];Member;;European Cultural Policy: European Cultural Routes, Ways of Saint James, Education;Culture Action Europe, Europa Nostra, European Cultural Foundation;Strasbourg;17/07/24
28400;Francisco José MILLÁN MON;EPP;Spain;['PECH'];Shadow rapporteur;;Fisheries Control;Environmental Justice Foundation, OCEANA, WWF;Virtual meeting (meeting with APA);04/11/20
257259;Nikola MINCHEV;RE;Bulgaria;['IMCO'];Member;;Meeting;viagogo GmbH;EP Strasbourg;18/09/24
257259;Nikola MINCHEV;RE;Bulgaria;['CULT'];Member;;Meeting;Association of Commercial Television and Video on Demand Services in Europe;EP Strasbourg;17/09/24
257259;Nikola MINCHEV;RE;Bulgaria;['CULT'];Member;;Congratulations and best wishes for your new mandate;Sports Rights Owners' Coalition;MEP office Brussels;03/09/24
257259;Nikola MINCHEV;RE;Bulgaria;['IMCO'];Member;;Meeting;Transparency International Liaison Office to the European Union;MEP office Strasbourg;18/07/24
24942;Ana MIRANDA PAZ;Greens / EFA;Spain;[];Member;;FUTURE WORKING;FRENTE POLISARIO DELEGATION, WESTERN SAHARA;STRASBOURG;18/07/24
197711;Dolors MONTSERRAT;EPP;Spain;['ENVI'];Member;;Circular Economy in the textile sector;ALTRI, SGPS, S.A.;European Parliament;02/10/24
197711;Dolors MONTSERRAT;EPP;Spain;['ENVI'];Member;;Sustainable energy and bio-fuels production and water management for the future of agriculture between EU and LATAM;Association of Latin American Sugar Producers – UNALA;European Parliament;02/10/24
197711;Dolors MONTSERRAT;EPP;Spain;['ENVI'];Rapporteur;;New EU Pharmaceutical Legislation;Teva Pharmaceuticals Europe BV;European Parliament;26/09/24
197711;Dolors MONTSERRAT;EPP;Spain;['ENVI'];Member;;Sustainable aviation sector;International Air Transport Association;European Parliament;19/09/24
197711;Dolors MONTSERRAT;EPP;Spain;['ENVI'];Rapporteur;;New EU Pharmaceutical Legislation;GSK;European Parliament;12/09/24
197711;Dolors MONTSERRAT;EPP;Spain;['ENVI'];Member;;EU Beating Cancer Plan;FEV Federación Española del Vino;On line;27/11/20
197711;Dolors MONTSERRAT;EPP;Spain;['ENVI'];Rapporteur;;New Pharmaceutical Strategy for Europe;ASOCIACIÓN NACIONAL EMPRESARIAL DE LA INDUSTRIA FARMACÉUTICA;On line;03/11/20
257151;Letizia MORATTI;EPP;Italy;[];Member;;Industrial Policy;ANIMA CONFINDUSTRIA MECCANICA VARIA;strasbourg;18/09/24
257151;Letizia MORATTI;EPP;Italy;[];Member;;Environmental Policy;Edison Spa;strasbourg;17/09/24
257151;Letizia MORATTI;EPP;Italy;[];Member;;Environmental Policy;Eni S.p.A.;strasbourg;17/09/24
257151;Letizia MORATTI;EPP;Italy;[];Member;;Environmental Policy;Terna spa;strasbourg;17/09/24
28347;Javier MORENO SÁNCHEZ;S&D;Spain;['INTA'];Member;;Commercial Policy;INDITEX;Bruxelles;26/09/24
28347;Javier MORENO SÁNCHEZ;S&D;Spain;[];Member;;European Ombudsman;Teresa Anjinho;Bruxelles;25/09/24
28347;Javier MORENO SÁNCHEZ;S&D;Spain;[];Member;;European Social Policy;EUROPEAN TRADE UNION CONFEDERATION;Bruxelles;24/09/24
28347;Javier MORENO SÁNCHEZ;S&D;Spain;['INTA'];Member;;European Trade Policy;European Aluminium AISBL;Strasbourg;18/09/24
28347;Javier MORENO SÁNCHEZ;S&D;Spain;['INTA'];Member;;European Trade Policy;World Vapers’ Alliance;Strasbourg;18/09/24
28347;Javier MORENO SÁNCHEZ;S&D;Spain;['INTA'];Member;;European Trade Policy;ArcelorMittal;Strasbourg;18/09/24
28347;Javier MORENO SÁNCHEZ;S&D;Spain;['INTA'];Member;;European Trade Policy;European Tyre & Rubber Manufacturers' Association;Strasbourg;17/09/24
28347;Javier MORENO SÁNCHEZ;S&D;Spain;['INTA'];Member;;European Trade Policy;EuroCommerce;Strasbourg;17/09/24
28347;Javier MORENO SÁNCHEZ;S&D;Spain;[];Member;;Food policy;European Food Forum;Bruxelles;05/09/24
124799;Alessandra MORETTI;S&D;Italy;['D-RS'];Member;;Serbia-EU relations;MISSION OF THE REPUBLIC OF SERBIA TO THE EUROPEAN UNION;EP;09/10/24
124799;Alessandra MORETTI;S&D;Italy;['AFET'];Member;;Situation in war scenarios;MEAN Movimento europeo di Azione non violenta;EP;09/10/24
124799;Alessandra MORETTI;S&D;Italy;['ENVI'];Member;;Legislazione su prodotti cosmetici, sostanze chimiche, l'economia circolare, Direttiva Green Claims;L'Oréal;EP;09/10/24
124799;Alessandra MORETTI;S&D;Italy;['ENVI'];Member;;Ecodesign regulation;Apple Inc.;EP;09/10/24
124799;Alessandra MORETTI;S&D;Italy;['ENVI'];Member;;Food safety;Barilla G. e R. Fratelli SpA;EP;02/10/24
124799;Alessandra MORETTI;S&D;Italy;['ENVI'];Member;;SMEs;SMEunited aisbl;European Parliament;01/10/24
124799;Alessandra MORETTI;S&D;Italy;[];Member;;policy issues new mandate;Terna spa;Strasbourg;18/09/24
124799;Alessandra MORETTI;S&D;Italy;[];Member;;Policy issues for new mandate;International Diabetes Federation European Region;Strasbourg;17/09/24
124799;Alessandra MORETTI;S&D;Italy;['ENVI'];Member;;New term objectives and perspectives;European Cancer Organisation;Strasbourg;17/07/24
124799;Alessandra MORETTI;S&D;Italy;['ENVI'];Member;;New term objectives and perspectives;A2A;Strasbourg;17/07/24
197647;Dan-Ştefan MOTREANU;EPP;Romania;['AGRI'];Member;;The strategic dialogue on the future of agriculture and the future vision on agriculture;Bayer AG;European Parliament Brussels;03/10/24
197647;Dan-Ştefan MOTREANU;EPP;Romania;['AGRI'];Member;;The future of the soft drinks in Romania;The Coca-Cola Company;European Parliament Brussels;02/10/24
257080;Piotr MÜLLER;ECR;Poland;[];Member;;Digital policy during the upcoming parliamentary term;Dentons Global Advisors Europe SA;Brussels;09/10/24
257080;Piotr MÜLLER;ECR;Poland;['IMCO'];Member;;Digital policy during the upcoming parliamentary term;Allegro sp. z o.o.;SCHOOL 06U001;05/09/24
257080;Piotr MÜLLER;ECR;Poland;['IMCO'];Member;;Digital policy during the upcoming parliamentary term;Meta Platforms Ireland Limited and its various subsidiaries;SCHOLL 06U001;24/07/24
257080;Piotr MÜLLER;ECR;Poland;['IMCO'];Member;;Digital policy during the upcoming parliamentary term;Microsoft Corporation;SCHOLL 06U001;24/07/24
257080;Piotr MÜLLER;ECR;Poland;['IMCO'];Member;;Digital policy during the upcoming parliamentary term;Google;SCHOLL 06U001;24/07/24
257103;Ştefan MUŞOIU;S&D;Romania;['INTA'];Member;;Presentation of the asociation activity in the musical field;Asociatia Industriei Muzicale din Romania;European Parliament Strasbourg;08/10/24
257103;Ştefan MUŞOIU;S&D;Romania;[];Member;;Presentation of the company's activity in the field of agriculture;KWS SAAT SE & Co. KGaA;European Parliament Bruxelles;25/09/24
257103;Ştefan MUŞOIU;S&D;Romania;[];Member;;Presentation of the company's activity in the pharmaceutical field.;Novo Nordisk A/S;European Parliament Bruxelles;25/09/24
257103;Ştefan MUŞOIU;S&D;Romania;[];Member;;Presentation of the company's activity in the field of transport.;Flix SE;Virtual meeting;25/09/24
257027;Fernando NAVARRETE ROJAS;EPP;Spain;['ECON'];Member;;EUROFI;Asociación Española de Banca;Budapest;12/09/24
257027;Fernando NAVARRETE ROJAS;EPP;Spain;['ECON'];Member;;EUROFI;American Express Corporation;Budapest;12/09/24
257027;Fernando NAVARRETE ROJAS;EPP;Spain;['ECON'];Member;;EUROFI;The Ceo City Bank;Budapest;11/09/24
88882;Victor NEGRESCU;S&D;Romania;[];Member;;EU policies regarding the film industry;Motion Picture Association EMEA;Strasbourg;09/10/24
88882;Victor NEGRESCU;S&D;Romania;['SANT'];Member;;European medical technology sector and EU policies in the field;MedTech Europe;Strasbourg;08/10/24
88882;Victor NEGRESCU;S&D;Romania;[];Member;;EU policies regarding the music industry;Sony Music Entertainment, Asociația Industriei Muzicale din România, Universal Music;Strasbourg;08/10/24
88882;Victor NEGRESCU;S&D;Romania;['BUDG'];Rapporteur;;EU Budget 2025;Israeli mission to the EU and NATO;Brussels;01/10/24
88882;Victor NEGRESCU;S&D;Romania;[];Member;;EU environmental and industrial policies;Energy Policy Group Association;Brussels;01/10/24
88882;Victor NEGRESCU;S&D;Romania;[];Member;;North Macedonia relations with the EU;Mission of the Republic of North Macedonia to the European Union;Brussels;01/10/24
88882;Victor NEGRESCU;S&D;Romania;[];Member;;EU-Moldova relations;Mission of the Republic of Moldova to the European Union;Brussels;01/10/24
88882;Victor NEGRESCU;S&D;Romania;['BUDG'];Rapporteur;;EU Budget 2025;EPPO;Brussels;30/09/24
88882;Victor NEGRESCU;S&D;Romania;['BUDG'];Rapporteur;;EU Budget 2025;Embassy of Egypt in Brussels, Belgium;Brussels;27/09/24
88882;Victor NEGRESCU;S&D;Romania;['BUDG'];Rapporteur;;EU Budget 2025;Europol;Brussels;26/09/24
88882;Victor NEGRESCU;S&D;Romania;['CULT'];Rapporteur;;Shaping Digital Education Policy;LEGO Foundation;Online;09/11/20
88882;Victor NEGRESCU;S&D;Romania;['CULT'];Rapporteur;;Shaping Digital Education Policy;Solidar EU;Online;06/11/20
88882;Victor NEGRESCU;S&D;Romania;['CULT'];Member;;Education policy and training programme;Christophe Leclercq (Chairman of Fondation EURACTIV Europe's MediaLab);Online;01/10/20
88882;Victor NEGRESCU;S&D;Romania;[];Member;;Cloud and 5G, skilling and employability, broadband connectivity, artificial intelligence, green recovery and data strategy;Microsoft VP - Capser Klynge;Online;30/09/20
233862;Matjaž NEMEC;S&D;Slovenia;[];Member;;Meeting on AI Act;Meta;European parliament;03/10/24
233862;Matjaž NEMEC;S&D;Slovenia;[];Member;;Priorities for the new Parliamentary term;Cancer Patients Europe;European Parliament;01/10/24
233862;Matjaž NEMEC;S&D;Slovenia;['DPAL'];Member;;Situation in the Middle East, in particular Palestine;European Coordination of Committees and Associations for Palestine;European Parliament;24/09/24
233862;Matjaž NEMEC;S&D;Slovenia;[];Member;;Rights of people with disabilities and priorities for the new term;YHD - Društvo za teorijo in kulturo hendikepa;European Parliament;24/09/24
233862;Matjaž NEMEC;S&D;Slovenia;[];Member;;Conflict in the Middle East, EU-Palestine relations;Mission of the State Palestine to the EU;European Parliament;10/09/24
233862;Matjaž NEMEC;S&D;Slovenia;[];Member;;Priorities for the new Parliamentary term;Amnesty International Limited;European Parliament;10/09/24
233862;Matjaž NEMEC;S&D;Slovenia;[];Member;;Priorities of the Hungary Presidency;Ambassador, Permanent Representative of Hungary to the EU;European Parliament;03/09/24
233862;Matjaž NEMEC;S&D;Slovenia;[];Member;;Priorities for the new Parliamentary term;EBU-UER (European Broadcasting Union);European Parliament;17/07/24
233862;Matjaž NEMEC;S&D;Slovenia;[];Member;;EU-Palestine relations and the situation in the Middle East;Palestinian Mission;European Parliament;17/07/24
256847;Danuše NERUDOVÁ;EPP;Czechia;['ENVI'];Shadow rapporteur;;discussion about Green Claims Directive;HOTREC, Hotels, Restaurants & Cafés in Europe;ASP 07F254;01/10/24
256847;Danuše NERUDOVÁ;EPP;Czechia;['ENVI'];Shadow rapporteur;;discussion about Green Claims Directive;AIM - European Brands Association;ASP 07F254;01/10/24
239260;Denis NESCI;ECR;Italy;['ECON'];Member;;TIM per il SUD;Cristiana Ceccagnoli Chief Public Affairs & Security Office European Affairs & Economic Studies;Strasbourg;17/09/24
239260;Denis NESCI;ECR;Italy;['ECON'];Member;;Incontro SISAL Italia  SPA/ European Lotteries;Valerie Peano, Alvise Angelini;Strasbourg;17/09/24
239260;Denis NESCI;ECR;Italy;[];Member;;INVITO Riunione Bruxelles Luglio;Antonio Brandi, Jacopo Coghe;Strasbourg;17/09/24
197464;Hannah NEUMANN;Greens / EFA;Germany;[];Member;;Exchange of views Chances and limits for a feminist EU;Stiftung Wissenschaft und Politik;Brussels;03/10/24
197464;Hannah NEUMANN;Greens / EFA;Germany;[];Member;;Exchange of views;Director Deutsche Gesellschaft für Auswärtige Politik e.V.;online;01/10/24
197464;Hannah NEUMANN;Greens / EFA;Germany;[];Member;;Exchange of Views on EDTIB;DG DEFIS.A.1, EC;Brussels;24/09/24
197464;Hannah NEUMANN;Greens / EFA;Germany;[];Member;;Exchange of views on Democracy Support and Gender Equality;Carnegie Europe;Brussels;19/09/24
197464;Hannah NEUMANN;Greens / EFA;Germany;[];Member;;Exchange of views on Spyware and Human Rights;Center for Democracy and Technology Europe;Brussels;19/09/24
197464;Hannah NEUMANN;Greens / EFA;Germany;[];Member;;European Strategy Annual Meeting 2024;Yalta European Strategy (YES);Kyjiw;13/09/24
197464;Hannah NEUMANN;Greens / EFA;Germany;[];Member;;European Defense Roundtable;Munich Security Conference;Kyjiw;12/09/24
197464;Hannah NEUMANN;Greens / EFA;Germany;[];Member;;Exchange of Views;HRVP Designate, EEAS;Brussels;04/09/24
197464;Hannah NEUMANN;Greens / EFA;Germany;[];Member;;Discussion about Trip to Iraq and Syria;Unitad;Zoom;08/12/20
197464;Hannah NEUMANN;Greens / EFA;Germany;[];Member;;Discussion of Music as a way to help revive Mosul;Act 4 Hope;Mosul;11/11/20
197464;Hannah NEUMANN;Greens / EFA;Germany;[];Member;;Visit of Mosul Old Town;UNESCO;Mosul;04/11/20
197464;Hannah NEUMANN;Greens / EFA;Germany;[];Member;;Meeting Iraqi Human Rights Activists;Iraqi al-Amal;Karrada, Baghdad;30/10/20
197464;Hannah NEUMANN;Greens / EFA;Germany;[];Member;;EU-Saudi Relations;Reception with the Foreign Minister and the Ambassador of Saudi-Arabia;Residence of the Saudi Ambassador;29/09/20
197464;Hannah NEUMANN;Greens / EFA;Germany;[];Member;;EU-Saudi Relations;Working Lunch with the Ambassador of Saudi-Arabia;Restaurant in Brussels;01/09/20
197464;Hannah NEUMANN;Greens / EFA;Germany;['AFET'];Member;;Grüner Wirtschaftsdialog;Airbus Defence and Space, Aleph Alfa, German Naval Yards, Heckler und Koch, Hellsicht, Krauss-Maffei-Wegmann, Lürßen, Rheinmetall, Rolls Royce;Berlin;13/08/20
197464;Hannah NEUMANN;Greens / EFA;Germany;[];Member;;Exchange of Views with DARP countries;Embassy of Saudi-Arabia, Embassy of Kuweit, Embassy of Yemen, Embassy of Bahrain, Embassy of Oman, Embassy of the United Arab Emirates;Brussels;09/07/20
197464;Hannah NEUMANN;Greens / EFA;Germany;[];Member;;EU-Kuwait Relations;Ambassador of Kuwait;Video Call;17/06/20
197464;Hannah NEUMANN;Greens / EFA;Germany;['AFET'];Rapporteur;;Exchange of Views;EU Task Force on Women, Peace and Security;Online;10/06/20
197464;Hannah NEUMANN;Greens / EFA;Germany;['AFET'];Member;;Inaugural Meeting of Parliamentary Rapid Response Team (PARRT);Parliamentarians for Global Action;Online;04/06/20
197464;Hannah NEUMANN;Greens / EFA;Germany;[];Member;;Exchange of Views;Director of Greenpeace's European Unit;Zoom;14/05/20
197464;Hannah NEUMANN;Greens / EFA;Germany;[];Member;;EU-UAE Relations;Ambassador of UAE;Video call;14/05/20
197464;Hannah NEUMANN;Greens / EFA;Germany;['AFET'];Rapporteur;;Exchange of views;Head of Unit Gender, Human Rights and Democratic Governance, European Commission;Phone call;12/05/20
197464;Hannah NEUMANN;Greens / EFA;Germany;[];Member;;Exchange of views;Volker Löwe, Senate Department for Culture and Europe Brussels, Director of Berlin’s Liaison Office to the EU;Brussels;04/02/20
197464;Hannah NEUMANN;Greens / EFA;Germany;[];Member;;Exchange of views;Meeting with Ms Rudolf, Deutsches Institut für Menschenrechte;Berlin;31/01/20
197464;Hannah NEUMANN;Greens / EFA;Germany;[];Member;;Exchange of views;Meeting with, Deutsches Institut für Menschenrechte, Barbara Lochbihler;Berlin;31/01/20
197464;Hannah NEUMANN;Greens / EFA;Germany;[];Member;;Exchange of views;EU study tour of journalists from Saudi Arabia, press visit;Brussels;28/01/20
197464;Hannah NEUMANN;Greens / EFA;Germany;[];Member;;Exchange of views;Joachim Holstein, ehem. Sprecher des Wirtschaftsausschusses des Gesamtbetriebsrates DB European Railservice GmbH, Sachverständiger bei den Anhörungen des Bundestagsausschusses für Verkehr und digitale Infrastruktur zu Nachtzügen;Brussels;28/01/20
197464;Hannah NEUMANN;Greens / EFA;Germany;['AFET'];Shadow rapporteur;;Expert round table on gender equality in EU's foreign and security policy;Center for Reproductive Rights, Inc., European Network of Migrant Women, Friends of Europe, Heinrich Böll Stiftung e.V., WO=MEN Dutch Gender Platform, Women in International Security Brussels, Centre for Feminist Foreign Policy, Operation 1325, University of Oxford, University of Sterling, London School of Economics, Permanent Representation of Sweden to the EU;Brussels;27/01/20
197464;Hannah NEUMANN;Greens / EFA;Germany;[];Member;;Exchange of views;Senate Department for Culture and Europe, Berlin’s Liaison Office to the EU - Director, Meeting with Dr. Volker Löwe, Campus der Demokratie;Berlin;24/01/20
197464;Hannah NEUMANN;Greens / EFA;Germany;[];Member;;Exchange of views;Meeting with Jennifer Gaspar, Director for Special Programmes, the CEELI Institute, Prague on the EU visa policy for Human Rights Defenders;Brussels;22/01/20
197464;Hannah NEUMANN;Greens / EFA;Germany;[];Member;;Exchange of views;Meeting with Saudi State Secertary Foreign Affairs Mr al-Jubeir;Brussels;21/01/20
197464;Hannah NEUMANN;Greens / EFA;Germany;[];Member;;Exchange of views;Hans Fruehauf, Abteilungsleiter, GIZ-Länderportfolien Jemen, Palästina, Iran und Irak;Brussels;21/01/20
197464;Hannah NEUMANN;Greens / EFA;Germany;[];Member;;EU-Saudi Relations;State Secretary of the Saudi Foreign Affairs Ministry;EP Protocol Room;21/01/20
197464;Hannah NEUMANN;Greens / EFA;Germany;[];Member;;Exchange of views;Lutz Wollziefer, Referatsleitung MENA (Nahost und Nordafrika), Brot fuer die Welt;Strasbourg;14/01/20
197464;Hannah NEUMANN;Greens / EFA;Germany;[];Member;;First meeting;Heike Gerstbrein, European Commission Service for Foreign Policy Instruments (FPI);Brussels;07/01/20
257039;Elena NEVADO DEL CAMPO;EPP;Spain;[];Member;;Strategic Dialogue for the future of Agriculture;ASAJA Bruselas;European Parliament - Brussels;02/10/24
257039;Elena NEVADO DEL CAMPO;EPP;Spain;['TRAN'];Member;;UNIFE's priorities;UNIFE;European Parliament, Strasbourg;18/09/24
124784;Dan NICA;S&D;Romania;['ITRE'];Member;;Position Paper on Industry;Philip Morris International Inc.;European Parliament;10/09/24
124784;Dan NICA;S&D;Romania;['ITRE'];Member;;Position Paper on Industry;Confederația Patronală CONCORDIA;European Parliament;04/09/24
4289;Angelika NIEBLER;EPP;Germany;[];Member;;EU competition policy;Rolls-Royce;Brussels;30/09/24
4289;Angelika NIEBLER;EPP;Germany;[];Member;;EU aviation policy;Boeing International Corporation - Belgium Branch Office;Brussels;17/09/24
4289;Angelika NIEBLER;EPP;Germany;[];Member;;European competitiveness;ZF Friedrichshafen AG;Brussels;13/09/24
4289;Angelika NIEBLER;EPP;Germany;[];Member;;EU Health Policy;Bundesverband Medizintechnologie e.V.;Telephone;12/09/24
4289;Angelika NIEBLER;EPP;Germany;[];Member;;European competitiveness;Verband der Automobilindustrie;Brussels;12/09/24
4289;Angelika NIEBLER;EPP;Germany;[];Member;;Antisemitism in Europe;AJC Transatlantic Institute;Brussels;12/09/24
4289;Angelika NIEBLER;EPP;Germany;['ITRE'];Shadow rapporteur for opinion;;EU Circular Economy;DPG Deutsche Pfandsystem GmbH, Oettinger Consulting GmbH;Brussels;11/09/24
4289;Angelika NIEBLER;EPP;Germany;[];Member;;EU Energy Policy;BASF SE, ENGIE, EnBW Energie Baden-Württemberg AG;Brussels;10/09/24
4289;Angelika NIEBLER;EPP;Germany;[];Member;;European Competitivness;Diehl Stiftung & Co. KG;Brussels;03/09/24
4289;Angelika NIEBLER;EPP;Germany;[];Member;;Energy policy;BDEW Bundesverband der Energie- und Wasserwirtschaft e. V.;Brussels;28/08/24
4289;Angelika NIEBLER;EPP;Germany;['ITRE'];Shadow rapporteur;;Hydrogen Strategy;Verband der Automobilindustrie - VDA (95574664768-90);Virtual Meeting;03/12/20
4289;Angelika NIEBLER;EPP;Germany;['ITRE'];Shadow rapporteur;;Hydrogen Strategy;Shell (05032108616-26);Virtual Meeting;02/12/20
4289;Angelika NIEBLER;EPP;Germany;['ITRE'];Shadow rapporteur;;Hydrogen Strategy;Environmental Defense Fund - EDF (173460831899-75);Virtual Meeting;24/11/20
4289;Angelika NIEBLER;EPP;Germany;['ITRE'];Shadow rapporteur;;Hydrogen Strategy - Speaker at a virtual conference hosted by Christoph Plett (MdL) and Lena Düpont (MEP);Wasserstoff-Campus Salzgitter;Virtual Meeting;12/11/20
4289;Angelika NIEBLER;EPP;Germany;['ITRE'];Shadow rapporteur;;Hydrogen Strategy;Uniper (285977820662-03);Virtual Meeting;11/11/20
4289;Angelika NIEBLER;EPP;Germany;['ITRE'];Shadow rapporteur;;Hydrogen Strategy;Union Française de l'Électricité - UFE (30146663069-53);Virtual Meeting;11/11/20
4289;Angelika NIEBLER;EPP;Germany;['ITRE'];Shadow rapporteur;;Hydrogen Strategy;Électricité de France - EDF (39966101835-69);Virtual Meeting;29/10/20
4289;Angelika NIEBLER;EPP;Germany;['ITRE'];Shadow rapporteur;;Hydrogen Strategy;Eurogas (17909506129-41);Virtual Meeting;29/10/20
4289;Angelika NIEBLER;EPP;Germany;['ITRE'];Shadow rapporteur;;Hydrogen Strategy;Wacker Chemie AG (036915715533-64);Virtual Meeting;15/10/20
4289;Angelika NIEBLER;EPP;Germany;['ITRE'];Shadow rapporteur;;Hydrogen Strategy;Hydrogen Europe (77659588648-75);Virtual Meeting;15/10/20
4289;Angelika NIEBLER;EPP;Germany;['ITRE'];Shadow rapporteur;;Hydrogen Strategy;BDEW Bundesverband der Energie- und Wasserwirtschaft e.V. (20457441380-38);Virtual Meeting;15/10/20
197802;Ville NIINISTÖ;Greens / EFA;Finland;[];Member;;R&I, Energy, Green transition;Finnish Institute of Natural Resources;Brussels;03/10/24
197802;Ville NIINISTÖ;Greens / EFA;Finland;[];Member;;Energy;Porvoon energia;Brussels;26/09/24
197802;Ville NIINISTÖ;Greens / EFA;Finland;[];Member;;Energy, climate;Confederation of Finnish Industries EK;Brussels;25/09/24
197802;Ville NIINISTÖ;Greens / EFA;Finland;[];Member;;Industry, Green deal;Wärtsilä Corporation;Strasbourg;17/09/24
197802;Ville NIINISTÖ;Greens / EFA;Finland;[];Member;;Energy, CCUS, Green deal;Offshore Norway;Strasbourg;17/09/24
197802;Ville NIINISTÖ;Greens / EFA;Finland;[];Member;;Forests, biodiversity, nature;Metsähallitus;Brussels;11/09/24
197802;Ville NIINISTÖ;Greens / EFA;Finland;[];Member;;Environmental policy;European Environmental Agency;Brussels;10/09/24
197802;Ville NIINISTÖ;Greens / EFA;Finland;['ITRE', 'ENVI'];Member;;Battery regualtion (Staff level);eurobat;online;17/12/20
197802;Ville NIINISTÖ;Greens / EFA;Finland;['ITRE'];Member;;Waste inceneration and CCS (staff level);Fortum;online;16/12/20
197802;Ville NIINISTÖ;Greens / EFA;Finland;['ENVI'];Shadow rapporteur;;EP Own Initiative Report on the Strategy of Biodiversity 2030;Growing Media Europe;online;09/12/20
197802;Ville NIINISTÖ;Greens / EFA;Finland;[];Member;;Energy charter Treaty (staff level);CAN europe;online;09/12/20
197802;Ville NIINISTÖ;Greens / EFA;Finland;['ENVI'];Member;;Biodiversity Strategy report;Birdlife, WWF;online;04/12/20
197802;Ville NIINISTÖ;Greens / EFA;Finland;['ENVI', 'ITRE'];Member;;Shipping emissions reductions (ETS, REfuel Maritime, AFID) staff level;Transport & Environment;online;27/11/20
197802;Ville NIINISTÖ;Greens / EFA;Finland;[];Member;;TEN-E (staff level);E3G, Global witness;online;24/11/20
197802;Ville NIINISTÖ;Greens / EFA;Finland;['ITRE'];Member;;Renewables, wholesale electricity prices and hydrogen;Challoch energy, PWR UK;online;20/11/20
197802;Ville NIINISTÖ;Greens / EFA;Finland;['ITRE'];Member;;Offshore wind power;WPD, Hyötytuuli, OX2;online;20/11/20
197802;Ville NIINISTÖ;Greens / EFA;Finland;['ENVI'];Member;;Forest industries (CBAM);Metsäteollisuus ry;online;19/11/20
197802;Ville NIINISTÖ;Greens / EFA;Finland;['ENVI'];Member;;Vaccine technology (staff level);Ziccum;online;18/11/20
197802;Ville NIINISTÖ;Greens / EFA;Finland;[];Member;;Shipping and ports emission reductions;ESPO;online;28/10/20
197802;Ville NIINISTÖ;Greens / EFA;Finland;['ITRE', 'ENVI'];Shadow rapporteur;;Circular economy;FEAD;online (staff level);21/10/20
197802;Ville NIINISTÖ;Greens / EFA;Finland;[];Member;;Digital construction;Construction Products Europe;online;20/10/20
197802;Ville NIINISTÖ;Greens / EFA;Finland;['ITRE'];Member;;Power-to-X, methanisation, landfil gas;QPower;online;08/10/20
197802;Ville NIINISTÖ;Greens / EFA;Finland;[];Member;;Methane strategy;EDF(environmental defence fund);online;30/09/20
197802;Ville NIINISTÖ;Greens / EFA;Finland;['ENVI', 'ITRE'];Member;;Northvolt and batteries regulation (staff level);Northvolt;online;03/09/20
197802;Ville NIINISTÖ;Greens / EFA;Finland;['ITRE'];Shadow rapporteur;;RRF and NextGEN EU (staff level);CAN Europe;Online;15/07/20
197802;Ville NIINISTÖ;Greens / EFA;Finland;['ITRE'];Shadow rapporteur;;Energy storage (staff level);Euroheat and power;online;18/06/20
197802;Ville NIINISTÖ;Greens / EFA;Finland;['ITRE'];Shadow rapporteur;;R&I catch-up, Horizon Europe (staff level);Institut Jacques Delors / Jacques Delors Institute (IJD / JDI) (726109217329-25);videoconference;12/06/20
197802;Ville NIINISTÖ;Greens / EFA;Finland;['ENVI', 'ITRE'];Member;;Medicine supply in COVID crisis;Oriola corporation, Tamro corporation;Videoconference;05/06/20
197802;Ville NIINISTÖ;Greens / EFA;Finland;['ENVI'];Member;;Biodiversity (staff level follow-up);University of Turku;Videoconference (staff level);04/06/20
197802;Ville NIINISTÖ;Greens / EFA;Finland;['ENVI'];Member;;LCA and SUP (staff level);Huhtamäki Oyj (Huhtamaki) (391796433461-57);Videoconference;02/06/20
197802;Ville NIINISTÖ;Greens / EFA;Finland;['ENVI'];Member;;Biodiversity strategy;Itä-Suomen yliopisto (UEF) (323618130286-15), University of Turku;Videoconference;29/05/20
197802;Ville NIINISTÖ;Greens / EFA;Finland;['ITRE'];Member;;Carbon neutral chemistry (staff level);Chemical Industry Federation of Finland (Kemianteollisuus ry) (CIFF) (07682415745-25);Videoconference;29/05/20
197802;Ville NIINISTÖ;Greens / EFA;Finland;['ITRE'];Member;;Introducing Sustainable Mobility European Platform (staff level);AliénorEU (204793610436-15);videoconference;28/05/20
197802;Ville NIINISTÖ;Greens / EFA;Finland;['ITRE'];Shadow rapporteur;;Horizon Europe (staff level);Itä-Suomen yliopisto (UEF) (323618130286-15);Videoconference;12/05/20
197802;Ville NIINISTÖ;Greens / EFA;Finland;['ECON', 'ITRE'];Member;;Green deal and sustainbale finance regarding the forest sector (staff level);Conféderation Européenne des Propriétaires Forestiers (CEPF) (3647455667-08);videoconference;27/04/20
197802;Ville NIINISTÖ;Greens / EFA;Finland;['ITRE'];Member;;TEN-E, PCI, Sector Integration;E3G (07783117686-61), CAN Europe (55888811123-49), Food & Water Action Europe (42119616334-41);videoconference;14/04/20
197802;Ville NIINISTÖ;Greens / EFA;Finland;['ENVI'];Member;;Biodiversity strategy (staff level);Stichting BirdLife Europe (BirdLife Europe) (1083162721-43);Videoconference;27/03/20
197802;Ville NIINISTÖ;Greens / EFA;Finland;['ITRE'];Member;;Sector integration and decarbonisation (staff level);Gas for Climate (343621535867-16), Navigant (291658228603-85);videoconference;26/03/20
197802;Ville NIINISTÖ;Greens / EFA;Finland;['ITRE'];Member;;Digital and manufacturing (staff meeting);Europa Insights (578630818521-25);Videoconference;18/03/20
197802;Ville NIINISTÖ;Greens / EFA;Finland;['ITRE'];Member;;Roundtable on Green Deal with other Nordic MEPs;Fortum Oyj (Fortum Corporation), 03501997362-71, Statkraft AS (Statkraft), 96327066302-56, Vattenfall, 12955024114-93;Brussels;04/03/20
197802;Ville NIINISTÖ;Greens / EFA;Finland;['ECON'];Member;;Green deal, Basel III/IV;Finanssiala ry - Finance Finland (FA - FFI), 7328496842-09;Brussels;03/03/20
197802;Ville NIINISTÖ;Greens / EFA;Finland;['ITRE'];Member;;Current affairs;Taideyliopisto;Brussels;03/03/20
197802;Ville NIINISTÖ;Greens / EFA;Finland;['ENVI', 'ITRE'];Member;;Green Deal;Outokumpu Oyj (Outokumpu), 085686030231-69;Brussels;02/03/20
197802;Ville NIINISTÖ;Greens / EFA;Finland;['ENVI', 'ITRE'];Member;;European shipping;Suomen varustamot ry;Brussels;20/02/20
197802;Ville NIINISTÖ;Greens / EFA;Finland;['ENVI', 'ITRE'];Member;;Energy transition (staff level);European Energy Exchange AG (EEX), 09579576238-53;Brussels;19/02/20
197802;Ville NIINISTÖ;Greens / EFA;Finland;['ENVI'];Member;;Forestry;Swedish Forest Industries Federation, 355702910008-47;Brussels;19/02/20
197802;Ville NIINISTÖ;Greens / EFA;Finland;['ENVI'];Member;;EU Biodiversity Strategy for 2030;CEE Bankwatch Network (BWN), 93834493808-49;Brussels;19/02/20
197802;Ville NIINISTÖ;Greens / EFA;Finland;['ITRE'];Shadow rapporteur;;Green Deal, energy efficiency;European Alliance to Save Energy (EU-ASE), 37816636575-51;Brussels;19/02/20
197802;Ville NIINISTÖ;Greens / EFA;Finland;['ITRE'];Shadow rapporteur;;industrial policy, climate and the circular economy (staff level);Cobalt Institute;Brussels;19/02/20
197802;Ville NIINISTÖ;Greens / EFA;Finland;['ITRE'];Shadow rapporteur;;Sector coupling, decarbonisation;Euroheat & Power (EHP), 88457577025-19;Brussels;18/02/20
197802;Ville NIINISTÖ;Greens / EFA;Finland;['ENVI'];Member;;Industrial strategy and Horizon Europe (staff level);European Federation of Pharmaceutical Industries and Associations (EFPIA), 38526121292-88;Brussels;18/02/20
197802;Ville NIINISTÖ;Greens / EFA;Finland;['ITRE'];Member;;Green Deal, energy efficiency (staff level);Saint-Gobain Building Glass Benelux, 29198603564-71;Brussels;17/02/20
197802;Ville NIINISTÖ;Greens / EFA;Finland;['ITRE'];Member;;Artificial intelligence (staff level);TietoEVRY;Brussels;17/02/20
197802;Ville NIINISTÖ;Greens / EFA;Finland;['ITRE'];Member;;Environmental policy (staff level);Apple Inc., 588327811384-96;Brussels;17/02/20
197802;Ville NIINISTÖ;Greens / EFA;Finland;['ITRE'];Member;;Artificial intelligence (staff level);RELX, 338398611148-62;Strasbourg;12/02/20
197802;Ville NIINISTÖ;Greens / EFA;Finland;['ITRE'];Member;;Green Deal, Greening gas (staff level);Snam S.p.A. (Snam), 284336314886-25;Strasbourg;12/02/20
197802;Ville NIINISTÖ;Greens / EFA;Finland;['ITRE'];Member;;Decarbonisation and the role of gas (staff level);Gas Infrastructure Europe (GIE), 76130992074-15;Strasbourg;12/02/20
197802;Ville NIINISTÖ;Greens / EFA;Finland;['ITRE'];Member;;Regulatory framework for C02-lean steel;The European Steel Association (EUROFER), 93038071152-83;Strasbourg;12/02/20
197802;Ville NIINISTÖ;Greens / EFA;Finland;['ITRE'];Member;;Green Deal (staff level);Norsk Hydro;Strasbourg;11/02/20
197802;Ville NIINISTÖ;Greens / EFA;Finland;['ITRE'];Member;;Digital Single Market;eBay EU liaison office (eBay), 40386322300-77;Strasbourg;11/02/20
197802;Ville NIINISTÖ;Greens / EFA;Finland;['ITRE'];Shadow rapporteur;;Energy storage;ELECTRICITE DE FRANCE (EDF), 39966101835-69;Strasbourg;11/02/20
197802;Ville NIINISTÖ;Greens / EFA;Finland;['ITRE'];Shadow rapporteur;;E-mobility;The European Association for Electromobility (AVERE), 269727723042-29;Brussels;06/02/20
197802;Ville NIINISTÖ;Greens / EFA;Finland;['ENVI'];Member;;Green Deal, EU’s future circular economy policies;European Recycling Industries' Confederation (EuRIC), 764633015511-42;Brussels;06/02/20
197802;Ville NIINISTÖ;Greens / EFA;Finland;['ITRE'];Member;;Horizon Europe;Itä-Suomen yliopisto (UEF), 323618130286-15;Brussels;05/02/20
197802;Ville NIINISTÖ;Greens / EFA;Finland;['ITRE'];Member;;Railway industry;Bombardier Transportation, 478836130634-43;Brussels;05/02/20
197802;Ville NIINISTÖ;Greens / EFA;Finland;['ITRE'];Member;;Sustainable Europe Investment Plan;Climate Strategy & Partners, 32967558277-95;Brussels;05/02/20
197802;Ville NIINISTÖ;Greens / EFA;Finland;['ENVI'];Member;;Green Deal (staff level);Swedish Society for Nature Conservation (SSNC), 681872220973-70;Brussels;05/02/20
197802;Ville NIINISTÖ;Greens / EFA;Finland;['ITRE'];Member;;Artificial intelligence;University of Helsinki;Brussels;04/02/20
197802;Ville NIINISTÖ;Greens / EFA;Finland;['ITRE'];Member;;Green deal, decarbonising buildings;Association of the European Heating Industry (EHI), 95685068542-71;Brussels;04/02/20
197802;Ville NIINISTÖ;Greens / EFA;Finland;['ITRE'];Member;;Inequalities, Interventions and New Welfare State (INVEST);University of Turku;Brussels;04/02/20
197802;Ville NIINISTÖ;Greens / EFA;Finland;['ITRE'];Member;;Research and technology (staff level);International Association of Scientific, Technical and Medical Publishers (STM), 98356852465-08;Brussels;30/01/20
197802;Ville NIINISTÖ;Greens / EFA;Finland;['ITRE'];Member;;Fuels in transport;Suomen energiaosuuskunta, toimitusjohtaja;Brussels;28/01/20
197802;Ville NIINISTÖ;Greens / EFA;Finland;['ENVI', 'ITRE'];Member;;Future batteries directive (staff level);European Portable Batteries Association 71549072613-57;Brussels;27/01/20
197802;Ville NIINISTÖ;Greens / EFA;Finland;['ITRE'];Member;;Energy supply;Fortum Oyj (Fortum Corporation), 03501997362-71;Brussels;22/01/20
197802;Ville NIINISTÖ;Greens / EFA;Finland;['ITRE'];Shadow rapporteur;;Industrial Policy (staff level);Association of European Automotive and Industrial Battery Manufacturers (EUROBAT), 39573492614-61;Brussels;20/01/20
197802;Ville NIINISTÖ;Greens / EFA;Finland;['ENVI'];Member;;Forestry;Metsäliitto Cooperative (Metsä Group), 962687110415-94;Brussels;14/01/20
256883;Aleksandar NIKOLIC;PfE;France;[];Member;;Réunion sur l'état de la distribution de gaz en France;GRDF;Bruxelles;11/09/24
256883;Aleksandar NIKOLIC;PfE;France;[];Member;;Réunion sur la distribution du GPL en France;Primagaz;Bruxelles;04/09/24
256883;Aleksandar NIKOLIC;PfE;France;[];Member;;Réunion sur l'état de l'Industrie de l'acier en France;Riva Group;Bruxelles;23/07/24
257301;Cynthia NÍ MHURCHÚ;RE;Ireland;['ENVI'];Member;;Hunting Rights;National Association of Regional Game Councils;European Parliament Brussels;24/09/24
257301;Cynthia NÍ MHURCHÚ;RE;Ireland;['ENVI'];Member;;Marine Environmental Welfare;The Irish Wildlife Trust;European Parliament Brussels;24/09/24
257301;Cynthia NÍ MHURCHÚ;RE;Ireland;['IMCO'];Member;;Child Safety Online;TikTok Technology Ltd;European Parliament Strasbourg;18/09/24
257301;Cynthia NÍ MHURCHÚ;RE;Ireland;['TRAN'];Member;;Meeting with Freight Transport Association of Ireland;Freight Transport Association Ireland;Brussels;03/09/24
124836;Maria NOICHL;S&D;Germany;['AGRI'];Shadow rapporteur;;Animal Welfare;FACE European Federation for Hunting and Conservation;Brussels;03/10/24
124836;Maria NOICHL;S&D;Germany;['AGRI'];Member;;ECI on banning fur trade and farming;German Fur and Leather Association;Brussels;03/10/24
124836;Maria NOICHL;S&D;Germany;['FEMM'];Member;;SRHR;European Patients' Forum (EPF);Brussels;02/10/24
124836;Maria NOICHL;S&D;Germany;[];Member;;Women and labour market;Europavertretung der Bundesagentur für Arbeit;Brussels;02/10/24
124836;Maria NOICHL;S&D;Germany;[];Member;;Gender Equality and agriculture;Landesvertretung des Freitstaates Sachsen;Brussels;02/10/24
124836;Maria NOICHL;S&D;Germany;['AGRI'];Shadow rapporteur;;Animal Welfare;Deutscher Tierschutzbund - German Animal Welfare Federation;Brussels;01/10/24
124836;Maria NOICHL;S&D;Germany;['D-UA'];Member;;Peace and Democracy in Ukraine;Ukrainian Social Democratic Platform;Brussels;01/10/24
124836;Maria NOICHL;S&D;Germany;['AGRI'];Shadow rapporteur;;Animal Welfare;The European Institute for Animal Law & Policy;Online;30/09/24
124836;Maria NOICHL;S&D;Germany;['FEMM'];Member;;State of Gender Equality EU;European Women's Lobby;Brussels;25/09/24
124836;Maria NOICHL;S&D;Germany;['FEMM'];Member;;Fertility policies in the EU;Fertility Europe;Online;25/09/24
124836;Maria NOICHL;S&D;Germany;['AGRI'];Shadow rapporteur;;GAP;BBV;Videoconference;15/12/20
124836;Maria NOICHL;S&D;Germany;['AGRI'];Shadow rapporteur;;GAP;Fridays for Future Munich;Videoconference;08/12/20
124836;Maria NOICHL;S&D;Germany;['AGRI'];Shadow rapporteur;;GAP;Deutscher Verband für Landschaftspflege;Videoconference;04/12/20
124836;Maria NOICHL;S&D;Germany;['AGRI'];Shadow rapporteur;;GAP Tierschutz;Eurogroup for Animals;Videoconference;02/12/20
124836;Maria NOICHL;S&D;Germany;['AGRI'];Shadow rapporteur;;GAP;AbL Niedersachsen;Videoconference;23/11/20
124836;Maria NOICHL;S&D;Germany;['AGRI'];Shadow rapporteur;;GAP;BUND Bayern;Videoconference;18/11/20
124836;Maria NOICHL;S&D;Germany;['AGRI'];Shadow rapporteur;;GAP;BUND;Videoconference;11/11/20
124836;Maria NOICHL;S&D;Germany;['AGRI'];Shadow rapporteur;;GAP;AbL Baden-Württemberg;Videoconference;08/11/20
124836;Maria NOICHL;S&D;Germany;['AGRI'];Shadow rapporteur;;GAP;BUND Bayern;via phone;28/10/20
124836;Maria NOICHL;S&D;Germany;['AGRI'];Shadow rapporteur;;GAP;AöL;via phone;27/10/20
124836;Maria NOICHL;S&D;Germany;['AGRI'];Shadow rapporteur;;GAP rote Architektur;EFFAT;Videoconference;26/10/20
124836;Maria NOICHL;S&D;Germany;['AGRI'];Shadow rapporteur;;GAP;Greenpeace Bayern;Videonconference;17/10/20
124836;Maria NOICHL;S&D;Germany;['AGRI'];Shadow rapporteur;;GAP;Plattformverbände;Videoconference;16/10/20
124836;Maria NOICHL;S&D;Germany;['AGRI'];Shadow rapporteur;;GAP;LV Vogelschutz Bayern;via phone;16/10/20
124836;Maria NOICHL;S&D;Germany;['AGRI'];Shadow rapporteur;;GAP;Fridays for Future;Lindenberg;09/10/20
124836;Maria NOICHL;S&D;Germany;['AGRI'];Shadow rapporteur;;GAP;BUND;Videoconference;08/10/20
124836;Maria NOICHL;S&D;Germany;['AGRI'];Shadow rapporteur;;GAP grüne und rote Architektur;DBV;Videoconference;16/09/20
124836;Maria NOICHL;S&D;Germany;['AGRI'];Shadow rapporteur;;Gemeinwohlprämie;Deutscher Verband für Landschaftspflege;Videoconference;14/09/20
124836;Maria NOICHL;S&D;Germany;['AGRI'];Shadow rapporteur;;Biodiversität und GAP;NABU;Videoconference;10/09/20
124836;Maria NOICHL;S&D;Germany;['AGRI'];Shadow rapporteur;;Soziale Aspekte GAP;EFFAT;Videoconference;04/06/20
124836;Maria NOICHL;S&D;Germany;['AGRI'];Shadow rapporteur;;GAP und Umwelt;FACE;Videoconference;03/06/20
124836;Maria NOICHL;S&D;Germany;['AGRI'];Shadow rapporteur;;GAP;FREIE BAUERN Deutschland;Videoconference;28/05/20
124836;Maria NOICHL;S&D;Germany;['AGRI'];Shadow rapporteur;;GAP Gemeinwohlprämie;Deutscher Verband für Landschaftspflege;Videoconference;26/05/20
124836;Maria NOICHL;S&D;Germany;['AGRI'];Shadow rapporteur;;GAP;Deutsches Kompostnetzwerk;Videoconference;05/05/20
124836;Maria NOICHL;S&D;Germany;['AGRI'];Shadow rapporteur;;GAP;Friday's for Future;Videoconference;04/05/20
124836;Maria NOICHL;S&D;Germany;['AGRI'];Shadow rapporteur;;GAP;EWSA;via phone;23/04/20
124836;Maria NOICHL;S&D;Germany;['AGRI'];Shadow rapporteur;;GAP;BUND;via phone;08/04/20
124836;Maria NOICHL;S&D;Germany;['AGRI'];Shadow rapporteur;;GAP;Euronatur/European Economic and Social Committee;Brussels;05/03/20
124836;Maria NOICHL;S&D;Germany;['AGRI'];Shadow rapporteur;;GAP;Arbeitsgemeinschaft ökologische Landwirtschaft;Brussels;04/03/20
124836;Maria NOICHL;S&D;Germany;['AGRI'];Shadow rapporteur;;GAP;Bauernverband;Kronach;01/03/20
124836;Maria NOICHL;S&D;Germany;['AGRI'];Shadow rapporteur;;Wald und GAP;Paper excellence;Brussels;06/02/20
124836;Maria NOICHL;S&D;Germany;['FEMM'];Rapporteur;;European Gender Equality Strategy;European Women's Lobby;Brussels;28/01/20
124836;Maria NOICHL;S&D;Germany;['AGRI'];Shadow rapporteur;;GAP Gespräch Hamburger Agrarwirtschaft inkl. Besichtigungen;Landwirtschaftskammer Hamburg, Bauernverband Hamburg;Hamburg;20/01/20
124836;Maria NOICHL;S&D;Germany;['AGRI'];Shadow rapporteur;;GAP Reform;BundJugend;Berlin;18/01/20
124836;Maria NOICHL;S&D;Germany;['AGRI'];Shadow rapporteur;;GAP Reform und Tierschutz;Deutscher Tierschutzbund;Berlin;17/01/20
124836;Maria NOICHL;S&D;Germany;['AGRI'];Shadow rapporteur;;GAP Reform;BÖLW;Berlin;17/01/20
124836;Maria NOICHL;S&D;Germany;['AGRI'];Shadow rapporteur;;GAP Reform;Neuland;Berlin;17/01/20
124836;Maria NOICHL;S&D;Germany;['AGRI'];Shadow rapporteur;;GAP und Schafhaltung;Vereinigung deutscher Landesschafzuchtverbände;Berlin;17/01/20
124836;Maria NOICHL;S&D;Germany;['AGRI'];Shadow rapporteur;;GAP Reform;Deutscher Waldbesitzerverband;Berlin;16/01/20
124836;Maria NOICHL;S&D;Germany;['AGRI'];Shadow rapporteur;;Climate Change and wood-working industries;Club de Bois;Brussels;08/01/20
107212;Andrey NOVAKOV;EPP;Bulgaria;['TRAN'];Member;;Policy priorities 2024-2029;International Road Transport Union Permanent Delegation to the EU;European Parliament;22/07/24
107212;Andrey NOVAKOV;EPP;Bulgaria;[];Member;;Urban mobility;Enterprise Mobility;European Parliament;04/07/24
107212;Andrey NOVAKOV;EPP;Bulgaria;['REGI'];Rapporteur;;Common Provisions Regulation Revision 2021-2027;Commissioner Elisa Ferreira;Skype;30/03/20
107212;Andrey NOVAKOV;EPP;Bulgaria;['CONT'];Shadow rapporteur;;Europol Discharge 2018;Europol;The Hague;02/03/20
107212;Andrey NOVAKOV;EPP;Bulgaria;['CONT'];Shadow rapporteur;;Frontex Discharge 2018;Frontex;European Parliament;19/02/20
107212;Andrey NOVAKOV;EPP;Bulgaria;['TRAN'];Member;;Air Navigation and Air Traffic Control;skeyes;Belgian Air Traffic Control Centre;18/02/20
107212;Andrey NOVAKOV;EPP;Bulgaria;['CONT'];Shadow rapporteur;;Discharge of EASA 2018;European Aviation Safety Agency;Cologne;17/02/20
107212;Andrey NOVAKOV;EPP;Bulgaria;['CONT'];Shadow rapporteur;;Discharge of ERA 2018;European Railways Agency;Valenciennes;27/01/20
107212;Andrey NOVAKOV;EPP;Bulgaria;['TRAN'];Member;;Operations and Railways Control of the Channel Tunnel;EuroTunnel;Calais, France;09/01/20
257049;Mirosława NYKIEL;EPP;Poland;['ITRE'];Member;;Presentation of work of PGE S.A.;PGE Polska Grupa Energetyczna SA;MEP's office in Brussels;11/09/24
197432;Jan-Christoph OETJEN;RE;Germany;[];Member;;Exchange on macro-financial assistance to Egypt;Amnesty International Limited;Brussels;03/10/24
197432;Jan-Christoph OETJEN;RE;Germany;['DROI'];Member;;General exchange on the work of Front Line Defenders;Front Line Defenders;Brussels;02/10/24
197432;Jan-Christoph OETJEN;RE;Germany;[];Member;;Exchange on skill shortages in the EU;Bundesagentur für Arbeit;Brussels;30/09/24
197432;Jan-Christoph OETJEN;RE;Germany;[];Member;;General exchange on current maritime topics;World Shipping Council;Brussels;24/09/24
197432;Jan-Christoph OETJEN;RE;Germany;[];Member;;Exchange on Tunisia;Danish Refugee Council Brussels;remote;20/09/24
197432;Jan-Christoph OETJEN;RE;Germany;[];Member;;General exchange on current transport topics;CLECAT - European association for forwarding, transport, logistic and Customs services;Brussels;13/09/24
197432;Jan-Christoph OETJEN;RE;Germany;[];Member;;General exchange on current rail-related topics;Community of European Railway and Infrastructure Companies;Brussels;13/09/24
197432;Jan-Christoph OETJEN;RE;Germany;[];Member;;Exchange of ideas on how to increase alternative fuel production;ExxonMobil Petroleum & Chemical;Brussels;13/09/24
197432;Jan-Christoph OETJEN;RE;Germany;[];Member;;Exchange of ideas on how to increase alternative fuel production;Eni S.p.A.;Brussels;13/09/24
197432;Jan-Christoph OETJEN;RE;Germany;[];Member;;Exchange of ideas on how to increase SAF production;SkyNRG B.V.;Brussels;13/09/24
197432;Jan-Christoph OETJEN;RE;Germany;['TRAN'];Shadow rapporteur;;Single European Sky (Recast) / Performance Review Body of Single European Sky;DFS;Online-Meeting;17/12/20
197432;Jan-Christoph OETJEN;RE;Germany;['TRAN'];Shadow rapporteur;;Single European Sky (Recast) / Performance Review Body of Single European Sky;EBBA;Online-Meeting;27/11/20
197432;Jan-Christoph OETJEN;RE;Germany;['TRAN'];Shadow rapporteur;;Single European Sky (Recast) / Performance Review Body of Single European Sky;Move EU;Online-Meeting;25/11/20
197432;Jan-Christoph OETJEN;RE;Germany;['TRAN'];Shadow rapporteur;;Single European Sky (Recast) / Performance Review Body of Single European Sky;Ryanair;Online-Meeting;24/11/20
197432;Jan-Christoph OETJEN;RE;Germany;['TRAN'];Shadow rapporteur;;Air Passenger Rights;Association of Passenger Rights Advocates (APRA);Online Meeting;18/11/20
197432;Jan-Christoph OETJEN;RE;Germany;['TRAN'];Shadow rapporteur;;Single European Sky (Recast) / Performance Review Body of Single European Sky;EASA;Online-Meeting;11/11/20
197432;Jan-Christoph OETJEN;RE;Germany;['TRAN'];Shadow rapporteur;;Air Passenger Rights;Airlines for Europe (A4E);Online Meeting;03/11/20
197432;Jan-Christoph OETJEN;RE;Germany;['TRAN'];Shadow rapporteur;;Single European Sky (Recast) / Performance Review Body of Single European Sky;A4E;Online-Meeting;03/11/20
197432;Jan-Christoph OETJEN;RE;Germany;['TRAN'];Shadow rapporteur;;Single European Sky (Recast) / Performance Review Body of Single European Sky;IATA;Online-Meeting;22/10/20
197432;Jan-Christoph OETJEN;RE;Germany;['TRAN'];Shadow rapporteur;;Single European Sky (Recast) / Performance Review Body of Single European Sky;GE Aviation;Online-Meeting;21/10/20
197432;Jan-Christoph OETJEN;RE;Germany;['TRAN'];Shadow rapporteur;;Single European Sky (Recast) / Performance Review Body of Single European Sky;DFS;Online-Meeting;21/10/20
197432;Jan-Christoph OETJEN;RE;Germany;['TRAN'];Shadow rapporteur;;Single European Sky (Recast) / Performance Review Body of Single European Sky;Sky & Space Intergroup;Meeting Sky & Space Intergroup (Online-Debate);21/10/20
197432;Jan-Christoph OETJEN;RE;Germany;['LIBE'];Shadow rapporteur;;Asylum and Migration Fund (AMF);UNHCR EU Office;Brussels;14/10/20
197432;Jan-Christoph OETJEN;RE;Germany;['TRAN'];Shadow rapporteur;;Single European Sky (Recast) / Performance Review Body of Single European Sky;DJI;Online-Meeting;14/10/20
197432;Jan-Christoph OETJEN;RE;Germany;['TRAN'];Shadow rapporteur;;Single European Sky (Recast) / Performance Review Body of Single European Sky;ACI Europe;Onine-Meeting;13/10/20
197432;Jan-Christoph OETJEN;RE;Germany;['TRAN'];Shadow rapporteur;;Single European Sky (Recast) / Performance Review Body of Single European Sky;Qatar Airways;Lunch (Restaurant);06/10/20
197432;Jan-Christoph OETJEN;RE;Germany;['TRAN'];Shadow rapporteur;;Single European Sky (Recast);SESAR JU, A4E, ACI Europe, European Commission, Eurocontrol, EASA, NATS, Europan Council;Online-Debate / Roundtable;02/10/20
197432;Jan-Christoph OETJEN;RE;Germany;['TRAN'];Shadow rapporteur;;Air Passenger Rights;Deutscher Reiseverband;Online-Meeting;01/10/20
197432;Jan-Christoph OETJEN;RE;Germany;['TRAN'];Shadow rapporteur;;Roundtable on Future iATM;CANSO, LVNL, INDRA, European Commission, European Council, SESAR JU, Airbus, A4E, ACI, ANS Finland;Online Debate / Roundtable;23/09/20
197432;Jan-Christoph OETJEN;RE;Germany;['TRAN'];Shadow rapporteur;;Single European Sky (Recast) / Performance Review Body of Single European Sky;SESAR JU;Online-Meeting;21/09/20
197432;Jan-Christoph OETJEN;RE;Germany;['TRAN'];Shadow rapporteur;;Air Passenger Rights;European for Fair Competition, VNC, Lufthansa Group, Norsk Flygerforbund, SNPL Fance ALP, EurECCA, E4FC;Online Meeting;09/07/20
197432;Jan-Christoph OETJEN;RE;Germany;['LIBE'];Shadow rapporteur;;Asylum and Migration Fund 2021–2027;European Council for Refugees and Exiles;Brussels;17/04/20
197432;Jan-Christoph OETJEN;RE;Germany;['TRAN'];Shadow rapporteur;;Air Passenger Rights;EU Travel Tech;Online-Meeting;16/04/20
197432;Jan-Christoph OETJEN;RE;Germany;['LIBE'];Member;;Migration;Moroccan Ambassador;Strasbourg;12/02/20
197432;Jan-Christoph OETJEN;RE;Germany;['TRAN'];Shadow rapporteur;;Air Passenger Rights;European Travel Retail Confederation;Office Meeting;04/02/20
197432;Jan-Christoph OETJEN;RE;Germany;['TRAN'];Shadow rapporteur;;Air Passenger Rights;ECTAA;Office Meeting;03/02/20
197432;Jan-Christoph OETJEN;RE;Germany;['TRAN'];Shadow rapporteur;;Air Passenger Rights;Airlines for America;Office Meeting;20/01/20
198076;Maria OHISALO;Greens / EFA;Finland;[];Member;;Trade unions;Palvelualojen ammattiliitto PAM;Brussels;02/10/24
198076;Maria OHISALO;Greens / EFA;Finland;[];Member;;Environment;LUKE;Brussels;02/10/24
198076;Maria OHISALO;Greens / EFA;Finland;[];Member;;Ajankohtaiset asiat, tuleva kausi;Kaupan liitto ry - Finnish Commerce Federation;Brussels;01/10/24
198076;Maria OHISALO;Greens / EFA;Finland;[];Member;;Social issues;Eurodiaconia;Brussels;01/10/24
198076;Maria OHISALO;Greens / EFA;Finland;[];Member;;Metsät;Finnish Forest Industries Federation (Metsäteollisuus ry);Brussels;26/09/24
198076;Maria OHISALO;Greens / EFA;Finland;[];Member;;Social and employment issues;Eurofound;Brussels;26/09/24
198076;Maria OHISALO;Greens / EFA;Finland;[];Member;;Forests;FERN;Brussels;26/09/24
198076;Maria OHISALO;Greens / EFA;Finland;[];Member;;Social and employment issues;Social Platform;Brussels;25/09/24
198076;Maria OHISALO;Greens / EFA;Finland;[];Member;;maakunnat;Itä- ja Pohjois-Suomen EU-toimisto;Brussels;24/09/24
198076;Maria OHISALO;Greens / EFA;Finland;[];Member;;Trade Unions;Tehy ry;Brussels;24/09/24
197687;Philippe OLIVIER;PfE;France;['TRAN'];Member;;Enjeux clés des politiques de transport européennes;Europcar Mobility Group;Parlement Européen de Bruxelles;25/09/24
30482;Younous OMARJEE;GUE/NGL;France;[];Member;;Energies renouvelables dans les outremers;Albioma;Paris, bureau de liaison du Parlement européen;27/09/24
30482;Younous OMARJEE;GUE/NGL;France;['REGI'];Member;;Stratégie Atlantique;Welsh Government Representative for Europe;Parlement européen - Strasbourg;17/09/24
30482;Younous OMARJEE;GUE/NGL;France;[];Member;;situation économique dans les outremers;EURODOM;Paris;12/09/24
30482;Younous OMARJEE;GUE/NGL;France;[];Member;;politique des îles et coopération dans l'océan Indien;Ambassadeur de la République de Maurice;Tangla Hotel Brussels;23/07/24
30482;Younous OMARJEE;GUE/NGL;France;['REGI'];Member;;Blue Manifesto for the Oceans;SURFRIDER FOUNDATION EUROPE, Seas at risk, Oceana;Brussels;20/02/20
30482;Younous OMARJEE;GUE/NGL;France;[];Member;;Regional development;CCI France;Brussels;19/02/20
30482;Younous OMARJEE;GUE/NGL;France;['REGI'];Committee chair;;Regional Policy;Association des régions de France (ARF);Brussels;19/02/20
257018;Branislav ONDRUŠ;;Slovakia;[];Member;;Qualified workforce;Jaguar Land Rover Limited;EP member´s bar - Strasbourg;18/09/24
257018;Branislav ONDRUŠ;;Slovakia;[];Member;;Equalization of tobacco and other nicotine products;Philip Morris International Inc.;Vesterbar;11/09/24
2152;Leoluca ORLANDO;Greens / EFA;Italy;['AFET'];Member;;Meeting with Representatives of Heinrich Boll Stiftung;Heinrich Böll Stiftung e.V.;Brusels MEP office;02/10/24
2152;Leoluca ORLANDO;Greens / EFA;Italy;['AFET'];Member;;Meeting with Amnesty international Egypt experts;Amnesty International Limited;Brussels MEP office;26/09/24
2152;Leoluca ORLANDO;Greens / EFA;Italy;['AFET'];Member;;Meeting con Civil Society Europe;Civil Society Europe;Brussels MEP Office;25/09/24
129073;Urmas PAET;RE;Estonia;['AFET'];Member;;EU-Uzbekistan relations;First Deputy Chairperson of the Senate of Uzbekistan;EP Brussels;26/09/24
129073;Urmas PAET;RE;Estonia;['AFET'];Member;;EU-Albania relations;Ambassador of Albania to Brussels;EP Brussels;25/09/24
129073;Urmas PAET;RE;Estonia;['AFET'];Member;;EU-China relations;Chinese minister councellor;Strasbourg EP;17/09/24
129073;Urmas PAET;RE;Estonia;['AFET'];Member;;EU - Turkey relations;Turkish Ambassador;Strasbourg EP;17/09/24
256993;Leire PAJÍN;S&D;Spain;['DEVE'];Member;;Exchange of views on SDG2: End hunger, achieve food security and improved nutrition and promote sustainable agriculture;Action Against Hunger;European Parliament (Brussels);03/10/24
256993;Leire PAJÍN;S&D;Spain;['SANT'];Member;;Exchange of views on Sexual and Reproductive Rights;SEDRA;European Parliament (Brussels);02/10/24
256993;Leire PAJÍN;S&D;Spain;['DEVE'];Member;;Exchange of views on civil society in Cuba;CubaXCuba - Laboratory of Civic Thought;European Parliament (Brussels);27/09/24
256993;Leire PAJÍN;S&D;Spain;['ENVI'];Member;;Exchange of views on environmental legislation;ECOEMBES ENTIDAD ADMINISTRADORA, S.L.U;Online;24/09/24
256993;Leire PAJÍN;S&D;Spain;['SANT'];Member;;Exchange of views on ALS legislation;EU ALS Coalition;European Parliament (Brussels);24/09/24
256993;Leire PAJÍN;S&D;Spain;['DEVE'];Member;;Discuss the social component of EU - Latin America;Ayuda en Acción;European Parliament (Brussels);24/09/24
256993;Leire PAJÍN;S&D;Spain;['SANT'];Member;;Discuss cooperation and Social Inclusion of People with Disabilities;Fundación ONCE;European Parliament (Brussels);22/09/24
256993;Leire PAJÍN;S&D;Spain;['DEVE'];Member;;Presidents meeting;Sustainable Development Solutions Network (SDSN);Online;18/09/24
256993;Leire PAJÍN;S&D;Spain;['DEVE'];Member;;Meeting with Maasai people;Survival International;European Parliament (Strasbourg);17/09/24
256993;Leire PAJÍN;S&D;Spain;['DEVE'];Member;;Discuss EU Development and Cooperation Policy;SOLIDAR;Phone call;16/09/24
257135;Valentina PALMISANO;GUE/NGL;Italy;[];Member;;incontro con rappresentanti ENI;Eni S.p.A.;Brussels - PE;25/09/24
257135;Valentina PALMISANO;GUE/NGL;Italy;[];Member;;incontro con rappresentanti GE;General Electric Company;Brussels - EP;23/09/24
257135;Valentina PALMISANO;GUE/NGL;Italy;[];Member;;HEALTH EDUCATION AND PROMOTION;LUMEN International Foundation;STRASBOURG;17/09/24
257135;Valentina PALMISANO;GUE/NGL;Italy;[];Member;;Incontro con la Federazione delle Banche di Credito Cooperativo della Puglia e Basilicata;FEDERCASSE - Federazione Italiana delle Banche di Credito Cooperativo Casse Rurali e Artigiane;SPAAK 4B1 - European Parliament;10/09/24
244571;Nikos PAPANDREOU;S&D;Greece;[];Member;;Introductory meeting;European Roma Grassroots Organisations Network;Brussels;02/10/24
244571;Nikos PAPANDREOU;S&D;Greece;[];Member;;Introductory meeting;European Cancer Organisation;Brussels;02/10/24
244571;Nikos PAPANDREOU;S&D;Greece;[];Member;;EU India  relations;Republic of India in France;Brussels;02/10/24
244571;Nikos PAPANDREOU;S&D;Greece;['ECON'];Member;;Introductory meeting;Intercontinental Exchange, Inc.;Brussels;01/10/24
244571;Nikos PAPANDREOU;S&D;Greece;['ECON'];Member;;Digital Markets Act;Kelkoo Group Limited;Online;01/10/24
244571;Nikos PAPANDREOU;S&D;Greece;[];Member;;Cancer Patients Europe activities information meeting;Cancer Patients Europe;Brussels;01/10/24
244571;Nikos PAPANDREOU;S&D;Greece;['ECON'];Shadow rapporteur;;Digital euro;European Banking Federation;Brussels;25/09/24
244571;Nikos PAPANDREOU;S&D;Greece;[];Member;;Meeting with ERS;European Respiratory Society;Brussels;24/09/24
244571;Nikos PAPANDREOU;S&D;Greece;['ECON'];Member;;Meeting with EuroCommerce;EuroCommerce;Strasbourg;18/09/24
244571;Nikos PAPANDREOU;S&D;Greece;[];Member;;EU - Turkey relations;Turkish Representation;Strasbourg;18/09/24
256952;Nikos PAPPAS;GUE/NGL;Greece;['CULT'];Member;;european film and audiovisual centers;European Film Agency Directors;european parliament;05/09/24
257040;Nicolás PASCUAL DE LA PARTE;EPP;Spain;[];Member;;Priorities of Acento;Acento Public Affairs;European Parliament - Weiss T10014;09/10/24
257040;Nicolás PASCUAL DE LA PARTE;EPP;Spain;[];Member;;Prisoners Defenders International Network priorities;PRISONERS DEFENDERS INTERNATIONAL NETWORK;European Parliament - ASP09E240;01/10/24
257040;Nicolás PASCUAL DE LA PARTE;EPP;Spain;[];Member;;The Official Spanish Chamber of Commerce in Belgium and Luxembourg priorities;The Official Spanish Chamber of Commerce in Belgium and Luxembourg;European Parliament - ASP09E240;01/10/24
257040;Nicolás PASCUAL DE LA PARTE;EPP;Spain;[];Member;;Apple priorities;Apple Inc.;Virtual meeting;30/09/24
257040;Nicolás PASCUAL DE LA PARTE;EPP;Spain;['SEDE'];Member;;Presentation EU security and defence;Deloitte Advisory, S.L.;Virtual meeting;26/09/24
257040;Nicolás PASCUAL DE LA PARTE;EPP;Spain;[];Member;;Amazon web services priorities;Amazon Europe Core SARL;Brussels;25/09/24
257040;Nicolás PASCUAL DE LA PARTE;EPP;Spain;['SEDE'];Member;;Indra priorities;Indra;Brussels;23/09/24
257040;Nicolás PASCUAL DE LA PARTE;EPP;Spain;[];Member;;Deloitte priorities;Deloitte Advisory, S.L.;European Parliament - Strasbourg;18/09/24
257040;Nicolás PASCUAL DE LA PARTE;EPP;Spain;[];Member;;ISJ Priorities;International Committee In Search of Justice;European Parliament - ASP09E240;11/09/24
36392;Aldo PATRICIELLO;PfE;Italy;[];Member;;first general meeting;The Chemours Company;european parliament;01/10/24
36392;Aldo PATRICIELLO;PfE;Italy;[];Member;;first general meeting;Acumen Public Affairs, Eli Lilly and Company;European Parliament - Strasbourg;18/09/24
36392;Aldo PATRICIELLO;PfE;Italy;[];Member;;first general meeting;FuelsEurope;European Parliament - Strasbourg;18/09/24
36392;Aldo PATRICIELLO;PfE;Italy;[];Member;;first general meeting;The European Lotteries;European Parliament - Strasbourg;17/09/24
257126;Gaetano PEDULLA';GUE/NGL;Italy;[];Member;;Politiche energetiche europee e settori strategici nazionali;ENI;Bruxelles;25/09/24
257126;Gaetano PEDULLA';GUE/NGL;Italy;[];Member;;Innovazione e strategie nel settore assicurativo europeo;Assicurazioni Generali S.p.A;Bruxelles;24/09/24
257126;Gaetano PEDULLA';GUE/NGL;Italy;[];Member;;Unione Bancaria, opportunità e rischi per banche di comunità e banche cooperative;FEDERCASSE - Federazione Italiana delle Banche di Credito Cooperativo Casse Rurali e Artigiane;Strasburgo;17/09/24
257126;Gaetano PEDULLA';GUE/NGL;Italy;[];Member;;Politiche europee sul sistema bancario e finanziario europeo;Banca Intesa Sanpaolo;Bruxelles;12/09/24
257126;Gaetano PEDULLA';GUE/NGL;Italy;[];Member;;Priorità dell'industria italiana alimenti e bevande;Federalimentare;Bruxelles;11/09/24
257126;Gaetano PEDULLA';GUE/NGL;Italy;[];Member;;Principali temi nell’agenda UE di rilevanza per l’acciaio italiano;Federacciai;Bruxelles;10/09/24
257126;Gaetano PEDULLA';GUE/NGL;Italy;[];Member;;Politica industriale europea e principali tematiche di interesse;Assolombarda;Milano, sede Assolombarda;06/09/24
257126;Gaetano PEDULLA';GUE/NGL;Italy;[];Member;;Economia circolare, transizione energetica, settori strategici nazionali;Gruppo A2A;Bruxelles;03/09/24
257126;Gaetano PEDULLA';GUE/NGL;Italy;[];Member;;Dati e trends del settore bancario italiano;Associazione Bancaria Italiana;Bruxelles;23/07/24
256903;Thomas PELLERIN-CARLIN;S&D;France;[];Member;;Heatpump market trends;Danfoss A/S;European Parliament;13/09/24
256903;Thomas PELLERIN-CARLIN;S&D;France;[];Member;;General discussion on communications;Foundation for European Progressive Studies;European Parliament;12/09/24
256903;Thomas PELLERIN-CARLIN;S&D;France;[];Member;;Grid flexibility / Integration of renewables in the grid;smartEn Smart Energy Europe;Place du Luxembourg;10/09/24
256903;Thomas PELLERIN-CARLIN;S&D;France;[];Member;;Renovation of schools;Climate Action Network Europe;Café;09/09/24
256903;Thomas PELLERIN-CARLIN;S&D;France;[];Member;;Grids;EU DSO Entity;European Parliament;06/09/24
256903;Thomas PELLERIN-CARLIN;S&D;France;[];Member;;Renovation of primary schools;Efficient Buildings Europe;Café;05/09/24
256903;Thomas PELLERIN-CARLIN;S&D;France;['ITRE'];Member;;European Initiative for Energy Security;Secure Energy;European parliament;25/07/24
256903;Thomas PELLERIN-CARLIN;S&D;France;['ENVI'];Member;;Water;Water Europe;European Parliament;24/07/24
256903;Thomas PELLERIN-CARLIN;S&D;France;['ITRE'];Member;;Energy- Indystry;Riva Group;European Parliament;24/07/24
256903;Thomas PELLERIN-CARLIN;S&D;France;['ITRE'];Member;;politiques de soutien à l'industrie aux USA et en Chine;CEA;european Parliament;23/07/24
126699;Gilles PENNELLE;PfE;France;['D-CN'];Member;;Visite de courtoisie;Consul général de Chine à Strasbourg;Strasbourg;09/10/24
126699;Gilles PENNELLE;PfE;France;['AGRI'];Member;;Les enjeux du secteur du foie gras;Aliénor, Euro Foie Gras, CIFOG, Labeyrie;Strasbourg;08/10/24
126699;Gilles PENNELLE;PfE;France;['AGRI'];Member;;Les enjeux et l'avenir du secteur de la fourrure;Représentant de la fédération française des métiers de la fourrure;Bruxelles;02/10/24
126699;Gilles PENNELLE;PfE;France;['AGRI'];Member;;Enjeux et avenir des vins sous Indication Géographique;European Federation of Origin Wines, oriGIn;Bruxelles;02/10/24
126699;Gilles PENNELLE;PfE;France;['AGRI'];Member;;Les conséquences de la guerre en Ukraine et de la décarbonation pour l'industrie sucrière;CEFS association européenne des fabricants de sucre, Syndicat français des producteurs de sucre (SNFS);Bruxelles;02/10/24
197573;Kira Marie PETER-HANSEN;Greens / EFA;Denmark;['JURI'];Member;;Better regulation, patents and midcaps;Confederation of Danish Industry;Brussels;10/10/24
197573;Kira Marie PETER-HANSEN;Greens / EFA;Denmark;['ECON'];Member;;Integrating the ecological dimension in ECON;Reclaim Finance;Strasbourg;09/10/24
197573;Kira Marie PETER-HANSEN;Greens / EFA;Denmark;['JURI'];Member;;Intellectual Property rights;Fair Standards Alliance;Brussels;09/10/24
197573;Kira Marie PETER-HANSEN;Greens / EFA;Denmark;['ECON'];Member;;Future developments in EU financial sector;Finanssiala ry - Finance Finland;Strasbourg;08/10/24
197573;Kira Marie PETER-HANSEN;Greens / EFA;Denmark;[];Member;;PlanetLab - a public information and innovation project on climate, pollution and sustainable solutions;PlanetLab;Online;08/10/24
197573;Kira Marie PETER-HANSEN;Greens / EFA;Denmark;[];Member;;Intergroup on climate change, biodiversity and sustainable development;European Bureau for Conservation and Development;Brussels;07/10/24
197573;Kira Marie PETER-HANSEN;Greens / EFA;Denmark;[];Member;;Commission hearings and strengthening animal welfare policies;Anima;Brussels;03/10/24
197573;Kira Marie PETER-HANSEN;Greens / EFA;Denmark;[];Member;;Biotech Act and economic potential of cultivated meat;The Good Food Institute Europe (Belgium);Brussels;03/10/24
197573;Kira Marie PETER-HANSEN;Greens / EFA;Denmark;[];Member;;Morning briefing on 3F & FH priorities;Fagbevægelsens Hovedorganisation, 3F;Rue du Luxembourg, Brussels;02/10/24
197573;Kira Marie PETER-HANSEN;Greens / EFA;Denmark;[];Member;;Consumer protection, regulating large platforms, REACH revision and circular economy;Forbrugerrådet Tænk (the Danish Consumer Council);Brussels;01/10/24
197573;Kira Marie PETER-HANSEN;Greens / EFA;Denmark;['ECON'];Member;;Digital taxation and digitial service act;Google;Google Meet;10/12/20
197573;Kira Marie PETER-HANSEN;Greens / EFA;Denmark;['EMPL'];Member;;Mindsteløn;Faglig Hovedorganisation;Christiansborg - Prins Jørgens Gård 1,;26/11/20
197573;Kira Marie PETER-HANSEN;Greens / EFA;Denmark;['EMPL'];Member;;Asbestos and Minimum wage;Blik og Rør;Online;20/11/20
197573;Kira Marie PETER-HANSEN;Greens / EFA;Denmark;['ECON'];Member;;Grønne investeringer;Den Grønne Investeringsfond og Vækstfonden;Zoom;19/11/20
197573;Kira Marie PETER-HANSEN;Greens / EFA;Denmark;[];Member;;Minimum Wage;EFTA Parliamentary Committee;Online;18/11/20
197573;Kira Marie PETER-HANSEN;Greens / EFA;Denmark;[];Member;;Minimum Wage;3F, FH, Dansk Metal, CO-industri, BAT-kartellet, HK;Online;02/11/20
197573;Kira Marie PETER-HANSEN;Greens / EFA;Denmark;[];Member;;Minimum Wage;HK;Christiansborg;30/10/20
197573;Kira Marie PETER-HANSEN;Greens / EFA;Denmark;['ECON'];Member;;Generel skatteunddragelse;Oxfam Ibis;Zoom;30/10/20
197573;Kira Marie PETER-HANSEN;Greens / EFA;Denmark;['ECON'];Member;;EU's skattepolitik;Dansk Industri;Industriens Hus;21/10/20
197573;Kira Marie PETER-HANSEN;Greens / EFA;Denmark;['EMPL'];Shadow rapporteur;;Input til  inputs til handlingsplanen for den sociale søjle med 2020/2084 A strong social Europe for Just Transition;3F;Online;15/10/20
197573;Kira Marie PETER-HANSEN;Greens / EFA;Denmark;['ECON'];Member;;Grøn og digital omstilling;Dansk Erhverv;Rue Luxembourg;13/10/20
197573;Kira Marie PETER-HANSEN;Greens / EFA;Denmark;[];Member;;Minimum Wage;Dansk Arbejdsgiverforening;DA - Avenue de Cortenbergh 168 (4. sal);06/10/20
197573;Kira Marie PETER-HANSEN;Greens / EFA;Denmark;[];Member;;Minimum Wage;FH;Online;28/09/20
197573;Kira Marie PETER-HANSEN;Greens / EFA;Denmark;[];Member;;Minimum wage;3F;Christiansborg;25/09/20
197573;Kira Marie PETER-HANSEN;Greens / EFA;Denmark;[];Member;;Minimum wage;HK;Weidekampsgade 8 2300 København S;25/09/20
197573;Kira Marie PETER-HANSEN;Greens / EFA;Denmark;[];Member;;European framework directive on Minimum Wages;ETUC;Online;22/09/20
197573;Kira Marie PETER-HANSEN;Greens / EFA;Denmark;[];Member;;Minimum Wage;FH;Islands Brygge 32D Købenahvn;04/09/20
197573;Kira Marie PETER-HANSEN;Greens / EFA;Denmark;['ECON'];Shadow rapporteur;;Capital Markets Union;Alternative Investment Management Association (AIMA).;Online;27/08/20
197573;Kira Marie PETER-HANSEN;Greens / EFA;Denmark;['ECON'];Shadow rapporteur;;ECON report on CMU;Better Finance;Teams;27/08/20
197573;Kira Marie PETER-HANSEN;Greens / EFA;Denmark;['ECON'];Shadow rapporteur;;Capital Markets Union;Finans Danmark;Zoom;02/07/20
197573;Kira Marie PETER-HANSEN;Greens / EFA;Denmark;['ECON'];Shadow rapporteur;;Further development of the Capital Markets Union (CMU): improving access to capital market finance, in particular by SMEs, and further enabling retail investor participation;Insurance Europa;Online;02/07/20
197573;Kira Marie PETER-HANSEN;Greens / EFA;Denmark;['EMPL'];Member;;ILO;ILO brussels;Zoom;11/06/20
197573;Kira Marie PETER-HANSEN;Greens / EFA;Denmark;['ECON'];Shadow rapporteur;;CMU;AFME;Zoom;10/06/20
197573;Kira Marie PETER-HANSEN;Greens / EFA;Denmark;['EMPL'];Shadow rapporteur;;Gender Equality Strategy;Mary Collins, Manon Deshayes, European Women's Lobby;Zoom;23/04/20
197573;Kira Marie PETER-HANSEN;Greens / EFA;Denmark;['EMPL'];Member;;Debat om EU og ligestilling til Kvinderådets generalforsamling;Kvinderådet;HK Hovedstaden;29/03/20
197573;Kira Marie PETER-HANSEN;Greens / EFA;Denmark;['ECON'];Member;;Sustainable Finance i praksis: TEG fortæller om den dugfriske EU taksonomi, EU-standarden for grønne obligationer og om, hvordan det hele skal fungere i praksis;Finans Danmark;Web;23/03/20
197573;Kira Marie PETER-HANSEN;Greens / EFA;Denmark;['EMPL'];Member;;Dansk Inudstris netværk for konkurrenceevne;Dansk Industri;Avenue de Cortenbergh 168;17/03/20
197573;Kira Marie PETER-HANSEN;Greens / EFA;Denmark;['ECON'];Member;;Dansk realkredit med Nykredit;Morten Damm Krogh;EP;04/03/20
197573;Kira Marie PETER-HANSEN;Greens / EFA;Denmark;['ECON'];Member;;Kommissionens arbejdsprogram;Sinne Backs Conan, Finans Danmark;Square de Meeus 23;04/03/20
197573;Kira Marie PETER-HANSEN;Greens / EFA;Denmark;['EMPL'];Member;;Current EMPL work;Ludovic Voet, confederal secretary of the ETUC;European Parliament;02/03/20
197573;Kira Marie PETER-HANSEN;Greens / EFA;Denmark;[];Member;;Plantepriserne;Plantevaekst;Konferencesalen, BLOX Bryghuspladsen, 1473 København K;31/01/20
197573;Kira Marie PETER-HANSEN;Greens / EFA;Denmark;['EMPL'];Member;;CPH21;Aron LeFevre;Christiansborg;31/01/20
197573;Kira Marie PETER-HANSEN;Greens / EFA;Denmark;[];Member;;Fur farming;Kopenhagen Fur;EP;22/01/20
197573;Kira Marie PETER-HANSEN;Greens / EFA;Denmark;['EMPL'];Member;;Frokost med FH;FH;Place Lux;22/01/20
197573;Kira Marie PETER-HANSEN;Greens / EFA;Denmark;['ECON'];Member;;Nordic MEP reception;Finans Danmark;Square de Meeus 23, 11th floor, 1000 Bruxelles;22/01/20
197573;Kira Marie PETER-HANSEN;Greens / EFA;Denmark;['ECON'];Member;;Momssvindel;Dansk Erhverv;DANSK ERHVERV Børsen DK-1217 København K;17/01/20
197573;Kira Marie PETER-HANSEN;Greens / EFA;Denmark;['EMPL'];Member;;Social economy intergroup;Koorperationen;Reventlowsgade 14, 2. 1651 København V.;17/01/20
197573;Kira Marie PETER-HANSEN;Greens / EFA;Denmark;['EMPL'];Member;;Lunch with ETUC;ETUC;EP;08/01/20
197573;Kira Marie PETER-HANSEN;Greens / EFA;Denmark;['EMPL'];Member;;New year reception with Danish Unions (FH);FH, Bente Sorgenfrey, Lizette Risgaard;Atelier 29  Rue Jacques de Lalaing 29  1000 Bruxelles  Belgium;08/01/20
124846;Pina PICIERNO;S&D;Italy;[];Member;;Eu Member State implementation of the UN security Council resolutions on Peace and Security;Search for Common Ground;Online;20/09/24
124846;Pina PICIERNO;S&D;Italy;['LIBE'];Member;;The situation of human rights in Colombia, land grabbing, forced displacement, actions taken by the EU and the UN to date of the meeting;Oficina Internacional de Derechos Humanos - Acción Colombia;European Parliament Brussels;10/09/24
124846;Pina PICIERNO;S&D;Italy;[];Member;;Miglioramento del servizio clienti con focus GDPR, ruolo dei service providers e tassazione sul cherosene;Ryanair Holdings;European Parliament Brussels;06/09/24
124846;Pina PICIERNO;S&D;Italy;[];Member;;The detention of Uyghur Doctor Gulshan Abbas;International Service for Human Rights;European Parliament;05/09/24
124846;Pina PICIERNO;S&D;Italy;[];Member;;The situation in Ukraine and the need of a new European Parliament intergroup to connect marginalized peoples including Crimean Tatars;Center for Civil Liberties, Promote Ukraine;European Parliament Brussels;03/09/24
124846;Pina PICIERNO;S&D;Italy;[];Member;;Outcome of the Iranian elections and the situation for dissidents and women in Iran;Association des Femmes Iraniennes en France;European Parliament, Brussels;23/07/24
256877;Pascale PIERA;PfE;France;['ITRE'];Member;;Prise de contact;Primagaz;Bruxelles;02/10/24
256877;Pascale PIERA;PfE;France;['ITRE'];Member;;Prise de contact;Société nationale SNCF;Bruxelles;01/10/24
256877;Pascale PIERA;PfE;France;['JURI'];Member;;Prise de contact;European Centre for Law and Justice;Strasbourg;17/09/24
256877;Pascale PIERA;PfE;France;['D-CN'];Member;;Les enjeux économiques et commerciaux UE-Chine;Représentation de la Chine auprès de l'UE;Strasbourg;17/09/24
256893;Pierre PIMPIE;PfE;France;['ECON'];Member;;Enjeux clés des politiques de transport européennes, fiscalité environnementale;Société nationale SNCF;Bruxelles;02/10/24
256893;Pierre PIMPIE;PfE;France;['ECON'];Member;;Le rôle de l'UE dans le développement économique de la Côte d'ivoire;délégation du PDCI-RDA;Bruxelles;01/10/24
256893;Pierre PIMPIE;PfE;France;['INTA'];Member;;Les enjeux économiques et commerciaux UE-Chine;Représentation de la Chine auprès de l'UE;Strasbourg;16/09/24
256893;Pierre PIMPIE;PfE;France;['INTA'];Member;;Perspectives et défis des relations entre l'UE et les Emirats arabes unis;Représentant de l'Ambassade des Emirats arabes unis;Bruxelles;11/09/24
257115;Gheorghe PIPEREA;ECR;Romania;['IMCO'];Member;;DSA, AI Act and their impact on liberal professions;Computer and Communications Industry Association;STRASBOURG, OFFICE M04006, WIC;09/10/24
257115;Gheorghe PIPEREA;ECR;Romania;[];Member;;Challenges in the medical technology industry;MedTech Europe;STRASBOURG, MEP OFFICE;09/10/24
204414;Margarita DE LA PISA CARRIÓN;PfE;Spain;['SANT'];Member;;children rights;UNICEF;European Parliament (Brussels);01/10/24
204414;Margarita DE LA PISA CARRIÓN;PfE;Spain;['ENVI'];Member;;Water management;european association of public water;European Parliament (Brussels);25/09/24
204414;Margarita DE LA PISA CARRIÓN;PfE;Spain;['SANT'];Member;;Vapers' Industry;World Vapers’ Alliance;European Parliament (Brussels);24/09/24
204414;Margarita DE LA PISA CARRIÓN;PfE;Spain;['SANT'];Member;;Self-care products;Association of the European Self-Care Industry;European Parliament (Brussels);23/09/24
204414;Margarita DE LA PISA CARRIÓN;PfE;Spain;['SANT'];Member;;Pharma regulation;Teva Pharmaceuticals Europe BV;European Parliament (Brussels);23/09/24
257145;Daniele POLATO;ECR;Italy;['INTA'];Member;;Energy transition;ExxonMobil Petroleum & Chemical;Strasbourg;19/09/24
257145;Daniele POLATO;ECR;Italy;['INTA'];Member;;Agriculture;Confederazione Nazionale Coldiretti;Bruxelles;23/07/24
197404;Jessica POLFJÄRD;EPP;Sweden;['ENVI'];Member;;Green policy;Essity Aktiebolag (publ);Strasbourg;09/10/24
197404;Jessica POLFJÄRD;EPP;Sweden;['ENVI'];Member;;Green policy;Svenskt Näringsliv, Skogsindustrierna;Brussels;25/09/24
197404;Jessica POLFJÄRD;EPP;Sweden;['PECH'];Member;;Fishery policy;WWF;Brussels;25/09/24
197404;Jessica POLFJÄRD;EPP;Sweden;['ENVI'];Member;;Agriculture and hunting;Svenska Jägareförbundet;Brussels;24/09/24
197404;Jessica POLFJÄRD;EPP;Sweden;['ENVI'];Member;;Agriculture and forest policy;Office of Finnish Agriculture, Forestry and Cooperatives;Strasbourg;18/09/24
197404;Jessica POLFJÄRD;EPP;Sweden;['PECH'];Member;;Fishery policy;European Fishing Tackle Trade Association and European Anglers Alliance;Strasbourg;18/09/24
197404;Jessica POLFJÄRD;EPP;Sweden;['AGRI'];Member;;Agriculture policy;Logos;Strasbourg;18/09/24
197404;Jessica POLFJÄRD;EPP;Sweden;['ENVI'];Rapporteur;;Agriculture and NGT policy;Euroseeds;Strasbourg;18/09/24
197404;Jessica POLFJÄRD;EPP;Sweden;['AGRI'];Member;;Agriculture policy;Syngenta;Brussel;12/09/24
197404;Jessica POLFJÄRD;EPP;Sweden;['ECON'];Shadow rapporteur;;DLT Pilot Regime;ADAN, Bundesblock;Video call;08/12/20
197404;Jessica POLFJÄRD;EPP;Sweden;['ECON'];Shadow rapporteur;;DLT Pilot Regime;Kreab;Video call;24/11/20
197404;Jessica POLFJÄRD;EPP;Sweden;['ENVI'];Member;;GMO;Europabio;European Parliament;28/01/20
257107;Virgil-Daniel POPESCU;EPP;Romania;[];Member;;The Nordic cooperation under Nordenergi for a cohesive electricity market;Renewables Norway;Strasbourg;18/09/24
257107;Virgil-Daniel POPESCU;EPP;Romania;[];Member;;Reduced emissions, innovation in logistics and energy efficiency;Geopost;Strasbourg;18/09/24
257107;Virgil-Daniel POPESCU;EPP;Romania;[];Member;;Digital policy issues of the upcoming legislative mandate, including the functioning of the internet.;CCIA Europe;Strasbourg;17/09/24
257107;Virgil-Daniel POPESCU;EPP;Romania;[];Member;;Policy Event with Commissioner Simson “The future of European energy policy: Challenges and opportunities to address during the new legislative mandate;Green Power Denmark, Energy Solutions;Strasbourg;17/07/24
257107;Virgil-Daniel POPESCU;EPP;Romania;[];Member;;Electrification, competitiveness and ETS;EDF Group (Electricite de France);Strasbourg;17/07/24
256907;Reinis POZŅAKS;ECR;Latvia;[];Member;;Briefing about Digital Europe;Normunds Egle Digital Europe;Strasbourg;17/07/24
256969;Friedrich PÜRNER;;Germany;['SANT'];Member;;psychedelic assisted therapies;Psychedelic Access and Research European Alliance;MEPS office;11/09/24
256927;Carola RACKETE;GUE/NGL;Germany;[];Member;;Networking Serbia;Mars Sa Drine;Virtual meeting;03/10/24
256927;Carola RACKETE;GUE/NGL;Germany;[];Member;;prepare meeting in Gruenheide regarding Tesla;Janine Korduan, BUND;Virtual meeting;02/10/24
256927;Carola RACKETE;GUE/NGL;Germany;[];Member;;contacts, networking Eastern Europe;Zhala Baramovic, Human Rights Lawyer Azerbaijan;Virtual meeting;01/10/24
256927;Carola RACKETE;GUE/NGL;Germany;['AGRI'];Member;;Agrifood-Policy, CAP;Arbeitsgemeinschaft bäuerliche Landwirtschaft (AbL);Virtual meeting;26/09/24
256927;Carola RACKETE;GUE/NGL;Germany;['ENVI'];Member;;Lithium mining in Serbia, meeting of Serbian activists with German movements (virtual & live), ENVI hearing on Lithium;Mars Sa Drine;Virtual meeting;25/09/24
256927;Carola RACKETE;GUE/NGL;Germany;[];Member;;political prisoners, COP29 Baku, contacts to activists in Azerbaijan;Zhala Bayramova (human rights lawyer from Azerbaijan);Virtual meeting;25/09/24
256927;Carola RACKETE;GUE/NGL;Germany;[];Member;;Contacts to Azerbaijan, COP29 in Baku, ways to work together;Arshak Makichyan (climate & human rights activists from Armenia);Virtual meeting;24/09/24
256927;Carola RACKETE;GUE/NGL;Germany;['ENVI'];Member;;Publicity and Advertisement, in particular on fossil fuels and related products;FossilVrij NL;Virtual meeting;19/09/24
256927;Carola RACKETE;GUE/NGL;Germany;[];Member;;organizing MEP Rackete's trip to Serbia September 12th - 15th and discussing further cooperation;Mars Sa Drine Serbia;Virtual meeting;19/09/24
256927;Carola RACKETE;GUE/NGL;Germany;[];Member;;In relation to Colombian land defenders and indigenous rights. Not related to a particular file.;Oidhaco;Rue de la Linère 11, 1060 Bruxelles;18/09/24
124850;Emil RADEV;EPP;Bulgaria;['JURI'];Member;;presentation of the activities of British American Tobacco;British American Tobacco;European Parliament;25/09/24
124850;Emil RADEV;EPP;Bulgaria;['JURI'];Member;;Presentation of the EuroCommerce and Harmonisation of EU legislation;EuroCommerce, METRO AG;European parliament;17/09/24
188096;Jüri RATAS;EPP;Estonia;[];Member;;EU and Israel relations;European Leadership Network EU & NATO;Strasbourg;09/10/24
188096;Jüri RATAS;EPP;Estonia;[];Member;;Developments in the European electronics sector;Eesti Elektroonikatööstuse Liit;Tallinn, Estonia;23/09/24
188096;Jüri RATAS;EPP;Estonia;[];Member;;EU and Turkey relations;Permanent Delegation of Türkiye to the EU;Strasbourg;17/09/24
188096;Jüri RATAS;EPP;Estonia;[];Member;;Overview of the nicotine market;Philip Morris International Inc.;Brussels;11/09/24
188096;Jüri RATAS;EPP;Estonia;[];Member;;Entrepreneurship and competitiveness;Bolt;Tallinn;05/09/24
188096;Jüri RATAS;EPP;Estonia;[];Member;;Space data;EU Agency for the Space Programme;Brussels;23/07/24
257104;Ruggero RAZZA;ECR;Italy;['SANT'];Member;;Incontro conoscitivo e scambio di vedute sul mandato del Parlamento europeo;European Brain Council;Strasbourg;09/10/24
257104;Ruggero RAZZA;ECR;Italy;['SANT'];Member;;Incontro conoscitivo e scambio di vedute sul mandato del Parlamento europeo;MESEURO Srl, BAT;Strasbourg;09/10/24
257104;Ruggero RAZZA;ECR;Italy;['SANT'];Member;;Incontro conoscitivo e scambio di vedute sul mandato del Parlamento europeo;EUCOPE;Strasbourg;08/10/24
257104;Ruggero RAZZA;ECR;Italy;['SANT'];Member;;Incontro conoscitivo e scambio di vedute sul mandato del Parlamento europeo;Acumen Public Affairs, Eli Lilly and Company;Strasbourg;17/09/24
257104;Ruggero RAZZA;ECR;Italy;[];Member;;Incontro conoscitivo e scambio di vedute sul mandato del Parlamento europeo;Servier;Brussels;23/07/24
257104;Ruggero RAZZA;ECR;Italy;[];Member;;Incontro conoscitivo e scambio di vedute sul mandato del Parlamento europeo;Vaccines Europe;Strasbourg;17/07/24
257104;Ruggero RAZZA;ECR;Italy;[];Member;;Incontro conoscitivo e scambio di vedute sul mandato del Parlamento europeo;Pfizer Inc.;Strasbourg;17/07/24
96998;Evelyn REGNER;S&D;Austria;[];Member;;General Exchange of Views;European Parliamentary Forum for Sexual & Reproductive Rights;Strasbourg;16/07/24
96998;Evelyn REGNER;S&D;Austria;[];Member;;General Exchange of Views;Platform of European Social NGOs;Strasbourg;16/07/24
96998;Evelyn REGNER;S&D;Austria;[];Member;;General Exchange of Views;Younion;online;27/11/20
96998;Evelyn REGNER;S&D;Austria;[];Member;;General Exchange of Views;Permanent Representation of Portugal to the EU;online;27/11/20
96998;Evelyn REGNER;S&D;Austria;[];Member;;General Exchange of Views;UN Nigeria;online;20/11/20
96998;Evelyn REGNER;S&D;Austria;[];Member;;General Exchange of Views;Wave (Women against violence europe);Online;27/10/20
96998;Evelyn REGNER;S&D;Austria;['FEMM'];Committee chair;;General exchange of views;Permanent Representation of Portugal to the EU;Online;22/10/20
96998;Evelyn REGNER;S&D;Austria;[];Member;;General Exchange of Views;UN Women;Online;15/10/20
96998;Evelyn REGNER;S&D;Austria;[];Member;;General Exchange of Views;Österreichische Plattform für Alleinerziehende;Online;13/10/20
96998;Evelyn REGNER;S&D;Austria;[];Member;;General Exchange of Views;Gewerkschaft A1;Online;01/10/20
96998;Evelyn REGNER;S&D;Austria;[];Member;;General Exchange of Views;European Women’s Lobby;Online;10/09/20
96998;Evelyn REGNER;S&D;Austria;[];Member;;General Exchange of Views;Garance - Verein für Präventions- und Selbstverteidigungskurse;Online;08/09/20
96998;Evelyn REGNER;S&D;Austria;['FEMM'];Member;;General Exchange of Views;EIGE;Online;02/07/20
96998;Evelyn REGNER;S&D;Austria;[];Member;;General Exchange of Views;FRA;Online;30/04/20
96998;Evelyn REGNER;S&D;Austria;[];Member;;General Exchange of Views;ETUC;Online;02/04/20
96998;Evelyn REGNER;S&D;Austria;[];Member;;General Exchange of Views;Österreichische Notariatskammer;Online;01/04/20
96998;Evelyn REGNER;S&D;Austria;['ECON'];Member;;General Exchange of Views;Oxfam, Eurodad, Transparency International;Online;31/03/20
96998;Evelyn REGNER;S&D;Austria;['FEMM'];Member;;General Exchange of Views;European Institute of Women's Health;Online;24/03/20
96998;Evelyn REGNER;S&D;Austria;['ECON'];Member;;General Exchange of Views;Accountancy Europe;Online;24/03/20
96998;Evelyn REGNER;S&D;Austria;[];Member;;General Exchange of Views;UNFPA;Brussels;05/03/20
96998;Evelyn REGNER;S&D;Austria;[];Member;;General Exchange of Views;AK, ÖGB, WKÖ;European Parliament Brussels;20/02/20
96998;Evelyn REGNER;S&D;Austria;[];Member;;General Exchange of Views;Ständige Vertretung der Bundesrepublik Deutschland bei der EU;European Parliament Strasbourg;11/02/20
96998;Evelyn REGNER;S&D;Austria;[];Member;;General Exchange of Views;Österreichische Nationalbank (OeNB);European Parliament Brussels;06/02/20
96998;Evelyn REGNER;S&D;Austria;['FEMM'];Member;;General Exchange of Views;UN Women;European Parliament Brussels;05/02/20
96998;Evelyn REGNER;S&D;Austria;['FEMM'];Member;;General Exchange of View;European Court of Auditors;European Parliament Brussels;05/02/20
96998;Evelyn REGNER;S&D;Austria;[];Member;;General Exhange of Views;IKEA;European Parliament Brussels;03/02/20
96998;Evelyn REGNER;S&D;Austria;[];Member;;General Exchange of Views;Academy of European Law;European Parliament Brussels;28/01/20
96998;Evelyn REGNER;S&D;Austria;[];Member;;General Exchange of Views;ÖGB, AK;Brussels;28/01/20
96998;Evelyn REGNER;S&D;Austria;[];Member;;General Exchange of Views;DGB;European Parliament Straybourg;16/01/20
96998;Evelyn REGNER;S&D;Austria;[];Member;;General Exchange of Views;Deutsche Sozialversicherung;European Parliament Brussels;07/01/20
103381;Terry REINTKE;Greens / EFA;Germany;[];Member;;EU-Ukraine relations;Representative of the Mission of Ukraine to the EU;Brussels;26/09/24
103381;Terry REINTKE;Greens / EFA;Germany;[];Member;;Ecological Transformation, Competitiveness, Industrial Deal;IG Bergbau, Chemie, Energie;Brussels;10/09/24
103381;Terry REINTKE;Greens / EFA;Germany;[];Member;;Social Europe;Vereinte Dienstleistungsgewerkschaft;Brussels;10/09/24
103381;Terry REINTKE;Greens / EFA;Germany;[];Member;;Sexual and Reproductive Health and Rights in Europe (staff-level meeting);Center for Reproductive Rigths;Digital;14/12/20
103381;Terry REINTKE;Greens / EFA;Germany;[];Member;;LGBTI* Rights in Poland;Creator of the LGBTI-free zones photo project, Authors of the Atlas of Hate;Digital;08/12/20
103381;Terry REINTKE;Greens / EFA;Germany;[];Member;;LGBTI* Rights in Poland;Polish Ombudsperson for Human Rights;Digital;07/12/20
103381;Terry REINTKE;Greens / EFA;Germany;[];Member;;SRHR in Europe (Staff-level Meeting);IPPF;Digital;13/11/20
103381;Terry REINTKE;Greens / EFA;Germany;[];Member;;Launch Contraception Atlas;European Parliamentary Forum for Sexual & Reproductive Rights;Digital;12/11/20
103381;Terry REINTKE;Greens / EFA;Germany;['EMPL'];Member;;Gewerkschaftsfrühstück zu mobilen Beschäftigten in der EU;DGB;Digital;22/10/20
103381;Terry REINTKE;Greens / EFA;Germany;[];Member;;Sexual and Reproductive Health and Rights under Covid-19 and beyond: The Role of EU4Health;EPF, IPPF, Center for Reproductive Rights;Digital;16/10/20
103381;Terry REINTKE;Greens / EFA;Germany;[];Member;;Sexual and reproductive health and rights in Poland;Center for Reproductive Rights;Digital;15/10/20
103381;Terry REINTKE;Greens / EFA;Germany;[];Member;;Sexual and reproductive health and rights in Poland;Wolne Sądy, Strajk Kobiet;Digital;14/10/20
103381;Terry REINTKE;Greens / EFA;Germany;['EMPL'];Member;;Gewerksschaftsfrühstück;DGB;Digital;08/10/20
103381;Terry REINTKE;Greens / EFA;Germany;[];Member;;Transgender Rights;ILGA Europe, Transgender Europe;Digital;08/10/20
103381;Terry REINTKE;Greens / EFA;Germany;['LIBE'];Shadow rapporteur;;The persecution judges in Poland;Open Dialogue Foundation, Themis Judges’ Association;Online;08/10/20
103381;Terry REINTKE;Greens / EFA;Germany;['LIBE', 'FEMM'];Member;;Sexual and reproductive health and rights (staff-level meeting);EPF, IPPF;Digital;30/09/20
103381;Terry REINTKE;Greens / EFA;Germany;['EMPL'];Member;;Just Transition Fund & CAP measures to improve working conditions in the meat sector;EFFAT, ETUC;Digital;29/09/20
103381;Terry REINTKE;Greens / EFA;Germany;['FEMM', 'LIBE'];Member;;Sexual and reproductive health and rights in Europe (staff-level meeting);Center for Reproductive Rights;Digital;14/09/20
103381;Terry REINTKE;Greens / EFA;Germany;['FEMM'];Shadow rapporteur;;Closing the digital gender gap (staff-level-meeting);European Women's Lobby;Digital;11/09/20
103381;Terry REINTKE;Greens / EFA;Germany;['EMPL', 'LIBE'];Member;;Developments on Brexit negotiations;European Trade Union Confederation;Digital;10/09/20
103381;Terry REINTKE;Greens / EFA;Germany;['LIBE'];Shadow rapporteur;;Judiciary independence in Poland;Themis Judges’ Association, Iustitia Judges' Association, Wolne sądy - Free Courts Initiative;Online;07/09/20
103381;Terry REINTKE;Greens / EFA;Germany;['FEMM'];Member;;Fighting gender-based violence, Istanbul Convention (staff-level meeting);European Women's Lobby;Digital;31/07/20
103381;Terry REINTKE;Greens / EFA;Germany;['EMPL'];Member;;Social Europe, ESF+, Germany Council Presidency (staff-level meeting);Caritas Austria;Digital;30/07/20
103381;Terry REINTKE;Greens / EFA;Germany;['EMPL'];Shadow rapporteur;;MFF and ESF+ (Staff-level Meeting);Social Platform;Digital;10/07/20
103381;Terry REINTKE;Greens / EFA;Germany;['EMPL'];Shadow rapporteur;;Wiederaufbau, MFR und ESF+;Diakonie Deutschland;Digital;30/06/20
103381;Terry REINTKE;Greens / EFA;Germany;['FEMM'];Member;;Sexual and Reproductive Health and Rights in Europe (staff-level meeting);International Planned Parenthood European Network, European Parliamentary Forum for Sexual Reproductive Rights;Digital;24/06/20
103381;Terry REINTKE;Greens / EFA;Germany;['EMPL'];Member;;Verbändeaustausch Soziales Europa/dt. Ratspräsidentschaft;DGB, Diakonie Deutschland, AWO Bundesverband, Deutscher Verein, Evangelische Hochschule RWL, HTW Berlin;Digital;22/06/20
103381;Terry REINTKE;Greens / EFA;Germany;['EMPL'];Member;;Gewerkschaftsfrühstück zu nachhaltigen Lieferketten;Deutscher Gewerkschaftsbund (DGB);Digital;18/06/20
103381;Terry REINTKE;Greens / EFA;Germany;[];Member;;Citizens rights after Brexit;UK Mission to the European Union;Digital;28/05/20
103381;Terry REINTKE;Greens / EFA;Germany;['FEMM'];Member;;Ensuring Sexual and Reproductive Health and Rights (SRHR) during COVID-19 and beyond;Center for Reproductive Rights, Federation for Women and Family Planning (Poland), Doctors for Choice Germany, (Germany);Digital;19/05/20
103381;Terry REINTKE;Greens / EFA;Germany;[];Member;;Innovation Talk zur EU-Strukturpolitik;Buisness Metropole Ruhr;Digital;19/05/20
103381;Terry REINTKE;Greens / EFA;Germany;['LIBE'];Shadow rapporteur;;Rechtsstaatlichkeit in Polen und Ungarn;Michael Roth MdB, Staatsminister für Europa im Auswärtigen Amt;Digital;28/04/20
103381;Terry REINTKE;Greens / EFA;Germany;['LIBE'];Shadow rapporteur;;Rechtsstaatlichkeit in Polen;Heinrich-Böll-Stiftung Warschau;Digital;03/04/20
103381;Terry REINTKE;Greens / EFA;Germany;[];Member;;Webinar: Häusliche Gewalt stoppen;Berliner Initiative gegen Gewalt an Frauen;Digital;31/03/20
103381;Terry REINTKE;Greens / EFA;Germany;[];Member;;Citizens rights after Brexit;British in Europe;Digital;18/03/20
103381;Terry REINTKE;Greens / EFA;Germany;[];Member;;Impulse für die Gleichstellung der Geschlechter in EU, Bund und Land;Bärbl Mielich MdL Staatssekretärin im Ministerium für Soziales und Integration Baden-Württemberg, Heinrich-Böll-Stiftung, Ständige Vertretung der BRD zur EU, Vertretung EU-Kommissarin Dalli;Landesvertretung Baden-Württemberg Brüssel;05/03/20
103381;Terry REINTKE;Greens / EFA;Germany;[];Member;;Antisemitism, Racism, Right-wing extremism;European Union of Jewish Students;European Parliament;18/02/20
103381;Terry REINTKE;Greens / EFA;Germany;['EMPL'];Shadow rapporteur;;ESF+ Austausch mit Zivilgeschaft und Gewerkschaft;Volkshochschulverband LUMOS  Deutscher Olympischer Sportbund  ECRE Association Européenne des Conservatoires Landesvertretung BaWÜ Landesvertretung BaWÜ Deutscher Olympischer Sportbund  ZDH SOLIDAR verdi  Eurodiaconia  REVES Vertretung Bremen  BAGFW Red Cross EU Office  EAPN Europabür der BaWü Kommunen Federation of European Social Employers Caritas Deutschland  ZDH EKD Weber Shandwick Consulting  COFACE;European Parliament;18/02/20
103381;Terry REINTKE;Greens / EFA;Germany;['EMPL'];Member;;Umsetzung Entsenderichtlinie in Mitgliedsstaaten;Deutscher Gewerkschaftsbund;European Parliament;18/02/20
103381;Terry REINTKE;Greens / EFA;Germany;[];Member;;Trans-/Intersex Rights;ILGA Europe;European Parliament;17/02/20
103381;Terry REINTKE;Greens / EFA;Germany;['EMPL'];Member;;Gewerkschaftsfrühstück;Deutscher Gewerkschaftsbund;European Parliament;13/02/20
103381;Terry REINTKE;Greens / EFA;Germany;[];Member;;Green Card for Europe;New Europeans;European Parliament;11/02/20
103381;Terry REINTKE;Greens / EFA;Germany;['EMPL'];Shadow rapporteur;;Aktueller Stand der Verhandlungen beim ESF+;Zentralverband des Deutschen Handwerks;Haus der Europäischen Wirtschaft;05/02/20
103381;Terry REINTKE;Greens / EFA;Germany;['EMPL'];Member;;Treffen zum Thema Mindestlohnvorschlag, Lohntransparenz, Plattformwirtschaft;European Confederation of Independent Trade Unions;European Parliament;04/02/20
103381;Terry REINTKE;Greens / EFA;Germany;[];Member;;Introduction;Parliamentarians for Global Action;European Parliament;04/02/20
103381;Terry REINTKE;Greens / EFA;Germany;[];Member;;All previous meetings to be found here: http://lobbycal.greens-efa-service.eu/all/;Various;European Parliament;03/02/20
103381;Terry REINTKE;Greens / EFA;Germany;[];Member;;UK EU relations after Brexit;Rally 4 Our Rights, Remainer Now, Grass Roots for Europe, the3million, European Movement UK;London;02/02/20
229839;René REPASI;S&D;Germany;[];Member;;Exchange of views on legislative initiatives in the field of transformation/ Austausch zu Gesetzgebungsinitiativen im Bereich der Transformation;ZF Friedrichshafen AG;Brussels;23/09/24
229839;René REPASI;S&D;Germany;['JURI'];Member;;Work of the European Union Intellectual Property Office;European Union Intellectual Property Office;Brussels;24/07/24
256935;Sabrina REPP;S&D;Germany;['CULT'];Member;;European media legislation;Association of Commercial Television and Video on Demand Services in Europe;EP Strassbourg;08/10/24
256935;Sabrina REPP;S&D;Germany;['CULT'];Member;;European media legislation;Bundesverband Digitalpublisher und Zeitungsverleger;EP Brussels;25/09/24
256935;Sabrina REPP;S&D;Germany;['CULT'];Member;;Sports;Fédération Internationale de Football Association;Members Bar, EP;11/09/24
256935;Sabrina REPP;S&D;Germany;['CULT'];Member;;Erasmus + Programm;Deutscher Akademischer Austauschdienst;EP Brussels;10/09/24
256935;Sabrina REPP;S&D;Germany;['REGI'];Member;;cohesion policy;Evangelische Kirche Deutschland;Exki;09/09/24
256935;Sabrina REPP;S&D;Germany;['REGI'];Member;;cohesion policy;Landesvertretung Niedersachsen;EP Brussels;09/09/24
256935;Sabrina REPP;S&D;Germany;['CULT'];Member;;youth education;AWO Bundesverband e.V., Deutscher Caritasverband e. V.;Rue de Pascale 4-6, 1040 Brüssel;03/09/24
197413;Karlo RESSLER;EPP;Croatia;[];Member;;Hrvatska diskografska udruga;HRVATSKA DISKOGRAFSKA UDRUGA - HDU IFPI CROATIA;Strasbourg;08/10/24
197413;Karlo RESSLER;EPP;Croatia;['LIBE'];Member;;Upcoming files in the LIBE Committee;Computer & Communications Industry Association;Strasbourg;18/09/24
197413;Karlo RESSLER;EPP;Croatia;[];Member;;Introduction to UN WFP;UN World Food Programme;Brussels;13/09/24
197413;Karlo RESSLER;EPP;Croatia;[];Member;;Budget 2025;Head of the Mission of Israel to the EU and NATO, Ambassador Haim Regev;Brussels;11/09/24
197413;Karlo RESSLER;EPP;Croatia;[];Member;;Transatlantic cooperation;AJC Transatlantic Institute;Strasbourg;16/07/24
218347;Thijs REUTEN;S&D;Netherlands;[];Member;;EU-Ukraine relations;SD Platform Ukraine;Brussels;30/09/24
218347;Thijs REUTEN;S&D;Netherlands;[];Member;;Situation in Gaza, the West Bank & Israel;Ofek: The Israeli Center for Public Affairs;Brussels;24/09/24
218347;Thijs REUTEN;S&D;Netherlands;[];Member;;Tibet;International Campaign for Tibet;Brussels;24/09/24
218347;Thijs REUTEN;S&D;Netherlands;[];Member;;Situation in Gaza, the West Bank & Israel;European Coordination of Committees and Associations for Palestine;Brussels;24/09/24
218347;Thijs REUTEN;S&D;Netherlands;[];Member;;EU agenda 2024-2029;Adviesraad Internationale Vraagstukken;Brussels;23/09/24
218347;Thijs REUTEN;S&D;Netherlands;['AFET'];Member;;EU-Albania relations;Embassy Albania to the EU;Brussels;12/09/24
218347;Thijs REUTEN;S&D;Netherlands;[];Member;;EPPO;EPPO;Brussels;11/09/24
218347;Thijs REUTEN;S&D;Netherlands;[];Member;;Democracy & Rule of Law;Defend Democracy;Brussels;10/09/24
218347;Thijs REUTEN;S&D;Netherlands;[];Member;;EU agenda 2024-2029;Vereniging VNO-NCW;Brussels;10/09/24
218347;Thijs REUTEN;S&D;Netherlands;[];Member;;EU agenda 2024-2029;Metropoolregio Amsterdam;Brussels;26/07/24
197832;Diana RIBA I GINER;Greens / EFA;Spain;['CULT'];Member;;Media Freedom and protection of journalists;European Federation of Journalists;European Parliament;02/10/24
197832;Diana RIBA I GINER;Greens / EFA;Spain;['CULT'];Member;;EU Audiovisual and cultural policies;Atresmedia Corporación de Medios de Comunicación, S.A.;San Sebastian;24/09/24
197832;Diana RIBA I GINER;Greens / EFA;Spain;['CULT'];Member;;EU Audiovisual and cultural policies;EUROPEAN PRODUCERS CLUB;San Sebastian;24/09/24
197832;Diana RIBA I GINER;Greens / EFA;Spain;['CULT'];Member;;EU Audiovisual and cultural policies;Asociación de Productoras Audiovisuales Independientes del País Vasco;San Sebastian;23/09/24
197832;Diana RIBA I GINER;Greens / EFA;Spain;['CULT'];Member;;EU Audiovisual and cultural policies;Instituto de la Cinematografía y de las Artes Audiovisuales (ICAA);San Sebastian;23/09/24
197832;Diana RIBA I GINER;Greens / EFA;Spain;['CULT'];Member;;EU Audiovisual and cultural policies;San Sebastian International Film Festival;San Sebastian;23/09/24
197832;Diana RIBA I GINER;Greens / EFA;Spain;['CULT'];Member;;EU Audiovisual and cultural policies;Europa Distribution;San Sebastian;23/09/24
197832;Diana RIBA I GINER;Greens / EFA;Spain;['CULT'];Member;;EU Audiovisual and cultural policies;Asociación PATE;San Sebastian;23/09/24
197832;Diana RIBA I GINER;Greens / EFA;Spain;['CULT'];Member;;EU Audiovisual and cultural policies;Fedecine;San Sebastian;23/09/24
197832;Diana RIBA I GINER;Greens / EFA;Spain;['CULT'];Member;;EU Audiovisual and cultural policies;Grup Mediapro SLU;San Sebastian;22/09/24
197832;Diana RIBA I GINER;Greens / EFA;Spain;[];Member;;European Green Deal;Xarxa per a la Conservació de la Natura;online;19/11/20
197832;Diana RIBA I GINER;Greens / EFA;Spain;[];Member;;Recovery Fund;Taula d'Entitats del Tercer Sector Social de Catalunya;online;30/10/20
197832;Diana RIBA I GINER;Greens / EFA;Spain;[];Member;;Consequences of COVID 19 on culture;CoNCA Consell Nacional de la Cultura i de les Arts;online;07/10/20
197832;Diana RIBA I GINER;Greens / EFA;Spain;['FEMM'];Shadow rapporteur;;Gender perspective in the crisis and post-crisis of COVID19;iQ, Dones directives i professionals de l'Acció Social, UGT Igualtat, Ca la Dona, Observatori dones i comunicació, CCCO Igualtat.;online;29/06/20
197832;Diana RIBA I GINER;Greens / EFA;Spain;['CULT'];Member;;Consequences of COVID 19 on culture;DEVICAT (Associació de desenvolupadors de Vídeojocs de Catalunya);online;16/06/20
197832;Diana RIBA I GINER;Greens / EFA;Spain;['CULT'];Member;;Consequences of COVID 19 on culture;European Creative Desk;online;25/05/20
197832;Diana RIBA I GINER;Greens / EFA;Spain;['CULT'];Member;;Consequences of COVID 19 on culture;Federació d'Ateneus de Catalunya;online;21/05/20
197832;Diana RIBA I GINER;Greens / EFA;Spain;['CULT'];Member;;Consequences of COVID 19 on culture;Coordinadora de Colles Castelleres (CCCC);online;14/05/20
197832;Diana RIBA I GINER;Greens / EFA;Spain;['CULT'];Member;;Consequences of COVID 19 on culture;Dance association and circus association (APDC and APCC);online;12/05/20
197832;Diana RIBA I GINER;Greens / EFA;Spain;['CULT'];Member;;Consequences of COVID 19 on culture;Catalan Editors and Distributors;online;05/05/20
197832;Diana RIBA I GINER;Greens / EFA;Spain;['CULT'];Member;;Consequences of COVID 19 on culture;Reunió Acadèmia de la Música;online;21/04/20
197832;Diana RIBA I GINER;Greens / EFA;Spain;['CULT'];Member;;Consequences of COVID 19 on culture;Gremi de cinemes de Catalunya;online;16/04/20
197832;Diana RIBA I GINER;Greens / EFA;Spain;['CULT'];Member;;Consequences of COVID 19 on culture;PROA (Productors Audiovisuals Federats);online;14/04/20
197832;Diana RIBA I GINER;Greens / EFA;Spain;['LIBE'];Member;;Human Rights in Mexico;Taula per Mèxic;Office;03/03/20
197832;Diana RIBA I GINER;Greens / EFA;Spain;[];Member;;Analysis of the present and the future of one of the biggest car factories in Spain;Seat;Seat Martorell (Catalunya);07/02/20
197832;Diana RIBA I GINER;Greens / EFA;Spain;[];Member;;Current situation of Taiwan;Ambassador of Taiwan;European Parliament;04/02/20
197832;Diana RIBA I GINER;Greens / EFA;Spain;['CULT'];Rapporteur;;Situation of media freedom in Europe;European Cultural Foundation;European Parliament;21/01/20
197832;Diana RIBA I GINER;Greens / EFA;Spain;['LIBE'];Shadow rapporteur;;Racism and intolerence in our society;SOS Racisme;Esquerra Republicana de Catalunya Headquarters (Barcelona);17/01/20
197832;Diana RIBA I GINER;Greens / EFA;Spain;[];Member;;Human Rights;Irídia and Institut dels Drets Humans de Catalunya;Esquerra Republicana de Catalunya Headquarters (Barcelona);10/01/20
257121;Matteo RICCI;S&D;Italy;['TRAN'];Member;;TRAN committee;CONFCOMMERCIO - IMPRESE PER L'ITALIA;Bruxelles;04/09/24
257121;Matteo RICCI;S&D;Italy;[];Member;;TRAN commitee;Confederazione Nazionale dell'Artigianato e della Piccola e Media Impresa;STRASBOURG;11/07/24
257121;Matteo RICCI;S&D;Italy;[];Member;;ENVI committee;TERNA ENERGY SOCIETE ANONYME;STRASBOURG;11/07/24
257121;Matteo RICCI;S&D;Italy;[];Member;;ENVI committee;A2A;Strasbourg;11/07/24
206158;Manuela RIPA;EPP;Germany;[];Member;;New Legislature;CECRA;Strasbourg;18/07/24
206158;Manuela RIPA;EPP;Germany;[];Member;;Sustainable Steel Production in the Saarland Region;Saarstahl;Brussels (online meeting);09/10/20
206158;Manuela RIPA;EPP;Germany;['ENVI'];Shadow rapporteur;;Land consumption in the Saarland Region, Citizens' Initiatives;Bund für Umwelt und Naturschutz Deutschland e.V.;Brussels (online meeting);09/10/20
206158;Manuela RIPA;EPP;Germany;[];Member;;Animal Welfare in Trade;Eurogroup for Animals;Brussels (online meeting);07/10/20
206158;Manuela RIPA;EPP;Germany;[];Member;;Sustainable Steel Production in the Saarland Region;VDS Stahl, Creos;Brussels (online meeting);06/10/20
206158;Manuela RIPA;EPP;Germany;[];Member;;Sustainable Steel Production in the Saarland Region;VDS Stahl, Montanstiftung Saar;Brussels (online meeting);02/10/20
206158;Manuela RIPA;EPP;Germany;[];Member;;Land consumption in Saarland;Dr. Helmut Isringhaus;Saarbrücken;25/09/20
206158;Manuela RIPA;EPP;Germany;[];Member;;Decarbonisation of the Saarland industry;Anke Rehlinger;Brussels (online meeting);23/09/20
96653;Katarína ROTH NEVEĎALOVÁ;;Slovakia;[];Member;;Animal Welfare;FOUR PAWS International;Strasbourg;09/10/24
96653;Katarína ROTH NEVEĎALOVÁ;;Slovakia;['AGRI'];Member;;Sustainable food production;European Vegetarian Union, ProVeg CIC;Strasbourg;08/10/24
96653;Katarína ROTH NEVEĎALOVÁ;;Slovakia;[];Member;;Sustainable sugar production in the EU;COMITE EUROPEEN des FABRICANTS de SUCRE;Brussels;26/09/24
96653;Katarína ROTH NEVEĎALOVÁ;;Slovakia;[];Member;;Role of biocontrol in the EU Agricultural policy;Prospero & Partners;Brussels;25/09/24
96653;Katarína ROTH NEVEĎALOVÁ;;Slovakia;[];Member;;Využitie bioplyniek v energetike a poľnohospodárstve;Slovenská bioplynová asociácia;Bratislava;24/09/24
96653;Katarína ROTH NEVEĎALOVÁ;;Slovakia;[];Member;;Konkurencieschopnosť EÚ v kontexte zelenej transformácie;BASF Slovakia;Bratislava;23/09/24
96653;Katarína ROTH NEVEĎALOVÁ;;Slovakia;[];Member;;Tobacco Harm Reduction;World Vapers’ Alliance;Strasbourg;18/09/24
96653;Katarína ROTH NEVEĎALOVÁ;;Slovakia;[];Member;;REGI issues;Jaguar Land Rover Limited;Strasbourg;18/09/24
96653;Katarína ROTH NEVEĎALOVÁ;;Slovakia;['AGRI'];Member;;Role of plant breeding in ensuring sustainable agri-food systems;European Plant Science Organisation, Euroseeds, Plants for the Future European Technology Platform, Copa-Cogeca, ILVO;Flanders Research Institute for Agriculture, Fisheries and Food, Belgium;11/09/24
96653;Katarína ROTH NEVEĎALOVÁ;;Slovakia;[];Member;;Audiovisual authors' rights;Society of Audiovisual Authors;Brussels;10/09/24
197773;Bert-Jan RUISSEN;ECR;Netherlands;[];Member;;Freedom of religion;Stichting The London Story;Brussels;05/09/24
197773;Bert-Jan RUISSEN;ECR;Netherlands;[];Member;;AGRI 2024-2029;LTO;Brussels;29/08/24
197773;Bert-Jan RUISSEN;ECR;Netherlands;[];Member;;Freedom of religion;Minorities Parliamentarian Forum;Brussels;23/07/24
197773;Bert-Jan RUISSEN;ECR;Netherlands;[];Member;;MKB;Vereniging VNO-NCW;Strasbourg;18/07/24
197773;Bert-Jan RUISSEN;ECR;Netherlands;[];Member;;Livestock sector;European Livestock Voice;Strasbourg;17/07/24
197773;Bert-Jan RUISSEN;ECR;Netherlands;[];Member;;EU-Israel relations;Israeli Embassy;Strasbourg;17/07/24
197773;Bert-Jan RUISSEN;ECR;Netherlands;[];Member;;IAF Network Meeting;IAF;Strasbourg;17/07/24
197773;Bert-Jan RUISSEN;ECR;Netherlands;[];Member;;Zeescheepvaart;KVNR;Strasbourg;16/07/24
197773;Bert-Jan RUISSEN;ECR;Netherlands;[];Member;;Freedom of religion;WEA;Strasbourg;16/07/24
197773;Bert-Jan RUISSEN;ECR;Netherlands;[];Member;;Friends of Taiwan Reception;Taipei Representative Office;Strasbourg;15/07/24
197773;Bert-Jan RUISSEN;ECR;Netherlands;['PECH'];Shadow rapporteur;;Nuclear energy and offshore wind;Electricite de France;Online;27/11/20
197773;Bert-Jan RUISSEN;ECR;Netherlands;['AGRI'];Shadow rapporteur;;CAP;CEJA;Online;09/11/20
197773;Bert-Jan RUISSEN;ECR;Netherlands;['PECH'];Shadow rapporteur;;controleverordening visserij;Oceana, ClientEarth;online;14/10/20
197773;Bert-Jan RUISSEN;ECR;Netherlands;['PECH'];Shadow rapporteur;;Control Regulation;Pelagic Freezer-trawler Association, European Fisheries Alliance;Krimpen aan den IJssel;23/09/20
197773;Bert-Jan RUISSEN;ECR;Netherlands;['AGRI'];Shadow rapporteur;;agr opinie strategie EU-Afrika;vertegenwoordiger Agriterra;Krimpen aan den IJssel (online meeting);17/07/20
197773;Bert-Jan RUISSEN;ECR;Netherlands;['AGRI'];Shadow rapporteur;;CAP;FACE;Video meeting;26/05/20
197773;Bert-Jan RUISSEN;ECR;Netherlands;['PECH'];Shadow rapporteur;;controleverordening visserij;VisNed;Krimpen aan den IJssel;17/03/20
197773;Bert-Jan RUISSEN;ECR;Netherlands;['PECH'];Shadow rapporteur;;controleverordening visserij;Vissersbond;Krimpen aan den IJssel;06/03/20
197773;Bert-Jan RUISSEN;ECR;Netherlands;['AFET'];Shadow rapporteur;;upcoming ratification of the EU-Vietnam FTA;NIKE;Straatsburg;15/01/20
257170;Sandro RUOTOLO;S&D;Italy;[];Member;;Cult priorities 2024-2029;EUROCINEMA, Association de producteurs de cinéma et de télévision;European Parliament;03/10/24
257170;Sandro RUOTOLO;S&D;Italy;[];Member;;Cult priorities 2024-2029;Motion Picture Association EMEA;European Parliament;03/10/24
257170;Sandro RUOTOLO;S&D;Italy;[];Member;;Cult priorities 2024-2029;European Film Agency Directors;European Parliament;02/10/24
257170;Sandro RUOTOLO;S&D;Italy;[];Member;;Cult priorities 2024-2029;European Magazine Media Association, European Newspaper Publishers' Association, News Media Europe;European Parliament;30/09/24
257170;Sandro RUOTOLO;S&D;Italy;[];Member;;Cult priorities 2024-2029;European Federation of Journalists;European Parliament;30/09/24
257170;Sandro RUOTOLO;S&D;Italy;[];Member;;2024-2029 priorities for sports rights owners;Sports Rights Owners' Coalition;European Parliament;26/09/24
257170;Sandro RUOTOLO;S&D;Italy;[];Member;;Introductory meeting and projects;Withub SPA;European Parliament;26/09/24
257170;Sandro RUOTOLO;S&D;Italy;[];Member;;2024-2029 priorities for the Audiovisual sector;Society of Audiovisual Authors;European Parliament;23/09/24
257170;Sandro RUOTOLO;S&D;Italy;[];Member;;Introductory meeting;European Digital Rights;European Parliament;23/09/24
257170;Sandro RUOTOLO;S&D;Italy;[];Member;;2024-2029 priorities for media and audiovisual sectors;MFE - MEDIAFOREUROPE N.V;European Parliament;12/09/24
197545;Bogdan RZOŃCA;ECR;Poland;[];Member;;Commemorating the soldiers of General Maczek;Polska Grupa Pamięci Historycznej;Brussels;26/09/24
197545;Bogdan RZOŃCA;ECR;Poland;[];Member;;Current situation and challenges of the Polish banking sector;Związek Banków Polskich;Brussels;26/09/24
256911;Arash SAEIDI;GUE/NGL;France;[];Member;;audition agriculture de demain;European Coordination Via Campesina;bruxelles;02/10/24
256911;Arash SAEIDI;GUE/NGL;France;[];Member;;echange autour des droits et santé sexuels et reproduction;Mouvement Français pour le Planning familial;bruxelles;30/09/24
256911;Arash SAEIDI;GUE/NGL;France;[];Member;;Visite de site départemental;Gaz Réseau Distribution France;Angers;27/09/24
256911;Arash SAEIDI;GUE/NGL;France;[];Member;;débat sur les grandes priorités de cette Commission en matière d’énergie, d’industrie, de défense ou d’environnement.;Confrontations Europe;Bruxelles;26/09/24
256911;Arash SAEIDI;GUE/NGL;France;['AGRI'];Member;;échange sur la gestion durable des forêts;UCFF Union des coopérative forestiere française;Bruxelles;25/09/24
256911;Arash SAEIDI;GUE/NGL;France;['TRAN'];Member;;échange sur la future legislation 2024-2029;Air France-KLM;Bruxelles;25/09/24
256911;Arash SAEIDI;GUE/NGL;France;['AGRI'];Member;;Rencontre et échange sur le bien-être animal;La Fondation Droit Animal, Ethique et Sciences (LFDA), Quatre pattes, CIWF France;bruxelles;24/09/24
256911;Arash SAEIDI;GUE/NGL;France;['TRAN'];Member;;présentation et échange sur la future législature;l'Association du transport aérien international (IATA);bruxelles;24/09/24
256911;Arash SAEIDI;GUE/NGL;France;['AGRI'];Member;;échange avec sur refonte du système agricole et alimentaire;collectif nourrir;visio;24/09/24
256911;Arash SAEIDI;GUE/NGL;France;['JURI'];Member;;d'échanges concernant les dossiers de la nouvelle législature dans le millieu du cinéma;EUROCINEMA, Association de producteurs de cinéma et de télévision;Strasbourg;18/09/24
125670;Massimiliano SALINI;EPP;Italy;[];Member;;Regulation on Deforestation-free products;72279144480-58;Bruxelles;06/09/24
125670;Massimiliano SALINI;EPP;Italy;[];Member;;Urban Waste Water Treatment Directive;83575061669-96;Bruxelles;05/09/24
98219;Aura SALLA;EPP;Finland;[];Member;;Startups and EU regulation;Finnish Startup Community / Suomen startup-yhteisö;Remote meeting;09/10/24
98219;Aura SALLA;EPP;Finland;[];Member;;Competitiveness and future of European information security;WithSecure Corporation;Remote meeting;09/10/24
98219;Aura SALLA;EPP;Finland;[];Member;;Competitiveness of Europe;Europe Unlocked;Strasbourg;09/10/24
98219;Aura SALLA;EPP;Finland;[];Member;;Scale-up gap for start-ups in the EU;Deutche Bank;Strasbourg;09/10/24
98219;Aura SALLA;EPP;Finland;[];Member;;AI and Copyrights;Musiikkituottajat - IFPI Finland ry;Strasbourg;08/10/24
98219;Aura SALLA;EPP;Finland;[];Member;;Growth of Businesses;HTGP;Remote meeting;08/10/24
98219;Aura SALLA;EPP;Finland;[];Member;;CSAM;FiCom ry;Remote meeting;08/10/24
98219;Aura SALLA;EPP;Finland;[];Member;;Innovation and Research in the EU;VTT Technical Research Centre of Finland Ltd;Strasbourg;08/10/24
98219;Aura SALLA;EPP;Finland;[];Member;;SMEs and EUs competitiveness;Confederation of Finnish Industries EK;Brussels;04/10/24
98219;Aura SALLA;EPP;Finland;[];Member;;EU Customs Reform;EU Tech Alliance;Brussels;03/10/24
88552;Julien SANCHEZ;PfE;France;['D-CN'];Member;;RDV au Parlement Européen avec le Consul Général de Chine à Strasbourg à sa demande (en ma qualité de membre titulaire de la délégation du Parlement Européen pour les relations avec la République Populaire de Chine);Yumin PAN, Consul Général de Chine à Strasbourg;Parlement Européen - Strasbourg;08/10/24
88552;Julien SANCHEZ;PfE;France;['BUDG'];Member;;Rencontres de la Chambre d'Agriculture du Gard avec l'ensemble des parlementaires du Gard (députés, sénateurs, députés français au Parlement Européen);Chambre d'Agriculture du Gard;Nîmes;06/09/24
197578;Silvia SARDONE;PfE;Italy;['ENVI'];Committee chair;;ENVI COMMITTEE;ASSICA (Associazione Industriale delle carni e dei salumi);Strasbourg - MEP s office;08/10/24
197578;Silvia SARDONE;PfE;Italy;['ENVI'];Committee chair;;ENVI COMMITTEE;SNAM (Società Nazionale Metanodotti);Strasbourg - MEP s office;08/10/24
197578;Silvia SARDONE;PfE;Italy;['ENVI'];Committee chair;;ENVI COMMITTEE;COCIR (European Trade Association);Strasbourg - MEP s office;08/10/24
197578;Silvia SARDONE;PfE;Italy;['ENVI'];Committee chair;;ENVI COMMITTEE;Associazione Italiana Pellicceria, International Fur Federation (IFF);Brussels - MEP s office;03/10/24
197578;Silvia SARDONE;PfE;Italy;['ENVI'];Committee chair;;ENVI COMMITTEE;Confindustria Accessori Moda;Brussels - MEP s office;03/10/24
197578;Silvia SARDONE;PfE;Italy;['ENVI'];Committee chair;;ENVI COMMITTEE;Confindustria Macchine per Ceramica, Legno, Plastica e Gomma, Imballaggio e Confezionamento;Brussels - MEP's office;02/10/24
197578;Silvia SARDONE;PfE;Italy;['DROI'];Member;;DROI COMMITTEE;Prisoners Defenders International;Brussels - MEP s office;02/10/24
197578;Silvia SARDONE;PfE;Italy;['DROI'];Member;;DROI COMMITTEE;Comunità bahá'í d'Italia;Brussels - MEP s office;02/10/24
197578;Silvia SARDONE;PfE;Italy;['ENVI'];Member;;ENVI COMMITTEE;Manifatture Sigaro Toscano S.r.l.;Brussels - MEP's OFFICE;25/09/24
197578;Silvia SARDONE;PfE;Italy;['ENVI'];Member;;ENVI COMMITTEE;Philip Morris International Inc.;Brussels - MEP's OFFICE;25/09/24
256905;Eric SARGIACOMO;S&D;France;[];Member;;Conchyliculture;Comité national de la conchyliculture;Bruxelles;24/07/24
256905;Eric SARGIACOMO;S&D;France;[];Member;;Tous sujets PECH;Equalogy, Orthongel, Europêche Tuna Group;Bruxelles;24/07/24
256905;Eric SARGIACOMO;S&D;France;[];Member;;Politiques européennes liées à la pêche récréationnelle;European Anglers Alliance;Bruxelles;24/07/24
256905;Eric SARGIACOMO;S&D;France;[];Member;;Tous sujets AGRI;European Coordination Via Campesina;Virtual meeting;23/07/24
256905;Eric SARGIACOMO;S&D;France;[];Member;;Intergroupe vin;Comité Européen des Entreprises Vins;Bruxelles;23/07/24
256905;Eric SARGIACOMO;S&D;France;[];Member;;Tous sujets PECH;Seas At Risk;Bruxelles;23/07/24
256905;Eric SARGIACOMO;S&D;France;[];Member;;Bien être animal;Eurogroup for Animals;Virtual meeting;22/07/24
256905;Eric SARGIACOMO;S&D;France;[];Member;;Tous sujets AGRI;Fédération Nationale des Syndicats d'Exploitants Agricoles;Strasbourg;16/07/24
256905;Eric SARGIACOMO;S&D;France;[];Member;;Règlement transport animaux;AVEC Poultry;Strasbourg;16/07/24
256905;Eric SARGIACOMO;S&D;France;[];Member;;Règlement transport animal;Fédération nationale des courses hippiques;Virtual meeting;12/07/24
197500;Mounir SATOURI;Greens / EFA;France;['DROI'];Committee chair;;Partenariats européens avec les pays de la Méditerranée;EuroMed Rights / EuroMed Droits;Rome;12/10/24
197500;Mounir SATOURI;Greens / EFA;France;['AFET'];Member;;Protection des journalistes à Gaza;Syndicat des Journalistes Palestiniens;Montpellier;04/10/24
197500;Mounir SATOURI;Greens / EFA;France;['DROI'];Committee chair;;Défenseurs des droits humains;Front Line Defenders;Bruxelles;03/10/24
197500;Mounir SATOURI;Greens / EFA;France;['AFET'];Member;;Célébration du Nouvel An Juif;European Jews for Palestine;Bruxelles;03/10/24
197500;Mounir SATOURI;Greens / EFA;France;['DROI'];Committee chair;;Situation des droits humains en Egypte;Amnesty International Limited;Bruxelles;25/09/24
197500;Mounir SATOURI;Greens / EFA;France;['DROI'];Committee chair;;Situation au Liban;EuroMed Rights / EuroMed Droits;Bruxelles;25/09/24
197500;Mounir SATOURI;Greens / EFA;France;['DROI'];Committee chair;;Situation humanitaire à Gaza;UNRWA;Bruxelles;25/09/24
197500;Mounir SATOURI;Greens / EFA;France;['DROI'];Committee chair;;Droits humains et politique étrangère européenne;Human Rights Watch;Bruxelles;24/09/24
197500;Mounir SATOURI;Greens / EFA;France;['AFET'];Member;;Situation en Palestine;Association France Palestine Solidarité;Bruxelles;24/09/24
197500;Mounir SATOURI;Greens / EFA;France;['DROI'];Committee chair;;Relation UE-Tunisie;Commission Internationale des Juristes;Strasbourg;18/09/24
197500;Mounir SATOURI;Greens / EFA;France;['AFET'];Member;;Rapatriement des enfants de djihadistes;Collectif des familles unies;Paris;22/12/20
197500;Mounir SATOURI;Greens / EFA;France;['EMPL'];Member;;Intégration sociale;SINGA;Paris;21/12/20
197500;Mounir SATOURI;Greens / EFA;France;['AFET'];Member;;Situation des droits de l'Homme;Ambassadeur de Palestine auprès de la France;Paris;18/12/20
197500;Mounir SATOURI;Greens / EFA;France;['AFET'];Member;;Enfants de djihadistes de nationalité UE dans les camps syriens;Collectif des Familles Unies;Bruxelles;14/12/20
197500;Mounir SATOURI;Greens / EFA;France;['EMPL'];Member;;Plan de relance et Europe sociale;Cercle Europe et Economie sociale;Paris;15/10/20
197500;Mounir SATOURI;Greens / EFA;France;['EMPL'];Shadow rapporteur;;Coordination des systèmes de sécurité sociale;REIF;Bruxelles;13/10/20
197500;Mounir SATOURI;Greens / EFA;France;['EMPL'];Member;;Politique économique / plan de relance européen;Club des Grandes Entreprises Françaises;Bruxelles;06/10/20
197500;Mounir SATOURI;Greens / EFA;France;['AFET'];Rapporteur;;Relations UE-Egypte;Ambassade d'Egypte auprès de l'UE;Bruxelles;30/09/20
197500;Mounir SATOURI;Greens / EFA;France;['AFET'];Shadow rapporteur;;Désarmement nucléaire;ICAN;Bruxelles;29/09/20
197500;Mounir SATOURI;Greens / EFA;France;['AFET'];Member;;New Agenda for European Defence;IRNC;Bruxelles;29/09/20
197500;Mounir SATOURI;Greens / EFA;France;['AFET'];Member;;Situation des droits humains de la minorité Ouïghoure;World Uyghur Congress;Bruxelles;17/09/20
197500;Mounir SATOURI;Greens / EFA;France;['EMPL'];Shadow rapporteur;;Legal labour migration;EFFAT;Bruxelles;11/09/20
197500;Mounir SATOURI;Greens / EFA;France;['EMPL'];Shadow rapporteur;;Legal labour migration;PICUM;Bruxelles;07/09/20
197500;Mounir SATOURI;Greens / EFA;France;['EMPL'];Rapporteur;;fonds de transition juste;Caritas;Bruxelles;17/06/20
197500;Mounir SATOURI;Greens / EFA;France;['EMPL'];Rapporteur;;Fonds de transition juste;FEANTSA;Bruxelles;09/06/20
197500;Mounir SATOURI;Greens / EFA;France;['EMPL'];Rapporteur;;Fond de transition juste;Client Earth;Bruxelles;25/03/20
197500;Mounir SATOURI;Greens / EFA;France;['EMPL'];Rapporteur;;Fonds de transition juste;Institut Bruegel;Bruxelles;19/03/20
197500;Mounir SATOURI;Greens / EFA;France;['EMPL'];Rapporteur;;Fonds de transition juste;Caritas;Bruxelles;18/03/20
197500;Mounir SATOURI;Greens / EFA;France;['EMPL'];Rapporteur;;Fonds de transition juste;CAN Europe;Bruxelles;17/03/20
197500;Mounir SATOURI;Greens / EFA;France;['EMPL'];Member;;investissement d'impact;FINANSOL;Paris;09/03/20
197500;Mounir SATOURI;Greens / EFA;France;['AFET'];Member;;Désarmement nucléaire;ICAN;Paris;14/02/20
213330;Ernő SCHALLER-BAROSS;PfE;Hungary;[];Member;;Exchange of views;MOL Hungarian Oil and Gas Company;Strasbourg, European Parliament;17/09/24
213330;Ernő SCHALLER-BAROSS;PfE;Hungary;[];Member;;Exchange of views;Szövetség a Polgári Magyarországért Alapítvány;Brussels, European Parliament;10/09/24
213330;Ernő SCHALLER-BAROSS;PfE;Hungary;[];Member;;Exchange of views;MCC Brussels;Brussels, European Parliament;10/09/24
213330;Ernő SCHALLER-BAROSS;PfE;Hungary;[];Member;;Exchange of views;Kárpátaljai Magyar Kulturális Szövetség;Brussels, European Parliament;10/09/24
256979;Oliver SCHENK;EPP;Germany;['ENVI'];Shadow rapporteur;;Soil Monitoring Law;BDI/BDA The German Business Representation, Evonik, DEBRIV;online;10/10/24
256979;Oliver SCHENK;EPP;Germany;[];Member;;PharmaPackage und Wettbewerbsfähifkeit;Novo Nordisk A/S;online;09/10/24
256979;Oliver SCHENK;EPP;Germany;[];Member;;medical technology industry;MedTech Europe;Straßburg;09/10/24
256979;Oliver SCHENK;EPP;Germany;[];Member;;Zukunft der Automobilindustrie in Europa;Continental AG, European Tyre and Rubber manufacturers' association;Straßburg;08/10/24
256979;Oliver SCHENK;EPP;Germany;[];Member;;level playing field for online marketplaces and effective enforcement;LightingEurope;Straßburg;08/10/24
256979;Oliver SCHENK;EPP;Germany;[];Member;;Verzahnung der Klimaziele mit dem Ziel einer wettbewerbsfähigeren europäischen Wirtschaft;Verband Kommunaler Unternehmen e.V.;Brussels;02/10/24
256979;Oliver SCHENK;EPP;Germany;[];Member;;access to quality urological care for all Europeans;European Association of Urology;Brussels;02/10/24
256979;Oliver SCHENK;EPP;Germany;[];Member;;europapolitischen Schwerpunkte;Bundeszahnärztekammer;Brussels;01/10/24
256979;Oliver SCHENK;EPP;Germany;[];Member;;Priorities for the upcoming mandate;European Anglers Alliance;Brussels;01/10/24
256979;Oliver SCHENK;EPP;Germany;[];Member;;European competitiveness;Vodafone Belgium SA;Brüssels;30/09/24
257084;Joanna SCHEURING-WIELGUS;S&D;Poland;['CULT'];Member;;Priorities for the musical sector;Warner Music Group;European Parliament in Brussels;26/09/24
257084;Joanna SCHEURING-WIELGUS;S&D;Poland;['FEMM'];Member;;Influence of plastic waste and the plastic industry on human rights and the situation of women and children;ClientEarth AISBL;European Parliament in Brussels;25/09/24
257084;Joanna SCHEURING-WIELGUS;S&D;Poland;['CULT'];Member;;Priorities of Authors for the upcoming Parliamentary Term;Groupement Européen des Sociétés d'Auteurs et Compositeurs;European Parliament in Brussels;24/09/24
257084;Joanna SCHEURING-WIELGUS;S&D;Poland;['CULT'];Member;;Priorities of the Audiovisual Broadcasters for the upcoming Parliamentary term;Association of Commercial Television and Video on Demand Services in Europe;European Parliament in Brussels;24/09/24
257084;Joanna SCHEURING-WIELGUS;S&D;Poland;['CULT'];Member;;Priorities of the cultural sector for the upcoming parliamentary term;Stowarzyszenie Filmowców Polskich;European Parliament in Strasbourg;18/09/24
257084;Joanna SCHEURING-WIELGUS;S&D;Poland;[];Member;;Priorities for the Polish Presidency of the Council of the EU;Philip Morris International Inc.;Brussels;10/09/24
257084;Joanna SCHEURING-WIELGUS;S&D;Poland;['FEMM'];Member;;Sexual and Reproductive Rights;European Parliamentary Forum for Sexual & Reproductive Rights;European Parliament in Brussels;23/07/24
197670;Andreas SCHIEDER;S&D;Austria;['TRAN'];Member;;Exchange of Views on Transport Policy;Airport Regions Council;Brussels;24/09/24
197670;Andreas SCHIEDER;S&D;Austria;['AFET'];Member;;Exchange of Views;Arbeiterkammer Vorarlberg;Brussels;24/09/24
197670;Andreas SCHIEDER;S&D;Austria;[];Member;;Exchange of views;Österreichischer Gewerkschaftsbund, Arbeiterkammer Europa;European Parliament;24/09/24
197670;Andreas SCHIEDER;S&D;Austria;['TRAN'];Member;;Exchange of Views on Transport Policy;Flughafenverband ADV;Strasbourg;18/09/24
197670;Andreas SCHIEDER;S&D;Austria;['TRAN'];Member;;Exchange of Views on Transport Policy;Community of European Railway and Infrastructure Companies;Strasbourg;17/09/24
197670;Andreas SCHIEDER;S&D;Austria;['TRAN'];Member;;Exchange of Views on Transport Policy;Flughafen Wien AG;Brussels;13/09/24
197670;Andreas SCHIEDER;S&D;Austria;['TRAN'];Member;;Exchange of Views on Transport Policy;Verband der öffentlichen Wirtschaft und Gemeinwirtschaft Österreichs – VÖWG;Brussels;11/09/24
197670;Andreas SCHIEDER;S&D;Austria;['AFET'];Shadow rapporteur;;Stakeholder Dialog on the Kosovo Report;Representatives of Kosovar civil society;online;09/12/20
197670;Andreas SCHIEDER;S&D;Austria;[];Member;;Exchange of views;VertreterInnen Industriellenvereinigung;Vienna;09/12/20
197670;Andreas SCHIEDER;S&D;Austria;[];Member;;Exchange of Views;Friedrich Ebert Stiftung;online;27/11/20
197670;Andreas SCHIEDER;S&D;Austria;[];Member;;Exchange of Views - Minimum Wage,;DGB - Deutscher Gewerkschaftsbund;online;26/11/20
197670;Andreas SCHIEDER;S&D;Austria;[];Member;;Exchange of Views;Foreign Minister of North Macedonia;online;19/11/20
197670;Andreas SCHIEDER;S&D;Austria;[];Member;;Briefing Asylum- and Migration Package;Ständige Vertretung Österreichis bei der Europäischen Union;online;17/11/20
197670;Andreas SCHIEDER;S&D;Austria;[];Member;;Exchange of views on Westsahara;Vertretung Polisario;Online;17/11/20
197670;Andreas SCHIEDER;S&D;Austria;[];Member;;Exchange of views CAP;VertreterInnen Ständige Vertretung Österreichs bei der Europäischen Union;Online;10/11/20
197670;Andreas SCHIEDER;S&D;Austria;[];Member;;Exchange of Views;RYCO - Regional Youth Cooperation Office;Skopje;07/11/20
197670;Andreas SCHIEDER;S&D;Austria;[];Member;;Exchange of Views;Foreign Minister of North Macedonia;Skopje;07/11/20
197670;Andreas SCHIEDER;S&D;Austria;[];Member;;Exchange of Views;Minister of Environment and Physical Planning of North Macedonia;Skopje;07/11/20
197670;Andreas SCHIEDER;S&D;Austria;[];Member;;Exchange of Views - Situation in North Macedonia;Friedrich Ebert Stiftung, Heinrich Böll Stiftung;Skopje;06/11/20
197670;Andreas SCHIEDER;S&D;Austria;[];Member;;Exchange of Views;Deputy Prime Minister for European Affairs of North Macedonia;Skopje;06/11/20
197670;Andreas SCHIEDER;S&D;Austria;[];Member;;Exchange of Views;Minister of Defense of North Macedonia;Skopje;06/11/20
197670;Andreas SCHIEDER;S&D;Austria;[];Member;;Exchange of Views;President of the Parliament of North Macedonia;Skopje;06/11/20
197670;Andreas SCHIEDER;S&D;Austria;[];Member;;Exchange of Views;Prime Minister of North Macedonia;Skopje;06/11/20
197670;Andreas SCHIEDER;S&D;Austria;[];Member;;Exchange of Views;Minister of Justice of North Macedonia;Skopje;06/11/20
197670;Andreas SCHIEDER;S&D;Austria;[];Member;;Exchange of Views - CAP;Fridays for Future;Vienna;29/10/20
197670;Andreas SCHIEDER;S&D;Austria;[];Member;;Exchange of Views - Youth Cooperation North Macedonia/Greece;Youth Alliance Krushevo;online;14/10/20
197670;Andreas SCHIEDER;S&D;Austria;[];Member;;Exchange of Views - Situation in Belarus;A1 - Telekom Austria AG;online;07/10/20
197670;Andreas SCHIEDER;S&D;Austria;[];Member;;Exchange of Views - Georgia;Political Council of the Solidarity Alliance of Georgia (SAG);Brussels;07/10/20
197670;Andreas SCHIEDER;S&D;Austria;[];Member;;Exchange of Views;Works Council - A1;online;01/10/20
197670;Andreas SCHIEDER;S&D;Austria;[];Member;;Exchange of views;Unternehmen MED-EL;Brussels;30/09/20
197670;Andreas SCHIEDER;S&D;Austria;[];Member;;Exchange of views - Brexit;VertreterInnen Ständige Vertretung Österreichs bei der Europäischen Union;Brussels;30/09/20
197670;Andreas SCHIEDER;S&D;Austria;[];Member;;Exchange of Views;Foreign Minister of North Macedonia;Brussels;29/09/20
197670;Andreas SCHIEDER;S&D;Austria;[];Member;;Exchange of Views;Azerbaijani Talyshen;Vienna;25/09/20
197670;Andreas SCHIEDER;S&D;Austria;[];Member;;Exchange of views;Representative HDP Europe;Brussels;23/09/20
197670;Andreas SCHIEDER;S&D;Austria;[];Member;;Exchange of views;Iran Embassy;Vienna;18/09/20
197670;Andreas SCHIEDER;S&D;Austria;[];Member;;Exchange of views;PDKI representative to EU and Belgium;Online;17/09/20
197670;Andreas SCHIEDER;S&D;Austria;[];Member;;Exchange of views;VertreterInnen Europäischer Wirtschafts- und Sozialausschuss;Brussels;16/09/20
197670;Andreas SCHIEDER;S&D;Austria;[];Member;;Exchange of views;VertreterInnen Ständige Vertretung Österreichs bei der Europäischen Union;Brussels;10/09/20
197670;Andreas SCHIEDER;S&D;Austria;[];Member;;Exchange of views Trade Policy;Dreikönigsaktion der Katholischen Jungschar;Online;03/09/20
197670;Andreas SCHIEDER;S&D;Austria;[];Member;;Exchange of views;Oesterreichischen Nationalbank (OeNB);Brussels;02/09/20
197670;Andreas SCHIEDER;S&D;Austria;[];Member;;Exchange of wiews on Foreign Policy;PES Representatives;Online;24/06/20
197670;Andreas SCHIEDER;S&D;Austria;[];Member;;Exchange of views;Sozialistische Jugend Österreich;Vienna;08/05/20
197670;Andreas SCHIEDER;S&D;Austria;[];Member;;Exchange of views on Foreign Policy;PES Representatives;Online;05/05/20
197670;Andreas SCHIEDER;S&D;Austria;[];Member;;Exchange of views on Social Europe;PES Representatives;Online;15/04/20
197670;Andreas SCHIEDER;S&D;Austria;[];Member;;Exchange of views on PES Plan to contain and recover from COVID 19;PES Representatives;Online;06/04/20
197670;Andreas SCHIEDER;S&D;Austria;[];Member;;Exchange of views;City Representatives of Berlevåg;Norway;27/02/20
197670;Andreas SCHIEDER;S&D;Austria;[];Member;;Exchange of views;UiT – Arctic University of Norway;Norway;26/02/20
197670;Andreas SCHIEDER;S&D;Austria;[];Member;;Exchange of views;Norwegian Fishermen‘s Sales Organisation;Norway;25/02/20
197670;Andreas SCHIEDER;S&D;Austria;[];Member;;Exchange of views;Activists fighting against marine litter in Arctic waters;Norway;25/02/20
197670;Andreas SCHIEDER;S&D;Austria;[];Member;;Exchange of views;Norwegian Parliament’s Delegation for Arctic Parliamentary Cooperation;Norway;24/02/20
197670;Andreas SCHIEDER;S&D;Austria;[];Member;;Exchange of views;Representatives of Nord University;Norway;24/02/20
197670;Andreas SCHIEDER;S&D;Austria;[];Member;;Exchange of views;City of Bodo;Norway;24/02/20
197670;Andreas SCHIEDER;S&D;Austria;[];Member;;Exchange of views;Attaché  aus dem österreichischen BMSK;Vienna;20/02/20
197670;Andreas SCHIEDER;S&D;Austria;[];Member;;Exchange of views;International Union of Tenants (IUT);Brussels;19/02/20
197670;Andreas SCHIEDER;S&D;Austria;[];Member;;Exchange of views;Civil Society Activist from North Macedonia;Brussels;19/02/20
197670;Andreas SCHIEDER;S&D;Austria;[];Member;;Exchange of views;Friedrich-Ebert-Stiftung;Brussels;18/02/20
197670;Andreas SCHIEDER;S&D;Austria;[];Member;;Exchange of views;Embassy of Israel in Brussels;Brussels;06/02/20
197670;Andreas SCHIEDER;S&D;Austria;[];Member;;Exchange of views;Embassy of Cuba in Brussels;Brussels;06/02/20
197670;Andreas SCHIEDER;S&D;Austria;[];Member;;Exchange of views;UNIDO;Brussels;04/02/20
197670;Andreas SCHIEDER;S&D;Austria;['IMCO'];Rapporteur;;Services Notification Procedure;SPAR Business Services GmbH;Brussels;29/01/20
197670;Andreas SCHIEDER;S&D;Austria;[];Member;;Exchange of views;Führungskräfte des ö. Dienstes;Brussels;21/01/20
197670;Andreas SCHIEDER;S&D;Austria;['AFET'];Member;;Exchange of views;Oesterrechische Botschaft Skopje;Skopje;19/01/20
197670;Andreas SCHIEDER;S&D;Austria;[];Member;;Exchange of views;VertreterInnen Sozialdemokratische Liga Mazedoniens;Nordmazedonien;18/01/20
197670;Andreas SCHIEDER;S&D;Austria;[];Member;;Exchange of views;Parlamentarische VertreterInnen Nordmazedonien;Nordmazedonien;18/01/20
197670;Andreas SCHIEDER;S&D;Austria;[];Member;;Exchange of views;Österreichischer Botschafter in Nordmazedonien;Nordmazedonien;18/01/20
197670;Andreas SCHIEDER;S&D;Austria;[];Member;;Exchange of views;VertreterInnen VMRO-DPMNE;Nordmazedonien;17/01/20
197670;Andreas SCHIEDER;S&D;Austria;[];Member;;Exchange of views;EU Delegation to the Republic of North Macedonia;Nordmazedonien;17/01/20
197670;Andreas SCHIEDER;S&D;Austria;[];Member;;Exchange of views;VertreterInnen Sozialdemokratische Liga Mazedoniens;Nordmazedonien;17/01/20
197670;Andreas SCHIEDER;S&D;Austria;[];Member;;Exchange of views;RegierungsvertreterInnen Nordmazedonien;Nordmazedonien;17/01/20
197670;Andreas SCHIEDER;S&D;Austria;[];Member;;Exchange of views;RegierungsvertreterInnen Nordmazedonien;Nordmazedonien;17/01/20
197670;Andreas SCHIEDER;S&D;Austria;[];Member;;Exchange of views;Verbindungsbüros des EPs in Wien;Strasbourg;15/01/20
197670;Andreas SCHIEDER;S&D;Austria;[];Member;;Exchange of views;European Armenian federation for Justice and Democracy;Strasbourg;14/01/20
197670;Andreas SCHIEDER;S&D;Austria;[];Member;;Exchange of views;Facebook;Strasbourg;14/01/20
197670;Andreas SCHIEDER;S&D;Austria;[];Member;;Exchange of views;Mission of P.R. China to the European Union;Strasbourg;14/01/20
197670;Andreas SCHIEDER;S&D;Austria;[];Member;;Exchange of views;PEOPLES' DEMOCRATIC PARTY - Representative for the European Institutions in Strasbourg;Strasbourg;14/01/20
256833;Lena SCHILLING;Greens / EFA;Austria;[];Member;;Climate Policy, Climate Finance, Biodiversity;Koordinierungsstelle der österr. Bischofskonferenz;Brussels;23/09/24
256833;Lena SCHILLING;Greens / EFA;Austria;[];Member;;Human Rights;Diplomat from Egyptian Embassy;Brussels;23/09/24
256833;Lena SCHILLING;Greens / EFA;Austria;[];Member;;Sustainable Transport and Rail Policy;VCÖ - Mobilität mit Zukunft;Online;19/09/24
256833;Lena SCHILLING;Greens / EFA;Austria;[];Member;;Rail Policy and the future of Rail;Transport and Environment (European Federation for Transport and Environment);Online;18/09/24
256833;Lena SCHILLING;Greens / EFA;Austria;[];Member;;Human Rights, Rule of Law, Civic Space and Civils Society in Hungary;Transparency International Hungary, Amnesty International Hungary, Hungarian Helsinki Committee, Tanitanek Teachers Movement;Straßburg;17/09/24
256833;Lena SCHILLING;Greens / EFA;Austria;[];Member;;Solar Power and Energy transition;EPIA SolarPower Europe;Straßburg;17/09/24
256833;Lena SCHILLING;Greens / EFA;Austria;[];Member;;Human Rights;Survival International;Straßburg;17/09/24
256833;Lena SCHILLING;Greens / EFA;Austria;[];Member;;Human Rights;Amnesty International Limited;Brussels;12/09/24
256833;Lena SCHILLING;Greens / EFA;Austria;[];Member;;Regional and Communal Policy;Österreichischer Gemeindebund;Brussels;12/09/24
256833;Lena SCHILLING;Greens / EFA;Austria;[];Member;;Civil Society;Civil Society Europe;Brussels;10/09/24
190517;Martin SCHIRDEWAN;GUE/NGL;Germany;[];Member;;Israel-Gaza-Krieg;EU-Representative in Palestine;Europäisches Parlament;08/10/24
190517;Martin SCHIRDEWAN;GUE/NGL;Germany;['INTA'];Member;;Fairer Handel;11.11.11, Koepel van Internationale Solidariteit, Both ENDS, Climate Action Network Europe, Eurogroup for Animals, Friends of the Earth Europe, PowerShift - Verein fuer eine oekologisch-solidarische Energie- & Weltwirtschaft e.V., World Fair Trade Organization - Europe, Anders Handeln, TROCA;European Parliament;26/09/24
190517;Martin SCHIRDEWAN;GUE/NGL;Germany;[];Member;;Austausch zur zukünftigen Zusammenarbeit;EUROPEAN TRADE UNION CONFEDERATION;European Parliament;24/09/24
190517;Martin SCHIRDEWAN;GUE/NGL;Germany;['ECON'];Member;;BigTech und Wettbewerb;LobbyControl, Open Markets Institute, SOMO;European Parliament;10/09/24
190517;Martin SCHIRDEWAN;GUE/NGL;Germany;['INTA'];Member;;Internationaler Dialog;Kommunistische Partei Japan;Berlin;02/09/24
190517;Martin SCHIRDEWAN;GUE/NGL;Germany;['INTA'];Member;;Internationaler Dialog;IPHL, IDCPC;Beijing;23/07/24
190517;Martin SCHIRDEWAN;GUE/NGL;Germany;['INTA'];Member;;Internationaler Dialog;Chinese Academy of Macroeconomic Research, IA KPCh, Politbüro KPCh;Beijing;22/07/24
190517;Martin SCHIRDEWAN;GUE/NGL;Germany;['IMCO'];Shadow rapporteur;;Digital Service Act;EDRi;Online;04/05/20
190517;Martin SCHIRDEWAN;GUE/NGL;Germany;['IMCO'];Shadow rapporteur;;Digital Service Act;vzbv;Online;02/04/20
190517;Martin SCHIRDEWAN;GUE/NGL;Germany;[];Member;;Europäische Sommeruniversität;ATTAC;Parliament;06/01/20
197422;Christine SCHNEIDER;EPP;Germany;['AGRI'];Member;;Network meeting;Deutscher Bauernverband, Deutscher Raiffeisenverband e.V.;Haus der Deutschen Agrar- und Ernährungswirtschaft (Rue du Luxembourg 47-51, Brüssel;03/09/24
197422;Christine SCHNEIDER;EPP;Germany;['AGRI'];Member;;Outlook for the new legislative term;European Food Forum;EP;23/07/24
197422;Christine SCHNEIDER;EPP;Germany;['ENVI'];Member;;EU Biodiversity Strategy;European Anglers Alliance, European Tackle Trade Association;online;25/06/20
197422;Christine SCHNEIDER;EPP;Germany;['ENVI'];Member;;Farm to Fork;Deutscher Bauernverband;online;23/06/20
197422;Christine SCHNEIDER;EPP;Germany;['ENVI'];Member;;Farm to Fork und Krebsstrategie;spiritsEUROPE;online;22/06/20
197422;Christine SCHNEIDER;EPP;Germany;['ENVI'];Member;;Farm to Fork;Nestlé S.A.;online;16/06/20
197422;Christine SCHNEIDER;EPP;Germany;['ENVI'];Member;;Gesundheitspolitische Themen;AbbVie;online;25/05/20
197422;Christine SCHNEIDER;EPP;Germany;[];Member;;Räucherwirtschaft;Clean Smoke Coalition;Telefonat;13/05/20
197422;Christine SCHNEIDER;EPP;Germany;['ENVI'];Member;;Farm to Fork;Kelloggs;online;13/05/20
197422;Christine SCHNEIDER;EPP;Germany;['ENVI'];Member;;European Green Deal;RREUSE, Mathieu Rama;online;29/04/20
197422;Christine SCHNEIDER;EPP;Germany;[];Member;;digitaler Infrastrukturmarkt;BREKO, Deutscher Glasfaserverband;EP;28/04/20
197422;Christine SCHNEIDER;EPP;Germany;[];Member;;Beteiligung von Jugendlichen an der Politik;"Projekt ""Politik, wir müssen reden!""";Telefonat;16/04/20
197422;Christine SCHNEIDER;EPP;Germany;['ENVI'];Member;;Forstwirtschaft, Holzverarbeitung, Energieerzeugung auf Biomassebasis;Metsä Group;Telefonat;24/03/20
197422;Christine SCHNEIDER;EPP;Germany;['ENVI'];Member;;Implementation EU Green Deal and Farm to Fork Strategy;BASF SE;EP;17/03/20
197422;Christine SCHNEIDER;EPP;Germany;[];Member;;europäische Räucherwirtschaft;Clean Smoke Coalition;Telefonat;10/03/20
197422;Christine SCHNEIDER;EPP;Germany;['ENVI'];Member;;europäische elektronische Gesundheitsakten;IMB Deutschland;EP;18/02/20
197422;Christine SCHNEIDER;EPP;Germany;[];Member;;Verkehrswende;Bundesverband Deutscher Omnibusunternehmen e. V.;EP;05/02/20
197422;Christine SCHNEIDER;EPP;Germany;['ENVI'];Member;;Klimaneutralität und Unternehmensverantwortung;Robert Bosch GmbH;EP;04/02/20
197422;Christine SCHNEIDER;EPP;Germany;['ENVI'];Member;;Gesundheitspolitische Themen;Bundesverband Arzneimittel-Hersteller;EP;30/01/20
197422;Christine SCHNEIDER;EPP;Germany;['ENVI'];Member;;Tierwohl;Eurogroup for Animals;EP;30/01/20
197422;Christine SCHNEIDER;EPP;Germany;['ENVI'];Member;;Ernährungssicherheit und Entwicklungspolitik;Brot für die Welt/Diakonie Katastrophenhilfe;EP;29/01/20
197422;Christine SCHNEIDER;EPP;Germany;[];Member;;Digitalmarkt;1&1 AG;EP;29/01/20
197422;Christine SCHNEIDER;EPP;Germany;['ENVI'];Member;;Chemikalienstrategie;Chemieverbände RLP e.V.;Ludwigshafen;28/01/20
197422;Christine SCHNEIDER;EPP;Germany;[];Member;;aktuelle umwelt- und gesundheit politische Themen;Deutsche Krankenhausgesellschaft e.V.;EP;20/01/20
197422;Christine SCHNEIDER;EPP;Germany;[];Member;;Titaniumdioxidverbot;Fleishman-Hillard;EP delegated to APA;14/01/20
28223;Andreas SCHWAB;EPP;Germany;[];Member;;Priorities for the consumers agenda;Bureau Européen des Unions de Consommateurs;Brussels;03/10/24
28223;Andreas SCHWAB;EPP;Germany;['IMCO'];Member;;DMA and DSA implementation;Coalition for App Fairness;Brussels;02/10/24
28223;Andreas SCHWAB;EPP;Germany;[];Member;;future tech priorities;Google;European Parliament;30/09/24
28223;Andreas SCHWAB;EPP;Germany;[];Member;;priorities for the new legislative mandate;Bloomberg L.P.;European Parliament;26/09/24
28223;Andreas SCHWAB;EPP;Germany;[];Member;;Eu competitiveness;Bundesverband der Deutschen Volksbanken und Raiffeisenbanken;European Parliament;24/09/24
28223;Andreas SCHWAB;EPP;Germany;[];Member;;Crypto Currencies;Digital Currencies Governance Group Limited;European Parliament;23/09/24
28223;Andreas SCHWAB;EPP;Germany;[];Member;;competitiveness;Mouvement des Entreprises de France;European Parliament;17/09/24
28223;Andreas SCHWAB;EPP;Germany;[];Member;;Priorities for the new legislative mandate;Apple Inc.;Strasbourg;17/09/24
28223;Andreas SCHWAB;EPP;Germany;[];Member;;ECON;Revolut Ltd;Brussels;12/09/24
28223;Andreas SCHWAB;EPP;Germany;[];Member;;competitiveness;Industrie- und Handelskammer Schwarzwald-Baar-Heuberg;Telephone Call;09/09/24
257139;Benedetta SCUDERI;Greens / EFA;Italy;[];Member;;Animals welfare;Animal Welfare Foundation e.V.;Brussels;25/09/24
257139;Benedetta SCUDERI;Greens / EFA;Italy;[];Member;;Energy;Sympower;Brussels;25/09/24
257139;Benedetta SCUDERI;Greens / EFA;Italy;[];Member;;Beverage Cartons;The Alliance for Beverage Cartons and the Environment;Brussels;24/09/24
257139;Benedetta SCUDERI;Greens / EFA;Italy;[];Member;;Poverty;European Anti-Poverty Network;Brussels;24/09/24
257139;Benedetta SCUDERI;Greens / EFA;Italy;[];Member;;Cogeneration;COGEN;Brussels;24/09/24
257139;Benedetta SCUDERI;Greens / EFA;Italy;[];Member;;Palestine;Asso Pace;Brussels;23/09/24
257139;Benedetta SCUDERI;Greens / EFA;Italy;[];Member;;Energy;Euroheat and Power;Strasbourg;19/09/24
257139;Benedetta SCUDERI;Greens / EFA;Italy;[];Member;;Transport;FERROVIE DELLO STATO ITALIANE S.p.A.;Strasbourg;18/09/24
257139;Benedetta SCUDERI;Greens / EFA;Italy;[];Member;;Cinema;International Federation of Film Distributors' and Publishers' Associations;Strasbourg;18/09/24
257139;Benedetta SCUDERI;Greens / EFA;Italy;[];Member;;Energy;smartEn Smart Energy Europe;Strasbourg;18/09/24
197425;Ralf SEEKATZ;EPP;Germany;['ECON'];Shadow rapporteur;;Kleinanlegerstrategie;Deutsche Schutzvereinigung für Wertpapierbesitz e.V., European Federation of Investors and Financial Services Users;Brüssel;24/09/24
197425;Ralf SEEKATZ;EPP;Germany;[];Member;;Allgemeiner Austuasch;Revolut Ltd;Brüssel;12/09/24
197425;Ralf SEEKATZ;EPP;Germany;['ECON'];Member;;Allgemeiner Austausch;American Express Corporation;Brüssel;03/09/24
197425;Ralf SEEKATZ;EPP;Germany;[];Member;;Allgemeiner Austausch;Bundesverband der Zigarrenindustrie e.V.;Brüssel;03/09/24
197677;Günther SIDL;S&D;Austria;['ENVI'];Member;;New Genomic Techniques (NGTs);Testbiotech - Institute for Independent Impact Assessment of Biotechnology;Brussels;04/10/24
197677;Günther SIDL;S&D;Austria;['ENVI'];Member;;Expert Networking Dinner - Sustainable - Climate - Energy;CEPI - Confederation of European Paper Industry;Brussels;01/10/24
197677;Günther SIDL;S&D;Austria;[];Member;;General Exchange of Views;CEWEP;Brussels;21/12/20
197677;Günther SIDL;S&D;Austria;[];Member;;General Exchange of Views;Magenta Österreich;Brussels;10/12/20
197677;Günther SIDL;S&D;Austria;[];Member;;General Exchange of Views;Krammer Consultants;Brussels;09/12/20
197677;Günther SIDL;S&D;Austria;[];Member;;General Exchange of Views;Verband der Arzneimittel-Importeure Deutschlands;Brussels;02/12/20
197677;Günther SIDL;S&D;Austria;[];Member;;General Exchange of Views;Landwirtschaftskammer NÖ;Brussels;30/11/20
197677;Günther SIDL;S&D;Austria;[];Member;;General Exchange of Views;Landesregierung Steiermark;Brussels;27/11/20
197677;Günther SIDL;S&D;Austria;[];Member;;General Exchange of Views;BioNanoNet Forschungsgesellschaft mbH;Austria;01/09/20
197677;Günther SIDL;S&D;Austria;[];Member;;General Exchange of Views;FH Burgenland;Austria;28/07/20
197677;Günther SIDL;S&D;Austria;[];Member;;General Exchange of Views;MVA Müllverbrennungsanlagen Dürnrohr;Austria;20/07/20
197677;Günther SIDL;S&D;Austria;[];Member;;Medicines;AUSTROMED - Interessensvertretung der Medizinproduke;Austria;23/06/20
197677;Günther SIDL;S&D;Austria;[];Member;;General Exchange of Views;Fridays for Future Österreich;Austria;22/06/20
197677;Günther SIDL;S&D;Austria;['ENVI'];Rapporteur;;GAP;World Wide Fund for Nature (WWF);Brussels;17/06/20
197677;Günther SIDL;S&D;Austria;['ENVI'];Rapporteur;;GAP;Oberösterreichischer Imkerverband;Austria;05/06/20
197677;Günther SIDL;S&D;Austria;[];Member;;General Exchange of Views;Global 2000;Austria;04/06/20
197677;Günther SIDL;S&D;Austria;[];Member;;General Exchange of Views;Raiffeisen Bank;Austria;03/06/20
197677;Günther SIDL;S&D;Austria;[];Member;;General Exchange of Views;Bundesministerium fü, r Klimaschutz, Umwelt, Energie, Mobilität, Innovation und Technologie;Austria;29/05/20
197677;Günther SIDL;S&D;Austria;[];Member;;General Exchange of Views;Österreichische Ärztekammer (ÖAK);Austria;27/05/20
197677;Günther SIDL;S&D;Austria;[];Member;;General Exchange of Views;European Federation of Local Energy (CEDEC);Austria;13/05/20
197677;Günther SIDL;S&D;Austria;[];Member;;General Exchange of Views;Reclay Österreich GmbH;Austria;08/05/20
197677;Günther SIDL;S&D;Austria;[];Member;;General Exchange of Views;Umweltbüro Österreich;Austria;08/05/20
197677;Günther SIDL;S&D;Austria;[];Member;;General Exchange of Views;Österreichische Fachhochschul-Konferenz (FHK);Austria;29/04/20
197677;Günther SIDL;S&D;Austria;[];Member;;General Exchange of Views;Amt der Steiermärkischen Landesregierung;Austria;28/04/20
197677;Günther SIDL;S&D;Austria;[];Member;;General Exchange of Views;Global 2000;Austria;27/03/20
197677;Günther SIDL;S&D;Austria;[];Member;;General Exchange of Views;Energie Steiermark;Brussels;26/02/20
197677;Günther SIDL;S&D;Austria;[];Member;;General Exchange of Views;Energie- und Umweltagentur des Landes NÖ (eNu);Austria;24/02/20
197677;Günther SIDL;S&D;Austria;[];Member;;General Exchange of Views;Association of European Cancer (Cancer Care);Brussels;21/02/20
197677;Günther SIDL;S&D;Austria;[];Member;;General Exchange of Views;VCÖ - Mobilität mit Zukunft;Brussels;21/02/20
197677;Günther SIDL;S&D;Austria;[];Member;;General Exchange of Views;Verband Wärmepumpe Austria;Brussels;21/02/20
197677;Günther SIDL;S&D;Austria;[];Member;;General Exchange of Views;Nord Stream 2;Brussels;19/02/20
197677;Günther SIDL;S&D;Austria;[];Member;;General Exchange of Views;Arbeiterkammer Niederösterreich (AK-NÖ);Brussels;19/02/20
197677;Günther SIDL;S&D;Austria;[];Member;;General Exchange of Views;Österreichs E-Wirtschaft;Brussels;17/02/20
197677;Günther SIDL;S&D;Austria;[];Member;;General Exchange of Views;Arbeiterkammer (AK) Wien;Brussels;31/01/20
197677;Günther SIDL;S&D;Austria;[];Member;;General Exchange of Views;Sozialdemokratischer Wirtschaftsverband Österreich (SWV);Austria;31/01/20
197677;Günther SIDL;S&D;Austria;[];Member;;General Exchange of Views;Wirtschaftskammer Wien (WKO);Brussels;17/01/20
197677;Günther SIDL;S&D;Austria;[];Member;;General Exchange of Views;European Association for higher educated Professionals;Brussels;17/01/20
197677;Günther SIDL;S&D;Austria;[];Member;;General Exchange of Views;Umweltbundesamt GmbH Wien;Brussels;07/01/20
256971;Lukas SIEPER;;Germany;[];Member;;Networking exchange;UNRWA - the United Nations Relief and Works Agency for Palestine Refugees in the Near Eas;Straßbourg, France;17/09/24
256971;Lukas SIEPER;;Germany;[];Member;;Networking exchange;EPIA SolarPower Europe;Straßbourg, France;17/09/24
256971;Lukas SIEPER;;Germany;[];Member;;Breakfast Meeting;ECLAG;Straßbourg, France;17/09/24
256971;Lukas SIEPER;;Germany;[];Member;;Breakfast Meeting;Forum Europa;Brussels, Belgium;12/09/24
256971;Lukas SIEPER;;Germany;[];Member;;Networking exchange;EPLO European Peacebuilding Liaison Office;Brussels, Belgium;11/09/24
256971;Lukas SIEPER;;Germany;[];Member;;Cocktail reception;Philip Morris International Inc.;Brussels, Belgium;11/09/24
256971;Lukas SIEPER;;Germany;[];Member;;Networking exchange;CONCORD Europe;Brussels, Belgium;11/09/24
256971;Lukas SIEPER;;Germany;[];Member;;Networking exchange;Voice EU;Brussels, Belgium;11/09/24
256971;Lukas SIEPER;;Germany;[];Member;;Networking exchange;Netzwerk Europäischer Eisenbahnen e. V.;Brussels, Belgium;10/09/24
256971;Lukas SIEPER;;Germany;[];Member;;Networking exchange;European Sea Ports Organisation;Brussels, Belgium;10/09/24
197426;Sven SIMON;EPP;Germany;[];Member;;Digitalpolitik;TikTok Technology Ltd;Straßburg;17/09/24
197426;Sven SIMON;EPP;Germany;[];Member;;Wirtschaftspolitik;K+S Aktiengesellschaft;Brüssel;11/09/24
197426;Sven SIMON;EPP;Germany;['AFCO'];Member;;Änderung der europäischen Verträge;Oettinger Consulting GmbH;Brüssel;10/09/24
197426;Sven SIMON;EPP;Germany;[];Member;;Lobbyregulierung;LobbyControl;Straßburg;16/07/24
256946;Christine SINGER;RE;Germany;['AGRI'];Member;;Austausch neue Legislaturperiode;Copa-Cogeca;Brüssel;02/10/24
256946;Christine SINGER;RE;Germany;['AGRI'];Member;;Austausch neue Legislaturperiode;USIPA;Brüssel;01/10/24
256946;Christine SINGER;RE;Germany;['ENVI'];Member;;Austausch neue Legislaturperiode;Chemicals, Health and Environment Monitoring Trust;Brussels;26/09/24
256946;Christine SINGER;RE;Germany;['AGRI'];Member;;Austausch neue Legislaturperiode;CEEREAL - European Breakfast Cereal Association;online;25/09/24
256946;Christine SINGER;RE;Germany;['AGRI'];Member;;Austausch neue Legislaturperiode;European Biogas Association;Brüssel;25/09/24
256946;Christine SINGER;RE;Germany;['AGRI'];Member;;Austausch neue Legislaturperiode;CIBE;Brüssel;25/09/24
256946;Christine SINGER;RE;Germany;['AGRI'];Member;;Austausch neue Legislaturperiode;BSI;online;25/09/24
256946;Christine SINGER;RE;Germany;['AGRI'];Member;;Austausch neue Legislaturperiode;European Biodiesel Board;Brüssel;24/09/24
256946;Christine SINGER;RE;Germany;['AGRI'];Member;;Austausch neue Legislaturperiode;Biocontrol Coalition;Brüssel;24/09/24
256946;Christine SINGER;RE;Germany;['AGRI'];Member;;Austausch neue Legislaturperiode;BBV;Brüssel;24/09/24
96932;Birgit SIPPEL;S&D;Germany;['LIBE'];Member;;Commissioner Hearings;Churches' Commission for Migrants in Europe, International Rescue Committee Inc;Teams;04/10/24
96932;Birgit SIPPEL;S&D;Germany;['LIBE'];Rapporteur;;Facilitation Directive (staff-level);Sea-Watch e.V.;Webex;03/10/24
96932;Birgit SIPPEL;S&D;Germany;['LIBE'];Member;;AI Connect Academy (staff-level);Google;Brussels;03/10/24
96932;Birgit SIPPEL;S&D;Germany;['LIBE'];Member;;EP relations (staff-level);Landesvertretung Hessen;Brussels;02/10/24
96932;Birgit SIPPEL;S&D;Germany;['LIBE'];Member;;Mozilla's policy priorities for the new mandate (staff-level);Mozilla;Brussels;02/10/24
96932;Birgit SIPPEL;S&D;Germany;['LIBE'];Member;;exchange of views, challenges in the new mandate;IG Metall;Brussels;02/10/24
96932;Birgit SIPPEL;S&D;Germany;['LIBE'];Rapporteur;;Research Interview on Screening Regulation, decision-making process behind the Pact on Migration and Asylum (staff-level);Ludwig-Maximilians-Universität München;Brussels;01/10/24
96932;Birgit SIPPEL;S&D;Germany;['LIBE'];Member;;Justice topics in the new mandate;Commissioner Designate;Brussels;01/10/24
96932;Birgit SIPPEL;S&D;Germany;['LIBE'];Member;;challenges in the new mandate and judicial cooperation;Eurojust;Brussels;01/10/24
96932;Birgit SIPPEL;S&D;Germany;[];Member;;Child sexual abuse directive (staff-level);Permanent Representation of Germany to the EU;Brussels;01/10/24
96932;Birgit SIPPEL;S&D;Germany;['LIBE'];Member;;Upcoming parliamentary term 2024 - 2029;Commission Secretariat-General;Brussels;26/06/24
96932;Birgit SIPPEL;S&D;Germany;['LIBE'];Member;;Digital files in LIBE;European Digital Rights;Phone call;26/06/24
96932;Birgit SIPPEL;S&D;Germany;['LIBE'];Member;;20th anniversary EDPS;European Data Protection Supervisor (EDPS);Brussels;20/06/24
96932;Birgit SIPPEL;S&D;Germany;['LIBE'];Member;;Public screening of EURO 2024 match;Schwarz Unternehmenskommunikation International GmbH;Brussels;19/06/24
96932;Birgit SIPPEL;S&D;Germany;['LIBE'];Member;;Preparation event on Common European Asylum System on 27 June;Berlin Governance Platform gGmbH;Phone call;19/06/24
96932;Birgit SIPPEL;S&D;Germany;['LIBE'];Member;;International e-evidence negotiations;Permanent Representation of Germany to the EU;Brussels;18/06/24
96932;Birgit SIPPEL;S&D;Germany;[];Member;;Gespräch zur Zukunft der Kunststoffindustrie in Europa;Maag GmbH;Ense;14/06/24
96932;Birgit SIPPEL;S&D;Germany;['LIBE'];Member;;Outreach and awareness in the next mandate;Amnesty International Limited, Platform for International Cooperation on Undocumented Migrants, Save the Children Europe;Brussels;12/06/24
96932;Birgit SIPPEL;S&D;Germany;[];Member;;Women in Tech Policy;UK Mission to the EU;Brussels;11/06/24
96932;Birgit SIPPEL;S&D;Germany;[];Member;;Criminalising migration (staff-level);PICUM;Zoom;06/06/24
96932;Birgit SIPPEL;S&D;Germany;['LIBE'];Rapporteur;;Recommendations for the next five years of EU migration policy (staff-level);International Centre for Migration Policy Development;Brussels;05/06/24
96932;Birgit SIPPEL;S&D;Germany;['LIBE'];Member;;Experience with UN human rights in LIBE committee (staff-level);UN OHCHR Brussels;Zoom;04/06/24
96932;Birgit SIPPEL;S&D;Germany;[];Member;;"""Wer verteidigt Europa""";Wehrbeauftragter des Deutschen Bundestages;Olsberg;04/06/24
96932;Birgit SIPPEL;S&D;Germany;['LIBE'];Rapporteur;;Exchange of Views;DG CONNECT;Video;10/12/20
96932;Birgit SIPPEL;S&D;Germany;['LIBE'];Rapporteur;;Exchange of Views;Kommissariat der deutschen Bischöfe in Berlin;Video;09/12/20
96932;Birgit SIPPEL;S&D;Germany;['LIBE'];Member;;Exchange of Views;Bombardier;Video;04/12/20
96932;Birgit SIPPEL;S&D;Germany;['LIBE'];Rapporteur;;ePrivacy derogation / CSAM;Permanent Representation of Germany;Phone;04/12/20
96932;Birgit SIPPEL;S&D;Germany;['LIBE'];Member;;Exchange of Views;EuroCOP;Video;02/12/20
96932;Birgit SIPPEL;S&D;Germany;['AIDA'];Member;;Exchange of Views;Verband Deutscher Maschinen- und Anlagenbau;Video;27/11/20
96932;Birgit SIPPEL;S&D;Germany;['LIBE'];Member;;Exchange of Views;Agentur für Arbeit Soest-Meschede;Video;26/11/20
96932;Birgit SIPPEL;S&D;Germany;['LIBE'];Rapporteur;;Exchange of Views on European Migration Policy;Friedrich-Ebert-Stiftung, Pro Asyl, Stiftung Wissenschaft und Politik, Seebrücke, Ärzte ohne Grenzen, Deutsches Institut für Menschenrechte;Video;20/11/20
96932;Birgit SIPPEL;S&D;Germany;['LIBE'];Member;;Exchange of Views;Stadt Arnsberg;Video;19/11/20
96932;Birgit SIPPEL;S&D;Germany;['LIBE'];Rapporteur;;ePrivacy derogation / CSAM;Center for Democracy & Technology;Video;18/11/20
96932;Birgit SIPPEL;S&D;Germany;['LIBE'];Member;;Exchange of views;Evangelische Kirche in Deutschland;Video;17/11/20
96932;Birgit SIPPEL;S&D;Germany;['LIBE'];Rapporteur;;ePrivacy derogation/ CSAM;Facebook;Video call;10/11/20
96932;Birgit SIPPEL;S&D;Germany;['LIBE'];Rapporteur;;ePrivacy derogation/ CSAM;UNICEF;Video call;05/11/20
96932;Birgit SIPPEL;S&D;Germany;['LIBE'];Rapporteur;;ePrivacy derogation/ CSAM;World Childhood Foundation Deutschland;Video call;04/11/20
96932;Birgit SIPPEL;S&D;Germany;['LIBE'];Rapporteur;;ePrivacy derogation/ CSAM;eco;Video call;04/11/20
96932;Birgit SIPPEL;S&D;Germany;['LIBE'];Rapporteur;;Exchange of views on CSAM detection technologies and ePrivacy derogation;Microsoft;Video;22/10/20
96932;Birgit SIPPEL;S&D;Germany;['LIBE'];Rapporteur;;exchange of views on CSAM online/ encryption;ISOC;Brussels (video);21/10/20
96932;Birgit SIPPEL;S&D;Germany;['AIDA', 'LIBE'];Member;;Exchange of views on AI and public security;Nuctech/ EPPA;Brussels (video);20/10/20
96932;Birgit SIPPEL;S&D;Germany;['LIBE'];Member;;GDPR enforcement;BEUC;Brussels (video);20/10/20
96932;Birgit SIPPEL;S&D;Germany;['LIBE'];Rapporteur;;Exchange of views on ePrivacy derogation;Home Affairs Commissioner;Brussels;19/10/20
96932;Birgit SIPPEL;S&D;Germany;['LIBE'];Rapporteur;;Exchange of views of e-evidence, ePrivacy regulation, ePrivacy derogation;EDPS (European Data Protection Supervisor);Brussels (video);16/10/20
96932;Birgit SIPPEL;S&D;Germany;['AIDA', 'LIBE'];Member;;Exchange of views on AI;Adobe;Brussels (video);14/10/20
96932;Birgit SIPPEL;S&D;Germany;['LIBE'];Member;;Exchange of Views on New Pact on Migration and Asylum;Committee of the Regions rapporteur for the opinion on the New Pact on Migration and Asylum;Video;13/10/20
96932;Birgit SIPPEL;S&D;Germany;['LIBE'];Member;;"ECI ""Minority Safepack"", Rule of Law, New Pact on Migration";Permanent Representation of Romania to the EU;Brussels (video);07/10/20
96932;Birgit SIPPEL;S&D;Germany;['AIDA', 'LIBE'];Member;;Exchange of views on money laundering, AI, Green Deal and Digital;GMVV & Co. GmbH;Brussels;29/09/20
96932;Birgit SIPPEL;S&D;Germany;['LIBE'];Rapporteur;;e-evidence;DG JUST, EU Commission, Cabinet Reynders;Visioconference;24/09/20
96932;Birgit SIPPEL;S&D;Germany;['LIBE'];Member;;Forest-wood related sustainability projects;Cabinet Timmermans, European Commission;WebEx;16/09/20
96932;Birgit SIPPEL;S&D;Germany;['LIBE'];Member;;Exchange of Views on New Pact on Migration;Commissioner for Home Affairs;Brussels;15/09/20
96932;Birgit SIPPEL;S&D;Germany;['LIBE'];Member;;Exchange of Views on New Pact on Migration and Situation in Cyprus;Churches Commission for Migrants in Europe, Evangelische Kirche in Deutschland, Representation of the Church of Cyprus;Visioconference;10/09/20
96932;Birgit SIPPEL;S&D;Germany;['LIBE'];Rapporteur;;Child Sexual Abuse Online;Internet Watch Foundation;WebEx;02/09/20
96932;Birgit SIPPEL;S&D;Germany;['LIBE'];Member;;Exchange of Views on Situation in Greece and New Pact;Oxfam;Visioconference;14/07/20
96932;Birgit SIPPEL;S&D;Germany;['LIBE'];Member;;Terrorist Content Online;German Ministry of the Interior;Phone call;25/06/20
96932;Birgit SIPPEL;S&D;Germany;['LIBE'];Member;;Presentation and exchange of views on policy paper on SLAPPs co-signed by 119 civil society organisations;Greenpeace, European Centre for Press and Media Freedom, Committee to Protect Journalists, Reporters without Borders;Visioconference;25/06/20
96932;Birgit SIPPEL;S&D;Germany;['LIBE'];Member;;Exchange of views on Fair Trials' Work;Fair Trials International;Visioconference;22/06/20
96932;Birgit SIPPEL;S&D;Germany;['LIBE'];Member;;Exchange of views on Migration;Commissioner for Home Affairs;Brussels;15/06/20
96932;Birgit SIPPEL;S&D;Germany;['LIBE'];Member;;New Pact on Migration and Asylum;Red Cross;Visioconference;07/06/20
96932;Birgit SIPPEL;S&D;Germany;['LIBE'];Member;;Exchange of views with Home Affairs Commissioner;Home Affairs Commissioner;Brussels;02/06/20
96932;Birgit SIPPEL;S&D;Germany;['LIBE'];Rapporteur;;The role of technology in the Covid-19 pandemic/ e-evidence/ ePrivacy;Microsoft;Visioconference;28/05/20
96932;Birgit SIPPEL;S&D;Germany;['LIBE'];Member;;Brexit/ Citizens' Rights;UK Mission;Visioconference;28/05/20
96932;Birgit SIPPEL;S&D;Germany;['LIBE'];Rapporteur;;Exchange of views on e-evidence and ePrivacy;Kaspersky;Visioconference;19/05/20
96932;Birgit SIPPEL;S&D;Germany;['LIBE'];Rapporteur;;Exchange of views with German Justice Minister: German Council Presidency and Justice files (amongst others e-evidence);German Minister of Justice;Visioconference;18/05/20
96932;Birgit SIPPEL;S&D;Germany;['LIBE'];Member;;Exchange of Views on Migration;Permanent Representation of Malta;Visioconference;07/05/20
96932;Birgit SIPPEL;S&D;Germany;['LIBE'];Member;;Contract Tracing Apps;Google;Visioconference;05/05/20
96932;Birgit SIPPEL;S&D;Germany;['LIBE'];Member;;Corona-Hintergrundsgespräch mit deutschen Einzelhandelsvertretern;HDE,, Markant, METRO AG, REWE Group;Visioconference;24/04/20
96932;Birgit SIPPEL;S&D;Germany;['LIBE'];Member;;Exchange of views: Relocation Unaccompanied Minors Greece;EASO;Visioconference;23/04/20
96932;Birgit SIPPEL;S&D;Germany;['LIBE'];Member;;Exchange of Views on AMIF;Deutsche Welle;Visioconference;24/03/20
96932;Birgit SIPPEL;S&D;Germany;['LIBE'];Member;;Exchange of views: ISFE, Europe's video games industry;ISFE;Brussels;02/03/20
96932;Birgit SIPPEL;S&D;Germany;['LIBE'];Rapporteur;;Exchange of Views;Centre for European Policy Studies;Brussels;18/02/20
96932;Birgit SIPPEL;S&D;Germany;['LIBE'];Member;;Exchange of views on the role of municipalities in integrating migrants and refugees;EUROCITIES;Brussels;18/02/20
96932;Birgit SIPPEL;S&D;Germany;['LIBE'];Member;;Exchange of Views on Asset Recovery & non-conviction-based Confiscation;Transparency International;Brussels;18/02/20
96932;Birgit SIPPEL;S&D;Germany;['LIBE'];Rapporteur;;Exchange of Views;Members of the House of Representatives of the Netherlands (Tweede Kamer), Justice and Security Committee;Brussels;17/02/20
96932;Birgit SIPPEL;S&D;Germany;['LIBE'];Member;;Exchange of Views;Commissioner for Values and Transparency;Strasbourg;12/02/20
96932;Birgit SIPPEL;S&D;Germany;['LIBE'];Member;;Performance audit on European Integrated Border Management.;European Court of Auditors;Strasbourg;11/02/20
96932;Birgit SIPPEL;S&D;Germany;['LIBE'];Member;;Exchange of Views;Cabinet of the President of the European Commission;Strasbourg;11/02/20
96932;Birgit SIPPEL;S&D;Germany;['LIBE'];Rapporteur;;Exchange of Views;Commissioner for Justice;Brussels;06/02/20
96932;Birgit SIPPEL;S&D;Germany;['LIBE'];Member;;Exchange of Views on Implementation;Blueprint for Free Speech;Brussels;04/02/20
96932;Birgit SIPPEL;S&D;Germany;['LIBE'];Member;;Exchange of Views;Fridays for Future Iserlohn;Brussels;30/01/20
96932;Birgit SIPPEL;S&D;Germany;['LIBE'];Member;;Exchange of Views;Regional Internet Registry for Europe;Brussels;29/01/20
96932;Birgit SIPPEL;S&D;Germany;['LIBE'];Rapporteur;;Exchange of Views;Bundesdruckerei GmBH, D-Trust, Erste Lesung;Brussels;29/01/20
96932;Birgit SIPPEL;S&D;Germany;['LIBE'];Member;;Exchange of Views;DG HOME;Brussels;23/01/20
96932;Birgit SIPPEL;S&D;Germany;['LIBE'];Member;;Exchange of Views;Commissioner for Home Affairs;Brussels;22/01/20
96932;Birgit SIPPEL;S&D;Germany;['LIBE'];Member;;Exchange of Views;VECCO;Soest;17/01/20
96932;Birgit SIPPEL;S&D;Germany;['LIBE'];Member;;Exchange of Views;Deutscher Gewerkschaftsbund;Strasbourg;16/01/20
96932;Birgit SIPPEL;S&D;Germany;['LIBE'];Member;;Exchange of Views on Schengen Area;Commissioner for Home Affairs;Strasbourg;15/01/20
96932;Birgit SIPPEL;S&D;Germany;['LIBE'];Member;;Exchange of Views on Rule of Law in Poland;Polish Judges;Strasbourg;15/01/20
96932;Birgit SIPPEL;S&D;Germany;['LIBE'];Rapporteur;;Exchange of Views;Permanent Representation of the Czech Republic;Strasbourg;14/01/20
96932;Birgit SIPPEL;S&D;Germany;['LIBE'];Member;;Exchange of Views;Facebook;Strasbourg;14/01/20
96932;Birgit SIPPEL;S&D;Germany;['LIBE'];Rapporteur;;Exchange of Views;European Broadcasting Union;Brussels;07/01/20
257085;Krzysztof ŚMISZEK;S&D;Poland;['LIBE'];Member;;LGBT rights in Europe;ILGA EUROPE;European Parliament;03/10/24
257085;Krzysztof ŚMISZEK;S&D;Poland;['LIBE'];Member;;LGBT+ rights in Bulgaria;Forbidden Colours, Reclaim;European Parliament;26/09/24
257085;Krzysztof ŚMISZEK;S&D;Poland;[];Member;;Fight against HIV/AIDS;Acumen Public Affairs, ViiV Healthcare Limited;European Parliament;18/09/24
257085;Krzysztof ŚMISZEK;S&D;Poland;[];Member;;Sexual and Reproductive Rights;European Parliamentary Forum for Sexual and Reproductive Rights;European Parliament;17/07/24
257085;Krzysztof ŚMISZEK;S&D;Poland;[];Member;;Animal Welfare;WWF European Policy Programme;European Parliament;16/07/24
256910;Anthony SMITH;GUE/NGL;France;['ITRE'];Member;;Questions des droits des travailleurs en Europe;European Federation of Public Service Unions;Parlement européen - Bruxelles;02/10/24
256910;Anthony SMITH;GUE/NGL;France;[];Member;;État de l'inspection du travail en Europe;UFSE-CGT;Bruxelles;02/10/24
256910;Anthony SMITH;GUE/NGL;France;['AFCO'];Member;;Positions de CSE sur les dossiers liés à la commission AFCO;Civil Society Europe;Parlement européen - Bruxelles;01/10/24
256910;Anthony SMITH;GUE/NGL;France;['AFCO'];Member;;Dossiers liés à AFCO;EUROPEAN TRADE UNION CONFEDERATION;Parlement européen - Bruxelles;01/10/24
256910;Anthony SMITH;GUE/NGL;France;[];Member;;Lutte contre la pauvreté en Europe;EAPN;Parlement européen - Bruxelles;24/09/24
256910;Anthony SMITH;GUE/NGL;France;['ITRE'];Member;;Préoccupations concernant le financement des entités israéliennes complices des colonies illégales et de l'attaque en cours sur Gaza dans le cadre du programme de recherche Horizon Europe.;Plateforme des ONG françaises pour la Palestine;Parlement européen - Bruxelles;23/09/24
256910;Anthony SMITH;GUE/NGL;France;['CULT'];Member;;Situation des producteurs de cinéma et de télévision;EUROCINEMA, Association de producteurs de cinéma et de télévision;Parlement européen - Strasbourg;17/09/24
256910;Anthony SMITH;GUE/NGL;France;[];Member;;Morts au travail;EFBWW;Parlement européen - Bruxelles;11/09/24
256910;Anthony SMITH;GUE/NGL;France;[];Member;;Morts au travail;CGT UFSE - CGT TEFP;Paris;09/09/24
256910;Anthony SMITH;GUE/NGL;France;[];Member;;Situation politique en Nouvelle-Calédonie;Solidarité Kanaky 67;Parlement européen - Strasbourg;17/07/24
125325;Sander SMIT;EPP;Netherlands;['ENVI'];Member;;ENVI;COCIR(EU trade association for medical imaging and radiotherapy equipment);European Parliament - SXB;08/10/24
125325;Sander SMIT;EPP;Netherlands;['ENVI'];Member;;AGRI/ENVI;Lely International N.V. - 601111948617-12;European Parliament;03/09/24
197417;Tomislav SOKOL;EPP;Croatia;[];Member;;Health policy;European Confederation of Pharmaceutical Entrepreneurs (EUCOPE);Strasbourg;09/10/24
197417;Tomislav SOKOL;EPP;Croatia;[];Member;;Internal market and consumer protection;Huawei Technologies;Strasborug;08/10/24
197417;Tomislav SOKOL;EPP;Croatia;[];Member;;European legislation;Meta Platforms Ireland Limited and its various subsidiaries;Strasbourg;18/09/24
197417;Tomislav SOKOL;EPP;Croatia;[];Member;;European legislation;European Cigar Manufacturers Association;Strasbourg;18/09/24
197417;Tomislav SOKOL;EPP;Croatia;[];Member;;Health policy;European Kidney Health Alliance;Strasbourg;18/09/24
197417;Tomislav SOKOL;EPP;Croatia;[];Member;;Health policy;EUROPEAN ORGANISATION FOR RARE DISEASES;Strasbourg;17/09/24
197417;Tomislav SOKOL;EPP;Croatia;[];Member;;Health policy;MEDICINES FOR EUROPE;Strasbourg;17/09/24
197417;Tomislav SOKOL;EPP;Croatia;[];Member;;Political priorities;EUTOP Brussels SRL;Brussels;12/09/24
197417;Tomislav SOKOL;EPP;Croatia;[];Member;;Health policy;EFPIA;Brussels;12/09/24
197417;Tomislav SOKOL;EPP;Croatia;[];Member;;Health policy;Bristol Myers Squibb;Brussels;11/09/24
197417;Tomislav SOKOL;EPP;Croatia;['IMCO'];Shadow rapporteur;;A Farm to Fork Strategy for a fair, healthy and environmentally friendly food system, IMCO Opinion 2020/0000(INI);President of Croatian Chamber of Agriculture;Zagreb;25/09/20
197417;Tomislav SOKOL;EPP;Croatia;['IMCO'];Shadow rapporteur;;A Farm to Fork Strategy for a fair, healthy and environmentally friendly food system, IMCO Opinion 2020/0000(INI);Members of Croatian Chamber of Commerce;Zagreb;24/09/20
197417;Tomislav SOKOL;EPP;Croatia;['IMCO'];Shadow rapporteur;;A Farm to Fork Strategy for a fair, healthy and environmentally friendly food system, IMCO Opinion 2020/0000(INI);FORTENOVA GRUPA;Zagreb;23/09/20
197417;Tomislav SOKOL;EPP;Croatia;[];Member;;Report on the shortage of medicines – how to address an emerging problem (2020/2071(INI));Head of Agency HALMED;Zagreb;22/09/20
197784;Susana SOLÍS PÉREZ;EPP;Spain;['ITRE'];Member;;Automotive sector crisis;TOYOTA MOTOR EUROPE;European Parliament;09/10/24
197784;Susana SOLÍS PÉREZ;EPP;Spain;['ENVI'];Member;;European industrial strategy;CEPI Eurokraft;European Parliament;09/10/24
197784;Susana SOLÍS PÉREZ;EPP;Spain;['IMCO'];Member;;Digital Policy;BEUC;European Parliament;07/10/24
197784;Susana SOLÍS PÉREZ;EPP;Spain;['IMCO'];Member;;Digital regulation;Netflix International B.V.;European Parliament;01/10/24
197784;Susana SOLÍS PÉREZ;EPP;Spain;['ENVI'];Member;;European car manufacturing situation;Acea S.p.A.;European Parliament;01/10/24
197784;Susana SOLÍS PÉREZ;EPP;Spain;['ITRE'];Member;;Raw materials regulation;PRIMIGEA;Madrid;20/09/24
197784;Susana SOLÍS PÉREZ;EPP;Spain;['ITRE'];Member;;European automobile regulation;ANFAC;Madrid;20/09/24
197784;Susana SOLÍS PÉREZ;EPP;Spain;['ITRE'];Member;;Global automobile situation;FACONAUTO;Madrid;19/09/24
197784;Susana SOLÍS PÉREZ;EPP;Spain;['ITRE'];Member;;European Industrial Policy;ArcelorMittal;Strasbourg;17/09/24
197784;Susana SOLÍS PÉREZ;EPP;Spain;['ENVI'];Member;;European environmental regulation;Agrupación de fabricantes de cemento de España;European Parliament;11/09/24
197784;Susana SOLÍS PÉREZ;EPP;Spain;['REGI'];Shadow rapporteur;;European Regional Development Fund (ERDF) and Cohesion Fund legislation;La ONCE;Office;06/02/20
197784;Susana SOLÍS PÉREZ;EPP;Spain;['ENVI'];Shadow rapporteur;;Electric road vehicles;SEAT;Office;21/01/20
197784;Susana SOLÍS PÉREZ;EPP;Spain;['ENVI'];Shadow rapporteur;;The Real-Driving Emissions (RDE) legislation;European Automobile Manufacturers' Association;Office;17/01/20
256889;Liesbet SOMMEN;EPP;Belgium;['ENVI'];Member;;Health Forum: deelname als spreker: Prioriteiten EU op het vlak van gezondheid/vooruitblik op komende legislatuur;CM, Nationaal Intermutualistisch College;Karel De Grote gebouw Brussel;24/09/24
256889;Liesbet SOMMEN;EPP;Belgium;['EMPL'];Member;;Onderaanneming;ETF, EFBWW, EFFAT;Europees Parlement Straatsburg;17/09/24
256889;Liesbet SOMMEN;EPP;Belgium;['ENVI'];Member;;Bezoek landbouwbedrijf in het kader van Dag van de Landbouw;Boerenbond;Mol;15/09/24
256889;Liesbet SOMMEN;EPP;Belgium;['ENVI'];Member;;Werkbezoek/overleg Haven van Antwerpen/EU-beleid;Haven van Antwerpen;Havenhuis Antwerpen;13/09/24
256889;Liesbet SOMMEN;EPP;Belgium;['EMPL'];Member;;Deelname aan netwerkevent Vleva met Europese Parlementsleden;VLEVA;Europees Parlement;10/09/24
256889;Liesbet SOMMEN;EPP;Belgium;['EMPL'];Member;;EU Strijd tegen dakloosheid;FEANTSA, EPOCH;Europees Parlement Brussel;09/09/24
256889;Liesbet SOMMEN;EPP;Belgium;['EMPL'];Member;;Overleg Belgische vakbonden met Europese Parlementsleden;ACV, ABVV, ACLVB;Europees Parlement Brussel;05/09/24
256889;Liesbet SOMMEN;EPP;Belgium;['EMPL'];Member;;Dossiers commissie Werkgelegenheid en Sociale Zaken 2024-2029;ETUC;Europees Parlement Straatsburg;17/07/24
256889;Liesbet SOMMEN;EPP;Belgium;[];Member;;Prioriteiten en vooruitzichten 2024-2029;Permanente Vertegenwoordiging België bij de EU;Europees Parlement Straatsburg;17/07/24
257068;Hélder SOUSA SILVA;EPP;Portugal;['CULT'];Member;;Audiovisuais e telecomunicações;NÓS;Lisboa;04/10/24
257068;Hélder SOUSA SILVA;EPP;Portugal;['CULT'];Member;;Institutional Presentation;Airbnb Policy Team for Portugal;ASP 08 E142;02/10/24
257068;Hélder SOUSA SILVA;EPP;Portugal;['SEDE'];Member;;Institutional Presentation;IDB- Indústria de Defesa de Portugal;Lisboa;27/09/24
257068;Hélder SOUSA SILVA;EPP;Portugal;[];Member;;Institutional Presentation;CIP - Confederação Empresarial de Portugal;Lisboa;27/09/24
257068;Hélder SOUSA SILVA;EPP;Portugal;['BUDG'];Member;;apresentação do trabalho UNRWA, dificuldades no local, financiamento da UE;UNRWA;online;18/09/24
257068;Hélder SOUSA SILVA;EPP;Portugal;['DCAM'];Member;;institutional presentation;UPLA - União dos partidos latino americanos, ARC - Asamblea de la Resistencia Cubana;PE brussels Ofice;11/09/24
257068;Hélder SOUSA SILVA;EPP;Portugal;['BUDG'];Member;;Institutional Presentation;EPPO - European Public Prosecutors Office;PE Brussel Office;11/09/24
111412;Villy SØVNDAL;Greens / EFA;Denmark;[];Member;;Discussion on the situation in Ukraine;Free Russia Foundation;European Parliament;02/10/24
111412;Villy SØVNDAL;Greens / EFA;Denmark;[];Member;;Discussion on the situation in Palestine;Human Rights Watch;European Palriament;01/10/24
111412;Villy SØVNDAL;Greens / EFA;Denmark;[];Member;;Discussion on Israel and Palestine;Ofek: The Israeli Center for Public Affairs;European Parliament;26/09/24
111412;Villy SØVNDAL;Greens / EFA;Denmark;[];Member;;Point of discussion about security policy with Nordic universities;Greater Copenhagen EU Office;European Parliament;24/09/24
111412;Villy SØVNDAL;Greens / EFA;Denmark;[];Member;;Discussion on agricultural and workers' affairs;Landbrug & Fødevarer - Danish Agriculture and Food Council, United Federation of Danish Workers;Brussels;24/09/24
111412;Villy SØVNDAL;Greens / EFA;Denmark;[];Member;;Point of the discussion about Palestine;European Coordination of Committees and Associations for Palestine;European Parliament;24/09/24
111412;Villy SØVNDAL;Greens / EFA;Denmark;[];Member;;Discussion about matters regarding the labour market;United Federation of Danish Workers;United Federation of Danish Workers;24/09/24
111412;Villy SØVNDAL;Greens / EFA;Denmark;[];Member;;Point of discussion on the situation in Western Sahara and Palestine;GLOBAL AKTION;European Parliament;23/09/24
111412;Villy SØVNDAL;Greens / EFA;Denmark;[];Member;;General point of information;UNWRA;European Parliament;18/09/24
111412;Villy SØVNDAL;Greens / EFA;Denmark;[];Member;;General discussion;Open Doors International;European Parliament;17/09/24
257109;Marco SQUARTA;ECR;Italy;['CULT'];Member;;Introduction meeting and discussion about audiovisual legislative framework;Association of Commercial Television and Video on Demand Services in Europe;Strasbourg;09/10/24
257109;Marco SQUARTA;ECR;Italy;['CULT'];Member;;Introduction meeting and general discussion about AI act and copyright directive;Warner Music Group;Strasbourg;08/10/24
257109;Marco SQUARTA;ECR;Italy;['DEEA'];Member;;General introduction and future strategies;YARA  BELGIUM S.A.;Bruxelles;23/09/24
257109;Marco SQUARTA;ECR;Italy;['CULT'];Member;;Introduction meeting and general discussion about past and future of media;MFE - MEDIAFOREUROPE N.V;Strasbourg;18/09/24
58766;Nicolae ŞTEFĂNUȚĂ;Greens / EFA;Romania;[];Member;;Participation in events organized by the organization and support its activities;Romanian Women's Lobby;European Parliament;11/09/24
58766;Nicolae ŞTEFĂNUȚĂ;Greens / EFA;Romania;[];Member;;"creation of the intergroup ""United for Marginalised and Oppressed non-EU Communities""";Center for Civil Liberties;European Parliament;04/09/24
119435;Davor Ivo STIER;EPP;Croatia;[];Member;;Introductory meeting - relevant EU legislation overview in AFET committee;Mission of Montenegro to the European Union;European Parliament in Brussels;02/10/24
119435;Davor Ivo STIER;EPP;Croatia;[];Member;;Introductory meeting - relevant EU legislation overview in AFET committee;Mission of the Republic of Serbia to the EU;European Parliament in Brussels;01/10/24
119435;Davor Ivo STIER;EPP;Croatia;[];Member;;European Parliament Delegation to the Euro-Latin American Parliamentary Assembly in the new mandate;Embassy of Costa Rica in Belgium;Brasserie the Beer Factory;01/10/24
119435;Davor Ivo STIER;EPP;Croatia;[];Member;;The future of European Competitiveness report;Meta Platforms Ireland Limited and its various subsidiaries;European Parliament in Strasbourg;17/09/24
119435;Davor Ivo STIER;EPP;Croatia;[];Member;;Food processing industry;PODRAVKA Food Processing Industry, Incorporated;Zagreb;13/09/24
119435;Davor Ivo STIER;EPP;Croatia;[];Member;;Churches in Jerusalem and the Christian communities in the Holy Land;Protecting Holy Land Christian Campaign;European Parliament in Brussels;11/09/24
119435;Davor Ivo STIER;EPP;Croatia;[];Member;;Introductory meeting - relevant EU legislation overview;Philip Morris International Inc.;Luxembourg bar;10/09/24
119435;Davor Ivo STIER;EPP;Croatia;[];Member;;Geotermal potential of Croatia;Alpheus Public Affairs;Zagreb;06/09/24
119435;Davor Ivo STIER;EPP;Croatia;[];Member;;Position of Christian minorities in the Middle East;Aid to the Church in Need;Karsmakers Coffee House;05/09/24
119435;Davor Ivo STIER;EPP;Croatia;[];Member;;Marking the 1 year since the terrorist attack by Hamas on Israel;Israel Allies Foundation Europe;European Parliament Brussels;23/07/24
257025;Kristoffer STORM;ECR;Denmark;[];Member;;Consumer protection;Forbrugerrådet Tænk (the Danish Consumer Council);Bruxelles;01/10/24
257025;Kristoffer STORM;ECR;Denmark;[];Member;;Transportation;Nordic Logistics Association;Bruxelles;01/10/24
257025;Kristoffer STORM;ECR;Denmark;['ECON'];Member;;Financial Services;Danske Bank A/S;Bruxelles;26/09/24
257025;Kristoffer STORM;ECR;Denmark;['ECON'];Member;;Forthcoming tobacco regulation;Phillip Morris;Brussels;12/09/24
257025;Kristoffer STORM;ECR;Denmark;['ECON'];Member;;Financial Services;Finance Denmark;Brussels;24/07/24
257025;Kristoffer STORM;ECR;Denmark;[];Member;;Pharmaceutical regulation;Novo Nordisk A/S;Brussels;23/07/24
256991;Sebastiaan STÖTELER;PfE;Netherlands;['ENVI'];Member;;Introduction and discussion about Marine Protected Areas;Stichting De Noordzee;Brussels;26/09/24
256991;Sebastiaan STÖTELER;PfE;Netherlands;['ENVI'];Member;;Regulations regarding medicine and water purification;Richard Kempen, Dutch Association Innovative Medicines;Brussels;11/09/24
256991;Sebastiaan STÖTELER;PfE;Netherlands;['AFET'];Member;;Personal introduction;Haim Regev - Israeli Ambassador to EU and NATO;Strasbourg;17/07/24
256991;Sebastiaan STÖTELER;PfE;Netherlands;['AFET'];Member;;Personal introduction;Israel Allies Foundation Europe;Strasbourg;17/07/24
257101;Cecilia STRADA;S&D;Italy;['DMAS'];Member;;humanitarian situation of Palestinians in Gaza, West Bank and Lebanon in the context of the current escalation of the conflict;UNRWA;Strasbourg;08/10/24
257101;Cecilia STRADA;S&D;Italy;[];Member;;safeguarding sexual and reproductive health and rights in EU external action;International Planned Parenthood Federation European Network;Brussels;02/10/24
257101;Cecilia STRADA;S&D;Italy;[];Member;;Promotion of global health, access to sexual and reproductive in developing countries, gender equality;DSW (Deutsche Stiftung Weltbevoelkerung);Brussels;25/09/24
257101;Cecilia STRADA;S&D;Italy;[];Member;;Euro-Mediterranean dialogue;COSPE - Cooperazione per lo Sviluppo dei Paesi Emergenti Onlus;Brussels;25/09/24
257101;Cecilia STRADA;S&D;Italy;[];Member;;The situation in Palestine;European Coordination of Committees and Associations for Palestine;Brussels;24/09/24
257101;Cecilia STRADA;S&D;Italy;[];Member;;social economy priorities for the mandate;Social Economy Europe;Brussels;12/09/24
257101;Cecilia STRADA;S&D;Italy;[];Member;;Situation of journalists in Gaza;International Federation of Journalists;Strasbourg;17/07/24
256962;Joachim STREIT;RE;Germany;[];Member;;Packaging Waste;PAPIER-METTLER KG;Morbach;30/09/24
256962;Joachim STREIT;RE;Germany;[];Member;;EU financial policies;Finanzgruppe Deutscher Sparkassen- und Giroverband;Strasbourg;18/09/24
197772;Tineke STRIK;Greens / EFA;Netherlands;['AFET'];Member;;Situation Palestine;UN Human Rights Office;European Parliament;30/09/24
197772;Tineke STRIK;Greens / EFA;Netherlands;['LIBE'];Member;;EU external migration policy;ASGI;Virtual meeting;26/09/24
197772;Tineke STRIK;Greens / EFA;Netherlands;['AFET'];Member;;Fundamental Rights;The Rights Forum;Virtual meeting;26/09/24
197772;Tineke STRIK;Greens / EFA;Netherlands;['LIBE'];Member;;Conference about the asylum pact;Commissie Meijers, Vluchtelingenwerk;Amersfoort;26/09/24
197772;Tineke STRIK;Greens / EFA;Netherlands;['LIBE'];Member;;Interview about Asylum and Migration Pact;Centre for European Policy Studies;Virtual meeting;24/09/24
197772;Tineke STRIK;Greens / EFA;Netherlands;['AFET'];Member;;Security policy;GaPS;European Parliament;24/09/24
197772;Tineke STRIK;Greens / EFA;Netherlands;['LIBE'];Member;;Situation for asylum seekers in Greece;Stichting vluchteling;Virtual meeting;19/09/24
197772;Tineke STRIK;Greens / EFA;Netherlands;['AFET'];Member;;International justice;Human Rights Watch, Parliamentarians for Global Action;European Parliament;18/09/24
197772;Tineke STRIK;Greens / EFA;Netherlands;['LIBE'];Member;;Asylum legislation;VAJN;Online;18/09/24
197772;Tineke STRIK;Greens / EFA;Netherlands;['LIBE'];Member;;Fundamental Rights;Transparency International Hungary, Amnesty International, Hungarian Helsinki Committee;Strasbourg;17/09/24
197772;Tineke STRIK;Greens / EFA;Netherlands;['LIBE'];Member;;Lead Poisoning concerns in Lesbos migrant camp (Greece);Human Rights Watch;Videoconference;14/12/20
197772;Tineke STRIK;Greens / EFA;Netherlands;['AFET'];Shadow rapporteur;;Human Rights situation in North Macedonia;Civil Rights Defenders;Videoconference;07/12/20
197772;Tineke STRIK;Greens / EFA;Netherlands;['LIBE'];Member;;Frontex;Bellingcat;Videoconference;25/11/20
197772;Tineke STRIK;Greens / EFA;Netherlands;['AFET'];Shadow rapporteur;;Human Rights situation in Bosnia and Herzegovina;Civil Rights Defenders;Videoconference;17/11/20
197772;Tineke STRIK;Greens / EFA;Netherlands;['LIBE'];Member;;New Pact on Asylum and Migration;European Council on Refugees and Exiles;Videoconference;16/11/20
197772;Tineke STRIK;Greens / EFA;Netherlands;['LIBE'];Member;;Statelessness;European Network for Statelessness;Videoconference;10/11/20
197772;Tineke STRIK;Greens / EFA;Netherlands;[];Member;;Joint organisation of roundtable;UNHCR, CEPS;Videoconference;29/10/20
197772;Tineke STRIK;Greens / EFA;Netherlands;['LIBE'];Member;;The External Dimension of Migration Policy;Clingendael Institute;Videoconference;22/10/20
197772;Tineke STRIK;Greens / EFA;Netherlands;['LIBE'];Member;;Rule of Law in the EU;Amnesty International;Videoconference;15/10/20
197772;Tineke STRIK;Greens / EFA;Netherlands;['LIBE'];Member;;Cooperation - New Pact on Asylum and Migration;European Policy Centre;Videoconference;13/10/20
197772;Tineke STRIK;Greens / EFA;Netherlands;['LIBE'];Member;;New Pact on Asylum and Migration;Red Cross;Videoconference;01/10/20
197772;Tineke STRIK;Greens / EFA;Netherlands;[];Member;;Marital Captivity;Femmes For Freedom;Videoconference;22/09/20
197772;Tineke STRIK;Greens / EFA;Netherlands;['LIBE'];Member;;Migration related files;Stichting Bootvluchteling;Videoconference;16/09/20
197772;Tineke STRIK;Greens / EFA;Netherlands;['LIBE'];Member;;Situation in Greece;Oxfam;Videoconference;09/09/20
197772;Tineke STRIK;Greens / EFA;Netherlands;['LIBE'];Member;;Frontex;Statewatch;Videoconference;02/07/20
197772;Tineke STRIK;Greens / EFA;Netherlands;['LIBE'];Member;;Situation in Greece;Bellingcat;Videoconference;02/07/20
197772;Tineke STRIK;Greens / EFA;Netherlands;['LIBE'];Member;;Several Asylum and Migration related files;Institute of Peace;Videoconference;01/07/20
197772;Tineke STRIK;Greens / EFA;Netherlands;['LIBE'];Member;;Situation in Greece;Equal Rights Beyond Borders;Videoconference;15/06/20
197772;Tineke STRIK;Greens / EFA;Netherlands;['LIBE'];Member;;New EU Pact on Migration and Asylum;Conference of Peripheral Maritime Regions;Videoconference;09/06/20
197772;Tineke STRIK;Greens / EFA;Netherlands;[];Member;;Ending Violence Against Migrants Project;EVAM;Videoconference;28/05/20
197772;Tineke STRIK;Greens / EFA;Netherlands;['LIBE'];Member;;Labour migration;PICUM;Videoconference;26/05/20
197772;Tineke STRIK;Greens / EFA;Netherlands;['LIBE'];Member;;European Asylum and Migration Policy;ECRE, Amnesty International, Save the Children, EKD, CCME;Videoconference;20/05/20
197772;Tineke STRIK;Greens / EFA;Netherlands;['LIBE'];Member;;Refugees Malta;Aditus, JRS Malta, Integra Foundation;Videoconference;06/05/20
197772;Tineke STRIK;Greens / EFA;Netherlands;[];Member;;Ongoing files;ECRE;Videoconference;21/04/20
197772;Tineke STRIK;Greens / EFA;Netherlands;['LIBE'];Member;;facilitators' package;Amnesy International;Videoconference;15/04/20
197772;Tineke STRIK;Greens / EFA;Netherlands;['LIBE'];Member;;Situation on Greek Islands;SOSMoira;Videoconference;03/04/20
197772;Tineke STRIK;Greens / EFA;Netherlands;['LIBE'];Member;;Situation Greek hotspots;MSF;Videoconference;16/03/20
197772;Tineke STRIK;Greens / EFA;Netherlands;['LIBE'];Rapporteur;;Recast Returns Directive;Caritas, JRS, CCME, ICMC;European Parliament;22/01/20
197772;Tineke STRIK;Greens / EFA;Netherlands;[];Member;;Women's rights and related EP files;Femmes For Freedom;European Parliament;08/01/20
257119;Şerban-Dimitrie STURDZA;ECR;Romania;[];Member;;Introductory meeting;Ambassadors, H.E. Mr. Iván Ogando Lora, H.E. Mrs. Yaira Jiménez Roig, H.E. Mr. Xavier Aliaga Sancho, H.E. Mr. César Castañeda Lacayo, H.E. Mr. José Guadalupe Ruelas, and H.E. Mr. Luis Enrique Chávez Basagoitia;Autoworld;25/09/24
257119;Şerban-Dimitrie STURDZA;ECR;Romania;[];Member;;Introductory meeting;EuroCommerce;Strasbourg;18/09/24
257070;Marcin SYPNIEWSKI;ESN;Poland;[];Member;;Introductory meeting;Hutnicza Izba Przemysłowo-Handlowa;Brussels, Belgium;01/10/24
257070;Marcin SYPNIEWSKI;ESN;Poland;[];Member;;Introductory meeting;Digital Currencies Governance Group Limited;Strasbourg;17/09/24
256855;Pál SZEKERES;PfE;Hungary;[];Member;;Labour market challenges;The Adecco Group;European Parliament, Strasbourg;18/09/24
256855;Pál SZEKERES;PfE;Hungary;[];Member;;Labour market challenges;ExxonMobil Petroleum & Chemical;European Parliament, Strasbourg;18/09/24
256855;Pál SZEKERES;PfE;Hungary;[];Member;;Hungarian Delegation meeting;MOL Hungarian Oil and Gas Company;European Parliament, Strasbourg;17/09/24
256855;Pál SZEKERES;PfE;Hungary;[];Member;;Employment and social rights;Hungarian Chemical Industry Association;European Parliament, Brussels;12/09/24
256855;Pál SZEKERES;PfE;Hungary;[];Member;;European Week of Sport - and parasport;HU PRES;European Parliament, Brussels;11/09/24
256855;Pál SZEKERES;PfE;Hungary;[];Member;;Exchange on current disability issues;European Disability Forum;European Parliament, Brussels;10/09/24
256855;Pál SZEKERES;PfE;Hungary;[];Member;;Hungarian Delegation meeting;Kárpátaljai Magyar Kulturális Szövetség;European Parliament, Brussels;10/09/24
256855;Pál SZEKERES;PfE;Hungary;[];Member;;Hungarian Delegation meeting;Polgári Magyarországért Alapítvány;European Parliament, Brussels;10/09/24
256855;Pál SZEKERES;PfE;Hungary;[];Member;;Hungarian Delegation meeting;Mathias Corvinus Collegium Brussels;European Parliament, Brussels;10/09/24
124813;Dario TAMBURRANO;GUE/NGL;Italy;[];Member;;Priorità per la legislatura;European Forum for Renewable Energy Sources;Strasburgo - Parlamento Europeo;08/10/24
124813;Dario TAMBURRANO;GUE/NGL;Italy;[];Member;;Priorità per la legislatura;smartEn Smart Energy Europe;Strasburgo - Parlamento Europeo;08/10/24
124813;Dario TAMBURRANO;GUE/NGL;Italy;[];Member;;Priorità per la giusta transizione e la decarbonizzazione dell'industria;WWF Italia;Sede WWF Roma;03/10/24
124813;Dario TAMBURRANO;GUE/NGL;Italy;[];Member;;Priorità per la legislatura;REScoop.eu vzw;Bruxelles - Parlamento europeo;01/10/24
124813;Dario TAMBURRANO;GUE/NGL;Italy;[];Member;;Benessere degli animali;CIWF Italia;Bruxelles - Parlamento europeo;01/10/24
124813;Dario TAMBURRANO;GUE/NGL;Italy;[];Member;;Presentazione del settore;Federazione Nazionale Costruttori Macchine per l'Agricoltura;Bruxelles - Parlamento europeo;26/09/24
124813;Dario TAMBURRANO;GUE/NGL;Italy;[];Member;;Priorità per la legislatura;Confindustria;Bruxelles - Parlamento europeo;25/09/24
124813;Dario TAMBURRANO;GUE/NGL;Italy;[];Member;;Priorità per la legislatura;Eni S.p.A.;Bruxelles - Parlamento europeo;25/09/24
124813;Dario TAMBURRANO;GUE/NGL;Italy;[];Member;;Proposta sospensione accordo di associazione UE-Israele;Assopace Palestina;Bruxelles - Parlamento europeo;24/09/24
124813;Dario TAMBURRANO;GUE/NGL;Italy;[];Member;;Incontro di presentazione;CEE Bankwatch Network;Bruxelles - Parlamento europeo;24/09/24
257160;Marco TARQUINIO;S&D;Italy;['DEVE'];Member;;international partnerships and sustainable development;ACTION CONTRE LA FAIM;videocall;04/10/24
257160;Marco TARQUINIO;S&D;Italy;['DEVE'];Member;;MSF work;Médecins Sans Frontières International;videocall;01/10/24
257160;Marco TARQUINIO;S&D;Italy;['DROI'];Member;;situation in Israel/oPt;Ofek: The Israeli Center for Public Affairs;European Parliament;26/09/24
257160;Marco TARQUINIO;S&D;Italy;['AFET'];Member;;Situation in the Middle East;COSPE - Cooperazione per lo Sviluppo dei Paesi Emergenti Onlus;European Parliament;25/09/24
257160;Marco TARQUINIO;S&D;Italy;['DROI'];Member;;situation in the oPt;Palestinian Ambassador to the EU;European Parliament;24/09/24
257160;Marco TARQUINIO;S&D;Italy;['DROI'];Member;;Children's rights;UNICEF;European Parliament;23/09/24
257160;Marco TARQUINIO;S&D;Italy;['DROI'];Member;;situation in Israel/OPT;The Platform - Israeli NGOs for human rights;Brussels;10/09/24
257160;Marco TARQUINIO;S&D;Italy;['DEVE'];Member;;International cooperation;Caritas Europa;Online meeting;09/09/24
210480;Marta TEMIDO;S&D;Portugal;['ENVI'];Member;;Apresentação das prioridades da CIP para o novo ciclo político;CIP - Confederação Empresarial de Portugal;Brussels;12/09/24
210480;Marta TEMIDO;S&D;Portugal;['ENVI'];Member;;Life Sciences;Eli Lilly and Company;Brussels;11/09/24
210480;Marta TEMIDO;S&D;Portugal;['SANT'];Member;;EU Immunisation Strategy;Vaccines Europe;Brussels;09/09/24
210480;Marta TEMIDO;S&D;Portugal;['AFET'];Member;;Intergroup United for Marginalised and Oppressed Non-EU Communities;Center for Civil Liberties;European Parliament;04/09/24
257116;Georgiana TEODORESCU;ECR;Romania;['ITRE'];Member;;Introductory meeting;Federatia Patronala Petrol si Gaze;Bruxelles;04/09/24
257089;Alice TEODORESCU MÅWE;EPP;Sweden;['AFET'];Member;;Religious freedom;Open Doors International;European Parliament, Brussels;11/10/24
257089;Alice TEODORESCU MÅWE;EPP;Sweden;[];Member;;Lunch event together with Swedish and Finnish Steel and Metal value chain representatives;Jernkontoret;European Parliament, Strasbourg;09/10/24
257089;Alice TEODORESCU MÅWE;EPP;Sweden;[];Member;;Folkhälsa;IOGT-NTO;European Parliament;04/10/24
257089;Alice TEODORESCU MÅWE;EPP;Sweden;[];Member;;Skogsbruk;North Sweden;European Parliament, Brussels;03/10/24
257089;Alice TEODORESCU MÅWE;EPP;Sweden;[];Member;;Skogsfrågor under mandatperioden;Swedish Forest Industries Federation;Brussels;26/09/24
257089;Alice TEODORESCU MÅWE;EPP;Sweden;[];Member;;Jaktfrågor under mandatperioden;Svenska Jägareförbundet;European Parliament, Brussels;26/09/24
257089;Alice TEODORESCU MÅWE;EPP;Sweden;[];Member;;Frukostmöte med Nordic Food Industries;Livsmedelsföretagen;European Parliament, Brussels;25/09/24
257089;Alice TEODORESCU MÅWE;EPP;Sweden;[];Member;;Prioriteringar under mandatperioden;Lantbrukarnas Riksförbund;European Parliament, Brussels;25/09/24
257089;Alice TEODORESCU MÅWE;EPP;Sweden;[];Member;;Prioriteringar under mandatperioden;Naturskyddsföreningen;European Parliament, Brussels;24/09/24
257089;Alice TEODORESCU MÅWE;EPP;Sweden;[];Member;;Miljö- och klimat-prioriteringar under mandatperioden;Confederation of Swedish Enterprise;Brussels;18/09/24
197655;Cristian TERHEŞ;ECR;Romania;[];Member;;Conference on the situation in Israel and Palestinian books;Israel Allies Foundation Europe;Bruxelles;23/07/24
197655;Cristian TERHEŞ;ECR;Romania;[];Member;;situation in Israel;Israel Allies Foundation Europe;Strasbourg;17/07/24
197655;Cristian TERHEŞ;ECR;Romania;[];Member;;Human rights;FEDERACIÓN EUROPEA ONE OF US;Strasbourg;16/07/24
197655;Cristian TERHEŞ;ECR;Romania;[];Member;;situation in Georgia;Mission of Georgia to the EU;Strasbourg;15/07/24
197655;Cristian TERHEŞ;ECR;Romania;['DSCA'];Member;;9th Meeting of the EU-Georgia PAC;Chairperson of European Integration Committee of Parliament of Georgia;Strasbourg;11/02/20
197655;Cristian TERHEŞ;ECR;Romania;['LIBE'];Member;;parliamentary activity;RO Permanent Representation Head of Unit Justice - Coordination Justice, Civil Law, Company Law,  Justice Scoreboard, CATS (Justice);Brussels;27/01/20
197655;Cristian TERHEŞ;ECR;Romania;['D-MD'];Member;;7th EU-Moldova PAC meeting - 18-19 December 2019 - Strasbourg;MD Ambassador to Brussels;Brussels;22/01/20
197655;Cristian TERHEŞ;ECR;Romania;[];Member;;priorities of the digital commerce sector in Europe and Romania;ARMO, the Romanian e-commerce association;Brussels;22/01/20
197655;Cristian TERHEŞ;ECR;Romania;[];Member;;dinner;Georgian delegation to Brussels;Brussels;21/01/20
197655;Cristian TERHEŞ;ECR;Romania;['LIBE'];Member;;Schengen enlargement;Commissioner for Home Affairs;Strasbourg;15/01/20
197655;Cristian TERHEŞ;ECR;Romania;[];Member;;Romanian government authorities visit to Brussels;Romanian PM & other RO MEPs;Brussels;08/01/20
204449;Riho TERRAS;EPP;Estonia;[];Member;;The situation of Ukrainian prisoners of war in the context of Russia's war of aggression;Free Russia Foundation;Brussels;03/10/24
204449;Riho TERRAS;EPP;Estonia;[];Member;;Introductory meeting;MBDA;Brussels;03/10/24
204449;Riho TERRAS;EPP;Estonia;[];Member;;5G and defence;Nokia;Brussels;11/09/24
204449;Riho TERRAS;EPP;Estonia;[];Member;;Introductory meeting;Eesti Infotehnoloogia ja Telekommunikatsiooni Liit;Strasbourg;17/07/24
257090;Beatrice TIMGREN;ECR;Sweden;['ENVI'];Shadow rapporteur;;EU-Forrestry legislation;Permanent Representation of Finland to the EU;Strasbourg, France;08/10/24
257090;Beatrice TIMGREN;ECR;Sweden;[];Member;;EU Forestry;Södra Skogsägarna ekonomisk förening;Brussels, Belgium;25/09/24
257090;Beatrice TIMGREN;ECR;Sweden;[];Member;;EU Forestry;Lantbrukarnas Riksförbund;Brussels, Belgium;25/09/24
257090;Beatrice TIMGREN;ECR;Sweden;[];Member;;Swedish water politics;Svenskt Vatten;Brussels, Belgium;25/09/24
257090;Beatrice TIMGREN;ECR;Sweden;[];Member;;Small Modular Reactors (SMRs);newcleo;Brussels, Belgium;25/09/24
257090;Beatrice TIMGREN;ECR;Sweden;[];Member;;EU - labor market policy;Confederation of Swedish Enterprise;Brussels, Belgium;24/09/24
257090;Beatrice TIMGREN;ECR;Sweden;['PECH'];Member;;Baltic fishing policy;Sveriges Sportfiske- och fiskevårdsförbund;Virtual meeting;24/09/24
257090;Beatrice TIMGREN;ECR;Sweden;[];Member;;Tobacco legislation;Swedish Match;Brussels, Belgium;12/09/24
257090;Beatrice TIMGREN;ECR;Sweden;[];Member;;Tobacco legislation;Tobaksleverantörsföreningen;Brussels, Belgium;11/09/24
257090;Beatrice TIMGREN;ECR;Sweden;[];Member;;EU Forestry legislation;The Swedish Forest Industries Federation;Brussels, Belgium;10/09/24
197591;Irene TINAGLI;S&D;Italy;[];Member;;Meeting on chemical issues;Federazione Nazionale dell'Industria Chimica italiana;Strasbourg;08/10/24
197591;Irene TINAGLI;S&D;Italy;[];Member;;Meeting on automotive issues;Acea S.p.A.;Strasbourg;08/10/24
197591;Irene TINAGLI;S&D;Italy;[];Member;;Introductory meeting;Leonardo S.p.A.;Brussels;03/10/24
197591;Irene TINAGLI;S&D;Italy;[];Member;;Meeting on housing issues;International Union of Tenants;Brussels;03/10/24
197591;Irene TINAGLI;S&D;Italy;[];Member;;Introductory meeting;UNIC Concerie Italiane;Brussels;03/10/24
197591;Irene TINAGLI;S&D;Italy;[];Member;;Meeting on housing issues;Eurocities;Brussels;03/10/24
197591;Irene TINAGLI;S&D;Italy;[];Member;;Introductory meeting;Bioenergy Europe;Brussels;02/10/24
197591;Irene TINAGLI;S&D;Italy;[];Member;;Courtesy meeting;ICI Global;Brussels;02/10/24
197591;Irene TINAGLI;S&D;Italy;[];Member;;Courtesy meeting;Confindustria;Brussels;25/09/24
197591;Irene TINAGLI;S&D;Italy;[];Member;;Introductory meeting;BASF SE;Brussels;25/09/24
197591;Irene TINAGLI;S&D;Italy;['ECON'];Committee chair;;Meeting on Banking Issues;European Commission;Brussels;16/12/20
197591;Irene TINAGLI;S&D;Italy;['ECON'];Committee chair;;Courtesy Meeting;European Stability Mechanism (ESM);Video Conference;11/12/20
197591;Irene TINAGLI;S&D;Italy;['ECON'];Committee chair;;Meeting on Interinstitutional Relations;De Nederlandsche Bank;Video Conference;10/12/20
197591;Irene TINAGLI;S&D;Italy;['ECON'];Rapporteur;;NPL Directive - Secondary Market;European Bureau of Consumers' Unions (BEUC);Video Conference;26/11/20
197591;Irene TINAGLI;S&D;Italy;['ECON'];Committee chair;;Meeting on Banking Issues;Federcasse;Video Conference;26/11/20
197591;Irene TINAGLI;S&D;Italy;['ECON'];Committee chair;;Meeting on Insurance and Pensions Issues;Generali;Video Conference;29/10/20
197591;Irene TINAGLI;S&D;Italy;['ECON'];Committee chair;;Meeting on Interinstitutional Relations;Eurogroup;Video Conference;29/10/20
197591;Irene TINAGLI;S&D;Italy;['ECON'];Committee chair;;Meeting on Banking Issues;Single Resolution Board (SRB);Video Conference;21/10/20
197591;Irene TINAGLI;S&D;Italy;['ECON'];Committee chair;;Meeting on Banking Issues;Associazione Bancaria Italiana (ABI);Video Conference;19/10/20
197591;Irene TINAGLI;S&D;Italy;['ECON'];Committee chair;;Meeting on Taxation;DG-TAXUD;Video Conference;07/10/20
197591;Irene TINAGLI;S&D;Italy;['ECON'];Committee chair;;Meeting on Insurance and Pensions Issues;Allianz;Video Conference;30/09/20
197591;Irene TINAGLI;S&D;Italy;['ECON'];Rapporteur;;Meeting on InvestEU and RRF;European Long-Term Investment Associastion (ELTI);Video Conference;29/09/20
197591;Irene TINAGLI;S&D;Italy;[];Committee chair;;Meeting on Banking Issues;UBS;Video Conference;23/09/20
197591;Irene TINAGLI;S&D;Italy;[];Committee chair;;Meeting on Insurance Issues;Associazione Nazionale Imprese Assicuratrici (ANIA);Video Conference;16/09/20
197591;Irene TINAGLI;S&D;Italy;[];Committee chair;;Meeting on European Economic Governance and Interinstitutional Relations;Banque de France;Berlin;10/09/20
197591;Irene TINAGLI;S&D;Italy;[];Committee chair;;Meeting on Financial Markets;Deutsche Börse;Berlin;10/09/20
197591;Irene TINAGLI;S&D;Italy;[];Committee chair;;Meeting on Interinstitutional Relations;Deutsche Bundesbank;Berlin;10/09/20
197591;Irene TINAGLI;S&D;Italy;[];Committee chair;;Meeting on Interinstitutional Relations;Bundesministerium der Finanzen;Berlin;10/09/20
197591;Irene TINAGLI;S&D;Italy;[];Committee chair;;Meeting on European Economic Governance and Interinstitutional Relations;Eurogroup;Berlin;10/09/20
197591;Irene TINAGLI;S&D;Italy;[];Committee chair;;Meeting on Banking Issues;BNP Paribas;Berlin;10/09/20
197591;Irene TINAGLI;S&D;Italy;[];Committee chair;;Meeting on Banking Issues;Deutsche Bank;Berlin;10/09/20
197591;Irene TINAGLI;S&D;Italy;['ECON'];Committee chair;;Meeting on Interinstitutional Relations;European Economic and Social Committee (EESC);Brussels;07/07/20
197591;Irene TINAGLI;S&D;Italy;['ECON'];Committee chair;;Meeting on Interinstitutional Relations;European Bank for Reconstruction and Development (EBRD);Video Conference;17/06/20
197591;Irene TINAGLI;S&D;Italy;['ECON'];Committee chair;;Meeting on Banking and Financial Issues;London Stock Exchange;Video Conference;08/06/20
197591;Irene TINAGLI;S&D;Italy;['ECON'];Committee chair;;Meeting on Banking Issues;Single Supervisory Mechanism (SSM);Brussels;19/02/20
197591;Irene TINAGLI;S&D;Italy;['ECON'];Committee chair;;Meeting on Banking Issues;Deutsche Bank (DB);Brussels;19/02/20
197591;Irene TINAGLI;S&D;Italy;['ECON'];Committee chair;;Introductory Meeting;GENERALI;Brussels;18/02/20
197591;Irene TINAGLI;S&D;Italy;['ECON'];Committee chair;;Meeting on European Economic Governance and Interinstitutional Relations;European Central Bank;Brussels;18/02/20
197591;Irene TINAGLI;S&D;Italy;['ECON'];Committee chair;;Meeting on European Economic Governance and Interinstitutional Relations;European Court of Auditor (ECA);Strasbourg;12/02/20
197591;Irene TINAGLI;S&D;Italy;['ECON'];Committee chair;;Meeting on European Economic Governance and Interinstitutional Relations;European Central Bank (ECB);Brussels;06/02/20
197591;Irene TINAGLI;S&D;Italy;['ECON'];Committee chair;;Meeting on Banking and Financial Issues;Finance Watch;Brussels;05/02/20
197591;Irene TINAGLI;S&D;Italy;['ECON'];Committee chair;;Introductory Meeting;Bombardier;Brussels;05/02/20
197591;Irene TINAGLI;S&D;Italy;['ECON'];Committee chair;;Meeting on Market Infrastructures and CMU;European Systemic Risk Board (ESRB);Brussels;05/02/20
197591;Irene TINAGLI;S&D;Italy;['ECON'];Committee chair;;Meeting on Banking Issues;Banco Santander;Brussels;30/01/20
197591;Irene TINAGLI;S&D;Italy;['ECON'];Rapporteur;;Exchange of views on NPL;Consiglio Nazionale del Notariato;Brussels;29/01/20
197591;Irene TINAGLI;S&D;Italy;['ECON'];Committee chair;;Meeting on Market Infrastructures and CMU;London Stock Exchange;Brussels;29/01/20
197591;Irene TINAGLI;S&D;Italy;['ECON'];Committee chair;;Meeting on Investment EU;Cassa Depositi e Prestiti (CDP);Brussels;29/01/20
197591;Irene TINAGLI;S&D;Italy;['ECON'];Committee chair;;Meeting on Banking Issues;Mediobanca;Brussels;29/01/20
197591;Irene TINAGLI;S&D;Italy;['ECON'];Committee chair;;Meeting on Banking Issues;European Association of Co-operative Banks (EACB);Brussels;28/01/20
197591;Irene TINAGLI;S&D;Italy;['ECON'];Committee chair;;Introductory Meeting;De Nederlandsche Bank NV - DNB;Brussels;28/01/20
197591;Irene TINAGLI;S&D;Italy;['ECON'];Committee chair;;Meeting on Taxation;Oxford Committee for Famine Relief (OXFAM);Brussels;23/01/20
197591;Irene TINAGLI;S&D;Italy;['ECON'];Committee chair;;Meeting on Taxation;Action Aid;Brussels;23/01/20
197591;Irene TINAGLI;S&D;Italy;['ECON'];Committee chair;;Meeting on Banking Issues;UNICREDIT;Brussels;23/01/20
197591;Irene TINAGLI;S&D;Italy;['ECON'];Committee chair;;Meeting on Banking Issues;Bundesverband deutscher Banken;Brussels;23/01/20
197591;Irene TINAGLI;S&D;Italy;['ECON'];Committee chair;;Meeting on Taxation;Transparency International;Brussels;23/01/20
197591;Irene TINAGLI;S&D;Italy;['ECON'];Committee chair;;Meeting on Taxation;European Network on Debt and Development (EURODAD);Brussels;23/01/20
197591;Irene TINAGLI;S&D;Italy;['ECON'];Rapporteur;;Exchange of views on NPL;Bureau Européen des Unions de Consommateurs (BEUC);Brussels;21/01/20
197591;Irene TINAGLI;S&D;Italy;['ECON'];Committee chair;;Meeting on Investment in the European Union;European Investment Bank;Brussels;21/01/20
197591;Irene TINAGLI;S&D;Italy;['ECON'];Committee chair;;Meeting on Banking and Financial Issues;Her Majesty's Treasury UK;Brussels;21/01/20
197591;Irene TINAGLI;S&D;Italy;['ECON'];Committee chair;;Meeting on Banking Issues;European Banking Authority (EBA);Strasbourg;15/01/20
197591;Irene TINAGLI;S&D;Italy;['ECON'];Committee chair;;Introductory Meeting;Banco de Espagna;Strasbourg;14/01/20
197591;Irene TINAGLI;S&D;Italy;['ECON'];Committee chair;;Introductory Meeting;European Commission;Brussels;09/01/20
256885;Bruno TOBBACK;S&D;Belgium;['ENVI'];Member;;Climate Action Conference 2024;Bellona Europa;Brussels;01/10/24
256885;Bruno TOBBACK;S&D;Belgium;['ITRE'];Member;;European Battery Alliance and portable batteries;Energizer;Europees Parlement;30/09/24
256885;Bruno TOBBACK;S&D;Belgium;['ITRE'];Member;;Sustainable. Prosperous. Resilient. A Vision for Europe's Future;German Environment Agency - Umweltbundesamt;Brussels;30/09/24
256885;Bruno TOBBACK;S&D;Belgium;['ENVI'];Member;;Het Europees gezondheidsbeleid: uitdagingen en uitzichten voor de komende legislatuur;Solidaris - Union Nationale des Mutualités Socialistes - National Federation of Socialist Mutual Health Funds;Europees Parlement;27/09/24
256885;Bruno TOBBACK;S&D;Belgium;['ENVI'];Member;;Nieuw Genomische Technieken (NGTs) en wasmiddelen;EuropaBio;Europees Parlement;26/09/24
256885;Bruno TOBBACK;S&D;Belgium;[];Member;;De situatie in Tibet en ontmoeting met vertegenwoordigers van de International Campaign for Tibet;Save Tibet EU;Europees Parlement;25/09/24
256885;Bruno TOBBACK;S&D;Belgium;['ITRE'];Member;;Industrieel beleid en de uitdagingen voor de Europese chemische industrie;Cabot Corporation;Europees Parlement;24/09/24
256885;Bruno TOBBACK;S&D;Belgium;['ITRE'];Member;;Prioriteiten voor het Europees energiebeleid;Eurelectric aisbl;Europees Parlement;24/09/24
256885;Bruno TOBBACK;S&D;Belgium;['ITRE'];Member;;From Roadblocks to Roadmaps: Enabling Sustainable Investments in Europe;Globe EU;Europees Parlement;24/09/24
256885;Bruno TOBBACK;S&D;Belgium;['ENVI'];Member;;Carbon removals;Carbon Gap ASBL;Europees Parlement;24/09/24
197402;Tomas TOBÉ;EPP;Sweden;['D-BY'];Delegation chair;;Development Policy;Belarus Folkambassad i Sverige;Brussels;08/10/24
197402;Tomas TOBÉ;EPP;Sweden;['ITRE'];Member;;Industrial Policy;Inter IKEA Group;Brussels;08/10/24
197402;Tomas TOBÉ;EPP;Sweden;['TRAN'];Member;;Transport Policy;NORTH SWEDEN EUROPEAN OFFICE;Brussels;25/09/24
197402;Tomas TOBÉ;EPP;Sweden;['ITRE'];Member;;Industrial and Transport Policy;Alfa Laval Corporate AB, Confederation of Swedish Enterprise, Orgalim – Europe's Technology Industries;Brussels;24/09/24
197402;Tomas TOBÉ;EPP;Sweden;[];Member;;Industrial Policy;Swedish Security & Defence Industry Association;Online;17/09/24
197402;Tomas TOBÉ;EPP;Sweden;['TRAN'];Member;;Transport Policy;BUSINESSEUROPE;Brussels;17/09/24
197402;Tomas TOBÉ;EPP;Sweden;['DEVE'];Member;;Development Policy;Gavi, the Vaccine Alliance;Brussels;09/09/24
197402;Tomas TOBÉ;EPP;Sweden;['TRAN'];Member;;Transport Policy;Transportföretagen TF Service AB;Brussels;30/08/24
197402;Tomas TOBÉ;EPP;Sweden;[];Member;;Swedish priorities;Brussels Office of the Swedish Trade Unions;Brussels;25/07/24
197402;Tomas TOBÉ;EPP;Sweden;['ITRE'];Member;;Industrial Policy;#SustainablePublicAffairs;Brussels;25/07/24
197402;Tomas TOBÉ;EPP;Sweden;['DEVE'];Committee chair;;Water in EU's external action;forthcoming Slovenian Presidency;Digitalt;30/11/20
197402;Tomas TOBÉ;EPP;Sweden;['DEVE'];Committee chair;;Utvecklingen i Etiopien;Etiopiens ambassadör;Digitalt;26/11/20
197402;Tomas TOBÉ;EPP;Sweden;['DEVE'];Committee chair;;Biståndspolitik;Diakonia och Oxfam;Digitalt;11/11/20
197402;Tomas TOBÉ;EPP;Sweden;['DEVE'];Committee chair;;Biståndspolitik;EUcord;Digitalt;10/11/20
197402;Tomas TOBÉ;EPP;Sweden;['DEVE'];Committee chair;;Biståndspolitik;Afrikagrupperna;Digitalt;09/11/20
197402;Tomas TOBÉ;EPP;Sweden;['DEVE'];Committee chair;;European Development Policy;Kreab Brussels;Brussels;17/06/20
197402;Tomas TOBÉ;EPP;Sweden;['DEVE'];Committee chair;;Video meeting, European Development Policy;European Bank for Reconstruction and Development;Stockholm;03/06/20
197402;Tomas TOBÉ;EPP;Sweden;['DEVE'];Committee chair;;Video meeting, European Development Policy;Concord Europe;Stockholm;02/06/20
197402;Tomas TOBÉ;EPP;Sweden;['DEVE'];Committee chair;;Digital meeting European Development Policy;Concord, ACT Svenska kyrkan, RFSU, Kvinna till Kvinna, Diakonia, Rädda Barnen, Röda korset, Forum Syd, We Effect, PMU, Union to Union, UNICEF, WWF;Stockholm;25/05/20
197402;Tomas TOBÉ;EPP;Sweden;['DEVE'];Committee chair;;Video meeting European Development Policy;UK mission to the EU;Stockholm;20/05/20
197402;Tomas TOBÉ;EPP;Sweden;['DEVE'];Committee chair;;Video meeting, European Development Policy;UN;Stockholm;06/05/20
197402;Tomas TOBÉ;EPP;Sweden;['DEVE'];Committee chair;;Video meeting, UNICEF;UNICEF;Stockholm;05/05/20
197402;Tomas TOBÉ;EPP;Sweden;['DEVE'];Committee chair;;European Development Policy (Phone call);Gavi, The Vaccine Alliance;Stockholm;29/04/20
197402;Tomas TOBÉ;EPP;Sweden;['DEVE'];Committee chair;;European Development Policy;Diakonia;Stockholm;03/04/20
197402;Tomas TOBÉ;EPP;Sweden;['DEVE'];Committee chair;;European Development Policy;Handelsbanken, Kreab Brussels;Brussels;18/02/20
197402;Tomas TOBÉ;EPP;Sweden;['DEVE'];Committee chair;;European development policy;UN Women;European Parliament;05/02/20
256814;Zala TOMAŠIČ;EPP;Slovenia;['ITRE'];Member;;Key Priorities for the European Automotive Industry;Association des Constructeurs Européens d'Automobiles;Brussels Office;01/10/24
256814;Zala TOMAŠIČ;EPP;Slovenia;['CULT'];Member;;media freedom, journalism and the digital space;European Federation of Journalists;Brussels Office;01/10/24
256814;Zala TOMAŠIČ;EPP;Slovenia;['CULT'];Member;;Social media;TikTok Technology Ltd;Brussels Office;01/10/24
256814;Zala TOMAŠIČ;EPP;Slovenia;['CULT'];Member;;ACT's Media & Audiovisual Priorities 2024-2029;Association of Commercial Television and Video on Demand Services in Europe;Strasbourg Office;18/09/24
256814;Zala TOMAŠIČ;EPP;Slovenia;['CULT'];Member;;Open source AI & (social) media platforms;Meta Platforms Ireland Limited and its various subsidiaries;Strasbourg Office;18/09/24
256814;Zala TOMAŠIČ;EPP;Slovenia;['CULT'];Member;;Warner Music + IFPI music recording industry;IFPI Representing recording industry worldwide, Warner Music Group;Brussels Office;10/09/24
125104;Romana TOMC;EPP;Slovenia;[];Member;;Creating a Single Market for shared mobility;Bolt;Europea Parliament;13/09/24
219652;Matej TONIN;EPP;Slovenia;['ITRE'];Member;;Issues affecting the audiovisual sector including AI, content protection and connectivity;Motion Picture Association (MPA);EP Strasbourg;09/10/24
219652;Matej TONIN;EPP;Slovenia;['ITRE'];Member;;Different solutions in the digital, transport, industry and building sectors;smartEn Smart Energy Europe;EP Strasbourg;09/10/24
219652;Matej TONIN;EPP;Slovenia;['ITRE'];Member;;Achieving carbon neutrality by 2050;EDF Group;EP Strasbourg;17/09/24
219652;Matej TONIN;EPP;Slovenia;['AFET'];Member;;Topics on Iran;Dr. Alejo Vidal-Quadras,President of the International Committee in Search of Justice (ISJ) and the former Vice-President of the European Parliament;EP Brussels;11/09/24
219652;Matej TONIN;EPP;Slovenia;['ITRE'];Member;;Europe’s competitiveness;France Digitale;EP Brussels;05/09/24
219652;Matej TONIN;EPP;Slovenia;['ITRE'];Member;;Europe - more competitive and attractive to investments;Assicurazioni Generali S.p.A;EP Strasbourg;17/07/24
124700;Jana TOOM;RE;Estonia;['EMPL'];Member;;Social and Inclusive Growth;Bruegel, Centre for European Policy Studies, EUROPEAN TRADE UNION CONFEDERATION, Eurochild AISBL, European Anti-Poverty Network Ireland, European Confederation of Independent Trade Unions, European Disability Forum, European Network of Social Integration Enterprises, European Social Network AISBL, European Youth Forum, Housing Europe, COFACE Families Europe, Social Platform;Brussels;03/10/24
124700;Jana TOOM;RE;Estonia;['EMPL'];Member;;Fighting Poverty in the EU;Caritas Europa;Brussels;02/10/24
124700;Jana TOOM;RE;Estonia;['EMPL'];Member;;Strengthening Social Dialogue in Europe;EUROPEAN TRADE UNION CONFEDERATION;Brussels;01/10/24
124700;Jana TOOM;RE;Estonia;['EMPL'];Member;;Employment, social affairs and gender equality;European Confederation of Independent Trade Unions;Strasbourg;17/09/24
124700;Jana TOOM;RE;Estonia;['EMPL'];Member;;Abusive Subcontracting Practices;European Transport Workers' Federation, European Federation of Food, Agriculture, and Tourism Trade Unions;Strasbourg;17/09/24
124700;Jana TOOM;RE;Estonia;['EMPL'];Member;;Working conditions and social progress across the EU;EUROPEAN TRADE UNION CONFEDERATION;Brussels;12/09/24
124700;Jana TOOM;RE;Estonia;['EMPL'];Shadow rapporteur;;Affordable Housing;BuildEurope, APA;Brussels;15/06/20
124700;Jana TOOM;RE;Estonia;['EMPL'];Shadow rapporteur;;Affordable Housing;Eurocities, APA;Brussels;12/06/20
124700;Jana TOOM;RE;Estonia;['EMPL'];Shadow rapporteur;;Affordable Housing;International Union of Tenants, APA;Brussels;10/06/20
124700;Jana TOOM;RE;Estonia;[];Member;;Public Libraries 2030;Public Libraries 2030, APA;Brussels;05/03/20
124700;Jana TOOM;RE;Estonia;[];Member;;Titanium Dioxide;Titanium Dioxide Manufacturers Association, APA;Strasbourg;14/01/20
257148;Raffaele TOPO;S&D;Italy;['REGI'];Member;;Regional policies;British American Tobacco;European Parliament;03/10/24
257148;Raffaele TOPO;S&D;Italy;['REGI'];Member;;Regional policies;Manifatture Sigaro Toscano S.r.l.;European Parliament;25/09/24
257148;Raffaele TOPO;S&D;Italy;['ENVI'];Member;;ENVI;Philip Morris International Inc.;European Parliament;24/09/24
257148;Raffaele TOPO;S&D;Italy;['SANT'];Member;;Public health;Unipol Gruppo;European Parliament;12/09/24
257163;Francesco TORSELLI;ECR;Italy;['ITRE'];Member;;Incontro conoscitivo per discutere delle nuove proposte regolatorie in materia;Manifatture Sigaro Toscano S.r.l.;Brussels;25/09/24
257163;Francesco TORSELLI;ECR;Italy;['INTA'];Member;;Incontro conoscitivo per discutere delle nuove proposte regolatorie in materia;Philip Morris Italia;Brussels;25/09/24
197580;Isabella TOVAGLIERI;PfE;Italy;[];Member;;F-Gas Regulation;The Chemours Company;European Parliament;11/10/24
197580;Isabella TOVAGLIERI;PfE;Italy;[];Member;;PPWR;Europen;European Parliament;10/10/24
197580;Isabella TOVAGLIERI;PfE;Italy;['ITRE'];Committee chair;;Audizioni dei commissari;Assolombarda;European Parliament;10/10/24
197580;Isabella TOVAGLIERI;PfE;Italy;[];Member;;Direttiva Nitrati;Agricoltori Italiani;Virtual meeting;09/10/24
197580;Isabella TOVAGLIERI;PfE;Italy;['ITRE'];Committee chair;;Future industrial policies;NOVE;European Parliament;02/10/24
197580;Isabella TOVAGLIERI;PfE;Italy;[];Member;;Audizioni dei commissari;The Chemours Company;European Parliament;01/10/24
197580;Isabella TOVAGLIERI;PfE;Italy;[];Member;;Discussione sui liquid fuels;Eurofuel;European Parliament;01/10/24
197580;Isabella TOVAGLIERI;PfE;Italy;['AGRI'];Committee chair;;Politiche agricole europee;Baha'i Community;European Parliament;26/09/24
197580;Isabella TOVAGLIERI;PfE;Italy;['ITRE'];Committee chair;;Politiche europee sull'automotive;Acea S.p.A.;European Parliament;26/09/24
197580;Isabella TOVAGLIERI;PfE;Italy;[];Member;;European Policies on Bank and Loans;ESBG;European Parliament;26/09/24
256804;Pekka TOVERI;EPP;Finland;[];Member;;Current Topics in EU politics;Maa- ja metsätaloustuottajain Keskusliitto – Central Union of Agricultural Producers and Forest Owners;European Parliament;26/09/24
256804;Pekka TOVERI;EPP;Finland;[];Member;;Current Topics in EU politics;Atria Oyj;European Parliament;25/09/24
256804;Pekka TOVERI;EPP;Finland;[];Member;;EU's climate goals;Wärtsilä Corporation;Strasbourg;18/09/24
256804;Pekka TOVERI;EPP;Finland;[];Member;;The future of European agriculture;CropLife Europe;Strasbourg;18/09/24
256804;Pekka TOVERI;EPP;Finland;[];Member;;Current Topics in EU politics;ePURE;Strasbourg;18/09/24
256804;Pekka TOVERI;EPP;Finland;[];Member;;Current Topics in Forestry and Agriculture;Maa- ja metsätaloustuottajain Keskusliitto – Central Union of Agricultural Producers and Forest Owners;European Parliament Strasbourg;17/09/24
256804;Pekka TOVERI;EPP;Finland;[];Member;;Current Topics in Forestry, Agriculture and the labor market;FinUnions;Strasbourg;17/09/24
256804;Pekka TOVERI;EPP;Finland;[];Member;;Current Topics in EU Politics;Finnish Food and Drink Industries' Federation (Elintarviketeollisuusliitto ry);European Parliament;11/09/24
256804;Pekka TOVERI;EPP;Finland;[];Member;;Current Topics in Forestry and Agriculture;Metsähallitus;European Parliament;11/09/24
256804;Pekka TOVERI;EPP;Finland;[];Member;;Current Topics in EU Politics;S-ryhmä;European Parliament;11/09/24
256950;Dimitris TSIODRAS;EPP;Greece;['ENVI'];Member;;Environmental policies;European Environmental Bureau;ASP09E168;08/10/24
256950;Dimitris TSIODRAS;EPP;Greece;['ENVI'];Member;;Environmental policies;ClientEarth AISBL, European Environmental Bureau;ASP 09E168;02/10/24
256950;Dimitris TSIODRAS;EPP;Greece;['ENVI'];Member;;Environmental policies;CEMBUREAU - The European Cement Association;ASP09E168;02/10/24
256950;Dimitris TSIODRAS;EPP;Greece;['IMCO'];Member;;Digital fairness, tech sovereignty and competitiveness and data economy;European Tech Alliance;MEP salon;02/10/24
256950;Dimitris TSIODRAS;EPP;Greece;['ENVI'];Member;;Environmental policies;Unilever;ASP 12E168;01/10/24
256950;Dimitris TSIODRAS;EPP;Greece;['ENVI'];Member;;Public health;GSK;ASP09E168;25/09/24
256950;Dimitris TSIODRAS;EPP;Greece;['ENVI'];Member;;Public health;Novo Nordisk A/S;ASP09E168;24/09/24
256950;Dimitris TSIODRAS;EPP;Greece;['IMCO'];Member;;Internal market;EUROCINEMA, Association de producteurs de cinéma et de télévision;ASP09E168;24/09/24
256950;Dimitris TSIODRAS;EPP;Greece;['ENVI'];Member;;Public Health policies;SFEE;ASP09E168;23/09/24
256950;Dimitris TSIODRAS;EPP;Greece;['ENVI'];Member;;Energy and climate topics;PPC Public Power Corporation SA;MEP bar Strasbourg;18/09/24
256806;Sebastian TYNKKYNEN;ECR;Finland;[];Member;;Taiwanin ja EU:n suhteet;Taipei Representative Office in the European Union and Belgium;Bryssel;04/10/24
256806;Sebastian TYNKKYNEN;ECR;Finland;[];Member;;Uuden EU-lainsäädäntökauden näkymät sekä Suomen talouden ja elinkeinoelämän avainkysymykset;Confederation of Finnish Industries EK;Bryssel;03/10/24
256806;Sebastian TYNKKYNEN;ECR;Finland;[];Member;;Etelä-Kaukasuksen tilanne;European Armenian Federation for Justice and Democracy (EAFJD);Bryssel;03/10/24
256806;Sebastian TYNKKYNEN;ECR;Finland;[];Member;;EU:n puolustusteollisuus;Institut de relations internationales et stratégiques;Bryssel;03/10/24
256806;Sebastian TYNKKYNEN;ECR;Finland;[];Member;;EU-politiikan ajankohtaiset asiat;Suomen nuorisoalan kattojärjestö Allianssi ry - The Finnish National Youth Council Allianssi;Bryssel;02/10/24
256806;Sebastian TYNKKYNEN;ECR;Finland;[];Member;;Vainottujen kristittyjen tilanne;Permanent Representative at the World Evangelical Alliance to the United Nations in Geneva;Bryssel;02/10/24
256806;Sebastian TYNKKYNEN;ECR;Finland;[];Member;;Luken tiedepohjainen politiikkatuki EU:n strategisen ohjelman 2024-2029 muotoilussa;Luonnonvarakeskus;Bryssel;02/10/24
256806;Sebastian TYNKKYNEN;ECR;Finland;[];Member;;EU:n strateginen kilpailukyky;Confederation of Finnish Industries EK;Bryssel;02/10/24
256806;Sebastian TYNKKYNEN;ECR;Finland;[];Member;;EU:n terveysalan strategia, kehittäminen ja kasvu;Lääketeollisuus ry, Danish Association of the Pharmaceutical Industry, Swedish Association of the Pharmaceutical Industry, EFPIA European Federation of Pharmaceutical Industries;Bryssel;01/10/24
256806;Sebastian TYNKKYNEN;ECR;Finland;[];Member;;Vainottujen kristittyjen puolustaminen;Open Doors International;Bryssel;01/10/24
197763;Milan UHRÍK;ESN;Slovakia;[];Member;;Courtesy meeting;Mission of the Peoples´s Republic of China;Strasbourg;18/09/24
197810;Nils UŠAKOVS;S&D;Latvia;[];Member;;EU-Latvian-China relations;Chinese Ambassador Tang Songgen;Riga;30/09/24
5729;Kathleen VAN BREMPT;S&D;Belgium;['INTA'];Member;;Exchange of view about EU-Morocco relations;Ambassador of Morocco in Belgium;Brussels;02/10/24
5729;Kathleen VAN BREMPT;S&D;Belgium;[];Member;;Priorities for the upcoming legislative term // factory visit;Umicore;Hoboken, Antwerp;27/09/24
5729;Kathleen VAN BREMPT;S&D;Belgium;['INTA'];Member;;Association agreement Israel;European Coordination of Committees and Associations for Palestine;Brussels;24/09/24
5729;Kathleen VAN BREMPT;S&D;Belgium;[];Member;;Sustainable textile industry;Inditex;European Parliament;24/09/24
5729;Kathleen VAN BREMPT;S&D;Belgium;[];Member;;MFA Package Egypt;Tahrir Policy Institute (TIMEP);Brussels;23/09/24
5729;Kathleen VAN BREMPT;S&D;Belgium;['INTA'];Member;;Exchange of view about EU-Australia relations;Australian Mission to the EU;Strasbourg;18/09/24
5729;Kathleen VAN BREMPT;S&D;Belgium;['INTA'];Member;;Trade policy priorities in the European steel industry;ArcelorMittal, The European Steel Association;Strasbourg;18/09/24
5729;Kathleen VAN BREMPT;S&D;Belgium;['INTA'];Member;;Exchange of view about EU-China relations;Chinese Mission to the EU;Strasbourg;17/09/24
5729;Kathleen VAN BREMPT;S&D;Belgium;[];Member;;Critical minerals;Cobalt Institute;European Parliament;12/09/24
5729;Kathleen VAN BREMPT;S&D;Belgium;[];Member;;Trade policy;Hydro;European Parliament;12/09/24
257438;Anouk VAN BRUG;RE;Netherlands;['ECON'];Member;;Meeting;Insurance Europe;Brussels;26/09/24
257438;Anouk VAN BRUG;RE;Netherlands;['ECON'];Member;;Courtesy call;European Financial Services Round Table;Brussels;26/09/24
257438;Anouk VAN BRUG;RE;Netherlands;['ECON'];Member;;Meeting with Civil servants Amsterdam;Metro Region Amsterdam;Brussels;25/09/24
257438;Anouk VAN BRUG;RE;Netherlands;['ECON'];Member;;Courtesy call;Klarna Bank AB;Brussels;24/09/24
257438;Anouk VAN BRUG;RE;Netherlands;['ECON'];Member;;Courtesy call;DUFAS Dutch Fund and Asset Management Association;Brussels;23/09/24
257438;Anouk VAN BRUG;RE;Netherlands;['ECON'];Member;;Courtesy call;Nederlandse Vereniging van Banken / Dutch Banking Association;Brussels;23/09/24
257438;Anouk VAN BRUG;RE;Netherlands;['ECON'];Member;;Courtesy call;Permanent Representation of the Netherlands to the EU;Strasbourg;18/09/24
257438;Anouk VAN BRUG;RE;Netherlands;['ECON'];Member;;Interview media;NRC/Trouw/NOS of the Netherlands;Strasbourg;18/09/24
257438;Anouk VAN BRUG;RE;Netherlands;['ECON'];Member;;Panel talk;Castro Amsterdam;Brussels;12/09/24
257438;Anouk VAN BRUG;RE;Netherlands;['ECON'];Member;;Courtesy call;Association Propriety Traders Amsterdam;Brussels;05/09/24
256976;Brigitte VAN DEN BERG;RE;Netherlands;['EMPL'];Member;;Just Transition;Climate Action Network Europe;European Parliament Brussels;01/10/24
256976;Brigitte VAN DEN BERG;RE;Netherlands;['EMPL'];Member;;"Vocational training; skills; diploma recognition";MBO Raad;Comet meetings Stéphanie;24/09/24
256976;Brigitte VAN DEN BERG;RE;Netherlands;['ITRE'];Member;;Energy transition;The European Association for the Promotion of Cogeneration;European Parliament Strasbourg;18/09/24
256976;Brigitte VAN DEN BERG;RE;Netherlands;['EMPL'];Member;;Addressing the housing shortage;Aedes vereniging van woningcorporaties;European Parliament Strasbourg;18/09/24
256976;Brigitte VAN DEN BERG;RE;Netherlands;['ITRE'];Member;;Competitiveness and green industry;European Aluminium AISBL;European Parliament Strasbourg;18/09/24
256976;Brigitte VAN DEN BERG;RE;Netherlands;['EMPL'];Member;;education, research and vocational training;Netherlands House for Education and Research (Neth-ER);NETH-ER office;11/09/24
256976;Brigitte VAN DEN BERG;RE;Netherlands;['ITRE'];Member;;Competitiveness and green transition;Vereniging VNO-NCW;Stanhope hotel;11/09/24
185771;Tom VANDENDRIESSCHE;PfE;Belgium;[];Member;;Tobacco - Cigars;Ann-Pascale Mommerency, Frederik Vandermarliere;European Parliament;25/09/24
185771;Tom VANDENDRIESSCHE;PfE;Belgium;[];Member;;EU Fossil Fuel Policy;François-Régis Mouton de Lostalot-Lassalle, Iskren Kirilov;Brussels;25/09/24
256884;Kris VAN DIJCK;ECR;Belgium;[];Member;;policy priorities for the Belgian Recorded Music Association;Belgian Recorded Music Association;Brussels;01/10/24
256884;Kris VAN DIJCK;ECR;Belgium;['TRAN'];Shadow rapporteur;;River Information Services;European Barge Union, Inland Navigation Europe;Brussels;24/09/24
256884;Kris VAN DIJCK;ECR;Belgium;['TRAN'];Member;;accessibility people with disabilities;Vlaams Europees Netwerk voor Personen met een Handicap en Onafhankelijk leven;Brussels;24/09/24
256884;Kris VAN DIJCK;ECR;Belgium;['ITRE'];Member;;Energy infrastructure;Elia Transmission Belgium;Strasbourg;18/09/24
256884;Kris VAN DIJCK;ECR;Belgium;['TRAN'];Member;;Freight transport;UPS Europe SRL/BV;Strasbourg;18/09/24
256884;Kris VAN DIJCK;ECR;Belgium;[];Member;;Package travel - decarbonisation - EES;TUI AG;Brussels;18/09/24
256884;Kris VAN DIJCK;ECR;Belgium;[];Member;;EU industrial deal - EU regulatory burden - cost of energy;BASF SE;Brussels;27/08/24
256884;Kris VAN DIJCK;ECR;Belgium;[];Member;;transport - port of Antwerp/Bruges;Port of Antwerp-Bruges International;Antwerp;20/08/24
256884;Kris VAN DIJCK;ECR;Belgium;[];Member;;Resistance of Iran;National council of resistance of Iran;Brussels;24/07/24
257125;Roberto VANNACCI;PfE;Italy;['AFET'];Member;;GENERALI ANNUAL RECEPTION;Assicurazioni Generali S.p.A;Residenza dell’Ambasciatore Italiano a Bruxelles, Av. Legrand 43, 1050 Ixelles (BE);24/09/24
257125;Roberto VANNACCI;PfE;Italy;['ENVI'];Member;;Presentazione associazione e priorità del settore;FuelsEurope;Parlamento Europeo;18/09/24
257125;Roberto VANNACCI;PfE;Italy;['ENVI'];Member;;Priorità del settore;Terna spa;Parlamento Europeo Strasburgo;18/09/24
257125;Roberto VANNACCI;PfE;Italy;['ENVI'];Member;;Presentazione associazione e priorità del settore;Federazione Italiana dell'Industria Alimentare;Renaissance Hotel, Rue du Parnasse 19, (1050 - Bruxelles);11/09/24
257125;Roberto VANNACCI;PfE;Italy;['ENVI'];Member;;Dibattito con i MEP italiani sui temi dell'industria siderurgica italiana;FEDERACCIAI;Hotel Thon/Stanhope -  Rue du Commerce, 9 - 1000, Bruxelles (BE);10/09/24
257125;Roberto VANNACCI;PfE;Italy;['ENVI'];Member;;Presentazione Agenda Strategica Assarmatori;Assarmatori;Parlamento Europeo;24/07/24
257125;Roberto VANNACCI;PfE;Italy;['ENVI'];Member;;Presentazione Associazione ACEA;Association des Constructeurs Européens d'Automobiles;Parlamento Europeo;17/07/24
5736;Alexandre VARAUT;PfE;France;['D-CN'];Member;;Relations euro-chinoises;M. le Consul général de la République populaire de Chine;SDM G07005;07/10/24
257061;Ana VASCONCELOS;RE;Portugal;[];Member;;Restorative carbon negative society;Bellona Europa;Virtual meeting;04/10/24
257061;Ana VASCONCELOS;RE;Portugal;[];Member;;DSA;LightingEurope;EP;03/10/24
257061;Ana VASCONCELOS;RE;Portugal;[];Member;;introductory meeting;PRISONERS DEFENDERS INTERNATIONAL NETWORK;EP;03/10/24
257061;Ana VASCONCELOS;RE;Portugal;[];Member;;Carbon removal;Carbon Gap ASBL;EP;03/10/24
257061;Ana VASCONCELOS;RE;Portugal;[];Member;;introductory meeting;IRU - World Road Transport Organisation;EP;30/09/24
257061;Ana VASCONCELOS;RE;Portugal;[];Member;;Sustainable finance and investments;Better Europe;EP;30/09/24
257061;Ana VASCONCELOS;RE;Portugal;[];Member;;ENVI policies;WWF European Policy Programme;EP;30/09/24
257061;Ana VASCONCELOS;RE;Portugal;[];Member;;Water Resilience Strategy;Aqua Publica Europea;EP;26/09/24
257061;Ana VASCONCELOS;RE;Portugal;[];Member;;Water Resilience Strategy;The European Federation of National Associations of Water Services;EP;26/09/24
257061;Ana VASCONCELOS;RE;Portugal;[];Member;;Animal Welfare;FOUR PAWS – Animal Welfare ASBL;Karsmakers;26/09/24
257112;Vlad VASILE-VOICULESCU;RE;Romania;['SANT'];Member;;Introductory Meeting;Standing Committee of European Doctors;Bruxelles;01/10/24
257112;Vlad VASILE-VOICULESCU;RE;Romania;['SANT'];Member;;Introductory Meeting;European Cancer Patient Coalition;Bruxelles;25/09/24
257112;Vlad VASILE-VOICULESCU;RE;Romania;['ENVI'];Member;;Introductory Meeting;Manufacture Française des Pneumatiques Michelin;Strasbourg;18/09/24
257112;Vlad VASILE-VOICULESCU;RE;Romania;['SANT'];Member;;Introductory Meeting;Terumo Blood and Cell Technologies;Strasbourg;18/09/24
257112;Vlad VASILE-VOICULESCU;RE;Romania;['SANT'];Member;;Introductory Meeting;European Kidney Health Alliance;Strasbourg;18/09/24
257112;Vlad VASILE-VOICULESCU;RE;Romania;['SANT'];Member;;Introductory Meeting;EUROPEAN ORGANISATION FOR RARE DISEASES;Strasbourg;17/09/24
257112;Vlad VASILE-VOICULESCU;RE;Romania;['SANT'];Member;;Introductory Meeting;Bristol-Myers Squibb Company;Bruxelles;13/09/24
257112;Vlad VASILE-VOICULESCU;RE;Romania;['SANT'];Member;;Introductory Meeting;European Society for Paediatric Oncology;Strasbourg;18/07/24
257112;Vlad VASILE-VOICULESCU;RE;Romania;['SANT'];Member;;Introductory meeting;European Cancer Organisation;Strasbourg;17/07/24
130100;Hilde VAUTMANS;RE;Belgium;['AFET'];Member;;UYGHURS;World Uyghur Congress;EUROPEAN PARLIAMENT BRUSSELS;03/10/24
130100;Hilde VAUTMANS;RE;Belgium;['AFET'];Member;;TAIWAN;Taipei Office;EUROPEAN PARLIAMENT BRUSSELS;03/10/24
130100;Hilde VAUTMANS;RE;Belgium;['AFET'];Member;;Human rights defenders;Front Line Defenders;European Parliament Brussels;02/10/24
130100;Hilde VAUTMANS;RE;Belgium;['AFET'];Member;;Enabel;Belgium Development Agency;European Parliament Brussels;30/09/24
130100;Hilde VAUTMANS;RE;Belgium;['AFET'];Member;;Western Balkans and children's rights;UNICEF;UNICEF BRUSSELS;30/09/24
130100;Hilde VAUTMANS;RE;Belgium;['AFET'];Member;;The situation in the Middle East;Ofek: The Israeli Center for Public Affairs;European Parliament;26/09/24
130100;Hilde VAUTMANS;RE;Belgium;['AFET'];Member;;Eastern DR Congo;Human Rights Watch;European Parliament Brussels;12/09/24
197502;Marie-Pierre VEDRENNE;RE;France;['INTA'];Member;;ArcelorMittal;Stéphane Delpeyroux et Nathalie Fournier;Visioconférence;10/10/24
197502;Marie-Pierre VEDRENNE;RE;France;['INTA'];Member;;ACEA;Sigrid de Vires;Bar des députés - Strasbourg;09/10/24
197502;Marie-Pierre VEDRENNE;RE;France;['INTA'];Member;;Total;Eric Quenet;Bar des députés - Strasbourg;09/10/24
197502;Marie-Pierre VEDRENNE;RE;France;['INTA'];Member;;Toyota;Monica Perez Lobo et Wiebke Matysik;Bar des députés;09/10/24
197502;Marie-Pierre VEDRENNE;RE;France;['INTA'];Member;;Groupe Avril;Stéphane Yrlès;Bar des députés - Strasbourg;09/10/24
197502;Marie-Pierre VEDRENNE;RE;France;['INTA'];Member;;EDF - ENEDIS;Marion Labatut;Bar des députés strabourg;08/10/24
197502;Marie-Pierre VEDRENNE;RE;France;['INTA'];Member;;CCI;Patrick Brière;Parlement europeén;03/10/24
197502;Marie-Pierre VEDRENNE;RE;France;['INTA'];Member;;Phyteis et Bayer SAS;Marie Rigouzzo et Erwan Sence;Parlement européen;02/10/24
197502;Marie-Pierre VEDRENNE;RE;France;['INTA'];Member;;Ambassade de Taiwan;Ambassadeur Roy Lee et Wu Pei-Chien;Bureau MPV;01/10/24
197502;Marie-Pierre VEDRENNE;RE;France;['INTA'];Member;;Clean Clothes Campaign;Muriel Treibich;Bureau MPV;01/10/24
197502;Marie-Pierre VEDRENNE;RE;France;['INTA'];Member;;Instrument anti-coercition économique;Airbus, Medef;A distance;17/11/20
197502;Marie-Pierre VEDRENNE;RE;France;['INTA'];Member;;Relations Commerciales UE-Chine et Extraterritorialité;BEUC;A distance;06/11/20
197502;Marie-Pierre VEDRENNE;RE;France;['INTA'];Member;;Cas Airbus-Boeing à l'OMC (INTA);Airbus;A distance;12/10/20
197502;Marie-Pierre VEDRENNE;RE;France;['INTA'];Member;;Révision du Règlement Enforcement;Business Europe, Medef;A distance;30/09/20
197502;Marie-Pierre VEDRENNE;RE;France;['INTA'];Rapporteur;;Révision du Règlement Enforcement;Eurofer;A distance;28/09/20
197502;Marie-Pierre VEDRENNE;RE;France;['INTA'];Member;;Devoir de diligence;AFEP;A distance;15/09/20
197502;Marie-Pierre VEDRENNE;RE;France;['INTA'];Rapporteur;;Révision du Réglement Enforcement;Business Europe;Parlement européen à Strasbourg;03/09/20
197502;Marie-Pierre VEDRENNE;RE;France;['INTA'];Member;;Accords de libre-échange, sensibilité de la viande bovine et respect des normes de production;Fédération Nationale Bovine;A distance;15/07/20
197502;Marie-Pierre VEDRENNE;RE;France;['INTA'];Member;;Sensibilité du sucre et application des chapitres sur le commerce et le développement durable dans les accords de libre-échange;CEFS - Comité Européen des Fabricants de Sucre;A distance;15/07/20
197502;Marie-Pierre VEDRENNE;RE;France;['INTA'];Member;;Affaire Airbus/Boeing à l’OMC;Boeing;A distance;13/07/20
197502;Marie-Pierre VEDRENNE;RE;France;['INTA'];Member;;Commerce, Pacte vert et durabilité production bananes en Afrique;Afruibana;Visio conference;13/07/20
197502;Marie-Pierre VEDRENNE;RE;France;['INTA'];Member;;Situation du secteur aéronautique, évolution du cas OMC Airbus/ Boeing;Airbus;A distance;20/05/20
197502;Marie-Pierre VEDRENNE;RE;France;['INTA'];Member;;Réglement enforcement et mécanisme de filtrage des investissements;Mouvement des entreprises de France;A distance;20/05/20
197502;Marie-Pierre VEDRENNE;RE;France;['INTA'];Rapporteur;;Réglement enforcement;AEGIS;A distance;18/05/20
197502;Marie-Pierre VEDRENNE;RE;France;['INTA'];Member;;Protection, défense et valorisation des droits de propriété intellectuelle;Compagnie Nationale des Conseils en Propriété intédustrielle;A distance;05/05/20
197502;Marie-Pierre VEDRENNE;RE;France;['INTA'];Member;;Situations secteur éthanol et conséquences crise du covid19;Téréos;A distance;04/05/20
197502;Marie-Pierre VEDRENNE;RE;France;['INTA'];Member;;Conséquences de la crise du Covid19 au niveau économique et commercial;AmCham EU;A distance;04/05/20
197502;Marie-Pierre VEDRENNE;RE;France;['INTA'];Member;;Situation secteur sidérurgique et conséquences crise covid19;Arcelor Mittal;A distance;15/04/20
197502;Marie-Pierre VEDRENNE;RE;France;['INTA'];Member;;Instrument de réciprocité et accès aux marchés publics;Mouvement des entreprises de France;Bruxelles;19/02/20
197502;Marie-Pierre VEDRENNE;RE;France;['INTA'];Member;;Présentation de l’organisation, droits d’auteur et géo-blocage;Netflix;Parlement européen - Bruxelles;03/02/20
197502;Marie-Pierre VEDRENNE;RE;France;['INTA'];Member;;Présentation étude « l'europe face aux nationalismes économiques américain et chinois »;Fondapol;Parlement européen - Bruxelles;22/01/20
197502;Marie-Pierre VEDRENNE;RE;France;[];Member;;Présentation de l'organisation;CITI;Parlement européen - Bruxelles;22/01/20
197502;Marie-Pierre VEDRENNE;RE;France;['INTA'];Member;;Impact des sanctions Extraterritoriales américaines;Nord Stream 2 AG;Parlement européen - Bruxelles;20/01/20
197502;Marie-Pierre VEDRENNE;RE;France;['INTA'];Member;;Secteur pharmaceutique et dossiers commerce international;TEVA;Parlement européen - Strasbourg;15/01/20
197502;Marie-Pierre VEDRENNE;RE;France;['INTA'];Member;;Secteur acier, anti-dumping;Euroalliages;Parlement européen - Strasbourg;15/01/20
197502;Marie-Pierre VEDRENNE;RE;France;['INTA'];Member;;Présentation des résultats d’une étude sur les ambitions de l’industrie ferroviaire chinoise;UNIFE;Parlement européen - Strasbourg;14/01/20
197502;Marie-Pierre VEDRENNE;RE;France;['INTA'];Member;;Bien-être animal et commerce international;Eurogroup For Animals;Parlement européen - Bruxelles;09/01/20
197502;Marie-Pierre VEDRENNE;RE;France;['INTA'];Member;;Secteur laitier et commerce international;FNIL - Fédération nationale de l’industrie laitière;Parlement européen - Bruxelles;09/01/20
197502;Marie-Pierre VEDRENNE;RE;France;['EMPL'];Member;;Instruments européens pour la création d’emplois;Adie;Parlement européen - Bruxelles;08/01/20
197502;Marie-Pierre VEDRENNE;RE;France;['INTA'];Member;;Commerce équitable et devoir de diligence;Fair Trade Advocacy Office;Parlement européen - Bruxelles;07/01/20
96756;Sabine VERHEYEN;EPP;Germany;['CULT'];Member;;Cultural and Media Policy;Deutsche Film- und Fernsehakademie Berlin GmbH;Berlin;12/09/24
96756;Sabine VERHEYEN;EPP;Germany;['CULT'];Member;;Media Policy;International Confederation of Arthouse Cinemas;Brussels;11/09/24
96756;Sabine VERHEYEN;EPP;Germany;[];Member;;Energy Politics;Trianel GmbH;Brussels;04/09/24
96756;Sabine VERHEYEN;EPP;Germany;[];Member;;Local/Regional Policies;Deutscher Landkreistag;Brussels;03/09/24
96756;Sabine VERHEYEN;EPP;Germany;[];Member;;Company Visit;Amazon Deutschland Services GmbH;Aachen;29/08/24
96756;Sabine VERHEYEN;EPP;Germany;[];Member;;PPWR;ALPLA Werke Alwin Lehner GmbH & Co KG;Baesweiler;28/08/24
96756;Sabine VERHEYEN;EPP;Germany;['CULT'];Committee chair;;New European Bauhaus;Archineer Institute e.V.;Digital;17/12/20
96756;Sabine VERHEYEN;EPP;Germany;['CULT'];Rapporteur;;Digital Services Act;ERGA;Remote;16/12/20
96756;Sabine VERHEYEN;EPP;Germany;['CULT'];Committee chair;;Media Policy;European Regulators Group for Audiovisual Media Services;Digital;15/12/20
96756;Sabine VERHEYEN;EPP;Germany;['CULT'];Committee chair;;Recovery cultural sector after COVID;Centre Europeen de Musique;Remote;10/12/20
96756;Sabine VERHEYEN;EPP;Germany;['CULT'];Committee chair;;Fight against Disinformation;EDIMA;Remote;10/12/20
96756;Sabine VERHEYEN;EPP;Germany;['CULT'];Committee chair;;Higher Education;Coimbra Group;Remote;03/12/20
96756;Sabine VERHEYEN;EPP;Germany;['CULT'];Committee chair;;Education and trainig;CESAER;Digital;01/12/20
96756;Sabine VERHEYEN;EPP;Germany;['CULT'];Committee chair;;Higher Education;University of St. Andrews, University of Bonn;Remote;19/11/20
96756;Sabine VERHEYEN;EPP;Germany;['CULT'];Committee chair;;Digital policies;Microsoft;Remote;17/11/20
96756;Sabine VERHEYEN;EPP;Germany;['CULT'];Committee chair;;Media policy;VAUNET;Remote;16/11/20
96756;Sabine VERHEYEN;EPP;Germany;['CULT'];Committee chair;;A Cultural Deal for Europe;Society of Music Merchants e.V.;Digital;12/11/20
96756;Sabine VERHEYEN;EPP;Germany;['CULT'];Committee chair;;Women in live music;Women In Live Music (WILM);Digital;10/11/20
96756;Sabine VERHEYEN;EPP;Germany;['CULT'];Committee chair;;Recovery of Cultural premises;European Theatre Convention;Remote;06/11/20
96756;Sabine VERHEYEN;EPP;Germany;['CULT'];Committee chair;;European Education Area;RWTH Aachen;Digital;04/11/20
96756;Sabine VERHEYEN;EPP;Germany;['CULT'];Committee chair;;Digital Policy;Mindbase Strategic Consulting;Digital;03/11/20
96756;Sabine VERHEYEN;EPP;Germany;['CULT'];Committee chair;;Support cultural sector;Women in Live Music;Remote;29/10/20
96756;Sabine VERHEYEN;EPP;Germany;['CULT'];Committee chair;;Cultural foreign relations;EUNIC;Remote;29/10/20
96756;Sabine VERHEYEN;EPP;Germany;['CULT'];Committee chair;;Erasmus+;Büro für katholische Jugendarbeit;Remote;08/10/20
96756;Sabine VERHEYEN;EPP;Germany;['INGE'];Member;;Fight against Desinformation;BDZV and VDZ;Remote;07/10/20
96756;Sabine VERHEYEN;EPP;Germany;['CULT'];Committee chair;;Cultural heritage preservation;Europeana;Remote;30/09/20
96756;Sabine VERHEYEN;EPP;Germany;['CULT'];Committee chair;;Brexit and European Education Area;European University Association;Digital;02/09/20
96756;Sabine VERHEYEN;EPP;Germany;[];Member;;Common Agricultural Policy;Biologische Station im Kreis Euskrichen e.V.;Alendorf, Germany;03/07/20
96756;Sabine VERHEYEN;EPP;Germany;['CULT'];Committee chair;;MINT Education;ZENIT GmbH;Aachen;29/06/20
96756;Sabine VERHEYEN;EPP;Germany;['CULT'];Committee chair;;Media policy;ARD;Remote;04/06/20
96756;Sabine VERHEYEN;EPP;Germany;['CULT'];Member;;Kommunalpolitik;VKU;Remote;25/05/20
96756;Sabine VERHEYEN;EPP;Germany;['CULT'];Committee chair;;Crisis cultural and media sector;AT&T;Remote;20/05/20
96756;Sabine VERHEYEN;EPP;Germany;['CULT'];Committee chair;;Media regulation;Medienanstalten NRW;remote;07/05/20
96756;Sabine VERHEYEN;EPP;Germany;['CULT'];Committee chair;;Brexit and Erasmus+;UK Ambassy to the European Union;Digital;23/04/20
96756;Sabine VERHEYEN;EPP;Germany;['CULT'];Committee chair;;Media Policy;Gilde Kino AG;Telephone call;20/04/20
96756;Sabine VERHEYEN;EPP;Germany;[];Member;;Alternative Packaging;IP Verpackungen GmbH;Aachen;13/03/20
96756;Sabine VERHEYEN;EPP;Germany;['CULT'];Committee chair;;Erasmus+;National Students Union of Ireland, Northern Ireland and UK;Place du Luxembourg;05/03/20
96756;Sabine VERHEYEN;EPP;Germany;[];Member;;Cooperation EU and South African Universities;University of the Western Cape South Africa;Brussels;04/03/20
96756;Sabine VERHEYEN;EPP;Germany;['CULT'];Committee chair;;Cultural Policy;European Union National Institutes for Culture;Brussels;04/03/20
96756;Sabine VERHEYEN;EPP;Germany;['CULT'];Committee chair;;Media Policy;Society of Audiovisual Authors;Place du Luxembourg;03/03/20
96756;Sabine VERHEYEN;EPP;Germany;['CULT'];Committee chair;;Cultural Policy;Kulturwerk Aachen e.V.;Aachen;02/03/20
96756;Sabine VERHEYEN;EPP;Germany;['CULT'];Committee chair;;Media Policy;ZDF;European Parliament;17/02/20
96756;Sabine VERHEYEN;EPP;Germany;['CULT'];Committee chair;;Academic Publishing;Börsenverein dt. Buchhandel;European Parliament;05/02/20
96756;Sabine VERHEYEN;EPP;Germany;[];Member;;Local politics;Europabüro des Deutschen Städte- und Gemeindebundes;Brussels;05/02/20
96756;Sabine VERHEYEN;EPP;Germany;['CULT'];Committee chair;;Wiesbaden Biennale Festival 2020;Staatstheater Wiesbaden;Aachen;03/02/20
96756;Sabine VERHEYEN;EPP;Germany;['CULT'];Committee chair;;Cultural Good: Musical Instruments;Society of Music Merchants e.V.;Aachen;03/02/20
96756;Sabine VERHEYEN;EPP;Germany;['CULT'];Committee chair;;Vocational Education;Gesamtverband der Arbeitgeberverbände der Metall- und Elektro-Industrie e.V., Ceemet;Brussels;28/01/20
96756;Sabine VERHEYEN;EPP;Germany;['CULT'];Committee chair;;Media Policy;Deutscher Journalisten-Verband e.V. -Gewerkschaft der Journalistinnen und Journalisten;Aachen;27/01/20
96756;Sabine VERHEYEN;EPP;Germany;['CULT'];Committee chair;;"Erasmus+; Project Active Campus";RWTH Aachen University;Aachen;27/01/20
96756;Sabine VERHEYEN;EPP;Germany;['CULT'];Committee chair;;Erasmus+;Représentation permanente de l'Assemblée nationale francaise auprès de l'UE;Brussels;23/01/20
96756;Sabine VERHEYEN;EPP;Germany;['CULT'];Committee chair;;Youth Policy;European Parliament Youth Delegate Program;Brussels;23/01/20
96756;Sabine VERHEYEN;EPP;Germany;['CULT'];Committee chair;;Media Policy;Landesanstalt für Medien NRW;Brussels;23/01/20
96756;Sabine VERHEYEN;EPP;Germany;['CULT'];Committee chair;;Education Policy and Cultural Policy during Croatian Presidency;Permanent Representation of Croatia to the European Union;Brussels;21/01/20
96756;Sabine VERHEYEN;EPP;Germany;['CULT'];Committee chair;;Arts&Culture;Bundesverband freie darstellende Künste;Berlin;18/01/20
96756;Sabine VERHEYEN;EPP;Germany;['CULT'];Committee chair;;Youth Policy;Bundesministerium für Familie, Senioren, Frauen und Jugend;Berlin;17/01/20
96756;Sabine VERHEYEN;EPP;Germany;['CULT'];Committee chair;;Discover EU;EURail;European Parliament;15/01/20
96756;Sabine VERHEYEN;EPP;Germany;['CULT'];Committee chair;;Academic Publishing;Taylor&Francis;European Parliament;09/01/20
96756;Sabine VERHEYEN;EPP;Germany;['CULT'];Committee chair;;Media Policy;ISFE;European Parliament;09/01/20
96756;Sabine VERHEYEN;EPP;Germany;['CULT'];Committee chair;;Sports Policy;DFB;European Parliament;08/01/20
256879;Yvan VEROUGSTRAETE;RE;Belgium;['ITRE'];Member;;Northvolt's role in the battery sector;Northvolt;European Parliament;19/09/24
256879;Yvan VEROUGSTRAETE;RE;Belgium;[];Member;;Prise de contact;EU Tech Alliance;EP;18/09/24
256879;Yvan VEROUGSTRAETE;RE;Belgium;[];Member;;Prise de contact;AMFEP;EP;18/09/24
256879;Yvan VEROUGSTRAETE;RE;Belgium;['IMCO'];Member;;Consumer rights;EUROCONSUMERS AISBL;European Parliament;04/09/24
256879;Yvan VEROUGSTRAETE;RE;Belgium;['ITRE'];Member;;Electrification of transport;RENAULT;European Parliament;04/09/24
256879;Yvan VEROUGSTRAETE;RE;Belgium;['ITRE'];Member;;The energy market;EDF;European Parliament;04/09/24
256879;Yvan VEROUGSTRAETE;RE;Belgium;['ITRE'];Member;;Competition in the steel sector;Riva Group;European Parliament;03/09/24
256879;Yvan VEROUGSTRAETE;RE;Belgium;['ENVI'];Member;;Qualité d'eau;Aqua Publica Europea;office;28/08/24
256879;Yvan VEROUGSTRAETE;RE;Belgium;['ITRE'];Member;;Energy mix;STUV;Office;28/08/24
256879;Yvan VEROUGSTRAETE;RE;Belgium;['IMCO'];Member;;protection des consommateurs;BEUC;QL;28/08/24
256811;Aurelijus VERYGA;ECR;Lithuania;['ENVI'];Member;;ECI “Fur Free EU”;International Fur Federation, Lithuanian Fur Breeders Association;European Parliament Brussels;02/10/24
256811;Aurelijus VERYGA;ECR;Lithuania;[];Member;;AI & Data in Healthcare: Trends in GenAI, Regulations, and Compliance;Healthcare Data Innovation Council;Virtual meeting;26/09/24
256811;Aurelijus VERYGA;ECR;Lithuania;['ENVI'];Member;;"Event ""The Motorcycling Reception: Riding together for Europe”";European Association of Motorcycle Manufacturers;Autoworld Museum, Brussels;11/09/24
256811;Aurelijus VERYGA;ECR;Lithuania;['ENVI'];Member;;Key legislative files for the automotive Industry;European Automobile Manufacturers’ Association (ACEA);European Parliament Brussels;05/09/24
260035;Marko VEŠLIGAJ;S&D;Croatia;[];Member;;EU policies for people with disabilities;Hrvatski savez udruga za mlade i studente s invaliditetom;Croatia;11/10/24
260035;Marko VEŠLIGAJ;S&D;Croatia;[];Member;;Mental health policies with a gender perspective;Mental Health Europe - Santé Mentale Europe;online;02/10/24
260035;Marko VEŠLIGAJ;S&D;Croatia;[];Member;;Mobility policies;POLIS;Brussels;01/10/24
256859;Annamária VICSEK;PfE;Hungary;[];Member;;Exchange of views;Mission of the Republic of Serbia to the EU;European Parliament, Strasbourg;10/10/24
256859;Annamária VICSEK;PfE;Hungary;[];Member;;Exchange of views;Erasmus Student Network;European Parliament, Brussels;02/10/24
256859;Annamária VICSEK;PfE;Hungary;[];Member;;Presentation of the activities;EuroAtlantic Consulting & Investment PLC;Brussels, European Parliament;24/09/24
256859;Annamária VICSEK;PfE;Hungary;[];Member;;Exchange of views;MOL Group Hungary;Strasbourg, European Parliament;17/09/24
256859;Annamária VICSEK;PfE;Hungary;[];Member;;Exchange of views;Szövetség a Polgári Magyarországért Alapítvány;Brussels, European Parliament;10/09/24
256859;Annamária VICSEK;PfE;Hungary;[];Member;;Exchange of views;"•	Kárpátaljai Magyar Kulturális Szövetség";Brussels, European Parliament;10/09/24
256859;Annamária VICSEK;PfE;Hungary;[];Member;;Exchange of views;"•	MCC Brussels";Brussels, European Parliament;10/09/24
257437;Catarina VIEIRA;Greens / EFA;Netherlands;[];Member;;Human rights situation in Brazil;ACT Alliance Advocacy to the European Union;EP Brussels;26/09/24
257437;Catarina VIEIRA;Greens / EFA;Netherlands;[];Member;;Human rights situation in Egypt;Amnesty International Limited;EP Brussels;26/09/24
257437;Catarina VIEIRA;Greens / EFA;Netherlands;[];Member;;Trade and climate;Climate Action Network Europe;EP Brussels;25/09/24
257437;Catarina VIEIRA;Greens / EFA;Netherlands;[];Member;;Trade and Labour regulation;amfori - Trade with Purpose;EP Strasbourg;17/09/24
257437;Catarina VIEIRA;Greens / EFA;Netherlands;[];Member;;Human rights situation in Cambodia;Front Line Defenders;EP Brussels;11/09/24
257437;Catarina VIEIRA;Greens / EFA;Netherlands;[];Member;;Safeguarding of human rights by companies;Global Witness;EP Brussels;23/07/24
257437;Catarina VIEIRA;Greens / EFA;Netherlands;[];Member;;General introduction meeting;The Green European Foundation;EP Brussels;17/07/24
125001;Harald VILIMSKY;PfE;Austria;[];Member;;Meeting with representatives of the Heartland Institute;The Heartland Institute;Chicago, US;15/09/24
125001;Harald VILIMSKY;PfE;Austria;[];Member;;Heartland Institute's 40th Anniversary Event;The Heartland Institute;Chicago, USA;13/09/24
125001;Harald VILIMSKY;PfE;Austria;[];Member;;Treffen mit der Präsidentin Ana Brnabic der Nationalversammlung der Republik Serbien;National Assembly of the Republic of Serbia;Belgrad, Serbien;03/09/24
125001;Harald VILIMSKY;PfE;Austria;[];Member;;Treffen mit dem serbischen Staatspräsidenten Aleksandar Vučić;Serbischer Staatspräsident;Belgrad, Serbien;03/09/24
125001;Harald VILIMSKY;PfE;Austria;[];Member;;Meeting with Heartland Institute and representatives;The Heartland Institute;Chicago;13/08/24
125001;Harald VILIMSKY;PfE;Austria;[];Member;;Meeting with Heartland Institute and representatives;The Heartland Institute;Chicago;12/08/24
125001;Harald VILIMSKY;PfE;Austria;[];Member;;Treffen mit der japanischen Botschaft in Österreich;Japanische Botschaft in Österreich;Wien;12/07/24
199941;Marianne VIND;S&D;Denmark;[];Member;;Mobility Package;Fagligt Fælles Forbund;Strasbourg;18/09/24
199941;Marianne VIND;S&D;Denmark;[];Member;;Public Procurement;Fagbevægelsens Hovedorganisation;Brussels;10/09/24
199941;Marianne VIND;S&D;Denmark;['EMPL'];Member;;Working Conditions;Dansk Handicap Organisation;online;16/12/20
199941;Marianne VIND;S&D;Denmark;['EMPL'];Member;;Platform Workers;FH;online;16/12/20
199941;Marianne VIND;S&D;Denmark;['TRAN'];Member;;Migrant workers;Danske Rederier;online;10/12/20
199941;Marianne VIND;S&D;Denmark;[];Member;;Sustainable Corporate Governance;Professor Jesper Lau Hansen;online;10/12/20
199941;Marianne VIND;S&D;Denmark;['EMPL'];Member;;Minimum Wage;HK Østjylland;online;09/12/20
199941;Marianne VIND;S&D;Denmark;[];Member;;EU briefing;The Danish Permanent Representative;online;08/12/20
199941;Marianne VIND;S&D;Denmark;['TRAN'];Member;;Platform Workers;ETUI;online;08/12/20
199941;Marianne VIND;S&D;Denmark;['EMPL'];Member;;Migrant;3F Lolland;online;08/12/20
199941;Marianne VIND;S&D;Denmark;['EMPL'];Member;;EPSCO briefing;FH og DA;online;07/12/20
199941;Marianne VIND;S&D;Denmark;['TRAN'];Member;;Green Transport;Plug in Hybrid;online;04/12/20
199941;Marianne VIND;S&D;Denmark;[];Member;;SU and EU students;Professor Jesper Langergaard;online;04/12/20
199941;Marianne VIND;S&D;Denmark;['EMPL'];Member;;Minimum Wage;Europaudvalget;online;04/12/20
199941;Marianne VIND;S&D;Denmark;['EMPL'];Member;;Minimum Wage;Professor Bent Greve;online;03/12/20
199941;Marianne VIND;S&D;Denmark;[];Member;;Clima;Nordenergy;online;03/12/20
199941;Marianne VIND;S&D;Denmark;['TRAN'];Member;;Electric trucks;Rådet for Grøn Omstiling;online;02/12/20
199941;Marianne VIND;S&D;Denmark;['EMPL'];Member;;Minimum Wage;3F Sjælland;online;01/12/20
199941;Marianne VIND;S&D;Denmark;['EMPL'];Member;;Minimum Wage;HK Øst;online;30/11/20
199941;Marianne VIND;S&D;Denmark;['EMPL'];Member;;Minimum Wage;3F Nordjylland;online;30/11/20
199941;Marianne VIND;S&D;Denmark;['EMPL'];Member;;Minimum Wage;Co-Industri;online;27/11/20
199941;Marianne VIND;S&D;Denmark;['EMPL'];Member;;Minimum Wage;3F;online;26/11/20
199941;Marianne VIND;S&D;Denmark;['TRAN'];Member;;Platform Workers;EC;online;25/11/20
199941;Marianne VIND;S&D;Denmark;['TRAN'];Member;;Platform Workers;Dansk Industri;online;24/11/20
199941;Marianne VIND;S&D;Denmark;['BECA'];Member;;Surgical smoke;Stryker;Brussel;20/11/20
199941;Marianne VIND;S&D;Denmark;['TRAN'];Member;;Green Cargo;Dansk Jernbaneforbund;online;20/11/20
199941;Marianne VIND;S&D;Denmark;['TRAN'];Rapporteur;;Platform Workers;OECD;online;19/11/20
199941;Marianne VIND;S&D;Denmark;['EMPL'];Member;;Minimum Wage;3F;online;19/11/20
199941;Marianne VIND;S&D;Denmark;[];Member;;Delivering Sustainability in Europe;Amazon Acadamy;online;18/11/20
199941;Marianne VIND;S&D;Denmark;['TRAN'];Member;;EU Action on Global Deforestation & Palm Oil;EULAR;online;13/11/20
199941;Marianne VIND;S&D;Denmark;['EMPL'];Member;;The Inclusive Labour Market;EULAR;online;09/11/20
199941;Marianne VIND;S&D;Denmark;[];Member;;Gender Equality in EU;3F;online;04/11/20
199941;Marianne VIND;S&D;Denmark;['EMPL'];Member;;Minimum Wage;3F;online;02/11/20
199941;Marianne VIND;S&D;Denmark;['EMPL'];Member;;Minimum Wage;Europabevægelsen;online;30/10/20
199941;Marianne VIND;S&D;Denmark;['EMPL'];Member;;Work Environment;Dansk Arbejdsgiverforening;Copenhagen;29/10/20
199941;Marianne VIND;S&D;Denmark;['EMPL'];Member;;Work Environment;Velux;online;29/10/20
199941;Marianne VIND;S&D;Denmark;[];Member;;Future for the Philiphinnes;ASEAN;online;27/10/20
199941;Marianne VIND;S&D;Denmark;[];Member;;I dybden med eksport;Dansk Industri;online;21/10/20
199941;Marianne VIND;S&D;Denmark;[];Member;;Shaping the future of new mobility;European Parliament;online;14/10/20
199941;Marianne VIND;S&D;Denmark;['EMPL'];Member;;A social CAP;Trade Union;Bruxelles;13/10/20
199941;Marianne VIND;S&D;Denmark;[];Member;;Common Agriculture Policy;Danish Agricultural & Food Council;Bruxelles;09/10/20
199941;Marianne VIND;S&D;Denmark;['EMPL'];Member;;Minimum Wage;European Trade Union;Bruxelles;09/10/20
199941;Marianne VIND;S&D;Denmark;['EMPL'];Member;;Minimum Wage;3F;Copenhagen;05/10/20
199941;Marianne VIND;S&D;Denmark;['EMPL'];Member;;Briefing on Minimum Wage;DMJX Journalist Højskolen;Copenhagen;02/10/20
199941;Marianne VIND;S&D;Denmark;['TRAN'];Member;;Green Deal & Electromobility;European Forum for Manufacturing;Bruxelles;30/09/20
199941;Marianne VIND;S&D;Denmark;['TRAN', 'EMPL'];Member;;Green Transport;Ysted Havn;Ysted;25/09/20
199941;Marianne VIND;S&D;Denmark;['EMPL', 'BECA'];Member;;4. Revision of the Carcinogens and Mutagens Directive;European Biosafety Network;Brussels;22/09/20
199941;Marianne VIND;S&D;Denmark;['TRAN'];Rapporteur;;Platform Workers;3F;Online;09/06/20
199941;Marianne VIND;S&D;Denmark;['TRAN'];Rapporteur;;Platform Workers;European Transport Workers Federation;Online;05/06/20
199941;Marianne VIND;S&D;Denmark;['EMPL'];Member;;Asbestos;Blik og Rør;Copenhagen;04/06/20
199941;Marianne VIND;S&D;Denmark;['EMPL', 'TRAN'];Member;;Workers rights and collective agreements;Wolt;Online;24/04/20
199941;Marianne VIND;S&D;Denmark;['EMPL', 'TRAN'];Member;;Coffee meeting on general priorities;Flyvebranchens Personale Union;Brussels;10/03/20
199941;Marianne VIND;S&D;Denmark;['EMPL'];Member;;Coffee meeting on general priorities;Fagbevægelsens Hovedorganisation;Brussels;04/03/20
199941;Marianne VIND;S&D;Denmark;['EMPL'];Member;;Carcinogens and Mutagens Directive;Biosaftely Network;Brussels;04/03/20
199941;Marianne VIND;S&D;Denmark;['EMPL'];Member;;Visitors group;NNF;Brussels;03/03/20
199941;Marianne VIND;S&D;Denmark;['EMPL'];Member;;Reception: Obesity;Novo Nordisk;Brussels;03/03/20
199941;Marianne VIND;S&D;Denmark;['TRAN'];Member;;Company visit;Skandinavisk Transport Center;Køge;27/02/20
199941;Marianne VIND;S&D;Denmark;['EMPL', 'TRAN'];Member;;Company visit;Palles Fragt A/S;Næstved;26/02/20
199941;Marianne VIND;S&D;Denmark;['EMPL'];Member;;Company visit;MAN Energy Solutions;Copenhagen;25/02/20
199941;Marianne VIND;S&D;Denmark;['EMPL', 'TRAN'];Member;;Company visit;CPH Airport;Copenhagen;25/02/20
199941;Marianne VIND;S&D;Denmark;['EMPL'];Member;;Company visit;Specialisterne;Ballerup;24/02/20
199941;Marianne VIND;S&D;Denmark;['EMPL'];Member;;Company visit;Adserballe & Knudsen A/S;Farum;24/02/20
199941;Marianne VIND;S&D;Denmark;['TRAN'];Member;;CO2 emissions from shipping industry;Danske Rederier;Strasbourg;12/02/20
199941;Marianne VIND;S&D;Denmark;['EMPL', 'TRAN'];Member;;Lunch;3F;Brussels;05/02/20
199941;Marianne VIND;S&D;Denmark;['EMPL', 'TRAN'];Member;;Transportation and minimum wage;3F;Brussels;24/01/20
199941;Marianne VIND;S&D;Denmark;[];Member;;Diabetes;Novo Nordisk;Strasbourg;14/01/20
199941;Marianne VIND;S&D;Denmark;['EMPL'];Member;;Minimum wage directive, equality and workers rights;Dansk Arbejdsgiverforening;Brussels;08/01/20
124726;Henna VIRKKUNEN;EPP;Finland;['ITRE'];Member;;Current EU affairs;Nokia;Espoo;27/08/24
124726;Henna VIRKKUNEN;EPP;Finland;[];Member;;Current EU Affairs;Supercell Oy;Helsinki;27/08/24
124726;Henna VIRKKUNEN;EPP;Finland;[];Member;;Current EU Affairs;Lappset Oy;Rovaniemi;20/08/24
124726;Henna VIRKKUNEN;EPP;Finland;[];Member;;Current EU Affairs;Sailab – MedTech Finland ry;Online;14/12/20
124726;Henna VIRKKUNEN;EPP;Finland;[];Member;;EU Forest Policy;MTK ry, Metsäteollisuus ry;Online;10/12/20
124726;Henna VIRKKUNEN;EPP;Finland;[];Member;;EU Climate and Energy Policy;Energiateollisuus ry;Online;10/12/20
124726;Henna VIRKKUNEN;EPP;Finland;[];Member;;Sustainable Corporate Governance;Suomen Yrittäjät ry;Online;09/12/20
124726;Henna VIRKKUNEN;EPP;Finland;[];Member;;5G and Smart Cities;European Telecommunications Network Operators’ Association;Online;07/12/20
124726;Henna VIRKKUNEN;EPP;Finland;[];Member;;Circular Economy;Aalto-yliopisto;Online;03/12/20
124726;Henna VIRKKUNEN;EPP;Finland;[];Member;;Current EU Affairs;Päijät-Hämeen Yrittäjä ry;Online;03/12/20
124726;Henna VIRKKUNEN;EPP;Finland;[];Member;;Current EU Affairs;British Embassy in Finland;Helsinki, Finland;30/11/20
124726;Henna VIRKKUNEN;EPP;Finland;[];Member;;Digital Markets Act;SME Europe;Online;26/11/20
124726;Henna VIRKKUNEN;EPP;Finland;[];Member;;C-V2X and Transport Emissions;5G Automotive Association (5GAA), Euractiv;Online;24/11/20
124726;Henna VIRKKUNEN;EPP;Finland;[];Member;;Current EU Affairs;JAMK;JAMK, Jyväskylä, Finland;23/11/20
124726;Henna VIRKKUNEN;EPP;Finland;[];Member;;Current EU Affairs;Regional Council's of Western Finland;Online;19/11/20
124726;Henna VIRKKUNEN;EPP;Finland;[];Member;;Current EU Affairs;Helsinki Chamber of Commerce;Online;18/11/20
124726;Henna VIRKKUNEN;EPP;Finland;[];Member;;Biogas for Mobility;: Suomen Biokierto ja Biokaasu ry, Energigas Sverige, Biogas Danmark, Energigass Norge, European Biogas Association;Online;12/11/20
124726;Henna VIRKKUNEN;EPP;Finland;[];Member;;Horizon Europe;East & North Finland EU Office;Online;12/11/20
124726;Henna VIRKKUNEN;EPP;Finland;[];Member;;Current EU Affairs;Neste;Online;06/11/20
124726;Henna VIRKKUNEN;EPP;Finland;[];Member;;Current EU Affairs;JAMK;Online;06/11/20
124726;Henna VIRKKUNEN;EPP;Finland;[];Member;;EU Research and Innovation Policy;Regional Council of Central Finland;Online;06/11/20
124726;Henna VIRKKUNEN;EPP;Finland;[];Member;;Current EU Affairs;Lempäälän Energia Oy;Lempäälä, Finland;03/11/20
124726;Henna VIRKKUNEN;EPP;Finland;[];Member;;EU Forest Policy;MTK ry;Jyväskylä, Finland;29/10/20
124726;Henna VIRKKUNEN;EPP;Finland;[];Member;;EU Energy Policy;Metsäteollisyys ry;Online;29/10/20
124726;Henna VIRKKUNEN;EPP;Finland;[];Member;;EU Transport Policy;CaaS Nordic;Online;29/10/20
124726;Henna VIRKKUNEN;EPP;Finland;[];Member;;Current EU Affairs;Finnish Composers’ Copyright Society Teosto;Online;29/10/20
124726;Henna VIRKKUNEN;EPP;Finland;[];Member;;Current EU Affairs;Tekniikan Akateemiset;Online;28/10/20
124726;Henna VIRKKUNEN;EPP;Finland;[];Member;;Inclusion and Education;University of Jyväskylä;Online;22/10/20
124726;Henna VIRKKUNEN;EPP;Finland;[];Member;;Current EU Affairs;Osuustoimintakeskus Pellervo;Helsinki;21/10/20
124726;Henna VIRKKUNEN;EPP;Finland;[];Member;;Forest Policy;Metsäteollisuus ry;Helsinki, Finland;21/10/20
124726;Henna VIRKKUNEN;EPP;Finland;[];Member;;Current EU Affairs;Osuustoimintakeskus Pellervo ry;Helsinki, Finland;21/10/20
124726;Henna VIRKKUNEN;EPP;Finland;[];Member;;EU Security and Defence Policy;Wilfried Martens Centre for European Studies;Online;16/10/20
124726;Henna VIRKKUNEN;EPP;Finland;[];Member;;Digital Services Act;Musiikintuottajat (IFPI Finland);Online;14/10/20
124726;Henna VIRKKUNEN;EPP;Finland;[];Member;;Blockchain in Europe;European Digital SME Alliance;Online;14/10/20
124726;Henna VIRKKUNEN;EPP;Finland;[];Member;;Current EU Affairs;Energiateollisuus ry;Online;08/10/20
124726;Henna VIRKKUNEN;EPP;Finland;[];Member;;Current EU Affaris;Metsäteollisuus;Online;07/10/20
124726;Henna VIRKKUNEN;EPP;Finland;[];Member;;Current EU Affairs;Permanent Representation of Estonia to the European Union;Online;24/09/20
124726;Henna VIRKKUNEN;EPP;Finland;[];Member;;EuroHPC;CSC - IT Center for Science;Online;21/09/20
124726;Henna VIRKKUNEN;EPP;Finland;['TRAN'];Member;;Revision of the Driving Licenses Directive;International Road Transport Union;Online;08/09/20
124726;Henna VIRKKUNEN;EPP;Finland;[];Member;;Current EU affairs;Teknologiateollisuus ry, Sivistystyönantajat ry;Pori, Finland;04/09/20
124726;Henna VIRKKUNEN;EPP;Finland;[];Member;;Current EU affairs;Finance Finland;Online;31/08/20
124726;Henna VIRKKUNEN;EPP;Finland;[];Member;;EU forest policy;Finnish Forest Industries;Online;14/07/20
124726;Henna VIRKKUNEN;EPP;Finland;[];Member;;Current EU affairs;Technology Industries of Finland;Online;08/07/20
124726;Henna VIRKKUNEN;EPP;Finland;[];Member;;Current EU affairs and SMEs;Accountancy Europe;Online;07/07/20
124726;Henna VIRKKUNEN;EPP;Finland;[];Member;;Current EU affairs;The Chemical Industry Federation of Finland;Online;25/06/20
124726;Henna VIRKKUNEN;EPP;Finland;[];Member;;Webinar on SMEs;ESBA;Online;22/06/20
124726;Henna VIRKKUNEN;EPP;Finland;['ITRE'];Shadow rapporteur;;Roundtable discussion on artificial intelligence;Business Finland;Online;08/06/20
124726;Henna VIRKKUNEN;EPP;Finland;['ITRE'];Shadow rapporteur;;Roundtable discussion on artificial intelligence;University of Helsinki;Online;02/06/20
124726;Henna VIRKKUNEN;EPP;Finland;['ITRE'];Shadow rapporteur;;Roundtable discussion on artificial intelligence;VTT, Aalto University;Online;02/06/20
124726;Henna VIRKKUNEN;EPP;Finland;['TRAN'];Shadow rapporteur;;Roundtable discussion on artificial Intelligence;WMCES, University of Jyväskylä, The Ministery of Defence of Finland;Online;28/05/20
124726;Henna VIRKKUNEN;EPP;Finland;[];Member;;Roundtable talk on the energy sector;GasGrid;Online;13/05/20
124726;Henna VIRKKUNEN;EPP;Finland;['ITRE'];Shadow rapporteur;;Roundtable discussion on artificial intelligence;Sitra, University of Helsinki;Online;06/05/20
124726;Henna VIRKKUNEN;EPP;Finland;[];Member;;E-meeting on current EU affairs and the Green Deal;UPM;Online;29/04/20
124726;Henna VIRKKUNEN;EPP;Finland;[];Member;;E-meeting on EU education policy;SAMOK ry;Online;20/04/20
124726;Henna VIRKKUNEN;EPP;Finland;[];Member;;Meeting on mobility and transport;Ministry of Transport and Communications in Finland (Liikenne- ja viestintäministeriö), Permanent Representation of Finland to the EU (Suomen pysyvä edustusto Euroopan unionissa);Brussels;03/03/20
124726;Henna VIRKKUNEN;EPP;Finland;[];Member;;Meeting on digital policy;The Federation of Finnish Technology Industries (Teknologiateollisuus);Brussels;03/03/20
124726;Henna VIRKKUNEN;EPP;Finland;[];Member;;Meeting on mobility policy;Swedish Taxi Association;Brussels;03/03/20
124726;Henna VIRKKUNEN;EPP;Finland;[];Member;;Discussion on circular economy;Sitra, Touchpoint, SOK;Helsinki;26/02/20
124726;Henna VIRKKUNEN;EPP;Finland;[];Member;;Lunch debate on forest strategy;Metsäverkosto;EP, Brussels;20/02/20
124726;Henna VIRKKUNEN;EPP;Finland;[];Member;;Meeting on EU's digital agenda;GSMA;EP, Brussels;19/02/20
124726;Henna VIRKKUNEN;EPP;Finland;[];Member;;Meeting on digitalisation and copyrights;Digitaleurope;EP, Brussels;19/02/20
124726;Henna VIRKKUNEN;EPP;Finland;[];Member;;Lunch with Tampere and Pirkanmaa regional office;Tampere and Pirkanmaa regional office;Brussels;19/02/20
124726;Henna VIRKKUNEN;EPP;Finland;[];Member;;Meeting on the Digital Service Act and current EU affairs;Finnish Commerce Federation (Kaupan liitto), Finnish customer association (Kuluttajaliitto);EP, Brussels;18/02/20
124726;Henna VIRKKUNEN;EPP;Finland;[];Member;;Meeting on sustainable construction;Saint-Gobain;EP, Strasbourg;12/02/20
124726;Henna VIRKKUNEN;EPP;Finland;[];Member;;Meeting on current EU affairs;Ambassador of Norway to the EU;EP, Strasbourg;11/02/20
124726;Henna VIRKKUNEN;EPP;Finland;[];Member;;Meeting on sustainability and the Green Deal;Hydro;EP, Strasbourg;11/02/20
124726;Henna VIRKKUNEN;EPP;Finland;[];Member;;Visit to Hybrid CoE;Hybrid CoE;Hybrid CoE, Helsinki;07/02/20
124726;Henna VIRKKUNEN;EPP;Finland;[];Member;;Visit to OLAF;OLAF;OLAF, Brussels;05/02/20
124726;Henna VIRKKUNEN;EPP;Finland;[];Member;;Meeting on current EU affairs;Norwegian Members of Parliament from Høyre;EP, Brussels;05/02/20
124726;Henna VIRKKUNEN;EPP;Finland;[];Member;;Meeting on digitalisation and data;Sitra;EP, Brussels;04/02/20
124726;Henna VIRKKUNEN;EPP;Finland;[];Member;;Meeting on artificial intelligence;University of Helsinki researchers;EP, Brussels;04/02/20
124726;Henna VIRKKUNEN;EPP;Finland;[];Member;;Meeting on chemical industry and the Green Deal;Finnish chemical industry (Kemianteollisuus);EP, Brussels;04/02/20
124726;Henna VIRKKUNEN;EPP;Finland;[];Member;;Current EU affairs;University of Oulu researchers;EP, Brussels;04/02/20
124726;Henna VIRKKUNEN;EPP;Finland;[];Member;;Meeting on energy sector and the Green Deal;Finnish Energy (Energiateollisuus);EP, Brussels;30/01/20
124726;Henna VIRKKUNEN;EPP;Finland;[];Member;;Meeting on technology industry and the Green Deal;Finnish technology industry (Teknologiateollisuus);EP, Brussels;30/01/20
124726;Henna VIRKKUNEN;EPP;Finland;[];Member;;Meeting on the Forum for Mobility and Society;FIA;EP, Brussels;29/01/20
124726;Henna VIRKKUNEN;EPP;Finland;[];Member;;Meeting on SME Strategy;Federation of Finnish Enterprises (Suomen Yrittäjät);Brussels;23/01/20
124726;Henna VIRKKUNEN;EPP;Finland;[];Member;;Breakfast debate on circular economy;Confederation of Danish industry, Confederation of Norwegian Enterprice, Svenskt Näringsliv, Elinkeinoelämän keskusliitto EK;EP, Brussels;22/01/20
124726;Henna VIRKKUNEN;EPP;Finland;[];Member;;Meeting on Horizon Europe and Brexit;Universities UK International;EP, Brussels;22/01/20
124726;Henna VIRKKUNEN;EPP;Finland;[];Member;;Meeting on European industries and the Green Deal;Eurometaux;EP, Strasbourg;15/01/20
124726;Henna VIRKKUNEN;EPP;Finland;[];Member;;Meeting on chemical industry and the Green Deal;Cefic, BASF;EP, Strasbourg;15/01/20
124726;Henna VIRKKUNEN;EPP;Finland;[];Member;;Meeting on climate, circular economy and digitization;Cobalt Institute;EP, Strasbourg;14/01/20
124726;Henna VIRKKUNEN;EPP;Finland;[];Member;;Meeting on european energy and the Green Deal;Eurelectric;EP, Strasbourg;14/01/20
124726;Henna VIRKKUNEN;EPP;Finland;[];Member;;Discussion event on SME Strategy;Federation of Finnish Enterprises (Suomen Yrittäjät);Helsinki;09/01/20
124726;Henna VIRKKUNEN;EPP;Finland;[];Member;;Green Deal innovations and technologies;BASF;EP, Brussels;08/01/20
124875;Anders VISTISEN;PfE;Denmark;[];Member;;Tobaksindustrien;Philip Morris International Inc.;Brussels;11/09/24
124875;Anders VISTISEN;PfE;Denmark;[];Member;;Dyrevelfærd;Anima;Brussels;03/09/24
257143;Mariateresa VIVALDINI;ECR;Italy;['ITRE'];Member;;Meeting Conoscitivo;FederUNACOMA;Bruxelles;26/09/24
257143;Mariateresa VIVALDINI;ECR;Italy;['ITRE'];Member;;Meeting conoscitivo;Leonardo S.p.A.;Bruxelles;25/09/24
257143;Mariateresa VIVALDINI;ECR;Italy;['ITRE'];Member;;Meeting conoscitivo;Regal Rexnord;Bruxelles;25/09/24
257143;Mariateresa VIVALDINI;ECR;Italy;['ITRE'];Member;;Meeting conoscitivo;Manifatture Sigaro Toscano S.r.l.;Bruxelles;24/09/24
257143;Mariateresa VIVALDINI;ECR;Italy;['ITRE'];Member;;Meeting conoscitivo;ANIMA CONFINDUSTRIA MECCANICA VARIA;Strasbourg;18/09/24
257143;Mariateresa VIVALDINI;ECR;Italy;['ITRE'];Member;;Meeting conoscitivo;Trane Technologies;Strasbourg;17/09/24
257143;Mariateresa VIVALDINI;ECR;Italy;['ITRE'];Member;;cognitive meeting;Edison Spa;brussels;10/09/24
256966;Michael VON DER SCHULENBURG;;Germany;[];Member;;Georgia EU relations;Irakli Narsavidze, Sandro Lominashvili;Strasbourg;09/10/24
256966;Michael VON DER SCHULENBURG;;Germany;['AFET'];Member;;Georgia's relations with EU;Ms. Maka Botchorishvili, Chair of the European Integration Committee of the Parliament of Georgia, Mr. Levan Karumidze, First Deputy Chair of the European Integration Committee, Ms. Medea Tchelidze , Leading Specialist of the EU Integration Committee;Brussels European Parliament;12/09/24
256966;Michael VON DER SCHULENBURG;;Germany;[];Member;;Georgia's relation with EUropean Union;First Deputy Chair of the Committee on European Integration of the Georgian Parliament;Strasbourg European Parliament;17/07/24
197537;Alexandr VONDRA;ECR;Czechia;[];Member;;Introductory meeting;PRISONERS DEFENDERS INTERNATIONAL NETWORK;Brussels;03/10/24
197537;Alexandr VONDRA;ECR;Czechia;[];Member;;General consultation;Greenpeace European Unit;Prague;30/09/24
197537;Alexandr VONDRA;ECR;Czechia;[];Member;;General consultation;ExxonMobil Petroleum & Chemical;Prague;26/09/24
197537;Alexandr VONDRA;ECR;Czechia;['ENVI'];Member;;Introductory meeting;Svaz chemického průmyslu České republiky, z.s.;Brussels;25/09/24
197537;Alexandr VONDRA;ECR;Czechia;['ENVI'];Member;;Introductory meeting;British American Tobacco;Brussels;25/09/24
197537;Alexandr VONDRA;ECR;Czechia;['ENVI'];Member;;Introductory meeting;European Association of Mining Industries, Metal Ores & Industrial Minerals;Brussels;24/09/24
197537;Alexandr VONDRA;ECR;Czechia;['ENVI'];Member;;Economic competitiveness and energy transition;Eni S.p.A.;Strasbourg;18/09/24
197537;Alexandr VONDRA;ECR;Czechia;[];Member;;ekonomika a klimatické cíle po COVID-19;Sdružení automobilového průmyslu;Praha;08/12/20
197537;Alexandr VONDRA;ECR;Czechia;[];Member;;Green Deal and steel industry;Vitkovice Heavy Machinery;Ostrava;17/09/20
197537;Alexandr VONDRA;ECR;Czechia;['ENVI'];Member;;Green Deal;Česká technologická platforma pro udržitelnou chemii (SusChem Česká republika);Prague;15/06/20
197537;Alexandr VONDRA;ECR;Czechia;[];Member;;zákaz olova v mokřadech;Sellier & Bellot;Praha;12/03/20
197537;Alexandr VONDRA;ECR;Czechia;['ENVI'];Member;;CO2 emissions and Green Deal;Director General of the European Steel Association EUROFER;Strasbourg;11/02/20
197537;Alexandr VONDRA;ECR;Czechia;['ENVI'];Member;;Green Deal and automobile industry;European Automobile Manufacturers' Association;European Parliament Brussels;04/02/20
96761;Axel VOSS;EPP;Germany;['LIBE'];Shadow rapporteur;;GDPR;Deutsche Industrie- und Handelskammer;Virtual meeting;26/07/24
96761;Axel VOSS;EPP;Germany;[];Member;;Speaker at event on competition policy;Otto Group;Berlin;25/07/24
96761;Axel VOSS;EPP;Germany;[];Member;;Digital files;Bitkom e.V.;Berlin;25/07/24
96761;Axel VOSS;EPP;Germany;[];Member;;Digital files;Vonovia SE, Zentraler Immobilien Ausschuss;Brussels;23/07/24
96761;Axel VOSS;EPP;Germany;[];Member;;Digital files;Bundesverband deutscher Banken e.V.;Brussels;23/07/24
96761;Axel VOSS;EPP;Germany;['JURI'];Member;;Corporate Sustainability Due Diligence;DHL Group;Strasbourg;17/07/24
96761;Axel VOSS;EPP;Germany;[];Member;;Digital files;IFPI Representing recording industry worldwide;Strasbourg;17/07/24
96761;Axel VOSS;EPP;Germany;[];Member;;Digital files;DIGITALEUROPE;Strasbourg;17/07/24
96761;Axel VOSS;EPP;Germany;[];Member;;Digital files;DOT Europe;Strasbourg;16/07/24
96761;Axel VOSS;EPP;Germany;[];Member;;Artificial Intelligence;Japan Business Council in Europe;Virtual meeting;08/12/20
96761;Axel VOSS;EPP;Germany;['JURI'];Shadow rapporteur;;Corporate Sustainability Due Diligence;Bayerische Motoren Werke Aktiengesellschaft;Virtual meeting;03/12/20
96761;Axel VOSS;EPP;Germany;[];Member;;Artificial Intelligence;OECD;Webinar;02/12/20
96761;Axel VOSS;EPP;Germany;[];Member;;Cloud Computing;Digital Society;Webinar;02/12/20
96761;Axel VOSS;EPP;Germany;['JURI'];Shadow rapporteur;;Corporate Sustainability Due Diligence;WirtschaftsVereinigung Metalle;Webinar;01/12/20
96761;Axel VOSS;EPP;Germany;[];Member;;Artificial Intelligence;Center for Data Innovation;Webinar;01/12/20
96761;Axel VOSS;EPP;Germany;['JURI'];Shadow rapporteur;;Corporate Sustainability Due Diligence;ActionAid, Amnesty International Limited, Anti-Slavery International, CIDSE - International Alliance of Catholic social justice organisations, Clean Clothes Campaign / Stichting Schone Kleren Kampagne, European Center for Constitutional and Human Rights, European Coalition for Corporate Justice, Friends of the Earth Europe, Global Witness;Virtual meeting;30/11/20
96761;Axel VOSS;EPP;Germany;['JURI'];Shadow rapporteur;;Corporate Sustainability Due Diligence;H & M Hennes & Mauritz AB;Virtual meeting;27/11/20
96761;Axel VOSS;EPP;Germany;['JURI'];Shadow rapporteur;;Corporate Sustainability Due Diligence;OXFAM INTERNATIONAL EU ADVOCACY OFFICE;Virtual meeting;26/11/20
96761;Axel VOSS;EPP;Germany;[];Member;;Artificial Intelligence;Deutsche Sozialversicherung Arbeitsgemeinschaft Europa;Virtual meeting;26/11/20
96761;Axel VOSS;EPP;Germany;[];Member;;Digital Transformation;Wilfried Martens Centre for European Studies;Webinar;25/11/20
96761;Axel VOSS;EPP;Germany;[];Member;;Artificial Intelligence;Bitkom e.V.;Virtual meeting;25/11/20
96761;Axel VOSS;EPP;Germany;['JURI'];Shadow rapporteur;;Corporate Sustainability Due Diligence;Bundesverband der Deutschen Industrie e.V.;Virtual meeting;24/11/20
96761;Axel VOSS;EPP;Germany;['JURI'];Shadow rapporteur;;Corporate Sustainability Due Diligence;Konrad-Adenauer-Stiftung;Webinar;19/11/20
96761;Axel VOSS;EPP;Germany;[];Member;;Artificial Intelligence;Konrad-Adenauer-Stiftung;Virtual meeting;17/11/20
96761;Axel VOSS;EPP;Germany;['JURI'];Shadow rapporteur;;Corporate Sustainability Due Diligence;Vertretung des Landes Nordrhein-Westfalen bei der Europäischen Union;Webinar;12/11/20
96761;Axel VOSS;EPP;Germany;['JURI'];Shadow rapporteur;;Corporate Sustainability Due Diligence;Human Rights Watch;Virtual meeting;11/11/20
96761;Axel VOSS;EPP;Germany;['JURI'];Shadow rapporteur;;Corporate Sustainability Due Diligence;European Branded Clothing Alliance;Webinar;05/11/20
96761;Axel VOSS;EPP;Germany;['JURI'];Rapporteur;;AI Civil Liability;Verband Deutscher Maschinen- und Anlagenbau e.V.;Virtual meeting;30/10/20
96761;Axel VOSS;EPP;Germany;['JURI'];Rapporteur;;AI Civil Liability;Bundesverband der Deutschen Industrie e.V.;Virtual meeting;28/10/20
96761;Axel VOSS;EPP;Germany;['JURI'];Shadow rapporteur;;Corporate Sustainability Due Diligence;Bundesarbeitgeberverband Chemie e.V.;Virtual meeting;21/10/20
96761;Axel VOSS;EPP;Germany;[];Member;;Artificial Intelligence;BEUC – The European Consumer Organisation;Virtual meeting;20/10/20
96761;Axel VOSS;EPP;Germany;[];Member;;Artificial Intelligence;DIGITALEUROPE;Webinar;20/10/20
96761;Axel VOSS;EPP;Germany;['JURI'];Rapporteur;;AI Civil Liability;Bayerischer AnwaltVerband, DAV IT-Recht;Webinar;15/10/20
96761;Axel VOSS;EPP;Germany;['JURI'];Member;;Corporate Transparency;Frank Bold Society;Virtual meeting;14/10/20
96761;Axel VOSS;EPP;Germany;['JURI'];Member;;Responsible private funding of litigation;American Chamber of Commerce to the European Union;Virtual meeting;14/10/20
96761;Axel VOSS;EPP;Germany;[];Member;;Artificial Intelligence;Mittelstands- und Wirtschaftsvereinigung der CDU Belgien;Virtual meeting;13/10/20
96761;Axel VOSS;EPP;Germany;['JURI'];Shadow rapporteur;;Corporate Sustainability Due Diligence;Bundesverband der Deutschen Süßwarenindustrie;Virtual meeting;08/10/20
96761;Axel VOSS;EPP;Germany;['JURI'];Shadow rapporteur;;Corporate Sustainability Due Diligence;TOTAL;Virtual meeting;08/10/20
96761;Axel VOSS;EPP;Germany;['JURI'];Shadow rapporteur;;Corporate Sustainability Due Diligence;Stiftung für Wirtschaftsethik;Virtual meeting;08/10/20
96761;Axel VOSS;EPP;Germany;['JURI'];Shadow rapporteur;;Corporate Sustainability Due Diligence;Bundesvereinigung der Deutschen Arbeitgeberverbände e.V.;Virtual meeting;05/10/20
96761;Axel VOSS;EPP;Germany;['JURI'];Shadow rapporteur;;Corporate Due Diligence;European Federation of Jewellery;Virtual meeting;05/10/20
96761;Axel VOSS;EPP;Germany;['JURI'];Shadow rapporteur;;Corporate Sustainability Due Diligence;Handelsverband Deutschland;Web meeting;30/09/20
96761;Axel VOSS;EPP;Germany;['JURI'];Shadow rapporteur;;Corporate Due Diligence;EuropeanIssuers;Webinar;29/09/20
96761;Axel VOSS;EPP;Germany;['JURI'];Shadow rapporteur;;Corporate Sustainability Due Diligence;DHL Group;Virtual meeting;29/09/20
96761;Axel VOSS;EPP;Germany;['JURI'];Shadow rapporteur;;Corporate Sustainability Due Diligence;EUROPEAN TRADE UNION CONFEDERATION;Virtual meeting;29/09/20
96761;Axel VOSS;EPP;Germany;[];Member;;Digital Policy;Nesta;Webinar;28/09/20
96761;Axel VOSS;EPP;Germany;['JURI'];Shadow rapporteur;;Corporate Sustainability Due Diligence;Deutsches Aktieninstitut;Virtual meeting;24/09/20
96761;Axel VOSS;EPP;Germany;[];Member;;Artificial Intelligence;Center for Information Policy Leadership;Virtual meeting;24/09/20
96761;Axel VOSS;EPP;Germany;['JURI'];Shadow rapporteur;;Corporate Sustainability Due Diligence;Business Europe;Virtual meeting;23/09/20
96761;Axel VOSS;EPP;Germany;['JURI'];Shadow rapporteur;;Corporate Sustainability Due Diligence;Nestlé S.A.;Virtual meeting;23/09/20
96761;Axel VOSS;EPP;Germany;['JURI'];Shadow rapporteur;;Corporate Sustainability Due Diligence;Federation of the European Sporting Goods Industry;Web meeting;22/09/20
96761;Axel VOSS;EPP;Germany;['JURI'];Shadow rapporteur;;Corporate Sustainability Due Diligence;Clean Clothes Campaign / Stichting Schone Kleren Kampagne, European Center for Constitutional and Human Rights, European Coalition for Corporate Justice, Friends of the Earth Europe, Global Witness, International Federation for Human Rights, OXFAM INTERNATIONAL EU ADVOCACY OFFICE;Virtual meeting;22/09/20
96761;Axel VOSS;EPP;Germany;['JURI'];Shadow rapporteur;;Corporate Sustainability Due Diligence;LIDL;Virtual meeting;22/09/20
96761;Axel VOSS;EPP;Germany;['JURI'];Rapporteur;;AI Civil Liability;Siemens AG;Virtual meeting;17/09/20
96761;Axel VOSS;EPP;Germany;[];Member;;Privacy Tech;Internet Economy Foundation;Webinar;10/09/20
96761;Axel VOSS;EPP;Germany;['JURI'];Rapporteur;;AI Civil Liability;Wirtschaftsrat der CDU e.V.;Webinar;08/09/20
96761;Axel VOSS;EPP;Germany;['JURI'];Rapporteur;;AI Civil Liability;British Chamber of Commerce | EU & Belgium;Virtual meeting;08/09/20
96761;Axel VOSS;EPP;Germany;['JURI'];Shadow rapporteur;;Corporate sustainability Due Diligence;Covington & Burling LLP, Medline Industries;Virtual meeting;02/09/20
96761;Axel VOSS;EPP;Germany;['JURI'];Shadow rapporteur;;Corporate Sustainability Due Diligence;Bundesarbeitgeberverband Chemie e.V., Verband der Chemischen Industrie e.V.;Virtual meeting;31/08/20
96761;Axel VOSS;EPP;Germany;['JURI'];Shadow rapporteur;;Corporate Sustainability Due Diligence;WVMetalle;Virtual meeting;27/08/20
96761;Axel VOSS;EPP;Germany;[];Member;;Artificial Intelligence;ITI - The Information Technology Industry Council;Virtual meeting;27/08/20
96761;Axel VOSS;EPP;Germany;['JURI'];Rapporteur;;AI Civil Liability;FTI Consulting Belgium, Waymo;Virtual meeting;27/08/20
96761;Axel VOSS;EPP;Germany;['LIBE'];Shadow rapporteur;;ePrivacy;DDV Deutscher Dialogmarketing Verband e.V.;Webinar;21/07/20
96761;Axel VOSS;EPP;Germany;['JURI'];Rapporteur;;AI Civil Liability;RELX;Virtual meeting;21/07/20
96761;Axel VOSS;EPP;Germany;['JURI'];Rapporteur;;AI Civil Liability;Siemens AG;Virtual meeting;07/07/20
96761;Axel VOSS;EPP;Germany;[];Member;;Artificial Intelligence;IFPI Representing recording industry worldwide;Virtual meeting;30/06/20
96761;Axel VOSS;EPP;Germany;['JURI'];Rapporteur;;AI Civil Liability;Konrad-Adenauer-Stiftung;Webinar;25/06/20
96761;Axel VOSS;EPP;Germany;[];Member;;GDPR;Wirtschaftsrat der CDU e.V.;Webinar;22/06/20
96761;Axel VOSS;EPP;Germany;['JURI'];Rapporteur;;AI Civil Liability;MedTech Europe;Virtual meeting;22/06/20
96761;Axel VOSS;EPP;Germany;['JURI'];Rapporteur;;AI Civil Liability;European Justice Forum;Virtual meeting;10/06/20
96761;Axel VOSS;EPP;Germany;['JURI'];Shadow rapporteur;;Corporate Sustainability Due Diligence;European Coalition for Corporate Justice, Global Witness;Virtual meeting;02/06/20
96761;Axel VOSS;EPP;Germany;['JURI'];Rapporteur;;AI Civil Liability;European Telecommunications Network Operators' Association, GSMA Europe;Virtual meeting;02/06/20
96761;Axel VOSS;EPP;Germany;['JURI'];Rapporteur;;AI Civil Liability;Bitkom e.V.;Webinar;28/05/20
96761;Axel VOSS;EPP;Germany;[];Member;;Digital Sovereignty;ECIPE;Virtual meeting;26/05/20
96761;Axel VOSS;EPP;Germany;['JURI'];Member;;Artificial Intelligence;Insurance Ireland;Virtual meeting;20/05/20
96761;Axel VOSS;EPP;Germany;['JURI'];Member;;Artificial Intelligence;EUROSMART;Virtual meeting;20/05/20
96761;Axel VOSS;EPP;Germany;['JURI'];Rapporteur;;AI Civil Liability;CLEPA;Virtual meeting;08/05/20
96761;Axel VOSS;EPP;Germany;['JURI'];Member;;GDPR;European Commission;Virtual meeting;08/05/20
96761;Axel VOSS;EPP;Germany;[];Member;;Digital solutions in Covid crisis;ACT | The App Association;Webinar;06/05/20
96761;Axel VOSS;EPP;Germany;['JURI'];Member;;AI Regulation;Getty Images (UK) Ltd;Virtual meeting;04/05/20
96761;Axel VOSS;EPP;Germany;['JURI'];Rapporteur;;AI Civil Liability;European Commission;Phone call;30/04/20
96761;Axel VOSS;EPP;Germany;['JURI'];Rapporteur;;AI Civil Liability;Hanover Communications International;Webinar;28/04/20
96761;Axel VOSS;EPP;Germany;['JURI'];Rapporteur;;AI Civil Liability;SAP, VzBV, Noerr, IBM, ITI;Webinar;22/04/20
96761;Axel VOSS;EPP;Germany;['JURI'];Member;;Artificial Intelligence;Center for Data Innovation, SME Europe, CLAIRE Brussels Office;Webinar;14/04/20
96761;Axel VOSS;EPP;Germany;['JURI'];Rapporteur;;AI Civil Liability;EUTA;Virtual meeting;02/04/20
96761;Axel VOSS;EPP;Germany;['JURI'];Rapporteur;;AI Civil Liability;BEUC;Virtual meeting;27/03/20
96761;Axel VOSS;EPP;Germany;['JURI'];Member;;Artificial Intelligence;Brighter AI Technologies;Virtual meeting;26/03/20
96761;Axel VOSS;EPP;Germany;['JURI'];Member;;Artificial Intelligence;eco - Verband der Internetwirtschaft;Virtual meeting;24/03/20
96761;Axel VOSS;EPP;Germany;['JURI'];Rapporteur;;AI Civil Liability;European Commission;Brussels;05/03/20
96761;Axel VOSS;EPP;Germany;['JURI'];Rapporteur;;AI Civil Liability;GDV;Brussels;04/03/20
96761;Axel VOSS;EPP;Germany;['JURI'];Member;;Digital Policy;Zentralverband Deutsches Baugewerbe;Brussels;03/03/20
96761;Axel VOSS;EPP;Germany;['JURI'];Rapporteur;;AI Civil Liability;AG Wirtschaft und Energie Bundestag;Brussels;02/03/20
96761;Axel VOSS;EPP;Germany;['JURI'];Member;;Liability of Platforms;VDE Verband der Elektrotechnik Elektronik Informationstechnik;Brussels;27/02/20
96761;Axel VOSS;EPP;Germany;['JURI'];Rapporteur;;AI Civil Liability;Salesforce Inc.;Brussels;19/02/20
96761;Axel VOSS;EPP;Germany;['JURI'];Rapporteur;;AI Civil Liability;VDE;Brussels;19/02/20
96761;Axel VOSS;EPP;Germany;['JURI'];Rapporteur;;AI Civil Liability;Adobe;Brussels;17/02/20
96761;Axel VOSS;EPP;Germany;['JURI'];Rapporteur;;AI Civil Liability;DIN Deutsches Institut für Normung e. V.;Brussels;05/02/20
96761;Axel VOSS;EPP;Germany;[];Member;;EU Digital Strategy;Wirtschaftsrat der CDU e.V.;Brussels;21/01/20
96761;Axel VOSS;EPP;Germany;['JURI'];Member;;Vulnerable adults;European Law Institute;Brussels;21/01/20
197552;Veronika VRECIONOVÁ;ECR;Czechia;[];Member;;Situation in Iran;National Council of Resistance of Iran;European Parliament, Strasbourg;09/10/24
197552;Veronika VRECIONOVÁ;ECR;Czechia;['AGRI'];Committee chair;;Priorities of AGRI committee in the new mandate, priorities for next CAP planning period;European agri-cooperatives, European farmers;European Parliament, Brussels;02/10/24
197552;Veronika VRECIONOVÁ;ECR;Czechia;['AGRI'];Committee chair;;Priorities of AGRI committee in the new mandate;Nestlé S.A.;European Parliament, Brussels;02/10/24
197552;Veronika VRECIONOVÁ;ECR;Czechia;['AGRI'];Committee chair;;Political priorities of new parliament;N+C;Brussels;02/10/24
197552;Veronika VRECIONOVÁ;ECR;Czechia;[];Member;;Situation in Middle East, Antisemitism in Europe;AJC Transatlantic Institute;European Parliament, Brussels;01/10/24
197552;Veronika VRECIONOVÁ;ECR;Czechia;['AGRI'];Committee chair;;Priorities of the AGRI committee in the 2024-2029 mandate, Deforestation Regulation;EuroCommerce;European Parliament Strasbourg;18/09/24
197552;Veronika VRECIONOVÁ;ECR;Czechia;['AGRI'];Committee chair;;Priorities of the AGRI committee in the 2024-2029 mandate.;CropLife Europe;European Parliament Strasbourg;18/09/24
197552;Veronika VRECIONOVÁ;ECR;Czechia;['AGRI'];Committee chair;;Priorities of AGRI committee in the new mandate;Eurogroup for Animals;European Parliament, Strasbourg;18/09/24
197552;Veronika VRECIONOVÁ;ECR;Czechia;[];Member;;Situation in Middle East, Antisemitism in Europe;AJC Transatlantic Institute;European Parliament, Strasbourg;17/07/24
197552;Veronika VRECIONOVÁ;ECR;Czechia;[];Member;;Trump´s peace plan, Labeling of settlement products;Shomron Regional Council - International Relations Executive Director;Brussels;18/02/20
197552;Veronika VRECIONOVÁ;ECR;Czechia;[];Member;;Political situation in Taipei;Taipei Representative Office in the EU and Belgium - Second Secretary;Strasbourg;11/02/20
197552;Veronika VRECIONOVÁ;ECR;Czechia;[];Member;;Current situation in Iran;Women's Committee of the National Council of Resistance of Iran - Elham Zanjani;Brussels;29/01/20
204400;Adrián VÁZQUEZ LÁZARA;EPP;Spain;[];Member;;Meeting with mink Sector;representatives of the mink sector;Santiago de Compostela;11/10/24
204400;Adrián VÁZQUEZ LÁZARA;EPP;Spain;[];Member;;BEBARTLET;Session Mobility with Renault Group;Madrid;04/10/24
204400;Adrián VÁZQUEZ LÁZARA;EPP;Spain;[];Member;;ALTRI;CEO and COO;European Parliament;02/10/24
204400;Adrián VÁZQUEZ LÁZARA;EPP;Spain;[];Member;;US Chamber for Institute Legal Reforms;Senior Vicepresident;European Parliament;01/10/24
204400;Adrián VÁZQUEZ LÁZARA;EPP;Spain;[];Member;;Comparative Analysis of the EU elections 2024;European Policy Center;Brussels;30/09/24
204400;Adrián VÁZQUEZ LÁZARA;EPP;Spain;[];Member;;Evento Nuevo Ciclo Institucional y legislativo;LLORENTE Y CUENCA, S.L;Madrid;16/09/24
204400;Adrián VÁZQUEZ LÁZARA;EPP;Spain;[];Member;;Evento presentacion Informe del Estado de Derecho 2024;Oficina del Parlamento Europeo;Madrid;13/09/24
204400;Adrián VÁZQUEZ LÁZARA;EPP;Spain;[];Member;;Apple;Head of Government Affairs Spain and Portugal;European Parliament;10/09/24
204400;Adrián VÁZQUEZ LÁZARA;EPP;Spain;[];Member;;BBVA;Head of European Affairs;European Parliament;10/09/24
204400;Adrián VÁZQUEZ LÁZARA;EPP;Spain;['JURI'];Committee chair;;General exchange of views;General Council of the Spanish Advocates;Madrid;21/12/20
204400;Adrián VÁZQUEZ LÁZARA;EPP;Spain;['JURI'];Committee chair;;Gathering opinions from stakeholders;Ernst and Young;Zoom;03/12/20
204400;Adrián VÁZQUEZ LÁZARA;EPP;Spain;['JURI'];Committee chair;;Academic interview - Discuss areas for improvement in current legislation;Professor from the University of Barcelona;Zoom;02/12/20
204400;Adrián VÁZQUEZ LÁZARA;EPP;Spain;['JURI'];Committee chair;;Academic Interview: Discuss areas for improvement in current legislation;Missing Children Europe;Zoom;26/11/20
204400;Adrián VÁZQUEZ LÁZARA;EPP;Spain;['JURI'];Committee chair;;Examining the functioning of the digital environment;Smart Protection;Zoom;20/11/20
204400;Adrián VÁZQUEZ LÁZARA;EPP;Spain;['JURI'];Committee chair;;Gathering opinions from stakeholders;European Coalitio for Corporate Justice, Observatorio de Responsabilidad Social Corporativa;Zoom;12/11/20
204400;Adrián VÁZQUEZ LÁZARA;EPP;Spain;['JURI'];Committee chair;;Academic interview: Discuss areas for improvement in current legislation;Professor from Antwerp's University;Zoom;11/11/20
204400;Adrián VÁZQUEZ LÁZARA;EPP;Spain;['JURI'];Committee chair;;General exchange of views;Deloitte;Madrid;30/10/20
204400;Adrián VÁZQUEZ LÁZARA;EPP;Spain;['JURI'];Committee chair;;General exchange of views;Novartis;Online;22/10/20
204400;Adrián VÁZQUEZ LÁZARA;EPP;Spain;['JURI'];Committee chair;;General exchange of views on the post-Brexit situation for businesses and companies;City of London;Online;15/10/20
204400;Adrián VÁZQUEZ LÁZARA;EPP;Spain;['JURI'];Shadow rapporteur;;Exchange of views on digital piracy and illegal broadcasting of sport events;Telefónica;Online;05/10/20
204400;Adrián VÁZQUEZ LÁZARA;EPP;Spain;['JURI'];Shadow rapporteur;;Illegal streaming of sporting events;La Liga;Online;29/09/20
204400;Adrián VÁZQUEZ LÁZARA;EPP;Spain;['JURI'];Committee chair;;General exchange of views;Just Eat España;Madrid;29/07/20
204400;Adrián VÁZQUEZ LÁZARA;EPP;Spain;['JURI'];Shadow rapporteur;;Exchange of views about illegal streaming of sporting events;LaLiga;Madrid;21/07/20
204400;Adrián VÁZQUEZ LÁZARA;EPP;Spain;['JURI'];Committee chair;;General Exchange of views about Data Strategy;Banco Santander;Online;01/07/20
204400;Adrián VÁZQUEZ LÁZARA;EPP;Spain;['JURI'];Committee chair;;General Exchange of views;EuropeanIssuers;On-line;23/06/20
204400;Adrián VÁZQUEZ LÁZARA;EPP;Spain;['JURI'];Shadow rapporteur;;Exchange of views about challenges of sports events’ organisers in the digital environment;La Liga Nacional de Fútbol Profesional;Online;02/06/20
204400;Adrián VÁZQUEZ LÁZARA;EPP;Spain;['JURI'];Committee chair;;General exchange of views about the Covid-19 crisis and potential use of technology;Telefónica España;Online;08/05/20
204400;Adrián VÁZQUEZ LÁZARA;EPP;Spain;['JURI'];Committee chair;;General Exchange of views about the challenges of Covid-19;digitalES;Video call;05/05/20
204400;Adrián VÁZQUEZ LÁZARA;EPP;Spain;['JURI'];Committee chair;;General Exchange of views about the challenges of Covid-19;Google Spain;Video call;29/04/20
204400;Adrián VÁZQUEZ LÁZARA;EPP;Spain;['JURI'];Committee chair;;General Exchange of views about the challenges of Covid-19;Individual expert in Geography;Video call;16/04/20
204400;Adrián VÁZQUEZ LÁZARA;EPP;Spain;['JURI'];Committee chair;;General Exchange of views about the challenges of Covid-19;Individual Jurist - Expert in Data Protection;Video call;15/04/20
204400;Adrián VÁZQUEZ LÁZARA;EPP;Spain;['JURI'];Committee chair;;General Exchange of views about the challenges of Covid-19;Individual Expert in Data Protection;Video call;15/04/20
204400;Adrián VÁZQUEZ LÁZARA;EPP;Spain;['JURI'];Committee chair;;General Exchange of views about the challenges of Covid-19;Google;Video call;14/04/20
204400;Adrián VÁZQUEZ LÁZARA;EPP;Spain;['JURI'];Committee chair;;General Exchange of views about the challenges of Covid-19;Researcher in Statistical Genetics and Pathogen Dynamics;Video call;14/04/20
204400;Adrián VÁZQUEZ LÁZARA;EPP;Spain;['JURI'];Committee chair;;General Exchange of views about the challenges of Covid-19;Asociación Profesional Española de Privacidad;Video call;14/04/20
204400;Adrián VÁZQUEZ LÁZARA;EPP;Spain;['JURI'];Committee chair;;General Exchange of views about the challenges of Covid-19;Individual Ingenier - Expert in Data and Artificial Intelligence;Video call;13/04/20
204400;Adrián VÁZQUEZ LÁZARA;EPP;Spain;['JURI'];Committee chair;;General Exchange of views about the challenges of Covid-19;Individual expert in Economy;Video call;08/04/20
204400;Adrián VÁZQUEZ LÁZARA;EPP;Spain;['JURI'];Committee chair;;General Exchange of Views;FACEBOOK;Brussels;05/03/20
204400;Adrián VÁZQUEZ LÁZARA;EPP;Spain;['JURI'];Committee chair;;General Exchange of Views;GOOGLE;Brussels;05/03/20
190464;Thomas WAITZ;Greens / EFA;Austria;['AGRI'];Member;;Tierschutz;People for the Ethical Treatment of Animals (PETA);Brüssels;02/10/24
190464;Thomas WAITZ;Greens / EFA;Austria;['AGRI'];Member;;Tierschutz;Albert Schweitzer Stiftung für unsere Mitwelt;Brüssel;02/10/24
190464;Thomas WAITZ;Greens / EFA;Austria;['AGRI'];Member;;Pestizide;Dreikönigsaktion der Katholischen Jungschar Österreichs;Brüssel;26/09/24
190464;Thomas WAITZ;Greens / EFA;Austria;['AGRI'];Member;;Tierschutz;Compassion in World Farming Brussels;Brüssel;25/09/24
190464;Thomas WAITZ;Greens / EFA;Austria;['AGRI'];Member;;Tierschutz;Animal Welfare Foundation e.V.;Brüssels;25/09/24
190464;Thomas WAITZ;Greens / EFA;Austria;['AFET'];Member;;Tibet;Save Tibet EU;Brüssel;25/09/24
190464;Thomas WAITZ;Greens / EFA;Austria;['AFET'];Member;;Israel-Palästina Konflikt;Ofek: The Israeli Center for Public Affairs;Brussels;24/09/24
190464;Thomas WAITZ;Greens / EFA;Austria;['AGRI'];Member;;Tierschutz;International Fund for Animal Welfare;Brüssel;24/09/24
190464;Thomas WAITZ;Greens / EFA;Austria;['AGRI'];Member;;Proteinstrategie;Vereins Soja aus Österreich;online;24/09/24
190464;Thomas WAITZ;Greens / EFA;Austria;['AGRI'];Member;;Proteinstrategie;Donausoja Organisation;Brüssel;24/09/24
190464;Thomas WAITZ;Greens / EFA;Austria;['ANIT'];Shadow rapporteur;;Animal Transport;EFSA, Nikolaus Kriz;online;10/12/20
190464;Thomas WAITZ;Greens / EFA;Austria;[];Member;;Hydropower plants in Kosovo;KELAG Christian Schwarz;online;30/11/20
190464;Thomas WAITZ;Greens / EFA;Austria;[];Member;;Hydropower plants in Kosovo;Shpresa Loshaj;online;18/11/20
190464;Thomas WAITZ;Greens / EFA;Austria;[];Member;;Enviromental Policy in Western Balkan;River Watch;online;09/11/20
190464;Thomas WAITZ;Greens / EFA;Austria;['ANIT'];Member;;Animal Transport;ZAR;Salzburg;05/11/20
190464;Thomas WAITZ;Greens / EFA;Austria;[];Member;;Organic Farming;BIO Austria;Vienna;02/11/20
190464;Thomas WAITZ;Greens / EFA;Austria;['ANIT'];Member;;Animal Transport;ZAR, EZG;Salzburg;02/11/20
190464;Thomas WAITZ;Greens / EFA;Austria;[];Member;;Enviromental policy BiH;Center of Enviroment, Tihomir Dakić;online;27/10/20
190464;Thomas WAITZ;Greens / EFA;Austria;[];Member;;General Exchange;Frank Schwabe, Parliamentary Assembly of the Council of Europe;online;27/10/20
190464;Thomas WAITZ;Greens / EFA;Austria;['AFET'];Member;;Enviromental Policy, Western Balkan;"Euronatur; Gabriel Schwaderer";online;26/10/20
190464;Thomas WAITZ;Greens / EFA;Austria;['AFET'];Member;;Western Balkan, EU-Enlargement, EU-Commission;Olivér Várhelyi;online;23/10/20
190464;Thomas WAITZ;Greens / EFA;Austria;['ANIT'];Shadow rapporteur;;Animal Transport;VGT;call;14/10/20
190464;Thomas WAITZ;Greens / EFA;Austria;[];Member;;Deforestation Romania;Greenpeace Romania;online;13/10/20
190464;Thomas WAITZ;Greens / EFA;Austria;[];Member;;MERCOSUR;DKA;Vienna;03/10/20
190464;Thomas WAITZ;Greens / EFA;Austria;['ANIT'];Member;;Referendum for Animal Welfare;Tierschutzvolksbegehren, FFF;Vienna;02/10/20
190464;Thomas WAITZ;Greens / EFA;Austria;['ANIT'];Member;;Animal Transport;Animal Welfare Organisations;online;30/09/20
190464;Thomas WAITZ;Greens / EFA;Austria;[];Member;;Industrial Hemp;Deep Nature Project;Brussels;22/09/20
190464;Thomas WAITZ;Greens / EFA;Austria;[];Member;;Civil Society and Media Freedom in Bosnia and Herzegovina;Center for Environment;online;22/09/20
190464;Thomas WAITZ;Greens / EFA;Austria;[];Member;;Hydropower in Kosovo;Kelag;online;09/09/20
190464;Thomas WAITZ;Greens / EFA;Austria;[];Member;;Civil Society and Media Freedom in Kosovo;Centre for Investigative Reporting;online;04/09/20
190464;Thomas WAITZ;Greens / EFA;Austria;['ANIT'];Member;;Protection of Animals During Transport;BMSGPK;Vienna;25/08/20
190464;Thomas WAITZ;Greens / EFA;Austria;['ANIT'];Member;;Meat labelling;ZAR, LKÖ;Vienna;25/08/20
190464;Thomas WAITZ;Greens / EFA;Austria;[];Member;;Emissions in Agriculture;Land schafft Verbindung;Vienna;30/07/20
190464;Thomas WAITZ;Greens / EFA;Austria;['ANIT'];Member;;Protection of Animals during Transport;Tierschutzvolksbegehren;Vienna;29/07/20
190464;Thomas WAITZ;Greens / EFA;Austria;['ANIT'];Member;;Protection of Animals during Transport;four paws;Vienna;24/07/20
190464;Thomas WAITZ;Greens / EFA;Austria;[];Member;;Civil Society in Bosnia and Herzegovina;CZZS;online;24/07/20
190464;Thomas WAITZ;Greens / EFA;Austria;[];Member;;EU mission in Kosovo;EULEX;online;24/07/20
190464;Thomas WAITZ;Greens / EFA;Austria;[];Member;;EU mission in Bosnia and Herzegovina;EUFOR;online;24/07/20
190464;Thomas WAITZ;Greens / EFA;Austria;[];Member;;Civil society and Hydropower in Kosovo;Riverwatch;online;15/07/20
190464;Thomas WAITZ;Greens / EFA;Austria;[];Member;;Civil society and Hydropower in Kosovo;Trailblazers;online;14/07/20
190464;Thomas WAITZ;Greens / EFA;Austria;[];Member;;Civil society in Montenegro, Civil Rights;Queer Montenegro;online;07/07/20
190464;Thomas WAITZ;Greens / EFA;Austria;[];Member;;Civil Society in Bosnia and Herzegovina;Heinrich Böll Stiftung Sarajevo;Online;25/06/20
190464;Thomas WAITZ;Greens / EFA;Austria;[];Member;;Deforestation in Croatia;Green Squad;Zagreb;24/06/20
190464;Thomas WAITZ;Greens / EFA;Austria;[];Member;;Nuclear Energy/Western Balkan/CAP;Austrian Perm Rep;Brussels;12/03/20
190464;Thomas WAITZ;Greens / EFA;Austria;[];Member;;Environmental Progress in Montenegro;Ozone Environmental Movement;Montenegro;24/02/20
190464;Thomas WAITZ;Greens / EFA;Austria;[];Member;;General Exchange;European Left Group;Brussels;18/02/20
190464;Thomas WAITZ;Greens / EFA;Austria;[];Member;;General Exchange;Volt Europe;Brussels;17/02/20
197863;Maria WALSH;EPP;Ireland;['AGRI'];Member;;Agriculture Policy;COPA-COCEGA;Brussels;10/10/24
197863;Maria WALSH;EPP;Ireland;[];Member;;Situation in Gaza;UNWRA;Strasbourg;09/10/24
197863;Maria WALSH;EPP;Ireland;[];Member;;Situation in the Middle East;European Coordination of Committees for Palestine;European Parliament Brussels;03/10/24
197863;Maria WALSH;EPP;Ireland;['PECH'];Member;;Fishing Policy;IFPO, IFPEA, Irish South and West FPO, Killybegs Stevedoring Limited, Irish South and East Fish Producers Organisation;Brussels;01/10/24
197863;Maria WALSH;EPP;Ireland;['LIBE'];Member;;Disability Report on the Rights of Children with Disabilities in Gaza;Human Rights Watch;European Parliament;01/10/24
197863;Maria WALSH;EPP;Ireland;['LIBE'];Member;;Data Policy;Irish Data Protection Commission;Brussels;30/09/24
197863;Maria WALSH;EPP;Ireland;['AGRI'];Member;;Agricultural Policy;CIHEAM Zaragoza;Brussels (Online);26/09/24
197863;Maria WALSH;EPP;Ireland;[];Member;;Dóchas - the Irish Association of Non-Governmental Development Organisations;Dóchas - the Irish Association of Non-Governmental Development Organisations;European Parliament Brussels;25/09/24
197863;Maria WALSH;EPP;Ireland;[];Member;;European Society of Cardiology;European Society of Cardiology;European Parliament Brussels;25/09/24
197863;Maria WALSH;EPP;Ireland;[];Member;;Center for Reproductive Rights;Centre for Reproductive Rights;European Parliament Brussels;25/09/24
197429;Marion WALSMANN;EPP;Germany;['IMCO'];Member;;Mitgliedschaft bei European Food Forum;European Food Forum;Brussels;10/10/24
197429;Marion WALSMANN;EPP;Germany;[];Member;;Digitale Transformation;Bitkom e.V.;Brussels;10/10/24
197429;Marion WALSMANN;EPP;Germany;[];Member;;Anhörungen der Kommissare;Claudia Crawford;Strasbourg;09/10/24
197429;Marion WALSMANN;EPP;Germany;['IMCO'];Member;;Speaker EP Frühstück am 13. November;Mercedes-Benz Group AG;Brussels;08/10/24
197429;Marion WALSMANN;EPP;Germany;[];Member;;Entwicklungen im Kontext zu KI und damit verbundenen regulativen Rahmenbedingungen;Bundesverband Musikindustrie e.V.;Strasbourg;08/10/24
197429;Marion WALSMANN;EPP;Germany;[];Member;;Ungarischer Vorsitz im Rat;Botschafterin Katalin Molnár;Strasbourg;08/10/24
197429;Marion WALSMANN;EPP;Germany;[];Member;;Alternative Dispute Resolution directive;Ständige Vertretung Deutschlands bei der EU;Brussels;04/10/24
197429;Marion WALSMANN;EPP;Germany;[];Member;;KMU;Europe Unlocked;Brussels;04/10/24
197429;Marion WALSMANN;EPP;Germany;['JURI'];Rapporteur;;Standard Essential Patents;FTI Consulting Belgium;European Parliament;03/10/24
197429;Marion WALSMANN;EPP;Germany;['IMCO'];Member;;Audiovisueller Sektor;ACT;Brussels;03/10/24
197405;Jörgen WARBORN;EPP;Sweden;['INTA'];Member;;Trade;Svensk Handel;Strasbourg;18/07/24
197405;Jörgen WARBORN;EPP;Sweden;['INTA'];Member;;Trade;Pfizer Inc.;Strasbour;17/07/24
197405;Jörgen WARBORN;EPP;Sweden;[];Member;;SME & trade;SCA;Strasbourg;17/07/24
197405;Jörgen WARBORN;EPP;Sweden;[];Member;;Trade;Almega;Strasbourg;17/07/24
197405;Jörgen WARBORN;EPP;Sweden;['AIDA'];Member;;AI-frågor;Linköpings universitet;Videokonferens;16/12/20
197405;Jörgen WARBORN;EPP;Sweden;['AIDA'];Member;;AI-frågor;AI Sweden;Videokonferens;15/12/20
197405;Jörgen WARBORN;EPP;Sweden;['AIDA'];Member;;AI-frågor;AI Sweden, Region Halland, Örebro Universitet, Google Sverige;Videokonferens;11/12/20
197405;Jörgen WARBORN;EPP;Sweden;['TRAN', 'INTA'];Member;;Företagsklimat, handel, industri och transporter;Svenskt Näringsliv, AB Volvo;Videokonferens;07/12/20
197405;Jörgen WARBORN;EPP;Sweden;['AIDA'];Member;;AI-frågor;Silo AI;Videokonferens;04/12/20
197405;Jörgen WARBORN;EPP;Sweden;['AIDA'];Member;;AI-frågor;Linköpings universitet;Videokonferens;04/12/20
197405;Jörgen WARBORN;EPP;Sweden;['AIDA'];Member;;AI-frågor;AI Sweden, Google Sverige;Videokonferens;03/12/20
197405;Jörgen WARBORN;EPP;Sweden;['INTA'];Member;;Handelspolitik;Export USA;Videokonferens;02/12/20
197405;Jörgen WARBORN;EPP;Sweden;['TRAN'];Member;;Sjöfartsfrågor och transportinfrastruktur;Trelleborgs hamn, Trelleborgs kommun;Videokonferens;01/12/20
197405;Jörgen WARBORN;EPP;Sweden;['AIDA'];Member;;AI- och molntjänstfrågor;Google Sverige;Videokonferens;30/11/20
197405;Jörgen WARBORN;EPP;Sweden;['AIDA'];Member;;AI-frågor i hälso- och sjukvården;Sahlgrenska universitetssjukhuset, Västra Götalandsregionen;Videokonferens;23/11/20
197405;Jörgen WARBORN;EPP;Sweden;['AIDA'];Member;;AI-frågor;Microsoft Sverige;Videokonferens;23/11/20
197405;Jörgen WARBORN;EPP;Sweden;['AIDA', 'TRAN'];Member;;AI-frågor i fordonsindustrin;Einride;Videokonferens;18/11/20
197405;Jörgen WARBORN;EPP;Sweden;['AIDA'];Member;;AI-frågor i hälso- och sjukvården;Region Halland;Videokonferens;16/11/20
197405;Jörgen WARBORN;EPP;Sweden;['AIDA'];Member;;AI-frågor;Embark Studios;Videokonferens;16/11/20
197405;Jörgen WARBORN;EPP;Sweden;['AIDA'];Member;;AI-frågor i läkemedelsindustrin;Astra Zeneca;Videokonferens;16/11/20
197405;Jörgen WARBORN;EPP;Sweden;['AIDA', 'TRAN'];Member;;AI-frågor i fordonsindustrin;Scania;Videokonferens;16/11/20
197405;Jörgen WARBORN;EPP;Sweden;['AIDA'];Member;;AI-frågor;Sveriges ambassad i Washington, LimeTreeLake;Videokonferens;11/11/20
197405;Jörgen WARBORN;EPP;Sweden;['AIDA'];Member;;AI-frågor;Peltarion;Videokonferens;05/11/20
197405;Jörgen WARBORN;EPP;Sweden;['AIDA'];Member;;AI-frågor;IT- och telekomföretagen;Videokonferens;29/10/20
197405;Jörgen WARBORN;EPP;Sweden;['AIDA'];Member;;AI-frågor;Dataspelsbranschen;Videokonferens;28/10/20
197405;Jörgen WARBORN;EPP;Sweden;[];Member;;Förnybar energi / klimatpolitik;Castellum, Soltech Energy Sweden;Göteborg;23/10/20
197405;Jörgen WARBORN;EPP;Sweden;['TRAN'];Member;;Sjöfartsfrågor;Scandlines;Videokonferens;21/10/20
197405;Jörgen WARBORN;EPP;Sweden;['AIDA'];Member;;AI-frågor;AI Sweden;Videokonferens;20/10/20
197405;Jörgen WARBORN;EPP;Sweden;['AIDA', 'TRAN', 'INTA'];Member;;AI-frågor;Svenskt Näringsliv, Svensk Handel, Bil Sweden, Transportföretagen, Trä- och möbelföretagen, Teknikföretagen, Jernkontoret, IT- och telekomföretagen, Innovations- och kemiindustrierna;Videokonferens;14/10/20
197405;Jörgen WARBORN;EPP;Sweden;['AIDA'];Member;;AI-frågor;IE University;Videokonferens;13/10/20
197405;Jörgen WARBORN;EPP;Sweden;['AIDA'];Member;;AI-frågor;AI Sweden;Videokonferens;06/10/20
197405;Jörgen WARBORN;EPP;Sweden;['AIDA'];Member;;AI-frågor;Iteam;Videokonferens;06/10/20
197405;Jörgen WARBORN;EPP;Sweden;['INTA'];Member;;Handelspolitik;Almega;Videokonferens;22/09/20
197405;Jörgen WARBORN;EPP;Sweden;['INTA'];Member;;Internationella standardiseringar;Svenska institutet för standarder;Videokonferens;22/09/20
197405;Jörgen WARBORN;EPP;Sweden;['INTA'];Member;;Handelspolitik;Nestlé Norden;Videokonferens;09/09/20
197405;Jörgen WARBORN;EPP;Sweden;[];Member;;Handelspolitik, skattepolitik;Nilson Group;Varberg;28/08/20
197405;Jörgen WARBORN;EPP;Sweden;['AIDA'];Member;;AI-frågor;Ekkono AI;Varberg;28/08/20
197405;Jörgen WARBORN;EPP;Sweden;[];Member;;Företagarfrågor;Nyföretagarcentrum, Svenskt Näringsliv;Videokonferens;25/06/20
197405;Jörgen WARBORN;EPP;Sweden;['TRAN'];Member;;Maritime issues / transport policy;Göteborgs Hamn;Göteborg;12/06/20
197405;Jörgen WARBORN;EPP;Sweden;['INTA', 'TRAN'];Member;;Trade policy / aeronautic industry policy / transport policy;Boeing;Videoconference;03/06/20
197405;Jörgen WARBORN;EPP;Sweden;['TRAN'];Shadow rapporteur;;Vehicle charging infrastructure;ChargeUp Europe;Videoconference;19/05/20
197405;Jörgen WARBORN;EPP;Sweden;[];Member;;Business climate;Svenskt näringsliv;Videoconference;30/04/20
197405;Jörgen WARBORN;EPP;Sweden;['INTA'];Member;;Trade policy;Embassy of Australia in Sweden;Videoconference;29/04/20
197405;Jörgen WARBORN;EPP;Sweden;['INTA'];Member;;Trade policy;Outokumpu;Videoconference;16/04/20
197405;Jörgen WARBORN;EPP;Sweden;[];Member;;Business climate / young entrepreneurship;Företagarna Young;Varberg;27/03/20
197405;Jörgen WARBORN;EPP;Sweden;['INTA'];Member;;Trade policy;Embassy of Switzerland;Brussels;18/02/20
197405;Jörgen WARBORN;EPP;Sweden;['TRAN'];Member;;Maritime issues / transport policy;Ystad hamn;Ystad;14/02/20
197405;Jörgen WARBORN;EPP;Sweden;['INTA'];Member;;Trade policy;US House of Representatives;Strasbourg;12/02/20
197405;Jörgen WARBORN;EPP;Sweden;['INTA', 'TRAN'];Member;;Swedish automotive industry / climate and trade policy;Volvo;Brussels;05/02/20
197405;Jörgen WARBORN;EPP;Sweden;[];Member;;Business climate / entrepreneurship;Livsmedelshandlarna;Brussels;05/02/20
197405;Jörgen WARBORN;EPP;Sweden;['INTA'];Member;;Environmental policy / trade policy;Ragn Sells;Brussels;04/02/20
197405;Jörgen WARBORN;EPP;Sweden;[];Member;;Regional development policy;Skåne-Blekinge-Halland's EU representation;Brussels;03/02/20
197405;Jörgen WARBORN;EPP;Sweden;[];Member;;Energy policy;Vattenfall;Brussels;27/01/20
197405;Jörgen WARBORN;EPP;Sweden;['INTA'];Member;;Trade policy;European Free Trade Association;Brussels;22/01/20
197405;Jörgen WARBORN;EPP;Sweden;['INTA', 'TRAN'];Member;;Swedish industrial policy;Preemraff;Lysekil;17/01/20
197405;Jörgen WARBORN;EPP;Sweden;['INTA', 'TRAN'];Member;;Swedish space and aeronautic industry / EU research policy;GKN Aerospace;Trollhättan;17/01/20
197405;Jörgen WARBORN;EPP;Sweden;['INTA'];Member;;Trade policy;Embassy of Taiwan;Strasbourg;15/01/20
197405;Jörgen WARBORN;EPP;Sweden;['TRAN'];Member;;Swedish automotive industry;Volvo Equipment;Göteborg;10/01/20
197405;Jörgen WARBORN;EPP;Sweden;['INTA', 'TRAN'];Member;;Brexit / EU-UK relations;Permanent Representation of the United Kingdom to the EU;Brussels;07/01/20
257046;Marta WCISŁO;EPP;Poland;[];Member;;Energy transformation;PGE Polska Grupa Energetyczna SA;European Parliament;16/07/24
28229;Manfred WEBER;EPP;Germany;[];Member;;Politischer Austausch;NATURLAND;München;23/09/24
256977;Andrea WECHSLER;EPP;Germany;[];Member;;EU Energy Policy;BDEW Bundesverband der Energie- und Wasserwirtschaft e. V.;Brüssel;13/08/24
256977;Andrea WECHSLER;EPP;Germany;[];Member;;EU Energy Policy;Tech for Net Zero;Videokonferenz;30/07/24
256977;Andrea WECHSLER;EPP;Germany;[];Member;;EU Energy and Industry Policy;BASF SE;Videokonferenz;24/07/24
256977;Andrea WECHSLER;EPP;Germany;[];Member;;EU Energy Policy;Verband der Deutschen Biokraftstoffindustrie;Brüssel;23/07/24
256977;Andrea WECHSLER;EPP;Germany;[];Member;;EU Energy Policy;TransnetBW GmbH;Wendlingen;22/07/24
256977;Andrea WECHSLER;EPP;Germany;[];Member;;EU digital strategy;Huawei Technologies;Straßburg;17/07/24
256977;Andrea WECHSLER;EPP;Germany;[];Member;;EU Energy Policy;Hansgrohe;Straßburg;17/07/24
256977;Andrea WECHSLER;EPP;Germany;[];Member;;EU Policy;Konrad-Adenauer-Stiftung;Straßburg;16/07/24
256977;Andrea WECHSLER;EPP;Germany;[];Member;;EU digital strategy;Oracle;Straßburg;16/07/24
197769;Michal WIEZIK;RE;Slovakia;[];Member;;Industrial hemp sector;European Industrial Hemp Association;European Parliament, Brussels;02/10/24
197769;Michal WIEZIK;RE;Slovakia;['ENVI'];Shadow rapporteur;;priorities in water policy;International Association of Waterworks in the Rhine Basin (IAWR);European Parliament;01/10/24
197769;Michal WIEZIK;RE;Slovakia;[];Member;;priorities for European tyre industry;European Tyre and Rubber Manufacturers’ Association;European Parliament;01/10/24
197769;Michal WIEZIK;RE;Slovakia;['CONT'];Rapporteur;;EuroHPC JU activities and management;European High Performance Computing Joint Undertaking;European Parliament, Brussels;01/10/24
197769;Michal WIEZIK;RE;Slovakia;[];Member;;EUDR compliance in Côte d'Ivoire cocoa sector;Fern, Initiative pour le Developpement Communautaire et la Protection des Forêts (IDEF);European Parliament, Brussels;26/09/24
197769;Michal WIEZIK;RE;Slovakia;[];Member;;Guided tour of exhibition on Pantanal ecosystem;Environmental Justice Foundation;Brussels;26/09/24
197769;Michal WIEZIK;RE;Slovakia;[];Member;;priorities in chemicals´ policy;CHEMTRUST;European Parliament;26/09/24
197769;Michal WIEZIK;RE;Slovakia;[];Member;;European Parliament Forum on Recreational Fisheries and Aquatic Environment;European Anglers Alliance, European Fishing Tackle & Trade Association;European Parliament, Strasbourg;17/09/24
197769;Michal WIEZIK;RE;Slovakia;[];Member;;Automotive sector priorities;Jaguar Land Rover Limited;European Parliament, Strasbourg;17/09/24
197769;Michal WIEZIK;RE;Slovakia;[];Member;;Animal welfare priorities, 10th legislature;Humane Society International/Europe;European Parliament, Strasbourg;17/09/24
197769;Michal WIEZIK;RE;Slovakia;[];Member;;Renewable Energy Directive (RED II);DRT;Brussels;18/09/20
197769;Michal WIEZIK;RE;Slovakia;[];Member;;Renewable Energy Directive (RED II);Cefic;Brussels;11/09/20
197769;Michal WIEZIK;RE;Slovakia;[];Member;;Climate action in agriculture;European Environmental Bureau;Online;29/04/20
197769;Michal WIEZIK;RE;Slovakia;[];Member;;Introducing the European Parliamentary Alliance against Hunger and Malnutrition;Food and Agriculture Organization;European Parliament, Brussels;03/03/20
197769;Michal WIEZIK;RE;Slovakia;[];Member;;Carbon offseting: Tree-planting initiative;Center for the United Nations Constitutional Research;European Parliament, Brussels;20/02/20
197769;Michal WIEZIK;RE;Slovakia;[];Member;;PEFC in deforestation and forestry strategy;PEFC International;European Parliament, Brussels;19/02/20
197769;Michal WIEZIK;RE;Slovakia;[];Member;;Biodiversity, Forest Strategy & experiences from Central and Eastern Europe;CEE Bankwatch Network;European Parliament, Brussels;19/02/20
197769;Michal WIEZIK;RE;Slovakia;[];Member;;Implementation of Nature Directives;WWF Central and Eastern Europe;European Parliament, Brussels;18/02/20
197769;Michal WIEZIK;RE;Slovakia;[];Member;;Biodegradable plastic solutions;Panara s.r.o.;European Parliament, Brussels;18/02/20
197769;Michal WIEZIK;RE;Slovakia;[];Member;;Common Agriculture Policy;sDiv - Synthesis Centre of the German Centre for Integrative Biodiversity Research;European Parliament, Brussels;28/01/20
197769;Michal WIEZIK;RE;Slovakia;[];Member;;European Green Capital Award;Mesto Košice;European Parliament, Brussels;28/01/20
197769;Michal WIEZIK;RE;Slovakia;[];Member;;Primary forests in EU;EuroNatur;European Parliament, Brussels;22/01/20
197769;Michal WIEZIK;RE;Slovakia;[];Member;;European Tree of the Year;European Landowners Organization;European Parliament, Brussels;21/01/20
220801;Sophie WILMÈS;RE;Belgium;['D-US'];Delegation chair;;Information on organisation at start of mandate;Etsy Ireland;Brussels;27/09/24
220801;Sophie WILMÈS;RE;Belgium;['ITRE'];Member;;Information on organisation at start of mandate;Riva Group;Parlement européen;26/09/24
220801;Sophie WILMÈS;RE;Belgium;['ITRE'];Member;;Information session and networking event;Elia Transmission Belgium, European Network of Transmission System Operators for Electricity;Brussels;25/09/24
220801;Sophie WILMÈS;RE;Belgium;['LIBE'];Member;;Information on organisation at start of mandate;Bolt, European Tech Alliance, Spotify, Trustpilot, Wolt Enterprises;Parlement européen;17/09/24
220801;Sophie WILMÈS;RE;Belgium;['ITRE'];Member;;Information on organisation at start of mandate;Eurelectric aisbl;Parlement européen;17/09/24
220801;Sophie WILMÈS;RE;Belgium;[];Member;;Jewish New Year 5785 Reception - guest speaker;European Jewish Association, European Jewish Community Centre;Parlement européen;09/09/24
220801;Sophie WILMÈS;RE;Belgium;[];Member;;Rencontre entre les députés européens belges et les trois organisations syndicales représentatives;Confédération des Syndicats Chrétiens de Belgique, Fédération Générale du Travail de Belgique - Algemeen Belgisch Vakverbond, Centrale générale des syndicats libéraux de Belgique;Parlement européen;05/09/24
39725;Iuliu WINKLER;EPP;Romania;[];Member;;AI and copyright;Friends of Music;Strasbourg;08/10/24
39725;Iuliu WINKLER;EPP;Romania;[];Member;;Romanian industrial transition;Energy Policy Group - EPG;Brussels;01/10/24
39725;Iuliu WINKLER;EPP;Romania;[];Member;;Ethnic minorities in the EU;Federation of Western Thrace Turks in Europe;Brussels;25/09/24
39725;Iuliu WINKLER;EPP;Romania;[];Member;;EU Trade policy/ due diligence;European Branded Clothing Alliance;Brussels;25/09/24
39725;Iuliu WINKLER;EPP;Romania;[];Member;;EU-New Zealand Trade;Beef + Lamb New Zealand;Brussels;25/09/24
39725;Iuliu WINKLER;EPP;Romania;[];Member;;EU-Australia FTA Negotiations;Australian Mission to the EU;Strasbourg;18/09/24
39725;Iuliu WINKLER;EPP;Romania;[];Member;;CRM act & trade policy priorities;Cobalt Institute;Brussels;12/09/24
39725;Iuliu WINKLER;EPP;Romania;[];Member;;EU-Indonesia Trade Policy;Palm Oil Association - Indonesia;Brussels;11/09/24
39725;Iuliu WINKLER;EPP;Romania;[];Member;;EU competitiveness & sustainability;Hydro;Brussels;11/09/24
39725;Iuliu WINKLER;EPP;Romania;[];Member;;Trade priorities for this mandate;Siemens Healthineers AG;Brussels;10/09/24
39725;Iuliu WINKLER;EPP;Romania;['INTA'];Member;;EU-China Realtions;Chinese Mission to EU;video;09/12/20
39725;Iuliu WINKLER;EPP;Romania;['INTA'];Member;;EU-China relations;Huawei Romania;video;02/09/20
39725;Iuliu WINKLER;EPP;Romania;['INTA'];Rapporteur;;EU-China relations;EU-China Hub;video;14/07/20
39725;Iuliu WINKLER;EPP;Romania;['INTA'];Rapporteur;;EU Trade Policy/ EU-China relations;EuroCommerce;video;18/06/20
39725;Iuliu WINKLER;EPP;Romania;['INTA'];Member;;Due diligence/ Conflict Minerals Regulation;CRM Alliance;video;05/05/20
39725;Iuliu WINKLER;EPP;Romania;['INTA'];Shadow rapporteur;;EU-Vietnam FTA/IPA;MA student Vietnam;video;21/04/20
39725;Iuliu WINKLER;EPP;Romania;['INTA'];Rapporteur;;EU-China relations;EUCCC;EP Brussels;05/02/20
39725;Iuliu WINKLER;EPP;Romania;['INTA'];Shadow rapporteur;;EU-Vietnam FTA/IPA;Vietnam EuroCham;EP Brussels;20/01/20
39725;Iuliu WINKLER;EPP;Romania;['INTA'];Member;;EU Trade Policy;Taiwan Representation;EP Strasbourg;15/01/20
39725;Iuliu WINKLER;EPP;Romania;['INTA'];Shadow rapporteur;;EU-Vietnam FTA/IPA;Vietnamese MOFA/Embassy;EP Strasbourg;14/01/20
197652;Angelika WINZIG;EPP;Austria;[];Member;;Meeting with representatives of CCS Europe;Carbon Capture & Storage Europe;Online;04/10/24
197652;Angelika WINZIG;EPP;Austria;[];Member;;Meeting with a representative of SMEunited;SMEunited aisbl;European Parliament;04/10/24
197652;Angelika WINZIG;EPP;Austria;[];Member;;Meeting with a representative of Raiffeisen Bank International;Raiffeisen Bank International AG;European Parliament;03/10/24
197652;Angelika WINZIG;EPP;Austria;[];Member;;Meeting with a representative of Red Bull;Red Bull Company;Place Luxembourg;03/10/24
197652;Angelika WINZIG;EPP;Austria;[];Member;;Meeting with a representative of Eurelectric;Eureclectric aisbl;European Parliament;01/10/24
197652;Angelika WINZIG;EPP;Austria;[];Member;;Meeting with representatives of Österreichs Energie, Wiener Stadtwerke and Verbund;VERBUND AG, WIENER STADTWERKE GmbH, Österreichs E-Wirtschaft;European Parliament;25/09/24
197652;Angelika WINZIG;EPP;Austria;[];Member;;Meeting with a representative of TÜV-Verband e.V.;TÜV-Verband e. V.;European Parliament;25/09/24
197652;Angelika WINZIG;EPP;Austria;[];Member;;Meeting with a representative of A1;A1 Telekom Austria Group;Place Luxembourg;23/09/24
197652;Angelika WINZIG;EPP;Austria;[];Member;;Meeting with representatives of European Aluminium;European Aluminium;Place Luxembourg;23/09/24
197652;Angelika WINZIG;EPP;Austria;[];Member;;Meeting with a representative of Renault Group;RENAULT;European Parliament;23/09/24
197652;Angelika WINZIG;EPP;Austria;[];Member;;Exchange of views on the European Climate Law;Dr. Stephan Schwarzer (Austrian Federal Economic Chamber);Online;30/09/20
197652;Angelika WINZIG;EPP;Austria;[];Member;;Meeting with Österreichischer Sparkassenverband;Mag. Franz Portisch;Brussels;01/09/20
197421;Isabel WISELER-LIMA;EPP;Luxembourg;[];Member;;Femmes et questions d'égalité des genres;CID Fraen an Gender;Luxembourg;04/10/24
197421;Isabel WISELER-LIMA;EPP;Luxembourg;[];Member;;Le génocide arménien;ACAT Luxembourg;Luxembourg;04/10/24
197421;Isabel WISELER-LIMA;EPP;Luxembourg;[];Member;;Human Rights;Bahá’í International Community;Brussels;02/10/24
197421;Isabel WISELER-LIMA;EPP;Luxembourg;[];Member;;Challenges and opportunities for the software industry;BSA | The Software Alliance;Brussels;02/10/24
197421;Isabel WISELER-LIMA;EPP;Luxembourg;[];Member;;Taiwan’s 113th National Day Reception;The Taipei Representative Office in the EU and Belgium;Brussels;02/10/24
197421;Isabel WISELER-LIMA;EPP;Luxembourg;[];Member;;World Alzheimer's Day;Association Luxembourg Alzheimer;Luxembourg;21/09/24
197421;Isabel WISELER-LIMA;EPP;Luxembourg;[];Member;;EuroCommerce Priorities;EuroCommerce;Strasbourg;18/09/24
197421;Isabel WISELER-LIMA;EPP;Luxembourg;[];Member;;Situation in India;Embassy of India to Belgium, Luxembourg and the European Union;Strasbourg;17/07/24
197421;Isabel WISELER-LIMA;EPP;Luxembourg;[];Member;;Europe's Beating Cancer Plan;European Cancer Organisation;Strasbourg;16/07/24
197421;Isabel WISELER-LIMA;EPP;Luxembourg;[];Member;;AmCham Annual Gala;Amcham;Tervuren;25/06/24
197421;Isabel WISELER-LIMA;EPP;Luxembourg;['AFET'];Member;;Opinion Corporate Due Diligence and Corporate Accountability;COMECE;COMECE Brussels;29/09/20
197421;Isabel WISELER-LIMA;EPP;Luxembourg;['AFET'];Member;;Opinion Corporate Due Diligence and Corporate Accountability;Nestlé;Online;23/09/20
197421;Isabel WISELER-LIMA;EPP;Luxembourg;['AFET'];Member;;The situation of Uyghurs;World Uyghur Congress;Online;22/09/20
197421;Isabel WISELER-LIMA;EPP;Luxembourg;['AFET'];Rapporteur;;Opinion EU-Africa Strategy;DG ECHO;Online;12/06/20
197421;Isabel WISELER-LIMA;EPP;Luxembourg;['AFET'];Rapporteur;;Opinion EU-Africa Strategy;DG DEVCO;Online;10/06/20
197421;Isabel WISELER-LIMA;EPP;Luxembourg;['AFET'];Rapporteur;;Opinion EU-Africa Strategy;Konrad Adenauer Stiftung;Online;09/06/20
197421;Isabel WISELER-LIMA;EPP;Luxembourg;['AFET'];Rapporteur;;Opinion EU-Africa Strategy;Caritas;Online;08/06/20
197421;Isabel WISELER-LIMA;EPP;Luxembourg;['AFET'];Rapporteur;;Opinion EU-Viet-Nam IPA/FTA;Eurocham;European Parliament;22/01/20
185619;Tiemo WÖLKEN;S&D;Germany;['ENVI'];Member;;Generel exchange (staff level);European Confederation of Pharmaceutical Entrepreneurs;European Parliament;24/09/24
185619;Tiemo WÖLKEN;S&D;Germany;['ENVI'];Member;;General exchange (staff level);Bundesärztekammer;European Parliament;24/09/24
185619;Tiemo WÖLKEN;S&D;Germany;['ENVI'];Member;;Generel exchange (staff level);GSK;European Parliament;19/09/24
185619;Tiemo WÖLKEN;S&D;Germany;['ENVI'];Member;;Exchange on Bacteriophages (staff level);Phage EU;Online;29/07/24
185619;Tiemo WÖLKEN;S&D;Germany;['ENVI'];Member;;General exchange (staff level);European Commission - DG Environment -;European Parliament;25/07/24
185619;Tiemo WÖLKEN;S&D;Germany;['ENVI'];Member;;General exchange (staff level);ECHA;European Parliament;25/07/24
185619;Tiemo WÖLKEN;S&D;Germany;['ENVI'];Member;;Exchange on Health Policy;European Commission - DG SANTE;European Parliament;18/07/24
185619;Tiemo WÖLKEN;S&D;Germany;[];Member;;Austausch zur Umsetzung der Urheberrechtsrichtlinie in Deutschland;Verband Unabhängiger Musikunternehmer*innen;Online Meeting;17/12/20
185619;Tiemo WÖLKEN;S&D;Germany;[];Member;;Austausch zu personalisierter Online-Werbung;Spoods;Online Meeting;16/12/20
185619;Tiemo WÖLKEN;S&D;Germany;['JURI'];Rapporteur;;Austausch zum Digital Services Act;IAB Europe;Online Meeting;16/12/20
185619;Tiemo WÖLKEN;S&D;Germany;[];Member;;Austausch zu Open Source;OSSBIG - Open Source Business Innovation Group, Open Forum Europe;Online Meeting;16/12/20
185619;Tiemo WÖLKEN;S&D;Germany;['JURI'];Rapporteur;;Austausch zum Digital Services Act;trivago N.V.;Online Meeting;16/12/20
185619;Tiemo WÖLKEN;S&D;Germany;[];Member;;Austausch zu digitalpolitischen Themen;IBM;Online Meeting;10/12/20
185619;Tiemo WÖLKEN;S&D;Germany;[];Member;;Firmenbesuch;Siegfried Hameln GmbH;Hameln;03/12/20
185619;Tiemo WÖLKEN;S&D;Germany;[];Member;;Austausch zur Umsetzung der Urheberrechtsrichtlinie in Deutschland;Verband Unabhängiger Musikunternehmer*innen;Online Meeting;02/12/20
185619;Tiemo WÖLKEN;S&D;Germany;[];Member;;Austausch zum Bericht über Sorgfaltspflicht in Lieferketten;VDMA;Online Meeting;01/12/20
185619;Tiemo WÖLKEN;S&D;Germany;['JURI'];Member;;European Democracy Action Plan;Vizepräsidentin der Europäischen Kommission Věra Jourová;Online Meeting;26/11/20
185619;Tiemo WÖLKEN;S&D;Germany;['JURI'];Rapporteur;;Austausch zum Digital Services Act;Vizepräsidentin der Europäischen Kommission Margrethe Vestager;Telefonkonferenz;25/11/20
185619;Tiemo WÖLKEN;S&D;Germany;['JURI'];Rapporteur;;Austausch zum Digital Services Act;Bundesnetzagentur;Online-Meeting;25/11/20
185619;Tiemo WÖLKEN;S&D;Germany;['ENVI'];Member;;Hintergrundgespräch zu antimikrobiellen Resistenzen in der EU;Global Coalition on Aging;Online Meeting;24/11/20
185619;Tiemo WÖLKEN;S&D;Germany;['JURI'];Rapporteur;;Austausch über Online-Werbung;Spoods;Online-Meeting;19/11/20
185619;Tiemo WÖLKEN;S&D;Germany;['ENVI'];Member;;Fit for 55 Package;DGB;Online-Meeting;19/11/20
185619;Tiemo WÖLKEN;S&D;Germany;['ENVI'];Shadow rapporteur;;Entschließung zur EU-Wasserstoff-Strategie;Shell;Online-Meeting;19/11/20
185619;Tiemo WÖLKEN;S&D;Germany;['ENVI'];Shadow rapporteur;;Entschließung zur EU-Wasserstoff-Strategie;E3G, European Climate Foundation;Online-Meeting;19/11/20
185619;Tiemo WÖLKEN;S&D;Germany;['JURI'];Member;;Austausch zur Europäischen Datenstrategie;Siemens;Online-Meeting;18/11/20
185619;Tiemo WÖLKEN;S&D;Germany;['ENVI'];Member;;Austausch zum Parallelhandel;Verband der Arzneimittel-Importeure e.V;Online Meeting;17/11/20
185619;Tiemo WÖLKEN;S&D;Germany;['ENVI'];Shadow rapporteur;;Entschließung zur EU-Wasserstoff-Strategie;Ørsted;Online-Meeting;16/11/20
185619;Tiemo WÖLKEN;S&D;Germany;['ENVI'];Member;;Austausch zu europapolitischen Gesundheitsthemen mit Fokus auf AMR, F&E, Lieferengpässe und Kinderarzneimittel;Novartis, Sandoz;Online Meeting;28/10/20
185619;Tiemo WÖLKEN;S&D;Germany;[];Member;;Projektvorstellung;Stage;Online meeting;27/10/20
185619;Tiemo WÖLKEN;S&D;Germany;['ENVI'];Member;;Austausch zu AMR;BEAM Alliance;Online Meeting;27/10/20
185619;Tiemo WÖLKEN;S&D;Germany;['ENVI'];Member;;Austausch zum Paralelhandel;Affordable Medicines Europe;Online Meeting;27/10/20
185619;Tiemo WÖLKEN;S&D;Germany;['JURI'];Member;;Austausch zum Bericht über Sorgfaltspflicht in Lieferketten;Deutsche Post/DHL;Online-Meeting;26/10/20
185619;Tiemo WÖLKEN;S&D;Germany;['JURI'];Rapporteur;;Austausch zum Digital Services Act;Dropbox;Online meeting;20/10/20
185619;Tiemo WÖLKEN;S&D;Germany;['ENVI'];Member;;Austausch zum aktuellen Stand möglicher COVID-19 Impfungen;Vaccines Europe;Online Meeting;14/10/20
185619;Tiemo WÖLKEN;S&D;Germany;['ENVI'];Member;;TEN-E-Verordnung;Climate Action Network Europe;Online-Meeting;13/10/20
185619;Tiemo WÖLKEN;S&D;Germany;[];Member;;Allgmeiner Austausch;Twitch Interactive;Online-Meeting;07/10/20
185619;Tiemo WÖLKEN;S&D;Germany;['JURI'];Rapporteur;;Austausch zu KI und Digital Services Act;Verbraucherzentrale Bundesverband;Online-Meeting;07/10/20
185619;Tiemo WÖLKEN;S&D;Germany;['JURI'];Rapporteur;;Austausch zum Digital Services Act;Pex;Online-Meeting;30/09/20
185619;Tiemo WÖLKEN;S&D;Germany;['JURI'];Member;;Bericht zu Sorgfaltspflicht in Lieferketten;Wirtschaftsvereinigung Metalle;Online-Meeting;28/09/20
185619;Tiemo WÖLKEN;S&D;Germany;['ENVI'];Member;;Austausch über grüne Stahlproduktion;Georgsmarienhütte Holding;Georgsmarienhütte;25/09/20
185619;Tiemo WÖLKEN;S&D;Germany;['ENVI'];Member;;SF6-Gase in Schaltwerken;Eaton;Online-Meeting;23/09/20
185619;Tiemo WÖLKEN;S&D;Germany;['JURI'];Member;;Bericht zu Sorgfaltspflicht in Lieferketten;VCI;Online-Meeting;22/09/20
185619;Tiemo WÖLKEN;S&D;Germany;['JURI'];Member;;Bericht zu Sorgfaltspflicht in Lieferketten;Global Witness WWF Frank Bold;Online-Meeting;22/09/20
185619;Tiemo WÖLKEN;S&D;Germany;['ENVI'];Member;;PCI-Liste;Global Witness, Friends of the Earth;Online-Meeting;22/09/20
185619;Tiemo WÖLKEN;S&D;Germany;['ENVI'];Member;;Klimazielplan der EU-Kommission;Gesamtbetriebsrat Volkswagen;Telefon;21/09/20
185619;Tiemo WÖLKEN;S&D;Germany;['JURI'];Member;;Start-up Lunch;Organisation durch Innovate GmbH, Anwesende: Foodsupply, MonitorFish, Pearprogramming, Lambus, LobVR, Netrocks, Bitnamic, Keinachtsbaum/Agriportance, Farmerscent;Osnabrück;18/09/20
185619;Tiemo WÖLKEN;S&D;Germany;['JURI'];Rapporteur;;Austausch zum DSA;Landesmedienanstalten;Online-Meeting;02/09/20
185619;Tiemo WÖLKEN;S&D;Germany;['ENVI'];Member;;Austausch zum Thema Wasserstoff;Emsachse;Lingen;28/08/20
185619;Tiemo WÖLKEN;S&D;Germany;['ENVI'];Member;;Austauch über aktuelle Klimapolitk in der Europäischen Union;Fridays for Future;Osnabrück;28/08/20
185619;Tiemo WÖLKEN;S&D;Germany;['ENVI'];Member;;Gespräch mit Geschäftsführung;DIOS-Diakonie Osnabrück Stadt und Land;Osnabrück;21/08/20
185619;Tiemo WÖLKEN;S&D;Germany;['JURI'];Member;;Unternehmensbesuch;Softwareunternehmen Hoffrogge;Wildeshausen;20/08/20
185619;Tiemo WÖLKEN;S&D;Germany;['JURI'];Member;;Austausch über europäischen Digitalpolitik;NETZ Schwanewede;Osterholz-Scharmbeck;19/08/20
185619;Tiemo WÖLKEN;S&D;Germany;['ENVI'];Member;;Firmenbesuch;Wahlers Forsttechnik Stemmen;Stemmen/Lauenbrück;19/08/20
185619;Tiemo WÖLKEN;S&D;Germany;['ENVI'];Member;;Firmenbesuch;Airbus Operation GmbH Stade;Stade;18/08/20
185619;Tiemo WÖLKEN;S&D;Germany;['ENVI'];Member;;Austausch über aktuelle Themen in der europopäischen Gesundheitspolitik;medac;Wedel;18/08/20
185619;Tiemo WÖLKEN;S&D;Germany;['ENVI'];Member;;Klimagesetz;Naturfreundejugend, NAJU, BUNDjugend;Online-Meeting;16/08/20
185619;Tiemo WÖLKEN;S&D;Germany;[];Member;;Vorstellung des Unternehmens, Projekte während des Lockdowns;Lionheart Fitness;Osnabrück;21/07/20
185619;Tiemo WÖLKEN;S&D;Germany;['JURI'];Rapporteur;;Austausch zum Digital Services Act;Landesmedienanstalt Rheinland-Pfalz,;Online-Meeting;01/07/20
185619;Tiemo WÖLKEN;S&D;Germany;['ENVI'];Member;;Chromtrioxid und Recovery-Programm;Airbus;Online-Meeting;30/06/20
185619;Tiemo WÖLKEN;S&D;Germany;['JURI'];Member;;Allgemeiner Austausch Digitalpolitik;Qualcomm;Online-Meeting;25/06/20
185619;Tiemo WÖLKEN;S&D;Germany;['ENVI'];Member;;Proposals for the European Climate Law;Climate Action Network;Online-Meeting;22/06/20
185619;Tiemo WÖLKEN;S&D;Germany;['ENVI'];Member;;Lage des Unternehmens in der Corona-Krise;ZF;Online-Meeting;22/06/20
185619;Tiemo WÖLKEN;S&D;Germany;['ENVI'];Member;;Austausch zu Gesundheitsthemen während der deutschen Ratspräsidentschaft;Ständige Vertretung der Bundesrepublik Deutschland;Telefonat;16/06/20
185619;Tiemo WÖLKEN;S&D;Germany;['JURI'];Rapporteur;;Input im Rahmen einer Stakeholder-Webkonferenz zum Digital Services Act;Access Now, EDiMA, GSMA Europe, Allied for Startups asbl, EBU-UER (European Broadcasting Union), Schibsted ASA, European Telecommunications Network Operators' Association (ETNO), Wikimedia Foundation, Apple Inc., Bundesverband Informationswirtschaft, Telekommunikation und neue Medien e.V. (Bitkom), Arbeitsgemeinschaft der Landesmedienanstalten in der Bundesrepublik Deutschland, epicenter.works - Plattform Grundrechtspolitik, Facebook Ireland Limited, European Magazine Media Association (EMMA)/European Newspaper Publichers' Association (ENPA), Groupement Européen des Societés d'Auteurs et Compositeurs (GESAC), Application Developers Alliance, Computer & Communication Industry Association (CCIA), Global Network Initiative (GNI), YouTube, Match Group, Deutscher Städtetag, ITI - The Information Technology Industry Council, Center for Democracy & Technology (CDT), Google, Trustpilot, Bureau Européen des Unions de Consommateurs (BEUC), Nielsen Holdings, European Publishers Council (EPC), Interactive Advertising Bureau Europe (IAB Europe), Mozilla Corporation, European Tech Alliance (EUTA), News Media Europe (NME), Article 19, Snap, Inc., Electronic Frontier Foundation, European Digital Rights (EDRi), Redecentralize, University of Sussex, Bundesarbeitskammer Österreich, AIM (European Brands Association), United Internet AG;Online Meeting;12/06/20
185619;Tiemo WÖLKEN;S&D;Germany;[];Member;;Gesetzgebung zu Batterieproduktion;EUROBAT;Online Meeting;10/06/20
185619;Tiemo WÖLKEN;S&D;Germany;['JURI'];Rapporteur;;Austausch zum Digital Services Act;Twitter;Online Meeting;10/06/20
185619;Tiemo WÖLKEN;S&D;Germany;['JURI'];Rapporteur;;Rechtstaatlichkeit in der EU;Europäische Kommission DG JUST;Online Meeting;03/06/20
185619;Tiemo WÖLKEN;S&D;Germany;['JURI'];Rapporteur;;Austausch zum Digital Services Act;ARD, ZDF;Online Meeting;20/05/20
185619;Tiemo WÖLKEN;S&D;Germany;['JURI'];Member;;Haftungsfragen im Bereich künstliche Intelligenz;Gesamtverband der Deutschen Versicherungswirtschaft e.V.;Online Meeting;20/05/20
185619;Tiemo WÖLKEN;S&D;Germany;['JURI'];Rapporteur;;Austausch zum Digital Services Act;Electronic Frontier Foundation;Online Meeting;20/05/20
185619;Tiemo WÖLKEN;S&D;Germany;['JURI'];Member;;Austausch zur Deutschen Ratspräsidentschaft;Bundesjustizministerin Christine Lambrecht;Online Meeting;18/05/20
185619;Tiemo WÖLKEN;S&D;Germany;['JURI'];Rapporteur;;Austausch zum Digital Services Act;Europäische Kommission, DG CNECT, Referat F2 Elektronischer Handel und Plattformen;Online Meeting;15/05/20
185619;Tiemo WÖLKEN;S&D;Germany;['ENVI'];Member;;Allgemeiner Austausch zu Gesundheitsthemen;MedTech Europe;Online Meeting;29/04/20
185619;Tiemo WÖLKEN;S&D;Germany;['ENVI'];Member;;Austausch zum Europäischen Klimagesetz und Green Deal;Deutscher Naturschutzring und Mitgliedsorganisationen;Online-Meeting;29/04/20
185619;Tiemo WÖLKEN;S&D;Germany;['ENVI'];Member;;Austausch zur Künstlichen Intelligenz und Gesundheit;PWC;Online Meeting;28/04/20
185619;Tiemo WÖLKEN;S&D;Germany;[];Member;;Aktuelle Situation im Klinik-Verbund;Niels Stensen Kliniken Osnabrück;Osnabrück;24/04/20
185619;Tiemo WÖLKEN;S&D;Germany;['ENVI'];Member;;"Austausch zum Projekt ""Let's talk Prostate Cancer""";Astellas;Online Meeting;23/04/20
185619;Tiemo WÖLKEN;S&D;Germany;['ENVI'];Member;;Sicherstellung der Arzneimittelversorgung in Krisenzeiten;Verband Arzneimittel-Importeure Deutschlands;Online Meeting;22/04/20
185619;Tiemo WÖLKEN;S&D;Germany;['ENVI'];Member;;Allgemeiner Austausch;EFPIA;Online Meeting;21/04/20
185619;Tiemo WÖLKEN;S&D;Germany;['ENVI'];Member;;Allgemeiner Austausch;Medicines for Europe;Online Meeting;21/04/20
185619;Tiemo WÖLKEN;S&D;Germany;['ENVI'];Member;;Cars market in the crisis;Transport & Environment;Online Meeting;02/04/20
185619;Tiemo WÖLKEN;S&D;Germany;['JURI'];Rapporteur;;Austausch zum Digital Services Act;Europäische Kommission, DG JUST, Referat A2 Vertragsrecht;Online Meeting;27/03/20
185619;Tiemo WÖLKEN;S&D;Germany;['JURI'];Rapporteur;;Austausch zum Digital Services Act;Europäische Kommission, DG CNECT, Referat F2 Elektronischer Handel und Plattformen;Online Meeting;10/03/20
185619;Tiemo WÖLKEN;S&D;Germany;[];Member;;Verordnung MRV im Schiffsverkehr;Verband Deutscher Reeder;Brüssel (Telefon);05/03/20
185619;Tiemo WÖLKEN;S&D;Germany;['JURI'];Rapporteur;;Austausch zum Digital Services Act;Center for Democracy & Technology (CDT);Online Meeting;04/03/20
185619;Tiemo WÖLKEN;S&D;Germany;['JURI'];Rapporteur;;Austausch zum Digital Services Act;European Consumer Centre Belgium;Online Meeting;04/03/20
185619;Tiemo WÖLKEN;S&D;Germany;['JURI'];Rapporteur;;Austausch zum Digital Services Act;Mozilla Corporation;Online Meeting;04/03/20
185619;Tiemo WÖLKEN;S&D;Germany;['JURI'];Rapporteur;;Austausch zum Digital Services Act;Bureau Européen des Unions de Consommateurs (BEUC);Online Meeting;04/03/20
185619;Tiemo WÖLKEN;S&D;Germany;['JURI'];Rapporteur;;Austausch zum Digital Services Act;AW AlgorithmWatch gGmbH;Online Meeting;03/03/20
185619;Tiemo WÖLKEN;S&D;Germany;['JURI'];Rapporteur;;Austausch zum Digital Services Act;epicenter.works - Plattform Grundrechtspolitik;Online Meeting;03/03/20
185619;Tiemo WÖLKEN;S&D;Germany;['JURI'];Rapporteur;;Austausch zum Digital Services Act;Wikimedia Foundation;Brüssel;03/03/20
185619;Tiemo WÖLKEN;S&D;Germany;['JURI'];Rapporteur;;Austausch zum Digital Services Act;European Digital Rights (EDRi);Brüssel;02/03/20
185619;Tiemo WÖLKEN;S&D;Germany;['JURI'];Rapporteur;;Austausch zum Digital Services Act;European Trade Union Confederation (ETUC);Brüssel;02/03/20
185619;Tiemo WÖLKEN;S&D;Germany;[];Member;;Vorstellung der aktuellen Aktivitäten;AMCON Software GmbH;Cloppenburg;28/02/20
185619;Tiemo WÖLKEN;S&D;Germany;[];Member;;Vorstellung der aktuellen Aktivitäten;energy & meteo systems GmbH;Oldenburg;27/02/20
185619;Tiemo WÖLKEN;S&D;Germany;[];Member;;Aktuelle Arbeitsmarktsituation im Agenturbezirk;Agentur für Arbeit;Nordhorn;26/02/20
185619;Tiemo WÖLKEN;S&D;Germany;[];Member;;Vorstellung der aktuellen Aktivitäten;GEH Wasserchemie GmbH & Co. KG;Osnabrück;25/02/20
185619;Tiemo WÖLKEN;S&D;Germany;[];Member;;Aktuelle Themen in der Arbeit mit Menschen mit Behinderung;Heilpädagogische Hilfe Osnabrück, Bundesarbeitsgemeinschaft WfbM;Osnabrück;25/02/20
185619;Tiemo WÖLKEN;S&D;Germany;[];Member;;aktuelle Themen des Lebensmitteleinzelhandels;Edeka Minden-Hannover Stiftung & Co.KG, Edeka Zentrale AG & Co. KG;Wittmund;24/02/20
185619;Tiemo WÖLKEN;S&D;Germany;['ENVI'];Member;;Konzept zu Preis auf Treibhausgase;Bürgerlobby Klimaschutz;Brüssel;19/02/20
185619;Tiemo WÖLKEN;S&D;Germany;['ENVI'];Member;;VDA;Konformitätsfaktor;Brüssel;19/02/20
185619;Tiemo WÖLKEN;S&D;Germany;['ENVI'];Member;;Allgemeiner Austausch;EWE;Brüssel;19/02/20
185619;Tiemo WÖLKEN;S&D;Germany;['JURI'];Member;;Austausch zur Europäischen Datenstrategie und dem Weißbuch künstliche Intelligenz;Europäische Kommission, Kabinett der Exekutiv-Vizepräsidentin für ein Europa für das digitale Zeitalter Margrethe VESTAGER;Straßburg;12/02/20
185619;Tiemo WÖLKEN;S&D;Germany;['JURI'];Member;;Austausch zur Digitalen Agenda der Europäischen Kommission 2019-2024;Europäische Kommission, Kabinett der Präsidentin Ursula VON DER LEYEN;Straßburg;11/02/20
185619;Tiemo WÖLKEN;S&D;Germany;['JURI'];Rapporteur;;Austausch DSA;Snap Inc;Brüssel;06/02/20
185619;Tiemo WÖLKEN;S&D;Germany;['ENVI'];Rapporteur;;Austausch zum aktuellen Stand der Verhandlungen der HTA Verordnung;EUnetHTA;Brussels;05/02/20
185619;Tiemo WÖLKEN;S&D;Germany;['JURI'];Rapporteur;;Austausch zu Digitalpolitik und DSA;Bundesverband Deutscher Zeitungsverleger;Brussels;05/02/20
185619;Tiemo WÖLKEN;S&D;Germany;['ENVI'];Member;;Allgemeiner Austausch;Bundeslotsenkammer;Brüssel;04/02/20
185619;Tiemo WÖLKEN;S&D;Germany;['JURI'];Member;;Austausch Urheberrecht;EBLIDA & IFLA;Brüssel;04/02/20
185619;Tiemo WÖLKEN;S&D;Germany;['JURI'];Member;;Austausch über die deutsche Ratspräsidentschaft;Bundesministerium der Justiz und für Verbraucherschutz;Brussels;22/01/20
185619;Tiemo WÖLKEN;S&D;Germany;['ENVI'];Member;;Allgemeiner Austausch;Zentralverband der deutschen Seehafenbetriebe;Brüssel;22/01/20
185619;Tiemo WÖLKEN;S&D;Germany;['JURI'];Rapporteur;;Austausch Digitalpolitik;Zalando;Brüssel;22/01/20
185619;Tiemo WÖLKEN;S&D;Germany;['ENVI'];Member;;Abendessen mit Mitgliedsunternehmen von Medicines for Europe;Medicines for Europe;Straßburg;14/01/20
5392;Lara WOLTERS;S&D;Netherlands;['ECON'];Member;;Monetary policy;Positive Money Europe;Brussels;03/10/24
5392;Lara WOLTERS;S&D;Netherlands;['ECON'];Member;;Banking;Nederlandse Vereniging van Banken / Dutch Banking Association;Brussels;02/10/24
5392;Lara WOLTERS;S&D;Netherlands;['ECON'];Member;;Financial services;Revolut Ltd;Brussels;16/09/24
5392;Lara WOLTERS;S&D;Netherlands;['TRAN'];Member;;TRAN;Gemeente en Metropool Amsterdam;Brussels;11/09/24
5392;Lara WOLTERS;S&D;Netherlands;['ECON'];Member;;Economic policy;Pensioenfederatie (Federation of the Dutch Pension Funds);Brussel;04/09/24
5392;Lara WOLTERS;S&D;Netherlands;['JURI'];Member;;CSDDD and Deforestation;Global Witness;Strasbourg;17/07/24
5392;Lara WOLTERS;S&D;Netherlands;[];Member;;CSDDD;Vereniging Milieudefensie;Online;13/06/24
5392;Lara WOLTERS;S&D;Netherlands;[];Member;;CSDDD;Federatie Nederlandse Vakbeweging;Brussels;12/06/24
5392;Lara WOLTERS;S&D;Netherlands;['JURI'];Member;;Due Diligence;OECD;Brussels;11/06/24
5392;Lara WOLTERS;S&D;Netherlands;[];Member;;Gesprek over de EU;Jong KNHG, NGIZ Noord;Webinar;10/12/20
5392;Lara WOLTERS;S&D;Netherlands;['JURI'];Rapporteur;;Policy responses to support sustainable accounting, reporting and governance;European Business and Nature Summit;Webinar;09/12/20
5392;Lara WOLTERS;S&D;Netherlands;['JURI'];Rapporteur;;Mandatory human rights due diligence: Lessons from the services sectors;UNI Europe;Webinar;08/12/20
5392;Lara WOLTERS;S&D;Netherlands;['JURI'];Rapporteur;;Re-shoring, Near-shoring, Decoupling? A Discourse on the (Re-)Structure of Supply Chains;SWP;Webinar;08/12/20
5392;Lara WOLTERS;S&D;Netherlands;['JURI'];Rapporteur;;Due Diligence;ECCJ;Online meeting;03/12/20
5392;Lara WOLTERS;S&D;Netherlands;['JURI'];Rapporteur;;‘A global standard for Mandatory Due Diligence: EU leadership towards a more sustainable world’;EJSF;Webinar;03/12/20
5392;Lara WOLTERS;S&D;Netherlands;['JURI'];Rapporteur;;'Companies and their due diligence: A contribution to worldwide environment protection';German Presidency;Webinar;03/12/20
5392;Lara WOLTERS;S&D;Netherlands;['JURI'];Rapporteur;;Human Rights & Business Network;Enact Sustainable Strategies;Online meeting;25/11/20
5392;Lara WOLTERS;S&D;Netherlands;['JURI'];Shadow rapporteur;;Small in size, big in impact: Can NFI work for SMEs?;Accountancy Europe, SME United, ACCA;Webinar;19/11/20
5392;Lara WOLTERS;S&D;Netherlands;['JURI'];Rapporteur;;Due Diligence;UN Forum on Business & Human Rights, ECCJ;Webinar;17/11/20
5392;Lara WOLTERS;S&D;Netherlands;['JURI'];Rapporteur;;Due diligencew;MEDEF;Online meeting;17/11/20
5392;Lara WOLTERS;S&D;Netherlands;['JURI'];Rapporteur;;'For a social and fair Europe';German Presidency;Webinar;09/11/20
5392;Lara WOLTERS;S&D;Netherlands;['JURI'];Rapporteur;;Approaches to due diligence legislation design: pivotal issues;OECD;Webinar;06/11/20
5392;Lara WOLTERS;S&D;Netherlands;[];Member;;Kennismaking;SCP;Online meeting;30/10/20
5392;Lara WOLTERS;S&D;Netherlands;['JURI'];Rapporteur;;Pensioenfederatie Congres;Pensioenfederatie;Webinar;28/10/20
5392;Lara WOLTERS;S&D;Netherlands;['JURI'];Rapporteur;;"""Corporate Governance for sustainable and competitive European companies""";ecoDa, EuropeanIssuers, BusinessEurope;Webinar;28/10/20
5392;Lara WOLTERS;S&D;Netherlands;['JURI'];Rapporteur;;Defending tomorrow - The climate crisis and threats against land and environmental defenders;Global Witness;Webinar;27/10/20
5392;Lara WOLTERS;S&D;Netherlands;['JURI'];Rapporteur;;ECI on a Living Wage for Garment Workers;ASN Bank;Online meeting;26/10/20
5392;Lara WOLTERS;S&D;Netherlands;['JURI'];Rapporteur;;Sustainable textiles;FTI Consulting;Webinar;15/10/20
5392;Lara WOLTERS;S&D;Netherlands;['JURI'];Rapporteur;;Due diligence;German Retail Federation;Online meeting;14/10/20
5392;Lara WOLTERS;S&D;Netherlands;['JURI'];Rapporteur;;Due diligence;Cobalt Institute;Online meeting;14/10/20
5392;Lara WOLTERS;S&D;Netherlands;['JURI'];Rapporteur;;Due diligence;Anti-Slavery International;Online meeting;14/10/20
5392;Lara WOLTERS;S&D;Netherlands;['JURI'];Rapporteur;;Due diligence;EuroCommerce;Online meeting;13/10/20
5392;Lara WOLTERS;S&D;Netherlands;['JURI'];Rapporteur;;CFS+ policy roundtable ‘Due diligence in the apparel and footwear sector’;Global Fashion Agenda;Webinar;13/10/20
5392;Lara WOLTERS;S&D;Netherlands;['JURI'];Rapporteur;;Due diligence;Federation of German Consumer Organisations;Online meeting;12/10/20
5392;Lara WOLTERS;S&D;Netherlands;['JURI'];Rapporteur;;Due diligence;BusinessEurope;Online meeting;07/10/20
5392;Lara WOLTERS;S&D;Netherlands;['JURI'];Rapporteur;;Global Supply Chains - Global Responsibility;German Federal Ministry of Labour and Social Affairs;Webinar;06/10/20
5392;Lara WOLTERS;S&D;Netherlands;['JURI'];Rapporteur;;Due diligence;H&M Group;Online meeting;06/10/20
5392;Lara WOLTERS;S&D;Netherlands;['JURI'];Rapporteur;;"""FOR HUMAN RIGHTS AND ENVIRONMENT - EU directive for mandatory due diligence for human rights and  environment""";DGB, ETUC, FES;Webinar;05/10/20
5392;Lara WOLTERS;S&D;Netherlands;['JURI'];Rapporteur;;Due diligence;GoodCorp Network;Online meeting;05/10/20
5392;Lara WOLTERS;S&D;Netherlands;['JURI'];Rapporteur;;Due diligence;Amfori;Online meeting;24/09/20
5392;Lara WOLTERS;S&D;Netherlands;['JURI'];Rapporteur;;Due diligence;EESC;Online meeting;24/09/20
5392;Lara WOLTERS;S&D;Netherlands;['JURI'];Rapporteur;;Due diligence;OECD;Online meeting;23/09/20
5392;Lara WOLTERS;S&D;Netherlands;['JURI'];Rapporteur;;Due diligence;ETUC;Online meeting;22/09/20
5392;Lara WOLTERS;S&D;Netherlands;['JURI'];Rapporteur;;Due diligence;SER;Online meeting;17/09/20
5392;Lara WOLTERS;S&D;Netherlands;['JURI'];Rapporteur;;Due diligence;Amfori;Online meeting;14/09/20
5392;Lara WOLTERS;S&D;Netherlands;['JURI'];Rapporteur;;Anti-slavery event with the RBC Working Group;Anti-Slavery International, ECCJ;Webinar;11/09/20
5392;Lara WOLTERS;S&D;Netherlands;['JURI'];Rapporteur;;Due diligence;OECD;Online meeting;10/09/20
5392;Lara WOLTERS;S&D;Netherlands;['JURI'];Rapporteur;;werkgroepen CMO + PIMVO;VNO-NCW;Online meeting;09/09/20
5392;Lara WOLTERS;S&D;Netherlands;['JURI'];Rapporteur;;Due diligence;CNV, INretail;Online meeting;09/09/20
5392;Lara WOLTERS;S&D;Netherlands;['JURI'];Rapporteur;;Legal seminar on an EU corporate due diligence legislation;ECCJ, FIDH, Sherpa, Global Witness;Brussels;03/09/20
5392;Lara WOLTERS;S&D;Netherlands;['JURI'];Rapporteur;;Due diligence;Amfori;Online meeting;14/07/20
5392;Lara WOLTERS;S&D;Netherlands;['JURI'];Rapporteur;;Due diligence in the financial sector;ASN bank;Online meeting;14/07/20
5392;Lara WOLTERS;S&D;Netherlands;['JURI'];Rapporteur;;Due diligence / IMVO-beleid;VNO-NCW, MKB Nederland;Online meeting;14/07/20
5392;Lara WOLTERS;S&D;Netherlands;['JURI'];Rapporteur;;"Webinar ""How to Make an EU Mandatory Due Diligence Work?""";CSR Europe;Webinar;08/07/20
5392;Lara WOLTERS;S&D;Netherlands;['JURI'];Rapporteur;;Due diligence;Friends of the Earth, Amnesty International;Online meeting;07/07/20
5392;Lara WOLTERS;S&D;Netherlands;['JURI'];Rapporteur;;Due diligence;VNO-NCW;Online meeting;06/07/20
5392;Lara WOLTERS;S&D;Netherlands;['JURI'];Rapporteur;;Due diligence;GRI;Online meeting;06/07/20
5392;Lara WOLTERS;S&D;Netherlands;['JURI'];Rapporteur;;Due diligence;MVO Nederland;Online meeting;06/07/20
5392;Lara WOLTERS;S&D;Netherlands;['JURI'];Rapporteur;;Due diligence;ECCJ;Online meeting;01/07/20
5392;Lara WOLTERS;S&D;Netherlands;['JURI'];Rapporteur;;Webinar “COVID-19 And Alarming Reforms On Indian Labour Laws”;FNV, Arisa;Webinar;30/06/20
5392;Lara WOLTERS;S&D;Netherlands;['JURI'];Member;;Roundtable: 'Development of EU standards as part of the reform of the EU NFRD';Frank Bold, Alliance for Corporate Transparency, World Benchmarking Alliance;Online;29/06/20
5392;Lara WOLTERS;S&D;Netherlands;['JURI'];Rapporteur;;Podcast 'due diligence';Global Aktion;Podcast;23/06/20
5392;Lara WOLTERS;S&D;Netherlands;['JURI'];Rapporteur;;Webinar 'EU-wide legislation on mandatory human rights due diligence & UN Treaty on business and human rights';ETUC, ITUC, RBC Working Group;Webinar;22/06/20
5392;Lara WOLTERS;S&D;Netherlands;['JURI'];Rapporteur;;Webinar “Towards Effective EU Mandatory Human Rights and Environmental Due Diligence Legislation”;Oxfam, FIDH, ECCJ, Brot für die Welt, CorA;Webinar;08/06/20
5392;Lara WOLTERS;S&D;Netherlands;['JURI'];Rapporteur;;Due diligence / OECD guidelines;OECD;Online meeting;04/06/20
5392;Lara WOLTERS;S&D;Netherlands;['JURI'];Rapporteur;;IMVO-beleid;Nederlands Ministerie van Buitenlandse Zaken;Online meeting;25/05/20
5392;Lara WOLTERS;S&D;Netherlands;['JURI'];Rapporteur;;Due diligence;ETUC;Online meeting;28/04/20
5392;Lara WOLTERS;S&D;Netherlands;[];Member;;Gastles ProDemos;ProDemos;Den Haag;06/03/20
5392;Lara WOLTERS;S&D;Netherlands;[];Member;;Taiwan and Hong Kong;Taipei Representative Office in the EU;European Parliament;20/02/20
5392;Lara WOLTERS;S&D;Netherlands;['CONT'];Member;;Round table discussion 'EU Law Enforcement';Jean Monnet Network;Permanent Representation of The Netherlands;19/02/20
5392;Lara WOLTERS;S&D;Netherlands;['JURI'];Member;;Speech Alliance for Corporate Transparency event;Alliance for Corporate Transparency, Frank Bold;European Parliament;17/02/20
5392;Lara WOLTERS;S&D;Netherlands;['CULT'];Member;;CULT;Buma/Stemra;European Parliament;12/02/20
5392;Lara WOLTERS;S&D;Netherlands;[];Member;;Jongerenvertegenwoordiging Europese Zaken;Nationale Jeugdraad;European Parliament;04/02/20
5392;Lara WOLTERS;S&D;Netherlands;['CULT'];Member;;Internationalisering Gronings Onderwijs;College van B&W Groningen;European Parliament;30/01/20
5392;Lara WOLTERS;S&D;Netherlands;[];Member;;Charity Lotteries;Association of Charity Lotteries in Europe;European Parliament;27/01/20
5392;Lara WOLTERS;S&D;Netherlands;['JURI'];Shadow rapporteur;;Collective Redress, Due Diligence;European Coalition for Corporate Justice;European Parliament;27/01/20
5392;Lara WOLTERS;S&D;Netherlands;['JURI'];Shadow rapporteur;;Collective Redress;Mouvement des entreprises de France - MEDEF;European Parliament;22/01/20
5392;Lara WOLTERS;S&D;Netherlands;['JURI'];Member;;Due diligence;Global Witness;European Parliament;22/01/20
5392;Lara WOLTERS;S&D;Netherlands;['JURI'];Shadow rapporteur;;Collective Redress;VNO-NCW;European Parliament;22/01/20
5392;Lara WOLTERS;S&D;Netherlands;['CULT'];Member;;Creative Europe;DutchCulture;European Parliament;21/01/20
5392;Lara WOLTERS;S&D;Netherlands;[];Member;;European Philanthropy Manifesto;Philanthropy Advocacy;European Parliament;20/01/20
5392;Lara WOLTERS;S&D;Netherlands;['CULT'];Member;;Werkbezoek Onderwijsprojecten Regio Groningen;Noorderpoort College, Gebiedscooperatie Westerkwartier, Gemeente Loppersum;Groningen;17/01/20
257011;Lucia YAR;RE;Slovakia;['D-TR'];Member;;Courtesy/ introduction meeting;Ambassador Faruk Kaymakcı - Permanent Delegate of Türkiye;European Parliament Strasbourg;19/09/24
257011;Lucia YAR;RE;Slovakia;['LIBE'];Member;;Meeting with Renate Schroeder, EFJ´s director on media freedom in the EU;European Federation of Journalists;European Parliament;12/09/24
197581;Stéphanie YON-COURTIN;RE;France;['IMCO'];Member;;Digital priorities;BEUC;Brussels;03/10/24
197581;Stéphanie YON-COURTIN;RE;France;['ECON'];Member;;Cloud/DMA/EUCS;OVH Groupe;Brussels;03/10/24
197581;Stéphanie YON-COURTIN;RE;France;['IMCO'];Member;;Digital priorities;EU Tech alliance;Brussels;02/10/24
197581;Stéphanie YON-COURTIN;RE;France;['ECON'];Member;;DMA;Schibsted ASA;Brussels;02/10/24
197581;Stéphanie YON-COURTIN;RE;France;['ECON'];Rapporteur;;Retail Investment Strategy;BPCE;Brussels;24/09/24
197581;Stéphanie YON-COURTIN;RE;France;['PECH'];Member;;Pêche;Comité national des pêches maritimes et des élevages marins;Bruxelles;23/09/24
197581;Stéphanie YON-COURTIN;RE;France;['ECON'];Member;;Competitiveness;EuroCommerce;Strasbourg;18/09/24
197581;Stéphanie YON-COURTIN;RE;France;['PECH'];Member;;Pêche / Océan / Biodiversité;WWF European Policy Programme;Bruxelles;18/09/24
197581;Stéphanie YON-COURTIN;RE;France;['PECH'];Member;;Pêche Normandie;Région Normandie;Bruxelles;18/09/24
197581;Stéphanie YON-COURTIN;RE;France;['ECON'];Member;;DMA and FiDA;Booking.com B.V.;Strasbourg;17/09/24
197581;Stéphanie YON-COURTIN;RE;France;['ECON'];Member;;Concurrence/extraterritorialité;Airbus;Visio;17/12/20
197581;Stéphanie YON-COURTIN;RE;France;['ECON'];Member;;Risque pandémique, Solvabilité 2;Insurance Europe;Visioconférence;08/12/20
197581;Stéphanie YON-COURTIN;RE;France;['ECON'];Member;;Risque pandémique, Solvabilité 2;Fédération Française de l'Assurance (FFA);Visioconférence;04/12/20
197581;Stéphanie YON-COURTIN;RE;France;['ECON'];Member;;Retail Payments Strategy, Digital Finance, Wirecard;European Payment Institutions Federation;Visioconference;02/12/20
197581;Stéphanie YON-COURTIN;RE;France;['IMCO', 'ECON'];Member;;DMA;Booking.com;RDV en ligne;30/11/20
197581;Stéphanie YON-COURTIN;RE;France;['ECON', 'IMCO'];Member;;DMA/DSA;CCIA;RDV en ligne;26/11/20
197581;Stéphanie YON-COURTIN;RE;France;['ECON'];Member;;Competition policy;Kelkoo;RDV en ligne;24/11/20
197581;Stéphanie YON-COURTIN;RE;France;['ECON'];Member;;Couverture du risque pandémique, plan de relance;CPME;Rdv en ligne;18/11/20
197581;Stéphanie YON-COURTIN;RE;France;['ECON'];Member;;Capital Markets Union, Digital Finance, Basel;Deutsche Bank;Rdv en ligne;17/11/20
197581;Stéphanie YON-COURTIN;RE;France;['IMCO'];Member;;RDV avec PME et EBAY sur la vente en ligne;Ebay;RDV en ligne;12/11/20
197581;Stéphanie YON-COURTIN;RE;France;['ECON'];Member;;DMA;Orange;RDV en ligne;28/10/20
197581;Stéphanie YON-COURTIN;RE;France;['IMCO'];Member;;UE/Canada;Représentation du Québec auprès de l'UE;Bruxelles;23/10/20
197581;Stéphanie YON-COURTIN;RE;France;['ECON'];Member;;Rencontre avec les représentants des grandes entreprises françaises - Relance européenne et compétitivité;Fédération Bancaire Française, L'Oréal, Danone, Schneider, Orange, Bouygues, Airbus, Air France-KLM, LVMH, Air Liquide, Renault, Alstom;Bruxelles;06/10/20
197581;Stéphanie YON-COURTIN;RE;France;['ECON'];Member;;Concurrence et taxonomie;Engie;RDV en ligne;06/10/20
197581;Stéphanie YON-COURTIN;RE;France;['ECON'];Member;;Concurrence;Corsica Linea;Rendez-vous en ligne;23/09/20
197581;Stéphanie YON-COURTIN;RE;France;['ECON'];Member;;Concurrence;Match Group;Rendez-vous en ligne;22/09/20
197581;Stéphanie YON-COURTIN;RE;France;['ECON'];Member;;Concurrence;Suez;Caen (visio);10/09/20
197581;Stéphanie YON-COURTIN;RE;France;['ECON'];Shadow rapporteur;;Capital Markets Union;Autorité des Marchés Financiers;Paris;16/07/20
197581;Stéphanie YON-COURTIN;RE;France;['ECON'];Shadow rapporteur;;Capital Markets Union;DG Trésor;Bruxelles;08/07/20
197581;Stéphanie YON-COURTIN;RE;France;['ECON'];Shadow rapporteur;;Capital Markets Union;Bruegel;Bruxelles;30/06/20
197581;Stéphanie YON-COURTIN;RE;France;['ECON'];Shadow rapporteur;;Introductory meeting + Capital Markets Union;Euronext;Bruxelles;24/06/20
197581;Stéphanie YON-COURTIN;RE;France;['ECON'];Shadow rapporteur;;Capital Markets Union;Better Finance;Bruxelles;23/06/20
197581;Stéphanie YON-COURTIN;RE;France;['ECON'];Shadow rapporteur;;Capital Markets Union;Droit & Croissance;Bruxelles;22/06/20
197581;Stéphanie YON-COURTIN;RE;France;['ECON'];Shadow rapporteur;;Capital Markets Union;EBF;Bruxelles;22/06/20
197581;Stéphanie YON-COURTIN;RE;France;['ECON'];Shadow rapporteur;;Capital Markets Union;Association Française de la Gestion financière;Brussels;12/06/20
197581;Stéphanie YON-COURTIN;RE;France;['ECON'];Shadow rapporteur;;PRIIPS;Better Finance;Brussels;07/05/20
197581;Stéphanie YON-COURTIN;RE;France;['ECON'];Rapporteur;;Competition policy;Association Française de la Gestion financière;Paris;19/02/20
197581;Stéphanie YON-COURTIN;RE;France;['ECON'];Member;;ECON priorities;FINANSOL;Brussels;05/02/20
197581;Stéphanie YON-COURTIN;RE;France;['ECON'];Rapporteur;;Competition policy;LVMH;Brussels;21/01/20
197581;Stéphanie YON-COURTIN;RE;France;['ECON'];Rapporteur;;Competition policy;Google;Brussels;07/01/20
197581;Stéphanie YON-COURTIN;RE;France;['ECON'];Rapporteur;;Competition policy;Allied for Startups;Brussels;07/01/20
197581;Stéphanie YON-COURTIN;RE;France;['ECON'];Member;;CMU;ICI Global;Brussels;07/01/20
256807;Dainius ŽALIMAS;RE;Lithuania;[];Member;;Meeting;PRISONERS DEFENDERS INTERNATIONAL NETWORK;EP;02/10/24
256807;Dainius ŽALIMAS;RE;Lithuania;[];Member;;Meeting;NOVE;EP;02/10/24
256807;Dainius ŽALIMAS;RE;Lithuania;[];Member;;Meeting with a delegation of members of Tibetan Parliament;Bureau du Tibet;EP;01/10/24
256807;Dainius ŽALIMAS;RE;Lithuania;[];Member;;Exchange of views;UAB “Dangolakis”;EP;01/10/24
256807;Dainius ŽALIMAS;RE;Lithuania;[];Member;;International Conference: The path to freedom: 33rd anniversary of the Independence of the Chechen Republic of Ichkeria;Meeting with the representatives of the Chechen Republic of Ichkeria;Brussels;21/09/24
197606;Javier ZARZALEJOS;EPP;Spain;['LIBE'];Committee chair;;Meeting with the Permanent Representation of Austria to the European Union;Permanent Representation of Austria to the European Union;European Parliament;03/10/24
197606;Javier ZARZALEJOS;EPP;Spain;['LIBE'];Committee chair;;Meeting with the Hungarian Presidency of the EU Council;Hungarian Presidency of the EU Council;European Parliament;03/10/24
197606;Javier ZARZALEJOS;EPP;Spain;['LIBE'];Committee chair;;Meeting with de Designated Commissioner for Democracy, Justice and Rule of Law;Designated Commissioner for Democracy, Justice and Rule of Law;European Parliament;02/10/24
197606;Javier ZARZALEJOS;EPP;Spain;['LIBE'];Committee chair;;Meeting with the Fundamental Rights Agency of the European Union;Fundamental Rights Agency of the European Union;European Parliament;02/10/24
197606;Javier ZARZALEJOS;EPP;Spain;['LIBE'];Committee chair;;Meeting with the designated Commissioner for Preparedness, Crisis Management, Equality;Designated Commissioner for Preparedness, Crisis Management, Equality;European Parliament;01/10/24
197606;Javier ZARZALEJOS;EPP;Spain;['LIBE'];Committee chair;;Meeting with the President of Prisioners Defenders;Prisioners Defenders;European Parliament;01/10/24
197606;Javier ZARZALEJOS;EPP;Spain;['LIBE'];Committee chair;;Meeting with Global Affairs President of Google and Alphabet;Google;European Parliament;01/10/24
197606;Javier ZARZALEJOS;EPP;Spain;['LIBE'];Committee chair;;Meeting with EU LISA Executive Director;EU LISA;European Parliament;01/10/24
197606;Javier ZARZALEJOS;EPP;Spain;['LIBE'];Committee chair;;Meeting with the European Chief Prosecutor;European Chief Prosecutor;European Parliament;30/09/24
197606;Javier ZARZALEJOS;EPP;Spain;['LIBE'];Committee chair;;Meeting with the designated commissioner for startups, research and innovation;Designated commissioner for startups, research and innovation;European Parliament;30/09/24
124713;Tomáš ZDECHOVSKÝ;EPP;Czechia;['CONT'];Member;;Meeting with a MEP and Renew Europe Group representative concerning Committee on Regional Development and Committee on Budgetary Control matters;Renew Europe Group;Strasbourg;08/10/24
124713;Tomáš ZDECHOVSKÝ;EPP;Czechia;[];Member;;Meeting with a Czech Association of Breweries and Malthouses representative and a former diplomat in Brussels about agriculture, food and environment;Agriculture, food and environment;Prague;03/10/24
124713;Tomáš ZDECHOVSKÝ;EPP;Czechia;[];Member;;Encounter with a European High Performance Computing Joint Undertaking (EuroHPC JU) representative – presentation of their projects, activities and cooperation;European High Performance Computing Joint Undertaking;Brussels;02/10/24
124713;Tomáš ZDECHOVSKÝ;EPP;Czechia;[];Member;;Innovation in the Health sector and developments in the Alzheimer’s disease innovations – discussion with a company representative;Health, Alzheimer’s disease treatment;Brussels;02/10/24
124713;Tomáš ZDECHOVSKÝ;EPP;Czechia;[];Member;;Meeting with a representative of human rights and democracy defending organization considering violation of human rights, treating political prisoners or femicides in Cuba and Turkey;Human rights;Brussels;01/10/24
124713;Tomáš ZDECHOVSKÝ;EPP;Czechia;['DCAS'];Member;;Economic Cooperation, partnership and other initiatives between European Union and Uzbekistan - encounter with a representative;Europe-Uzbekistan Association for Economic Cooperation;Brussels;01/10/24
124713;Tomáš ZDECHOVSKÝ;EPP;Czechia;[];Member;;Meeting with a representative of a Czech non-partisan and independent think-tank focusing on European integration and cohesion discussing current research reports or their activities and upcoming plans;EUROPEUM Institute for European Policy;Brussels;01/10/24
124713;Tomáš ZDECHOVSKÝ;EPP;Czechia;[];Member;;Meeting with representatives of the Czech Academy of Sciences concerning topics of research and education;Czech Academy of Sciences;Prague;30/09/24
124713;Tomáš ZDECHOVSKÝ;EPP;Czechia;[];Member;;Discussion with a Czech entrepreneur and representative of non-governmental organization agency for regional development;Regional development;Prague;20/09/24
124713;Tomáš ZDECHOVSKÝ;EPP;Czechia;[];Member;;Meeting with a Government Affairs Director of a communication agency about government affairs and strategic communications.;Government Affairs;Strasbourg;18/09/24
103246;Auke ZIJLSTRA;PfE;Netherlands;['ITRE'];Member;;Kernenergie;Urenco;European Parliament;08/10/24
103246;Auke ZIJLSTRA;PfE;Netherlands;['ITRE'];Member;;Transition and subsidies;Koninklijke Vereniging MKB-Nederland, Vereniging VNO-NCW;European Parliament;03/10/24
103246;Auke ZIJLSTRA;PfE;Netherlands;['ECON'];Member;;Asset management;Association of Proprietary Traders;European Parliament;26/09/24
103246;Auke ZIJLSTRA;PfE;Netherlands;['ECON'];Member;;Banking;ING Group;Telephone;26/09/24
103246;Auke ZIJLSTRA;PfE;Netherlands;['ECON'];Member;;Banking;Nederlandse Vereniging van Banken / Dutch Banking Association;European Parliament;25/09/24
103246;Auke ZIJLSTRA;PfE;Netherlands;['ECON'];Member;;Asset management;Dutch Fund and Asset Management Association;European Parliament;24/09/24
103246;Auke ZIJLSTRA;PfE;Netherlands;['ITRE'];Member;;E-Fuels;OG Clean Fuels B.V.;Virtual meeting;24/09/24
103246;Auke ZIJLSTRA;PfE;Netherlands;['ITRE'];Member;;Telecommunication;KPN;European Parliament;24/09/24
103246;Auke ZIJLSTRA;PfE;Netherlands;['ECON'];Member;;Digital euro;EuroCommerce, Koninklijke Vereniging MKB-Nederland;European Parliament;17/09/24
103246;Auke ZIJLSTRA;PfE;Netherlands;['ECON'];Member;;FIDA;Acumen Public Affairs, Insurely AB;European Parliament;10/09/24
28615;Roberts ZĪLE;ECR;Latvia;[];Member;;Meeting with IDU representatives;International Democracy Union;Brussels;01/10/24
28419;Nicola ZINGARETTI;S&D;Italy;[];Member;;Industry;Federazione Nazionale Costruttori Macchine per l'Agricoltura;Bruxelles;02/10/24
28419;Nicola ZINGARETTI;S&D;Italy;[];Member;;Leather industry;FB&Associati;Bruxelles;02/10/24
28419;Nicola ZINGARETTI;S&D;Italy;[];Member;;Defence Industry;ASD-Eurospace;Bruxelles;01/10/24
28419;Nicola ZINGARETTI;S&D;Italy;[];Member;;Invitation to meet with the Founder of the SD Platform of Ukraine;Bohdan Ferens;bruxelles;30/09/24
28419;Nicola ZINGARETTI;S&D;Italy;[];Member;;Packaging;The Alliance for Beverage Cartons and the Environment;Bruxelles;26/09/24
28419;Nicola ZINGARETTI;S&D;Italy;[];Member;;Recent developments in Israel- Palestine;Ofek: The Israeli Center for Public Affairs;bruxelles;26/09/24
28419;Nicola ZINGARETTI;S&D;Italy;[];Member;;Cigar Industry;Manifatture Sigaro Toscano S.r.l.;Bruxelles;26/09/24
28419;Nicola ZINGARETTI;S&D;Italy;[];Member;;Access to vehicle data;Belron International Limited;Bruxelles;26/09/24
28419;Nicola ZINGARETTI;S&D;Italy;[];Member;;Energy;Euroheat and Power;Bruxelles;23/09/24
28419;Nicola ZINGARETTI;S&D;Italy;[];Member;;Industry;Leonardo S.p.A.;Bruxelles;17/09/24
124884;Kosma ZŁOTOWSKI;ECR;Poland;[];Member;;EU-Indonesia relations;Ambassador of Indonesia to the EU - Mr. Andri Hadi;European Parliament in Strasbourg;09/10/24
124884;Kosma ZŁOTOWSKI;ECR;Poland;['D-CN'];Member;;Shaping EU policy on Hong Kong;The European Hong Kong Diaspora Alliance;European Parliament in Brussels;02/10/24
124884;Kosma ZŁOTOWSKI;ECR;Poland;['IMCO'];Member;;The digital policy of the European Union in the new term of the EP and EC;Związek Pracodawców Technologii Cyfrowych ZPTC Lewiatan;European Parliament in Brussels;01/10/24
124884;Kosma ZŁOTOWSKI;ECR;Poland;['JURI'];Member;;Rebuilding European API production capacity;Polski Związek Pracodawców Przemysłu Farmaceutycznego;European Parliament in Brussels;01/10/24
124884;Kosma ZŁOTOWSKI;ECR;Poland;['IMCO'];Member;;The Future of the Single Market for Services in the EU;Związek Przedsiębiorców i Pracodawców;European Parliament in Brussels;25/09/24
124884;Kosma ZŁOTOWSKI;ECR;Poland;['TRAN'];Shadow rapporteur;;Road vehicles: maximum weights and dimensions;International Road Transport Union Permanent Delegation to the EU;European Parliament in Brussels;25/09/24
124884;Kosma ZŁOTOWSKI;ECR;Poland;[];Member;;The need for political pressure at the EU level on Iran;Alejo Vidal-Quadras Rocha;European Parliament in Brussels;25/09/24
124884;Kosma ZŁOTOWSKI;ECR;Poland;['IMCO'];Rapporteur for opinion;;Adapting non-contractual civil liability rules to artificial intelligence;Cisco Systems Inc.;European Parliament in Brussels;25/09/24
124884;Kosma ZŁOTOWSKI;ECR;Poland;[];Member;;Strategia dla Europy;Polish Confederation Lewiatan;European Parliament - Brussels;24/07/24
96933;Milan ZVER;EPP;Slovenia;['ENVI'];Member;;Introductory meeting with CATF (Transparency no. 316522140912-19);Clean Air Task Force, Inc.;online;04/10/24