unit_id,kind,article,path,text,celex,title,full_text
Rec1,recital,Rec1,Rec1,"The purpose of this Regulation is to improve the functioning of the internal market by laying down a uniform legal framework in particular for the development, marketing and use of artificial intelligence in conformity with Union values. This Regulation pursues a number of overriding reasons of public interest, such as a high level of protection of health, safety and fundamental rights, and it ensures the free movement of AI-based goods and services cross-border, thus preventing Member States from imposing restrictions on the development, marketing and use of AI systems, unless explicitly authorised by this Regulation.",52021PC0206,,"The purpose of this Regulation is to improve the functioning of the internal market by laying down a uniform legal framework in particular for the development, marketing and use of artificial intelligence in conformity with Union values. This Regulation pursues a number of overriding reasons of public interest, such as a high level of protection of health, safety and fundamental rights, and it ensures the free movement of AI-based goods and services cross-border, thus preventing Member States from imposing restrictions on the development, marketing and use of AI systems, unless explicitly authorised by this Regulation."
Rec2,recital,Rec2,Rec2,"Artificial intelligence systems (AI systems) can be easily deployed in multiple sectors of the economy and society, including cross border, and circulate throughout the Union. Certain Member States have already explored the adoption of national rules to ensure that artificial intelligence is safe and is developed and used in compliance with fundamental rights obligations. Differing national rules may lead to fragmentation of the internal market and decrease legal certainty for operators that develop or use AI systems. A consistent and high level of protection throughout the Union should therefore be ensured, while divergences hampering the free circulation of AI systems and related products and services within the internal market should be prevented, by laying down uniform obligations for operators and guaranteeing the uniform protection of overriding reasons of public interest and of rights of persons throughout the internal market based on Article 114 of the Treaty on the Functioning of the European Union (TFEU). To the extent that this Regulation contains specific rules on the protection of individuals with regard to the processing of personal data concerning restrictions of the use of AI systems for ‘real-time’ remote biometric identification in publicly accessible spaces for the purpose of law enforcement, it is appropriate to base this Regulation, in as far as those specific rules are concerned, on Article 16 of the TFEU. In light of those specific rules and the recourse to Article 16 TFEU, it is appropriate to consult the European Data Protection Board.",52021PC0206,,"Artificial intelligence systems (AI systems) can be easily deployed in multiple sectors of the economy and society, including cross border, and circulate throughout the Union. Certain Member States have already explored the adoption of national rules to ensure that artificial intelligence is safe and is developed and used in compliance with fundamental rights obligations. Differing national rules may lead to fragmentation of the internal market and decrease legal certainty for operators that develop or use AI systems. A consistent and high level of protection throughout the Union should therefore be ensured, while divergences hampering the free circulation of AI systems and related products and services within the internal market should be prevented, by laying down uniform obligations for operators and guaranteeing the uniform protection of overriding reasons of public interest and of rights of persons throughout the internal market based on Article 114 of the Treaty on the Functioning of the European Union (TFEU). To the extent that this Regulation contains specific rules on the protection of individuals with regard to the processing of personal data concerning restrictions of the use of AI systems for ‘real-time’ remote biometric identification in publicly accessible spaces for the purpose of law enforcement, it is appropriate to base this Regulation, in as far as those specific rules are concerned, on Article 16 of the TFEU. In light of those specific rules and the recourse to Article 16 TFEU, it is appropriate to consult the European Data Protection Board."
Rec3,recital,Rec3,Rec3,"Artificial intelligence is a fast evolving family of technologies that can contribute to a wide array of economic and societal benefits across the entire spectrum of industries and social activities. By improving prediction, optimising operations and resource allocation, and personalising digital solutions available for individuals and organisations, the use of artificial intelligence can provide key competitive advantages to companies and support socially and environmentally beneficial outcomes, for example in healthcare, farming, education and training, infrastructure management, energy, transport and logistics, public services, security, justice, resource and energy efficiency, and climate change mitigation and adaptation.",52021PC0206,,"Artificial intelligence is a fast evolving family of technologies that can contribute to a wide array of economic and societal benefits across the entire spectrum of industries and social activities. By improving prediction, optimising operations and resource allocation, and personalising digital solutions available for individuals and organisations, the use of artificial intelligence can provide key competitive advantages to companies and support socially and environmentally beneficial outcomes, for example in healthcare, farming, education and training, infrastructure management, energy, transport and logistics, public services, security, justice, resource and energy efficiency, and climate change mitigation and adaptation."
Rec4,recital,Rec4,Rec4,"At the same time, depending on the circumstances regarding its specific application and use, artificial intelligence may generate risks and cause harm to public interests and rights that are protected by Union law. Such harm might be material or immaterial.",52021PC0206,,"At the same time, depending on the circumstances regarding its specific application and use, artificial intelligence may generate risks and cause harm to public interests and rights that are protected by Union law. Such harm might be material or immaterial."
Rec5,recital,Rec5,Rec5,"A Union legal framework laying down harmonised rules on artificial intelligence is therefore needed to foster the development, use and uptake of artificial intelligence in the internal market that at the same time meets a high level of protection of public interests, such as health and safety and the protection of fundamental rights, as recognised and protected by Union law. To achieve that objective, rules regulating the placing on the market and putting into service of certain AI systems should be laid down, thus ensuring the smooth functioning of the internal market and allowing those systems to benefit from the principle of free movement of goods and services. By laying down those rules, this Regulation supports the objective of the Union of being a global leader in the development of secure, trustworthy and ethical artificial intelligence, as stated by the European Council, and it ensures the protection of ethical principles, as specifically requested by the European Parliament.",52021PC0206,,"A Union legal framework laying down harmonised rules on artificial intelligence is therefore needed to foster the development, use and uptake of artificial intelligence in the internal market that at the same time meets a high level of protection of public interests, such as health and safety and the protection of fundamental rights, as recognised and protected by Union law. To achieve that objective, rules regulating the placing on the market and putting into service of certain AI systems should be laid down, thus ensuring the smooth functioning of the internal market and allowing those systems to benefit from the principle of free movement of goods and services. By laying down those rules, this Regulation supports the objective of the Union of being a global leader in the development of secure, trustworthy and ethical artificial intelligence, as stated by the European Council, and it ensures the protection of ethical principles, as specifically requested by the European Parliament."
Rec6,recital,Rec6,Rec6,"The notion of AI system should be clearly defined to ensure legal certainty, while providing the flexibility to accommodate future technological developments. The definition should be based on the key functional characteristics of the software, in particular the ability, for a given set of human-defined objectives, to generate outputs such as content, predictions, recommendations, or decisions which influence the environment with which the system interacts, be it in a physical or digital dimension. AI systems can be designed to operate with varying levels of autonomy and be used on a stand-alone basis or as a component of a product, irrespective of whether the system is physically integrated into the product (embedded) or serve the functionality of the product without being integrated therein (non-embedded). The definition of AI system should be complemented by a list of specific techniques and approaches used for its development, which should be kept up-to–date in the light of market and technological developments through the adoption of delegated acts by the Commission to amend that list.",52021PC0206,,"The notion of AI system should be clearly defined to ensure legal certainty, while providing the flexibility to accommodate future technological developments. The definition should be based on the key functional characteristics of the software, in particular the ability, for a given set of human-defined objectives, to generate outputs such as content, predictions, recommendations, or decisions which influence the environment with which the system interacts, be it in a physical or digital dimension. AI systems can be designed to operate with varying levels of autonomy and be used on a stand-alone basis or as a component of a product, irrespective of whether the system is physically integrated into the product (embedded) or serve the functionality of the product without being integrated therein (non-embedded). The definition of AI system should be complemented by a list of specific techniques and approaches used for its development, which should be kept up-to–date in the light of market and technological developments through the adoption of delegated acts by the Commission to amend that list."
Rec7,recital,Rec7,Rec7,"The notion of biometric data used in this Regulation is in line with and should be interpreted consistently with the notion of biometric data as defined in Article 4(14) of Regulation (EU) 2016/679 of the European Parliament and of the Council, Article 3(18) of Regulation (EU) 2018/1725 of the European Parliament and of the Council and Article 3(13) of Directive (EU) 2016/680 of the European Parliament and of the Council.",52021PC0206,,"The notion of biometric data used in this Regulation is in line with and should be interpreted consistently with the notion of biometric data as defined in Article 4(14) of Regulation (EU) 2016/679 of the European Parliament and of the Council, Article 3(18) of Regulation (EU) 2018/1725 of the European Parliament and of the Council and Article 3(13) of Directive (EU) 2016/680 of the European Parliament and of the Council."
Rec8,recital,Rec8,Rec8,"The notion of remote biometric identification system as used in this Regulation should be defined functionally, as an AI system intended for the identification of natural persons at a distance through the comparison of a person’s biometric data with the biometric data contained in a reference database, and without prior knowledge whether the targeted person will be present and can be identified, irrespectively of the particular technology, processes or types of biometric data used. Considering their different characteristics and manners in which they are used, as well as the different risks involved, a distinction should be made between ‘real-time’ and ‘post’ remote biometric identification systems. In the case of ‘real-time’ systems, the capturing of the biometric data, the comparison and the identification occur all instantaneously, near-instantaneously or in any event without a significant delay. In this regard, there should be no scope for circumventing the rules of this Regulation on the ‘real-time’ use of the AI systems in question by providing for minor delays. ‘Real-time’ systems involve the use of ‘live’ or ‘near-‘live’ material, such as video footage, generated by a camera or other device with similar functionality. In the case of ‘post’ systems, in contrast, the biometric data have already been captured and the comparison and identification occur only after a significant delay. This involves material, such as pictures or video footage generated by closed circuit television cameras or private devices, which has been generated before the use of the system in respect of the natural persons concerned.",52021PC0206,,"The notion of remote biometric identification system as used in this Regulation should be defined functionally, as an AI system intended for the identification of natural persons at a distance through the comparison of a person’s biometric data with the biometric data contained in a reference database, and without prior knowledge whether the targeted person will be present and can be identified, irrespectively of the particular technology, processes or types of biometric data used. Considering their different characteristics and manners in which they are used, as well as the different risks involved, a distinction should be made between ‘real-time’ and ‘post’ remote biometric identification systems. In the case of ‘real-time’ systems, the capturing of the biometric data, the comparison and the identification occur all instantaneously, near-instantaneously or in any event without a significant delay. In this regard, there should be no scope for circumventing the rules of this Regulation on the ‘real-time’ use of the AI systems in question by providing for minor delays. ‘Real-time’ systems involve the use of ‘live’ or ‘near-‘live’ material, such as video footage, generated by a camera or other device with similar functionality. In the case of ‘post’ systems, in contrast, the biometric data have already been captured and the comparison and identification occur only after a significant delay. This involves material, such as pictures or video footage generated by closed circuit television cameras or private devices, which has been generated before the use of the system in respect of the natural persons concerned."
Rec9,recital,Rec9,Rec9,"For the purposes of this Regulation the notion of publicly accessible space should be understood as referring to any physical place that is accessible to the public, irrespective of whether the place in question is privately or publicly owned. Therefore, the notion does not cover places that are private in nature and normally not freely accessible for third parties, including law enforcement authorities, unless those parties have been specifically invited or authorised, such as homes, private clubs, offices, warehouses and factories. Online spaces are not covered either, as they are not physical spaces. However, the mere fact that certain conditions for accessing a particular space may apply, such as admission tickets or age restrictions, does not mean that the space is not publicly accessible within the meaning of this Regulation. Consequently, in addition to public spaces such as streets, relevant parts of government buildings and most transport infrastructure, spaces such as cinemas, theatres, shops and shopping centres are normally also publicly accessible. Whether a given space is accessible to the public should however be determined on a case-by-case basis, having regard to the specificities of the individual situation at hand.",52021PC0206,,"For the purposes of this Regulation the notion of publicly accessible space should be understood as referring to any physical place that is accessible to the public, irrespective of whether the place in question is privately or publicly owned. Therefore, the notion does not cover places that are private in nature and normally not freely accessible for third parties, including law enforcement authorities, unless those parties have been specifically invited or authorised, such as homes, private clubs, offices, warehouses and factories. Online spaces are not covered either, as they are not physical spaces. However, the mere fact that certain conditions for accessing a particular space may apply, such as admission tickets or age restrictions, does not mean that the space is not publicly accessible within the meaning of this Regulation. Consequently, in addition to public spaces such as streets, relevant parts of government buildings and most transport infrastructure, spaces such as cinemas, theatres, shops and shopping centres are normally also publicly accessible. Whether a given space is accessible to the public should however be determined on a case-by-case basis, having regard to the specificities of the individual situation at hand."
Rec10,recital,Rec10,Rec10,"In order to ensure a level playing field and an effective protection of rights and freedoms of individuals across the Union, the rules established by this Regulation should apply to providers of AI systems in a non-discriminatory manner, irrespective of whether they are established within the Union or in a third country, and to users of AI systems established within the Union.",52021PC0206,,"In order to ensure a level playing field and an effective protection of rights and freedoms of individuals across the Union, the rules established by this Regulation should apply to providers of AI systems in a non-discriminatory manner, irrespective of whether they are established within the Union or in a third country, and to users of AI systems established within the Union."
Rec11,recital,Rec11,Rec11,"In light of their digital nature, certain AI systems should fall within the scope of this Regulation even when they are neither placed on the market, nor put into service, nor used in the Union. This is the case for example of an operator established in the Union that contracts certain services to an operator established outside the Union in relation to an activity to be performed by an AI system that would qualify as high-risk and whose effects impact natural persons located in the Union. In those circumstances, the AI system used by the operator outside the Union could process data lawfully collected in and transferred from the Union, and provide to the contracting operator in the Union the output of that AI system resulting from that processing, without that AI system being placed on the market, put into service or used in the Union. To prevent the circumvention of this Regulation and to ensure an effective protection of natural persons located in the Union, this Regulation should also apply to providers and users of AI systems that are established in a third country, to the extent the output produced by those systems is used in the Union. Nonetheless, to take into account existing arrangements and special needs for cooperation with foreign partners with whom information and evidence is exchanged, this Regulation should not apply to public authorities of a third country and international organisations when acting in the framework of international agreements concluded at national or European level for law enforcement and judicial cooperation with the Union or with its Member States. Such agreements have been concluded bilaterally between Member States and third countries or between the European Union, Europol and other EU agencies and third countries and international organisations.",52021PC0206,,"In light of their digital nature, certain AI systems should fall within the scope of this Regulation even when they are neither placed on the market, nor put into service, nor used in the Union. This is the case for example of an operator established in the Union that contracts certain services to an operator established outside the Union in relation to an activity to be performed by an AI system that would qualify as high-risk and whose effects impact natural persons located in the Union. In those circumstances, the AI system used by the operator outside the Union could process data lawfully collected in and transferred from the Union, and provide to the contracting operator in the Union the output of that AI system resulting from that processing, without that AI system being placed on the market, put into service or used in the Union. To prevent the circumvention of this Regulation and to ensure an effective protection of natural persons located in the Union, this Regulation should also apply to providers and users of AI systems that are established in a third country, to the extent the output produced by those systems is used in the Union. Nonetheless, to take into account existing arrangements and special needs for cooperation with foreign partners with whom information and evidence is exchanged, this Regulation should not apply to public authorities of a third country and international organisations when acting in the framework of international agreements concluded at national or European level for law enforcement and judicial cooperation with the Union or with its Member States. Such agreements have been concluded bilaterally between Member States and third countries or between the European Union, Europol and other EU agencies and third countries and international organisations."
Rec12,recital,Rec12,Rec12,"This Regulation should also apply to Union institutions, offices, bodies and agencies when acting as a provider or user of an AI system. AI systems exclusively developed or used for military purposes should be excluded from the scope of this Regulation where that use falls under the exclusive remit of the Common Foreign and Security Policy regulated under Title V of the Treaty on the European Union (TEU). This Regulation should be without prejudice to the provisions regarding the liability of intermediary service providers set out in Directive 2000/31/EC of the European Parliament and of the Council [as amended by the Digital Services Act].",52021PC0206,,"This Regulation should also apply to Union institutions, offices, bodies and agencies when acting as a provider or user of an AI system. AI systems exclusively developed or used for military purposes should be excluded from the scope of this Regulation where that use falls under the exclusive remit of the Common Foreign and Security Policy regulated under Title V of the Treaty on the European Union (TEU). This Regulation should be without prejudice to the provisions regarding the liability of intermediary service providers set out in Directive 2000/31/EC of the European Parliament and of the Council [as amended by the Digital Services Act]."
Rec13,recital,Rec13,Rec13,"In order to ensure a consistent and high level of protection of public interests as regards health, safety and fundamental rights, common normative standards for all high-risk AI systems should be established. Those standards should be consistent with the Charter of fundamental rights of the European Union (the Charter) and should be non-discriminatory and in line with the Union’s international trade commitments.",52021PC0206,,"In order to ensure a consistent and high level of protection of public interests as regards health, safety and fundamental rights, common normative standards for all high-risk AI systems should be established. Those standards should be consistent with the Charter of fundamental rights of the European Union (the Charter) and should be non-discriminatory and in line with the Union’s international trade commitments."
Rec14,recital,Rec14,Rec14,"In order to introduce a proportionate and effective set of binding rules for AI systems, a clearly defined risk-based approach should be followed. That approach should tailor the type and content of such rules to the intensity and scope of the risks that AI systems can generate. It is therefore necessary to prohibit certain artificial intelligence practices, to lay down requirements for high-risk AI systems and obligations for the relevant operators, and to lay down transparency obligations for certain AI systems.",52021PC0206,,"In order to introduce a proportionate and effective set of binding rules for AI systems, a clearly defined risk-based approach should be followed. That approach should tailor the type and content of such rules to the intensity and scope of the risks that AI systems can generate. It is therefore necessary to prohibit certain artificial intelligence practices, to lay down requirements for high-risk AI systems and obligations for the relevant operators, and to lay down transparency obligations for certain AI systems."
Rec15,recital,Rec15,Rec15,"Aside from the many beneficial uses of artificial intelligence, that technology can also be misused and provide novel and powerful tools for manipulative, exploitative and social control practices. Such practices are particularly harmful and should be prohibited because they contradict Union values of respect for human dignity, freedom, equality, democracy and the rule of law and Union fundamental rights, including the right to non-discrimination, data protection and privacy and the rights of the child.",52021PC0206,,"Aside from the many beneficial uses of artificial intelligence, that technology can also be misused and provide novel and powerful tools for manipulative, exploitative and social control practices. Such practices are particularly harmful and should be prohibited because they contradict Union values of respect for human dignity, freedom, equality, democracy and the rule of law and Union fundamental rights, including the right to non-discrimination, data protection and privacy and the rights of the child."
Rec16,recital,Rec16,Rec16,"The placing on the market, putting into service or use of certain AI systems intended to distort human behaviour, whereby physical or psychological harms are likely to occur, should be forbidden. Such AI systems deploy subliminal components individuals cannot perceive or exploit vulnerabilities of children and people due to their age, physical or mental incapacities. They do so with the intention to materially distort the behaviour of a person and in a manner that causes or is likely to cause harm to that or another person. The intention may not be presumed if the distortion of human behaviour results from factors external to the AI system which are outside of the control of the provider or the user. Research for legitimate purposes in relation to such AI systems should not be stifled by the prohibition, if such research does not amount to use of the AI system in human-machine relations that exposes natural persons to harm and such research is carried out in accordance with recognised ethical standards for scientific research.",52021PC0206,,"The placing on the market, putting into service or use of certain AI systems intended to distort human behaviour, whereby physical or psychological harms are likely to occur, should be forbidden. Such AI systems deploy subliminal components individuals cannot perceive or exploit vulnerabilities of children and people due to their age, physical or mental incapacities. They do so with the intention to materially distort the behaviour of a person and in a manner that causes or is likely to cause harm to that or another person. The intention may not be presumed if the distortion of human behaviour results from factors external to the AI system which are outside of the control of the provider or the user. Research for legitimate purposes in relation to such AI systems should not be stifled by the prohibition, if such research does not amount to use of the AI system in human-machine relations that exposes natural persons to harm and such research is carried out in accordance with recognised ethical standards for scientific research."
Rec17,recital,Rec17,Rec17,"AI systems providing social scoring of natural persons for general purpose by public authorities or on their behalf may lead to discriminatory outcomes and the exclusion of certain groups. They may violate the right to dignity and non-discrimination and the values of equality and justice. Such AI systems evaluate or classify the trustworthiness of natural persons based on their social behaviour in multiple contexts or known or predicted personal or personality characteristics. The social score obtained from such AI systems may lead to the detrimental or unfavourable treatment of natural persons or whole groups thereof in social contexts, which are unrelated to the context in which the data was originally generated or collected or to a detrimental treatment that is disproportionate or unjustified to the gravity of their social behaviour. Such AI systems should be therefore prohibited.",52021PC0206,,"AI systems providing social scoring of natural persons for general purpose by public authorities or on their behalf may lead to discriminatory outcomes and the exclusion of certain groups. They may violate the right to dignity and non-discrimination and the values of equality and justice. Such AI systems evaluate or classify the trustworthiness of natural persons based on their social behaviour in multiple contexts or known or predicted personal or personality characteristics. The social score obtained from such AI systems may lead to the detrimental or unfavourable treatment of natural persons or whole groups thereof in social contexts, which are unrelated to the context in which the data was originally generated or collected or to a detrimental treatment that is disproportionate or unjustified to the gravity of their social behaviour. Such AI systems should be therefore prohibited."
Rec18,recital,Rec18,Rec18,"The use of AI systems for ‘real-time’ remote biometric identification of natural persons in publicly accessible spaces for the purpose of law enforcement is considered particularly intrusive in the rights and freedoms of the concerned persons, to the extent that it may affect the private life of a large part of the population, evoke a feeling of constant surveillance and indirectly dissuade the exercise of the freedom of assembly and other fundamental rights. In addition, the immediacy of the impact and the limited opportunities for further checks or corrections in relation to the use of such systems operating in ‘real-time’ carry heightened risks for the rights and freedoms of the persons that are concerned by law enforcement activities.",52021PC0206,,"The use of AI systems for ‘real-time’ remote biometric identification of natural persons in publicly accessible spaces for the purpose of law enforcement is considered particularly intrusive in the rights and freedoms of the concerned persons, to the extent that it may affect the private life of a large part of the population, evoke a feeling of constant surveillance and indirectly dissuade the exercise of the freedom of assembly and other fundamental rights. In addition, the immediacy of the impact and the limited opportunities for further checks or corrections in relation to the use of such systems operating in ‘real-time’ carry heightened risks for the rights and freedoms of the persons that are concerned by law enforcement activities."
Rec19,recital,Rec19,Rec19,"The use of those systems for the purpose of law enforcement should therefore be prohibited, except in three exhaustively listed and narrowly defined situations, where the use is strictly necessary to achieve a substantial public interest, the importance of which outweighs the risks. Those situations involve the search for potential victims of crime, including missing children; certain threats to the life or physical safety of natural persons or of a terrorist attack; and the detection, localisation, identification or prosecution of perpetrators or suspects of the criminal offences referred to in Council Framework Decision 2002/584/JHA if those criminal offences are punishable in the Member State concerned by a custodial sentence or a detention order for a maximum period of at least three years and as they are defined in the law of that Member State. Such threshold for the custodial sentence or detention order in accordance with national law contributes to ensure that the offence should be serious enough to potentially justify the use of ‘real-time’ remote biometric identification systems. Moreover, of the 32 criminal offences listed in the Council Framework Decision 2002/584/JHA, some are in practice likely to be more relevant than others, in that the recourse to ‘real-time’ remote biometric identification will foreseeably be necessary and proportionate to highly varying degrees for the practical pursuit of the detection, localisation, identification or prosecution of a perpetrator or suspect of the different criminal offences listed and having regard to the likely differences in the seriousness, probability and scale of the harm or possible negative consequences.",52021PC0206,,"The use of those systems for the purpose of law enforcement should therefore be prohibited, except in three exhaustively listed and narrowly defined situations, where the use is strictly necessary to achieve a substantial public interest, the importance of which outweighs the risks. Those situations involve the search for potential victims of crime, including missing children; certain threats to the life or physical safety of natural persons or of a terrorist attack; and the detection, localisation, identification or prosecution of perpetrators or suspects of the criminal offences referred to in Council Framework Decision 2002/584/JHA if those criminal offences are punishable in the Member State concerned by a custodial sentence or a detention order for a maximum period of at least three years and as they are defined in the law of that Member State. Such threshold for the custodial sentence or detention order in accordance with national law contributes to ensure that the offence should be serious enough to potentially justify the use of ‘real-time’ remote biometric identification systems. Moreover, of the 32 criminal offences listed in the Council Framework Decision 2002/584/JHA, some are in practice likely to be more relevant than others, in that the recourse to ‘real-time’ remote biometric identification will foreseeably be necessary and proportionate to highly varying degrees for the practical pursuit of the detection, localisation, identification or prosecution of a perpetrator or suspect of the different criminal offences listed and having regard to the likely differences in the seriousness, probability and scale of the harm or possible negative consequences."
Rec20,recital,Rec20,Rec20,"In order to ensure that those systems are used in a responsible and proportionate manner, it is also important to establish that, in each of those three exhaustively listed and narrowly defined situations, certain elements should be taken into account, in particular as regards the nature of the situation giving rise to the request and the consequences of the use for the rights and freedoms of all persons concerned and the safeguards and conditions provided for with the use. In addition, the use of ‘real-time’ remote biometric identification systems in publicly accessible spaces for the purpose of law enforcement should be subject to appropriate limits in time and space, having regard in particular to the evidence or indications regarding the threats, the victims or perpetrator. The reference database of persons should be appropriate for each use case in each of the three situations mentioned above.",52021PC0206,,"In order to ensure that those systems are used in a responsible and proportionate manner, it is also important to establish that, in each of those three exhaustively listed and narrowly defined situations, certain elements should be taken into account, in particular as regards the nature of the situation giving rise to the request and the consequences of the use for the rights and freedoms of all persons concerned and the safeguards and conditions provided for with the use. In addition, the use of ‘real-time’ remote biometric identification systems in publicly accessible spaces for the purpose of law enforcement should be subject to appropriate limits in time and space, having regard in particular to the evidence or indications regarding the threats, the victims or perpetrator. The reference database of persons should be appropriate for each use case in each of the three situations mentioned above."
Rec21,recital,Rec21,Rec21,"Each use of a ‘real-time’ remote biometric identification system in publicly accessible spaces for the purpose of law enforcement should be subject to an express and specific authorisation by a judicial authority or by an independent administrative authority of a Member State. Such authorisation should in principle be obtained prior to the use, except in duly justified situations of urgency, that is, situations where the need to use the systems in question is such as to make it effectively and objectively impossible to obtain an authorisation before commencing the use. In such situations of urgency, the use should be restricted to the absolute minimum necessary and be subject to appropriate safeguards and conditions, as determined in national law and specified in the context of each individual urgent use case by the law enforcement authority itself. In addition, the law enforcement authority should in such situations seek to obtain an authorisation as soon as possible, whilst providing the reasons for not having been able to request it earlier.",52021PC0206,,"Each use of a ‘real-time’ remote biometric identification system in publicly accessible spaces for the purpose of law enforcement should be subject to an express and specific authorisation by a judicial authority or by an independent administrative authority of a Member State. Such authorisation should in principle be obtained prior to the use, except in duly justified situations of urgency, that is, situations where the need to use the systems in question is such as to make it effectively and objectively impossible to obtain an authorisation before commencing the use. In such situations of urgency, the use should be restricted to the absolute minimum necessary and be subject to appropriate safeguards and conditions, as determined in national law and specified in the context of each individual urgent use case by the law enforcement authority itself. In addition, the law enforcement authority should in such situations seek to obtain an authorisation as soon as possible, whilst providing the reasons for not having been able to request it earlier."
Rec22,recital,Rec22,Rec22,"Furthermore, it is appropriate to provide, within the exhaustive framework set by this Regulation that such use in the territory of a Member State in accordance with this Regulation should only be possible where and in as far as the Member State in question has decided to expressly provide for the possibility to authorise such use in its detailed rules of national law. Consequently, Member States remain free under this Regulation not to provide for such a possibility at all or to only provide for such a possibility in respect of some of the objectives capable of justifying authorised use identified in this Regulation.",52021PC0206,,"Furthermore, it is appropriate to provide, within the exhaustive framework set by this Regulation that such use in the territory of a Member State in accordance with this Regulation should only be possible where and in as far as the Member State in question has decided to expressly provide for the possibility to authorise such use in its detailed rules of national law. Consequently, Member States remain free under this Regulation not to provide for such a possibility at all or to only provide for such a possibility in respect of some of the objectives capable of justifying authorised use identified in this Regulation."
Rec23,recital,Rec23,Rec23,"The use of AI systems for ‘real-time’ remote biometric identification of natural persons in publicly accessible spaces for the purpose of law enforcement necessarily involves the processing of biometric data. The rules of this Regulation that prohibit, subject to certain exceptions, such use, which are based on Article 16 TFEU, should apply as lex specialis in respect of the rules on the processing of biometric data contained in Article 10 of Directive (EU) 2016/680, thus regulating such use and the processing of biometric data involved in an exhaustive manner. Therefore, such use and processing should only be possible in as far as it is compatible with the framework set by this Regulation, without there being scope, outside that framework, for the competent authorities, where they act for purpose of law enforcement, to use such systems and process such data in connection thereto on the grounds listed in Article 10 of Directive (EU) 2016/680. In this context, this Regulation is not intended to provide the legal basis for the processing of personal data under Article 8 of Directive 2016/680. However, the use of ‘real-time’ remote biometric identification systems in publicly accessible spaces for purposes other than law enforcement, including by competent authorities, should not be covered by the specific framework regarding such use for the purpose of law enforcement set by this Regulation. Such use for purposes other than law enforcement should therefore not be subject to the requirement of an authorisation under this Regulation and the applicable detailed rules of national law that may give effect to it.",52021PC0206,,"The use of AI systems for ‘real-time’ remote biometric identification of natural persons in publicly accessible spaces for the purpose of law enforcement necessarily involves the processing of biometric data. The rules of this Regulation that prohibit, subject to certain exceptions, such use, which are based on Article 16 TFEU, should apply as lex specialis in respect of the rules on the processing of biometric data contained in Article 10 of Directive (EU) 2016/680, thus regulating such use and the processing of biometric data involved in an exhaustive manner. Therefore, such use and processing should only be possible in as far as it is compatible with the framework set by this Regulation, without there being scope, outside that framework, for the competent authorities, where they act for purpose of law enforcement, to use such systems and process such data in connection thereto on the grounds listed in Article 10 of Directive (EU) 2016/680. In this context, this Regulation is not intended to provide the legal basis for the processing of personal data under Article 8 of Directive 2016/680. However, the use of ‘real-time’ remote biometric identification systems in publicly accessible spaces for purposes other than law enforcement, including by competent authorities, should not be covered by the specific framework regarding such use for the purpose of law enforcement set by this Regulation. Such use for purposes other than law enforcement should therefore not be subject to the requirement of an authorisation under this Regulation and the applicable detailed rules of national law that may give effect to it."
Rec24,recital,Rec24,Rec24,"Any processing of biometric data and other personal data involved in the use of AI systems for biometric identification, other than in connection to the use of ‘real-time’ remote biometric identification systems in publicly accessible spaces for the purpose of law enforcement as regulated by this Regulation, including where those systems are used by competent authorities in publicly accessible spaces for other purposes than law enforcement, should continue to comply with all requirements resulting from Article 9(1) of Regulation (EU) 2016/679, Article 10(1) of Regulation (EU) 2018/1725 and Article 10 of Directive (EU) 2016/680, as applicable.",52021PC0206,,"Any processing of biometric data and other personal data involved in the use of AI systems for biometric identification, other than in connection to the use of ‘real-time’ remote biometric identification systems in publicly accessible spaces for the purpose of law enforcement as regulated by this Regulation, including where those systems are used by competent authorities in publicly accessible spaces for other purposes than law enforcement, should continue to comply with all requirements resulting from Article 9(1) of Regulation (EU) 2016/679, Article 10(1) of Regulation (EU) 2018/1725 and Article 10 of Directive (EU) 2016/680, as applicable."
Rec25,recital,Rec25,Rec25,"In accordance with Article 6a of Protocol No 21 on the position of the United Kingdom and Ireland in respect of the area of freedom, security and justice, as annexed to the TEU and to the TFEU, Ireland is not bound by the rules laid down in Article 5(1), point (d), (2) and (3) of this Regulation adopted on the basis of Article 16 of the TFEU which relate to the processing of personal data by the Member States when carrying out activities falling within the scope of Chapter 4 or Chapter 5 of Title V of Part Three of the TFEU, where Ireland is not bound by the rules governing the forms of judicial cooperation in criminal matters or police cooperation which require compliance with the provisions laid down on the basis of Article 16 of the TFEU.",52021PC0206,,"In accordance with Article 6a of Protocol No 21 on the position of the United Kingdom and Ireland in respect of the area of freedom, security and justice, as annexed to the TEU and to the TFEU, Ireland is not bound by the rules laid down in Article 5(1), point (d), (2) and (3) of this Regulation adopted on the basis of Article 16 of the TFEU which relate to the processing of personal data by the Member States when carrying out activities falling within the scope of Chapter 4 or Chapter 5 of Title V of Part Three of the TFEU, where Ireland is not bound by the rules governing the forms of judicial cooperation in criminal matters or police cooperation which require compliance with the provisions laid down on the basis of Article 16 of the TFEU."
Rec26,recital,Rec26,Rec26,"In accordance with Articles 2 and 2a of Protocol No 22 on the position of Denmark, annexed to the TEU and TFEU, Denmark is not bound by rules laid down in Article 5(1), point (d), (2) and (3) of this Regulation adopted on the basis of Article 16 of the TFEU, or subject to their application, which relate to the processing of personal data by the Member States when carrying out activities falling within the scope of Chapter 4 or Chapter 5 of Title V of Part Three of the TFEU.",52021PC0206,,"In accordance with Articles 2 and 2a of Protocol No 22 on the position of Denmark, annexed to the TEU and TFEU, Denmark is not bound by rules laid down in Article 5(1), point (d), (2) and (3) of this Regulation adopted on the basis of Article 16 of the TFEU, or subject to their application, which relate to the processing of personal data by the Member States when carrying out activities falling within the scope of Chapter 4 or Chapter 5 of Title V of Part Three of the TFEU."
Rec27,recital,Rec27,Rec27,"High-risk AI systems should only be placed on the Union market or put into service if they comply with certain mandatory requirements. Those requirements should ensure that high-risk AI systems available in the Union or whose output is otherwise used in the Union do not pose unacceptable risks to important Union public interests as recognised and protected by Union law. AI systems identified as high-risk should be limited to those that have a significant harmful impact on the health, safety and fundamental rights of persons in the Union and such limitation minimises any potential restriction to international trade, if any.",52021PC0206,,"High-risk AI systems should only be placed on the Union market or put into service if they comply with certain mandatory requirements. Those requirements should ensure that high-risk AI systems available in the Union or whose output is otherwise used in the Union do not pose unacceptable risks to important Union public interests as recognised and protected by Union law. AI systems identified as high-risk should be limited to those that have a significant harmful impact on the health, safety and fundamental rights of persons in the Union and such limitation minimises any potential restriction to international trade, if any."
Rec28,recital,Rec28,Rec28,"AI systems could produce adverse outcomes to health and safety of persons, in particular when such systems operate as components of products. Consistently with the objectives of Union harmonisation legislation to facilitate the free movement of products in the internal market and to ensure that only safe and otherwise compliant products find their way into the market, it is important that the safety risks that may be generated by a product as a whole due to its digital components, including AI systems, are duly prevented and mitigated. For instance, increasingly autonomous robots, whether in the context of manufacturing or personal assistance and care should be able to safely operate and performs their functions in complex environments. Similarly, in the health sector where the stakes for life and health are particularly high, increasingly sophisticated diagnostics systems and systems supporting human decisions should be reliable and accurate. The extent of the adverse impact caused by the AI system on the fundamental rights protected by the Charter is of particular relevance when classifying an AI system as high-risk. Those rights include the right to human dignity, respect for private and family life, protection of personal data, freedom of expression and information, freedom of assembly and of association, and non-discrimination, consumer protection, workers’ rights, rights of persons with disabilities, right to an effective remedy and to a fair trial, right of defence and the presumption of innocence, right to good administration. In addition to those rights, it is important to highlight that children have specific rights as enshrined in Article 24 of the EU Charter and in the United Nations Convention on the Rights of the Child (further elaborated in the UNCRC General Comment No. 25 as regards the digital environment), both of which require consideration of the children’s vulnerabilities and provision of such protection and care as necessary for their well-being. The fundamental right to a high level of environmental protection enshrined in the Charter and implemented in Union policies should also be considered when assessing the severity of the harm that an AI system can cause, including in relation to the health and safety of persons.",52021PC0206,,"AI systems could produce adverse outcomes to health and safety of persons, in particular when such systems operate as components of products. Consistently with the objectives of Union harmonisation legislation to facilitate the free movement of products in the internal market and to ensure that only safe and otherwise compliant products find their way into the market, it is important that the safety risks that may be generated by a product as a whole due to its digital components, including AI systems, are duly prevented and mitigated. For instance, increasingly autonomous robots, whether in the context of manufacturing or personal assistance and care should be able to safely operate and performs their functions in complex environments. Similarly, in the health sector where the stakes for life and health are particularly high, increasingly sophisticated diagnostics systems and systems supporting human decisions should be reliable and accurate. The extent of the adverse impact caused by the AI system on the fundamental rights protected by the Charter is of particular relevance when classifying an AI system as high-risk. Those rights include the right to human dignity, respect for private and family life, protection of personal data, freedom of expression and information, freedom of assembly and of association, and non-discrimination, consumer protection, workers’ rights, rights of persons with disabilities, right to an effective remedy and to a fair trial, right of defence and the presumption of innocence, right to good administration. In addition to those rights, it is important to highlight that children have specific rights as enshrined in Article 24 of the EU Charter and in the United Nations Convention on the Rights of the Child (further elaborated in the UNCRC General Comment No. 25 as regards the digital environment), both of which require consideration of the children’s vulnerabilities and provision of such protection and care as necessary for their well-being. The fundamental right to a high level of environmental protection enshrined in the Charter and implemented in Union policies should also be considered when assessing the severity of the harm that an AI system can cause, including in relation to the health and safety of persons."
Rec29,recital,Rec29,Rec29,"As regards high-risk AI systems that are safety components of products or systems, or which are themselves products or systems falling within the scope of Regulation (EC) No 300/2008 of the European Parliament and of the Council, Regulation (EU) No 167/2013 of the European Parliament and of the Council, Regulation (EU) No 168/2013 of the European Parliament and of the Council, Directive 2014/90/EU of the European Parliament and of the Council, Directive (EU) 2016/797 of the European Parliament and of the Council, Regulation (EU) 2018/858 of the European Parliament and of the Council, Regulation (EU) 2018/1139 of the European Parliament and of the Council, and Regulation (EU) 2019/2144 of the European Parliament and of the Council, it is appropriate to amend those acts to ensure that the Commission takes into account, on the basis of the technical and regulatory specificities of each sector, and without interfering with existing governance, conformity assessment and enforcement mechanisms and authorities established therein, the mandatory requirements for high-risk AI systems laid down in this Regulation when adopting any relevant future delegated or implementing acts on the basis of those acts.",52021PC0206,,"As regards high-risk AI systems that are safety components of products or systems, or which are themselves products or systems falling within the scope of Regulation (EC) No 300/2008 of the European Parliament and of the Council, Regulation (EU) No 167/2013 of the European Parliament and of the Council, Regulation (EU) No 168/2013 of the European Parliament and of the Council, Directive 2014/90/EU of the European Parliament and of the Council, Directive (EU) 2016/797 of the European Parliament and of the Council, Regulation (EU) 2018/858 of the European Parliament and of the Council, Regulation (EU) 2018/1139 of the European Parliament and of the Council, and Regulation (EU) 2019/2144 of the European Parliament and of the Council, it is appropriate to amend those acts to ensure that the Commission takes into account, on the basis of the technical and regulatory specificities of each sector, and without interfering with existing governance, conformity assessment and enforcement mechanisms and authorities established therein, the mandatory requirements for high-risk AI systems laid down in this Regulation when adopting any relevant future delegated or implementing acts on the basis of those acts."
Rec30,recital,Rec30,Rec30,"As regards AI systems that are safety components of products, or which are themselves products, falling within the scope of certain Union harmonisation legislation, it is appropriate to classify them as high-risk under this Regulation if the product in question undergoes the conformity assessment procedure with a third-party conformity assessment body pursuant to that relevant Union harmonisation legislation. In particular, such products are machinery, toys, lifts, equipment and protective systems intended for use in potentially explosive atmospheres, radio equipment, pressure equipment, recreational craft equipment, cableway installations, appliances burning gaseous fuels, medical devices, and in vitro diagnostic medical devices.",52021PC0206,,"As regards AI systems that are safety components of products, or which are themselves products, falling within the scope of certain Union harmonisation legislation, it is appropriate to classify them as high-risk under this Regulation if the product in question undergoes the conformity assessment procedure with a third-party conformity assessment body pursuant to that relevant Union harmonisation legislation. In particular, such products are machinery, toys, lifts, equipment and protective systems intended for use in potentially explosive atmospheres, radio equipment, pressure equipment, recreational craft equipment, cableway installations, appliances burning gaseous fuels, medical devices, and in vitro diagnostic medical devices."
Rec31,recital,Rec31,Rec31,"The classification of an AI system as high-risk pursuant to this Regulation should not necessarily mean that the product whose safety component is the AI system, or the AI system itself as a product, is considered ‘high-risk’ under the criteria established in the relevant Union harmonisation legislation that applies to the product. This is notably the case for Regulation (EU) 2017/745 of the European Parliament and of the Council and Regulation (EU) 2017/746 of the European Parliament and of the Council, where a third-party conformity assessment is provided for medium-risk and high-risk products.",52021PC0206,,"The classification of an AI system as high-risk pursuant to this Regulation should not necessarily mean that the product whose safety component is the AI system, or the AI system itself as a product, is considered ‘high-risk’ under the criteria established in the relevant Union harmonisation legislation that applies to the product. This is notably the case for Regulation (EU) 2017/745 of the European Parliament and of the Council and Regulation (EU) 2017/746 of the European Parliament and of the Council, where a third-party conformity assessment is provided for medium-risk and high-risk products."
Rec32,recital,Rec32,Rec32,"As regards stand-alone AI systems, meaning high-risk AI systems other than those that are safety components of products, or which are themselves products, it is appropriate to classify them as high-risk if, in the light of their intended purpose, they pose a high risk of harm to the health and safety or the fundamental rights of persons, taking into account both the severity of the possible harm and its probability of occurrence and they are used in a number of specifically pre-defined areas specified in the Regulation. The identification of those systems is based on the same methodology and criteria envisaged also for any future amendments of the list of high-risk AI systems.",52021PC0206,,"As regards stand-alone AI systems, meaning high-risk AI systems other than those that are safety components of products, or which are themselves products, it is appropriate to classify them as high-risk if, in the light of their intended purpose, they pose a high risk of harm to the health and safety or the fundamental rights of persons, taking into account both the severity of the possible harm and its probability of occurrence and they are used in a number of specifically pre-defined areas specified in the Regulation. The identification of those systems is based on the same methodology and criteria envisaged also for any future amendments of the list of high-risk AI systems."
Rec33,recital,Rec33,Rec33,"Technical inaccuracies of AI systems intended for the remote biometric identification of natural persons can lead to biased results and entail discriminatory effects. This is particularly relevant when it comes to age, ethnicity, sex or disabilities. Therefore, ‘real-time’ and ‘post’ remote biometric identification systems should be classified as high-risk. In view of the risks that they pose, both types of remote biometric identification systems should be subject to specific requirements on logging capabilities and human oversight.",52021PC0206,,"Technical inaccuracies of AI systems intended for the remote biometric identification of natural persons can lead to biased results and entail discriminatory effects. This is particularly relevant when it comes to age, ethnicity, sex or disabilities. Therefore, ‘real-time’ and ‘post’ remote biometric identification systems should be classified as high-risk. In view of the risks that they pose, both types of remote biometric identification systems should be subject to specific requirements on logging capabilities and human oversight."
Rec34,recital,Rec34,Rec34,"As regards the management and operation of critical infrastructure, it is appropriate to classify as high-risk the AI systems intended to be used as safety components in the management and operation of road traffic and the supply of water, gas, heating and electricity, since their failure or malfunctioning may put at risk the life and health of persons at large scale and lead to appreciable disruptions in the ordinary conduct of social and economic activities.",52021PC0206,,"As regards the management and operation of critical infrastructure, it is appropriate to classify as high-risk the AI systems intended to be used as safety components in the management and operation of road traffic and the supply of water, gas, heating and electricity, since their failure or malfunctioning may put at risk the life and health of persons at large scale and lead to appreciable disruptions in the ordinary conduct of social and economic activities."
Rec35,recital,Rec35,Rec35,"AI systems used in education or vocational training, notably for determining access or assigning persons to educational and vocational training institutions or to evaluate persons on tests as part of or as a precondition for their education should be considered high-risk, since they may determine the educational and professional course of a person’s life and therefore affect their ability to secure their livelihood. When improperly designed and used, such systems may violate the right to education and training as well as the right not to be discriminated against and perpetuate historical patterns of discrimination.",52021PC0206,,"AI systems used in education or vocational training, notably for determining access or assigning persons to educational and vocational training institutions or to evaluate persons on tests as part of or as a precondition for their education should be considered high-risk, since they may determine the educational and professional course of a person’s life and therefore affect their ability to secure their livelihood. When improperly designed and used, such systems may violate the right to education and training as well as the right not to be discriminated against and perpetuate historical patterns of discrimination."
Rec36,recital,Rec36,Rec36,"AI systems used in employment, workers management and access to self-employment, notably for the recruitment and selection of persons, for making decisions on promotion and termination and for task allocation, monitoring or evaluation of persons in work-related contractual relationships, should also be classified as high-risk, since those systems may appreciably impact future career prospects and livelihoods of these persons. Relevant work-related contractual relationships should involve employees and persons providing services through platforms as referred to in the Commission Work Programme 2021. Such persons should in principle not be considered users within the meaning of this Regulation. Throughout the recruitment process and in the evaluation, promotion, or retention of persons in work-related contractual relationships, such systems may perpetuate historical patterns of discrimination, for example against women, certain age groups, persons with disabilities, or persons of certain racial or ethnic origins or sexual orientation. AI systems used to monitor the performance and behaviour of these persons may also impact their rights to data protection and privacy.",52021PC0206,,"AI systems used in employment, workers management and access to self-employment, notably for the recruitment and selection of persons, for making decisions on promotion and termination and for task allocation, monitoring or evaluation of persons in work-related contractual relationships, should also be classified as high-risk, since those systems may appreciably impact future career prospects and livelihoods of these persons. Relevant work-related contractual relationships should involve employees and persons providing services through platforms as referred to in the Commission Work Programme 2021. Such persons should in principle not be considered users within the meaning of this Regulation. Throughout the recruitment process and in the evaluation, promotion, or retention of persons in work-related contractual relationships, such systems may perpetuate historical patterns of discrimination, for example against women, certain age groups, persons with disabilities, or persons of certain racial or ethnic origins or sexual orientation. AI systems used to monitor the performance and behaviour of these persons may also impact their rights to data protection and privacy."
Rec37,recital,Rec37,Rec37,"Another area in which the use of AI systems deserves special consideration is the access to and enjoyment of certain essential private and public services and benefits necessary for people to fully participate in society or to improve one’s standard of living. In particular, AI systems used to evaluate the credit score or creditworthiness of natural persons should be classified as high-risk AI systems, since they determine those persons’ access to financial resources or essential services such as housing, electricity, and telecommunication services. AI systems used for this purpose may lead to discrimination of persons or groups and perpetuate historical patterns of discrimination, for example based on racial or ethnic origins, disabilities, age, sexual orientation, or create new forms of discriminatory impacts. Considering the very limited scale of the impact and the available alternatives on the market, it is appropriate to exempt AI systems for the purpose of creditworthiness assessment and credit scoring when put into service by small-scale providers for their own use. Natural persons applying for or receiving public assistance benefits and services from public authorities are typically dependent on those benefits and services and in a vulnerable position in relation to the responsible authorities. If AI systems are used for determining whether such benefits and services should be denied, reduced, revoked or reclaimed by authorities, they may have a significant impact on persons’ livelihood and may infringe their fundamental rights, such as the right to social protection, non-discrimination, human dignity or an effective remedy. Those systems should therefore be classified as high-risk. Nonetheless, this Regulation should not hamper the development and use of innovative approaches in the public administration, which would stand to benefit from a wider use of compliant and safe AI systems, provided that those systems do not entail a high risk to legal and natural persons. Finally, AI systems used to dispatch or establish priority in the dispatching of emergency first response services should also be classified as high-risk since they make decisions in very critical situations for the life and health of persons and their property.",52021PC0206,,"Another area in which the use of AI systems deserves special consideration is the access to and enjoyment of certain essential private and public services and benefits necessary for people to fully participate in society or to improve one’s standard of living. In particular, AI systems used to evaluate the credit score or creditworthiness of natural persons should be classified as high-risk AI systems, since they determine those persons’ access to financial resources or essential services such as housing, electricity, and telecommunication services. AI systems used for this purpose may lead to discrimination of persons or groups and perpetuate historical patterns of discrimination, for example based on racial or ethnic origins, disabilities, age, sexual orientation, or create new forms of discriminatory impacts. Considering the very limited scale of the impact and the available alternatives on the market, it is appropriate to exempt AI systems for the purpose of creditworthiness assessment and credit scoring when put into service by small-scale providers for their own use. Natural persons applying for or receiving public assistance benefits and services from public authorities are typically dependent on those benefits and services and in a vulnerable position in relation to the responsible authorities. If AI systems are used for determining whether such benefits and services should be denied, reduced, revoked or reclaimed by authorities, they may have a significant impact on persons’ livelihood and may infringe their fundamental rights, such as the right to social protection, non-discrimination, human dignity or an effective remedy. Those systems should therefore be classified as high-risk. Nonetheless, this Regulation should not hamper the development and use of innovative approaches in the public administration, which would stand to benefit from a wider use of compliant and safe AI systems, provided that those systems do not entail a high risk to legal and natural persons. Finally, AI systems used to dispatch or establish priority in the dispatching of emergency first response services should also be classified as high-risk since they make decisions in very critical situations for the life and health of persons and their property."
Rec38,recital,Rec38,Rec38,"Actions by law enforcement authorities involving certain uses of AI systems are characterised by a significant degree of power imbalance and may lead to surveillance, arrest or deprivation of a natural person’s liberty as well as other adverse impacts on fundamental rights guaranteed in the Charter. In particular, if the AI system is not trained with high quality data, does not meet adequate requirements in terms of its accuracy or robustness, or is not properly designed and tested before being put on the market or otherwise put into service, it may single out people in a discriminatory or otherwise incorrect or unjust manner. Furthermore, the exercise of important procedural fundamental rights, such as the right to an effective remedy and to a fair trial as well as the right of defence and the presumption of innocence, could be hampered, in particular, where such AI systems are not sufficiently transparent, explainable and documented. It is therefore appropriate to classify as high-risk a number of AI systems intended to be used in the law enforcement context where accuracy, reliability and transparency is particularly important to avoid adverse impacts, retain public trust and ensure accountability and effective redress. In view of the nature of the activities in question and the risks relating thereto, those high-risk AI systems should include in particular AI systems intended to be used by law enforcement authorities for individual risk assessments, polygraphs and similar tools or to detect the emotional state of natural person, to detect ‘deep fakes’, for the evaluation of the reliability of evidence in criminal proceedings, for predicting the occurrence or reoccurrence of an actual or potential criminal offence based on profiling of natural persons, or assessing personality traits and characteristics or past criminal behaviour of natural persons or groups, for profiling in the course of detection, investigation or prosecution of criminal offences, as well as for crime analytics regarding natural persons. AI systems specifically intended to be used for administrative proceedings by tax and customs authorities should not be considered high-risk AI systems used by law enforcement authorities for the purposes of prevention, detection, investigation and prosecution of criminal offences.",52021PC0206,,"Actions by law enforcement authorities involving certain uses of AI systems are characterised by a significant degree of power imbalance and may lead to surveillance, arrest or deprivation of a natural person’s liberty as well as other adverse impacts on fundamental rights guaranteed in the Charter. In particular, if the AI system is not trained with high quality data, does not meet adequate requirements in terms of its accuracy or robustness, or is not properly designed and tested before being put on the market or otherwise put into service, it may single out people in a discriminatory or otherwise incorrect or unjust manner. Furthermore, the exercise of important procedural fundamental rights, such as the right to an effective remedy and to a fair trial as well as the right of defence and the presumption of innocence, could be hampered, in particular, where such AI systems are not sufficiently transparent, explainable and documented. It is therefore appropriate to classify as high-risk a number of AI systems intended to be used in the law enforcement context where accuracy, reliability and transparency is particularly important to avoid adverse impacts, retain public trust and ensure accountability and effective redress. In view of the nature of the activities in question and the risks relating thereto, those high-risk AI systems should include in particular AI systems intended to be used by law enforcement authorities for individual risk assessments, polygraphs and similar tools or to detect the emotional state of natural person, to detect ‘deep fakes’, for the evaluation of the reliability of evidence in criminal proceedings, for predicting the occurrence or reoccurrence of an actual or potential criminal offence based on profiling of natural persons, or assessing personality traits and characteristics or past criminal behaviour of natural persons or groups, for profiling in the course of detection, investigation or prosecution of criminal offences, as well as for crime analytics regarding natural persons. AI systems specifically intended to be used for administrative proceedings by tax and customs authorities should not be considered high-risk AI systems used by law enforcement authorities for the purposes of prevention, detection, investigation and prosecution of criminal offences."
Rec39,recital,Rec39,Rec39,"AI systems used in migration, asylum and border control management affect people who are often in particularly vulnerable position and who are dependent on the outcome of the actions of the competent public authorities. The accuracy, non-discriminatory nature and transparency of the AI systems used in those contexts are therefore particularly important to guarantee the respect of the fundamental rights of the affected persons, notably their rights to free movement, non-discrimination, protection of private life and personal data, international protection and good administration. It is therefore appropriate to classify as high-risk AI systems intended to be used by the competent public authorities charged with tasks in the fields of migration, asylum and border control management as polygraphs and similar tools or to detect the emotional state of a natural person; for assessing certain risks posed by natural persons entering the territory of a Member State or applying for visa or asylum; for verifying the authenticity of the relevant documents of natural persons; for assisting competent public authorities for the examination of applications for asylum, visa and residence permits and associated complaints with regard to the objective to establish the eligibility of the natural persons applying for a status. AI systems in the area of migration, asylum and border control management covered by this Regulation should comply with the relevant procedural requirements set by the Directive 2013/32/EU of the European Parliament and of the Council, the Regulation (EC) No 810/2009 of the European Parliament and of the Council and other relevant legislation.",52021PC0206,,"AI systems used in migration, asylum and border control management affect people who are often in particularly vulnerable position and who are dependent on the outcome of the actions of the competent public authorities. The accuracy, non-discriminatory nature and transparency of the AI systems used in those contexts are therefore particularly important to guarantee the respect of the fundamental rights of the affected persons, notably their rights to free movement, non-discrimination, protection of private life and personal data, international protection and good administration. It is therefore appropriate to classify as high-risk AI systems intended to be used by the competent public authorities charged with tasks in the fields of migration, asylum and border control management as polygraphs and similar tools or to detect the emotional state of a natural person; for assessing certain risks posed by natural persons entering the territory of a Member State or applying for visa or asylum; for verifying the authenticity of the relevant documents of natural persons; for assisting competent public authorities for the examination of applications for asylum, visa and residence permits and associated complaints with regard to the objective to establish the eligibility of the natural persons applying for a status. AI systems in the area of migration, asylum and border control management covered by this Regulation should comply with the relevant procedural requirements set by the Directive 2013/32/EU of the European Parliament and of the Council, the Regulation (EC) No 810/2009 of the European Parliament and of the Council and other relevant legislation."
Rec40,recital,Rec40,Rec40,"Certain AI systems intended for the administration of justice and democratic processes should be classified as high-risk, considering their potentially significant impact on democracy, rule of law, individual freedoms as well as the right to an effective remedy and to a fair trial. In particular, to address the risks of potential biases, errors and opacity, it is appropriate to qualify as high-risk AI systems intended to assist judicial authorities in researching and interpreting facts and the law and in applying the law to a concrete set of facts. Such qualification should not extend, however, to AI systems intended for purely ancillary administrative activities that do not affect the actual administration of justice in individual cases, such as anonymisation or pseudonymisation of judicial decisions, documents or data, communication between personnel, administrative tasks or allocation of resources.",52021PC0206,,"Certain AI systems intended for the administration of justice and democratic processes should be classified as high-risk, considering their potentially significant impact on democracy, rule of law, individual freedoms as well as the right to an effective remedy and to a fair trial. In particular, to address the risks of potential biases, errors and opacity, it is appropriate to qualify as high-risk AI systems intended to assist judicial authorities in researching and interpreting facts and the law and in applying the law to a concrete set of facts. Such qualification should not extend, however, to AI systems intended for purely ancillary administrative activities that do not affect the actual administration of justice in individual cases, such as anonymisation or pseudonymisation of judicial decisions, documents or data, communication between personnel, administrative tasks or allocation of resources."
Rec41,recital,Rec41,Rec41,"The fact that an AI system is classified as high risk under this Regulation should not be interpreted as indicating that the use of the system is necessarily lawful under other acts of Union law or under national law compatible with Union law, such as on the protection of personal data, on the use of polygraphs and similar tools or other systems to detect the emotional state of natural persons. Any such use should continue to occur solely in accordance with the applicable requirements resulting from the Charter and from the applicable acts of secondary Union law and national law. This Regulation should not be understood as providing for the legal ground for processing of personal data, including special categories of personal data, where relevant.",52021PC0206,,"The fact that an AI system is classified as high risk under this Regulation should not be interpreted as indicating that the use of the system is necessarily lawful under other acts of Union law or under national law compatible with Union law, such as on the protection of personal data, on the use of polygraphs and similar tools or other systems to detect the emotional state of natural persons. Any such use should continue to occur solely in accordance with the applicable requirements resulting from the Charter and from the applicable acts of secondary Union law and national law. This Regulation should not be understood as providing for the legal ground for processing of personal data, including special categories of personal data, where relevant."
Rec42,recital,Rec42,Rec42,"To mitigate the risks from high-risk AI systems placed or otherwise put into service on the Union market for users and affected persons, certain mandatory requirements should apply, taking into account the intended purpose of the use of the system and according to the risk management system to be established by the provider.",52021PC0206,,"To mitigate the risks from high-risk AI systems placed or otherwise put into service on the Union market for users and affected persons, certain mandatory requirements should apply, taking into account the intended purpose of the use of the system and according to the risk management system to be established by the provider."
Rec43,recital,Rec43,Rec43,"Requirements should apply to high-risk AI systems as regards the quality of data sets used, technical documentation and record-keeping, transparency and the provision of information to users, human oversight, and robustness, accuracy and cybersecurity. Those requirements are necessary to effectively mitigate the risks for health, safety and fundamental rights, as applicable in the light of the intended purpose of the system, and no other less trade restrictive measures are reasonably available, thus avoiding unjustified restrictions to trade.",52021PC0206,,"Requirements should apply to high-risk AI systems as regards the quality of data sets used, technical documentation and record-keeping, transparency and the provision of information to users, human oversight, and robustness, accuracy and cybersecurity. Those requirements are necessary to effectively mitigate the risks for health, safety and fundamental rights, as applicable in the light of the intended purpose of the system, and no other less trade restrictive measures are reasonably available, thus avoiding unjustified restrictions to trade."
Rec44,recital,Rec44,Rec44,"High data quality is essential for the performance of many AI systems, especially when techniques involving the training of models are used, with a view to ensure that the high-risk AI system performs as intended and safely and it does not become the source of discrimination prohibited by Union law. High quality training, validation and testing data sets require the implementation of appropriate data governance and management practices. Training, validation and testing data sets should be sufficiently relevant, representative and free of errors and complete in view of the intended purpose of the system. They should also have the appropriate statistical properties, including as regards the persons or groups of persons on which the high-risk AI system is intended to be used. In particular, training, validation and testing data sets should take into account, to the extent required in the light of their intended purpose, the features, characteristics or elements that are particular to the specific geographical, behavioural or functional setting or context within which the AI system is intended to be used. In order to protect the right of others from the discrimination that might result from the bias in AI systems, the providers shouldbe able to process also special categories of personal data, as a matter of substantial public interest, in order to ensure the bias monitoring, detection and correction in relation to high-risk AI systems.",52021PC0206,,"High data quality is essential for the performance of many AI systems, especially when techniques involving the training of models are used, with a view to ensure that the high-risk AI system performs as intended and safely and it does not become the source of discrimination prohibited by Union law. High quality training, validation and testing data sets require the implementation of appropriate data governance and management practices. Training, validation and testing data sets should be sufficiently relevant, representative and free of errors and complete in view of the intended purpose of the system. They should also have the appropriate statistical properties, including as regards the persons or groups of persons on which the high-risk AI system is intended to be used. In particular, training, validation and testing data sets should take into account, to the extent required in the light of their intended purpose, the features, characteristics or elements that are particular to the specific geographical, behavioural or functional setting or context within which the AI system is intended to be used. In order to protect the right of others from the discrimination that might result from the bias in AI systems, the providers shouldbe able to process also special categories of personal data, as a matter of substantial public interest, in order to ensure the bias monitoring, detection and correction in relation to high-risk AI systems."
Rec45,recital,Rec45,Rec45,"For the development of high-risk AI systems, certain actors, such as providers, notified bodies and other relevant entities, such as digital innovation hubs, testing experimentation facilities and researchers, should be able to access and use high quality datasets within their respective fields of activities which are related to this Regulation. European common data spaces established by the Commission and the facilitation of data sharing between businesses and with government in the public interest will be instrumental to provide trustful, accountable and non-discriminatory access to high quality data for the training, validation and testing of AI systems. For example, in health, the European health data space will facilitate non-discriminatory access to health data and the training of artificial intelligence algorithms on those datasets, in a privacy-preserving, secure, timely, transparent and trustworthy manner, and with an appropriate institutional governance. Relevant competent authorities, including sectoral ones, providing or supporting the access to data may also support the provision of high-quality data for the training, validation and testing of AI systems.",52021PC0206,,"For the development of high-risk AI systems, certain actors, such as providers, notified bodies and other relevant entities, such as digital innovation hubs, testing experimentation facilities and researchers, should be able to access and use high quality datasets within their respective fields of activities which are related to this Regulation. European common data spaces established by the Commission and the facilitation of data sharing between businesses and with government in the public interest will be instrumental to provide trustful, accountable and non-discriminatory access to high quality data for the training, validation and testing of AI systems. For example, in health, the European health data space will facilitate non-discriminatory access to health data and the training of artificial intelligence algorithms on those datasets, in a privacy-preserving, secure, timely, transparent and trustworthy manner, and with an appropriate institutional governance. Relevant competent authorities, including sectoral ones, providing or supporting the access to data may also support the provision of high-quality data for the training, validation and testing of AI systems."
Rec46,recital,Rec46,Rec46,"Having information on how high-risk AI systems have been developed and how they perform throughout their lifecycle is essential to verify compliance with the requirements under this Regulation. This requires keeping records and the availability of a technical documentation, containing information which is necessary to assess the compliance of the AI system with the relevant requirements. Such information should include the general characteristics, capabilities and limitations of the system, algorithms, data, training, testing and validation processes used as well as documentation on the relevant risk management system. The technical documentation should be kept up to date.",52021PC0206,,"Having information on how high-risk AI systems have been developed and how they perform throughout their lifecycle is essential to verify compliance with the requirements under this Regulation. This requires keeping records and the availability of a technical documentation, containing information which is necessary to assess the compliance of the AI system with the relevant requirements. Such information should include the general characteristics, capabilities and limitations of the system, algorithms, data, training, testing and validation processes used as well as documentation on the relevant risk management system. The technical documentation should be kept up to date."
Rec47,recital,Rec47,Rec47,"To address the opacity that may make certain AI systems incomprehensible to or too complex for natural persons, a certain degree of transparency should be required for high-risk AI systems. Users should be able to interpret the system output and use it appropriately. High-risk AI systems should therefore be accompanied by relevant documentation and instructions of use and include concise and clear information, including in relation to possible risks to fundamental rights and discrimination, where appropriate.",52021PC0206,,"To address the opacity that may make certain AI systems incomprehensible to or too complex for natural persons, a certain degree of transparency should be required for high-risk AI systems. Users should be able to interpret the system output and use it appropriately. High-risk AI systems should therefore be accompanied by relevant documentation and instructions of use and include concise and clear information, including in relation to possible risks to fundamental rights and discrimination, where appropriate."
Rec48,recital,Rec48,Rec48,"High-risk AI systems should be designed and developed in such a way that natural persons can oversee their functioning. For this purpose, appropriate human oversight measures should be identified by the provider of the system before its placing on the market or putting into service. In particular, where appropriate, such measures should guarantee that the system is subject to in-built operational constraints that cannot be overridden by the system itself and is responsive to the human operator, and that the natural persons to whom human oversight has been assigned have the necessary competence, training and authority to carry out that role.",52021PC0206,,"High-risk AI systems should be designed and developed in such a way that natural persons can oversee their functioning. For this purpose, appropriate human oversight measures should be identified by the provider of the system before its placing on the market or putting into service. In particular, where appropriate, such measures should guarantee that the system is subject to in-built operational constraints that cannot be overridden by the system itself and is responsive to the human operator, and that the natural persons to whom human oversight has been assigned have the necessary competence, training and authority to carry out that role."
Rec49,recital,Rec49,Rec49,"High-risk AI systems should perform consistently throughout their lifecycle and meet an appropriate level of accuracy, robustness and cybersecurity in accordance with the generally acknowledged state of the art. The level of accuracy and accuracy metrics should be communicated to the users.",52021PC0206,,"High-risk AI systems should perform consistently throughout their lifecycle and meet an appropriate level of accuracy, robustness and cybersecurity in accordance with the generally acknowledged state of the art. The level of accuracy and accuracy metrics should be communicated to the users."
Rec50,recital,Rec50,Rec50,"The technical robustness is a key requirement for high-risk AI systems. They should be resilient against risks connected to the limitations of the system (e.g. errors, faults, inconsistencies, unexpected situations) as well as against malicious actions that may compromise the security of the AI system and result in harmful or otherwise undesirable behaviour. Failure to protect against these risks could lead to safety impacts or negatively affect the fundamental rights, for example due to erroneous decisions or wrong or biased outputs generated by the AI system.",52021PC0206,,"The technical robustness is a key requirement for high-risk AI systems. They should be resilient against risks connected to the limitations of the system (e.g. errors, faults, inconsistencies, unexpected situations) as well as against malicious actions that may compromise the security of the AI system and result in harmful or otherwise undesirable behaviour. Failure to protect against these risks could lead to safety impacts or negatively affect the fundamental rights, for example due to erroneous decisions or wrong or biased outputs generated by the AI system."
Rec51,recital,Rec51,Rec51,"Cybersecurity plays a crucial role in ensuring that AI systems are resilient against attempts to alter their use, behaviour, performance or compromise their security properties by malicious third parties exploiting the system’s vulnerabilities. Cyberattacks against AI systems can leverage AI specific assets, such as training data sets (e.g. data poisoning) or trained models (e.g. adversarial attacks), or exploit vulnerabilities in the AI system’s digital assets or the underlying ICT infrastructure. To ensure a level of cybersecurity appropriate to the risks, suitable measures should therefore be taken by the providers of high-risk AI systems, also taking into account as appropriate the underlying ICT infrastructure.",52021PC0206,,"Cybersecurity plays a crucial role in ensuring that AI systems are resilient against attempts to alter their use, behaviour, performance or compromise their security properties by malicious third parties exploiting the system’s vulnerabilities. Cyberattacks against AI systems can leverage AI specific assets, such as training data sets (e.g. data poisoning) or trained models (e.g. adversarial attacks), or exploit vulnerabilities in the AI system’s digital assets or the underlying ICT infrastructure. To ensure a level of cybersecurity appropriate to the risks, suitable measures should therefore be taken by the providers of high-risk AI systems, also taking into account as appropriate the underlying ICT infrastructure."
Rec52,recital,Rec52,Rec52,"As part of Union harmonisation legislation, rules applicable to the placing on the market, putting into service and use of high-risk AI systems should be laid down consistently with Regulation (EC) No 765/2008 of the European Parliament and of the Council setting out the requirements for accreditation and the market surveillance of products, Decision No 768/2008/EC of the European Parliament and of the Council on a common framework for the marketing of products and Regulation (EU) 2019/1020 of the European Parliament and of the Council on market surveillance and compliance of products (‘New Legislative Framework for the marketing of products’).",52021PC0206,,"As part of Union harmonisation legislation, rules applicable to the placing on the market, putting into service and use of high-risk AI systems should be laid down consistently with Regulation (EC) No 765/2008 of the European Parliament and of the Council setting out the requirements for accreditation and the market surveillance of products, Decision No 768/2008/EC of the European Parliament and of the Council on a common framework for the marketing of products and Regulation (EU) 2019/1020 of the European Parliament and of the Council on market surveillance and compliance of products (‘New Legislative Framework for the marketing of products’)."
Rec53,recital,Rec53,Rec53,"It is appropriate that a specific natural or legal person, defined as the provider, takes the responsibility for the placing on the market or putting into service of a high-risk AI system, regardless of whether that natural or legal person is the person who designed or developed the system.",52021PC0206,,"It is appropriate that a specific natural or legal person, defined as the provider, takes the responsibility for the placing on the market or putting into service of a high-risk AI system, regardless of whether that natural or legal person is the person who designed or developed the system."
Rec54,recital,Rec54,Rec54,"The provider should establish a sound quality management system, ensure the accomplishment of the required conformity assessment procedure, draw up the relevant documentation and establish a robust post-market monitoring system. Public authorities which put into service high-risk AI systems for their own use may adopt and implement the rules for the quality management system as part of the quality management system adopted at a national or regional level, as appropriate, taking into account the specificities of the sector and the competences and organisation of the public authority in question.",52021PC0206,,"The provider should establish a sound quality management system, ensure the accomplishment of the required conformity assessment procedure, draw up the relevant documentation and establish a robust post-market monitoring system. Public authorities which put into service high-risk AI systems for their own use may adopt and implement the rules for the quality management system as part of the quality management system adopted at a national or regional level, as appropriate, taking into account the specificities of the sector and the competences and organisation of the public authority in question."
Rec55,recital,Rec55,Rec55,"Where a high-risk AI system that is a safety component of a product which is covered by a relevant New Legislative Framework sectorial legislation is not placed on the market or put into service independently from the product, the manufacturer of the final product as defined under the relevant New Legislative Framework legislation should comply with the obligations of the provider established in this Regulation and notably ensure that the AI system embedded in the final product complies with the requirements of this Regulation.",52021PC0206,,"Where a high-risk AI system that is a safety component of a product which is covered by a relevant New Legislative Framework sectorial legislation is not placed on the market or put into service independently from the product, the manufacturer of the final product as defined under the relevant New Legislative Framework legislation should comply with the obligations of the provider established in this Regulation and notably ensure that the AI system embedded in the final product complies with the requirements of this Regulation."
Rec56,recital,Rec56,Rec56,"To enable enforcement of this Regulation and create a level-playing field for operators, and taking into account the different forms of making available of digital products, it is important to ensure that, under all circumstances, a person established in the Union can provide authorities with all the necessary information on the compliance of an AI system. Therefore, prior to making their AI systems available in the Union, where an importer cannot be identified, providers established outside the Union shall, by written mandate, appoint an authorised representative established in the Union.",52021PC0206,,"To enable enforcement of this Regulation and create a level-playing field for operators, and taking into account the different forms of making available of digital products, it is important to ensure that, under all circumstances, a person established in the Union can provide authorities with all the necessary information on the compliance of an AI system. Therefore, prior to making their AI systems available in the Union, where an importer cannot be identified, providers established outside the Union shall, by written mandate, appoint an authorised representative established in the Union."
Rec57,recital,Rec57,Rec57,"In line with New Legislative Framework principles, specific obligations for relevant economic operators, such as importers and distributors, should be set to ensure legal certainty and facilitate regulatory compliance by those relevant operators.",52021PC0206,,"In line with New Legislative Framework principles, specific obligations for relevant economic operators, such as importers and distributors, should be set to ensure legal certainty and facilitate regulatory compliance by those relevant operators."
Rec58,recital,Rec58,Rec58,"Given the nature of AI systems and the risks to safety and fundamental rights possibly associated with their use, including as regard the need to ensure proper monitoring of the performance of an AI system in a real-life setting, it is appropriate to set specific responsibilities for users. Users should in particular use high-risk AI systems in accordance with the instructions of use and certain other obligations should be provided for with regard to monitoring of the functioning of the AI systems and with regard to record-keeping, as appropriate.",52021PC0206,,"Given the nature of AI systems and the risks to safety and fundamental rights possibly associated with their use, including as regard the need to ensure proper monitoring of the performance of an AI system in a real-life setting, it is appropriate to set specific responsibilities for users. Users should in particular use high-risk AI systems in accordance with the instructions of use and certain other obligations should be provided for with regard to monitoring of the functioning of the AI systems and with regard to record-keeping, as appropriate."
Rec59,recital,Rec59,Rec59,"It is appropriate to envisage that the user of the AI system should be the natural or legal person, public authority, agency or other body under whose authority the AI system is operated except where the use is made in the course of a personal non-professional activity.",52021PC0206,,"It is appropriate to envisage that the user of the AI system should be the natural or legal person, public authority, agency or other body under whose authority the AI system is operated except where the use is made in the course of a personal non-professional activity."
Rec60,recital,Rec60,Rec60,"In the light of the complexity of the artificial intelligence value chain, relevant third parties, notably the ones involved in the sale and the supply of software, software tools and components, pre-trained models and data, or providers of network services, should cooperate, as appropriate, with providers and users to enable their compliance with the obligations under this Regulation and with competent authorities established under this Regulation.",52021PC0206,,"In the light of the complexity of the artificial intelligence value chain, relevant third parties, notably the ones involved in the sale and the supply of software, software tools and components, pre-trained models and data, or providers of network services, should cooperate, as appropriate, with providers and users to enable their compliance with the obligations under this Regulation and with competent authorities established under this Regulation."
Rec61,recital,Rec61,Rec61,"Standardisation should play a key role to provide technical solutions to providers to ensure compliance with this Regulation. Compliance with harmonised standards as defined in Regulation (EU) No 1025/2012 of the European Parliament and of the Council should be a means for providers to demonstrate conformity with the requirements of this Regulation. However, the Commission could adopt common technical specifications in areas where no harmonised standards exist or where they are insufficient.",52021PC0206,,"Standardisation should play a key role to provide technical solutions to providers to ensure compliance with this Regulation. Compliance with harmonised standards as defined in Regulation (EU) No 1025/2012 of the European Parliament and of the Council should be a means for providers to demonstrate conformity with the requirements of this Regulation. However, the Commission could adopt common technical specifications in areas where no harmonised standards exist or where they are insufficient."
Rec62,recital,Rec62,Rec62,"In order to ensure a high level of trustworthiness of high-risk AI systems, those systems should be subject to a conformity assessment prior to their placing on the market or putting into service.",52021PC0206,,"In order to ensure a high level of trustworthiness of high-risk AI systems, those systems should be subject to a conformity assessment prior to their placing on the market or putting into service."
Rec63,recital,Rec63,Rec63,"It is appropriate that, in order to minimise the burden on operators and avoid any possible duplication, for high-risk AI systems related to products which are covered by existing Union harmonisation legislation following the New Legislative Framework approach, the compliance of those AI systems with the requirements of this Regulation should be assessed as part of the conformity assessment already foreseen under that legislation. The applicability of the requirements of this Regulation should thus not affect the specific logic, methodology or general structure of conformity assessment under the relevant specific New Legislative Framework legislation. This approach is fully reflected in the interplay between this Regulation and the [Machinery Regulation]. While safety risks of AI systems ensuring safety functions in machinery are addressed by the requirements of this Regulation, certain specific requirements in the [Machinery Regulation] will ensure the safe integration of the AI system into the overall machinery, so as not to compromise the safety of the machinery as a whole. The [Machinery Regulation] applies the same definition of AI system as this Regulation.",52021PC0206,,"It is appropriate that, in order to minimise the burden on operators and avoid any possible duplication, for high-risk AI systems related to products which are covered by existing Union harmonisation legislation following the New Legislative Framework approach, the compliance of those AI systems with the requirements of this Regulation should be assessed as part of the conformity assessment already foreseen under that legislation. The applicability of the requirements of this Regulation should thus not affect the specific logic, methodology or general structure of conformity assessment under the relevant specific New Legislative Framework legislation. This approach is fully reflected in the interplay between this Regulation and the [Machinery Regulation]. While safety risks of AI systems ensuring safety functions in machinery are addressed by the requirements of this Regulation, certain specific requirements in the [Machinery Regulation] will ensure the safe integration of the AI system into the overall machinery, so as not to compromise the safety of the machinery as a whole. The [Machinery Regulation] applies the same definition of AI system as this Regulation."
Rec64,recital,Rec64,Rec64,"Given the more extensive experience of professional pre-market certifiers in the field of product safety and the different nature of risks involved, it is appropriate to limit, at least in an initial phase of application of this Regulation, the scope of application of third-party conformity assessment for high-risk AI systems other than those related to products. Therefore, the conformity assessment of such systems should be carried out as a general rule by the provider under its own responsibility, with the only exception of AI systems intended to be used for the remote biometric identification of persons, for which the involvement of a notified body in the conformity assessment should be foreseen, to the extent they are not prohibited.",52021PC0206,,"Given the more extensive experience of professional pre-market certifiers in the field of product safety and the different nature of risks involved, it is appropriate to limit, at least in an initial phase of application of this Regulation, the scope of application of third-party conformity assessment for high-risk AI systems other than those related to products. Therefore, the conformity assessment of such systems should be carried out as a general rule by the provider under its own responsibility, with the only exception of AI systems intended to be used for the remote biometric identification of persons, for which the involvement of a notified body in the conformity assessment should be foreseen, to the extent they are not prohibited."
Rec65,recital,Rec65,Rec65,"In order to carry out third-party conformity assessment for AI systems intended to be used for the remote biometric identification of persons, notified bodies should be designated under this Regulation by the national competent authorities, provided they are compliant with a set of requirements, notably on independence, competence and absence of conflicts of interests.",52021PC0206,,"In order to carry out third-party conformity assessment for AI systems intended to be used for the remote biometric identification of persons, notified bodies should be designated under this Regulation by the national competent authorities, provided they are compliant with a set of requirements, notably on independence, competence and absence of conflicts of interests."
Rec66,recital,Rec66,Rec66,"In line with the commonly established notion of substantial modification for products regulated by Union harmonisation legislation, it is appropriate that an AI system undergoes a new conformity assessment whenever a change occurs which may affect the compliance of the system with this Regulation or when the intended purpose of the system changes. In addition, as regards AI systems which continue to ‘learn’ after being placed on the market or put into service (i.e. they automatically adapt how functions are carried out), it is necessary to provide rules establishing that changes to the algorithm and its performance that have been pre-determined by the provider and assessed at the moment of the conformity assessment should not constitute a substantial modification.",52021PC0206,,"In line with the commonly established notion of substantial modification for products regulated by Union harmonisation legislation, it is appropriate that an AI system undergoes a new conformity assessment whenever a change occurs which may affect the compliance of the system with this Regulation or when the intended purpose of the system changes. In addition, as regards AI systems which continue to ‘learn’ after being placed on the market or put into service (i.e. they automatically adapt how functions are carried out), it is necessary to provide rules establishing that changes to the algorithm and its performance that have been pre-determined by the provider and assessed at the moment of the conformity assessment should not constitute a substantial modification."
Rec67,recital,Rec67,Rec67,High-risk AI systems should bear the CE marking to indicate their conformity with this Regulation so that they can move freely within the internal market. Member States should not create unjustified obstacles to the placing on the market or putting into service of high-risk AI systems that comply with the requirements laid down in this Regulation and bear the CE marking.,52021PC0206,,High-risk AI systems should bear the CE marking to indicate their conformity with this Regulation so that they can move freely within the internal market. Member States should not create unjustified obstacles to the placing on the market or putting into service of high-risk AI systems that comply with the requirements laid down in this Regulation and bear the CE marking.
Rec68,recital,Rec68,Rec68,"Under certain conditions, rapid availability of innovative technologies may be crucial for health and safety of persons and for society as a whole. It is thus appropriate that under exceptional reasons of public security or protection of life and health of natural persons and the protection of industrial and commercial property, Member States could authorise the placing on the market or putting into service of AI systems which have not undergone a conformity assessment.",52021PC0206,,"Under certain conditions, rapid availability of innovative technologies may be crucial for health and safety of persons and for society as a whole. It is thus appropriate that under exceptional reasons of public security or protection of life and health of natural persons and the protection of industrial and commercial property, Member States could authorise the placing on the market or putting into service of AI systems which have not undergone a conformity assessment."
Rec69,recital,Rec69,Rec69,"In order to facilitate the work of the Commission and the Member States in the artificial intelligence field as well as to increase the transparency towards the public, providers of high-risk AI systems other than those related to products falling within the scope of relevant existing Union harmonisation legislation, should be required to register their high-risk AI system in a EU database, to be established and managed by the Commission. The Commission should be the controller of that database, in accordance with Regulation (EU) 2018/1725 of the European Parliament and of the Council. In order to ensure the full functionality of the database, when deployed, the procedure for setting the database should include the elaboration of functional specifications by the Commission and an independent audit report.",52021PC0206,,"In order to facilitate the work of the Commission and the Member States in the artificial intelligence field as well as to increase the transparency towards the public, providers of high-risk AI systems other than those related to products falling within the scope of relevant existing Union harmonisation legislation, should be required to register their high-risk AI system in a EU database, to be established and managed by the Commission. The Commission should be the controller of that database, in accordance with Regulation (EU) 2018/1725 of the European Parliament and of the Council. In order to ensure the full functionality of the database, when deployed, the procedure for setting the database should include the elaboration of functional specifications by the Commission and an independent audit report."
Rec70,recital,Rec70,Rec70,"Certain AI systems intended to interact with natural persons or to generate content may pose specific risks of impersonation or deception irrespective of whether they qualify as high-risk or not. In certain circumstances, the use of these systems should therefore be subject to specific transparency obligations without prejudice to the requirements and obligations for high-risk AI systems. In particular, natural persons should be notified that they are interacting with an AI system, unless this is obvious from the circumstances and the context of use. Moreover, natural persons should be notified when they are exposed to an emotion recognition system or a biometric categorisation system. Such information and notifications should be provided in accessible formats for persons with disabilities. Further, users, who use an AI system to generate or manipulate image, audio or video content that appreciably resembles existing persons, places or events and would falsely appear to a person to be authentic, should disclose that the content has been artificially created or manipulated by labelling the artificial intelligence output accordingly and disclosing its artificial origin.",52021PC0206,,"Certain AI systems intended to interact with natural persons or to generate content may pose specific risks of impersonation or deception irrespective of whether they qualify as high-risk or not. In certain circumstances, the use of these systems should therefore be subject to specific transparency obligations without prejudice to the requirements and obligations for high-risk AI systems. In particular, natural persons should be notified that they are interacting with an AI system, unless this is obvious from the circumstances and the context of use. Moreover, natural persons should be notified when they are exposed to an emotion recognition system or a biometric categorisation system. Such information and notifications should be provided in accessible formats for persons with disabilities. Further, users, who use an AI system to generate or manipulate image, audio or video content that appreciably resembles existing persons, places or events and would falsely appear to a person to be authentic, should disclose that the content has been artificially created or manipulated by labelling the artificial intelligence output accordingly and disclosing its artificial origin."
Rec71,recital,Rec71,Rec71,"Artificial intelligence is a rapidly developing family of technologies that requires novel forms of regulatory oversight and a safe space for experimentation, while ensuring responsible innovation and integration of appropriate safeguards and risk mitigation measures. To ensure a legal framework that is innovation-friendly, future-proof and resilient to disruption, national competent authorities from one or more Member States should be encouraged to establish artificial intelligence regulatory sandboxes to facilitate the development and testing of innovative AI systems under strict regulatory oversight before these systems are placed on the market or otherwise put into service.",52021PC0206,,"Artificial intelligence is a rapidly developing family of technologies that requires novel forms of regulatory oversight and a safe space for experimentation, while ensuring responsible innovation and integration of appropriate safeguards and risk mitigation measures. To ensure a legal framework that is innovation-friendly, future-proof and resilient to disruption, national competent authorities from one or more Member States should be encouraged to establish artificial intelligence regulatory sandboxes to facilitate the development and testing of innovative AI systems under strict regulatory oversight before these systems are placed on the market or otherwise put into service."
Rec72,recital,Rec72,Rec72,"The objectives of the regulatory sandboxes should be to foster AI innovation by establishing a controlled experimentation and testing environment in the development and pre-marketing phase with a view to ensuring compliance of the innovative AI systems with this Regulation and other relevant Union and Member States legislation; to enhance legal certainty for innovators and the competent authorities’ oversight and understanding of the opportunities, emerging risks and the impacts of AI use, and to accelerate access to markets, including by removing barriers for small and medium enterprises (SMEs) and start-ups. To ensure uniform implementation across the Union and economies of scale, it is appropriate to establish common rules for the regulatory sandboxes’ implementation and a framework for cooperation between the relevant authorities involved in the supervision of the sandboxes. This Regulation should provide the legal basis for the use of personal data collected for other purposes for developing certain AI systems in the public interest within the AI regulatory sandbox, in line with Article 6(4) of Regulation (EU) 2016/679, and Article 6 of Regulation (EU) 2018/1725, and without prejudice to Article 4(2) of Directive (EU) 2016/680. Participants in the sandbox should ensure appropriate safeguards and cooperate with the competent authorities, including by following their guidance and acting expeditiously and in good faith to mitigate any high-risks to safety and fundamental rights that may arise during the development and experimentation in the sandbox. The conduct of the participants in the sandbox should be taken into account when competent authorities decide whether to impose an administrative fine under Article 83(2) of Regulation 2016/679 and Article 57 of Directive 2016/680.",52021PC0206,,"The objectives of the regulatory sandboxes should be to foster AI innovation by establishing a controlled experimentation and testing environment in the development and pre-marketing phase with a view to ensuring compliance of the innovative AI systems with this Regulation and other relevant Union and Member States legislation; to enhance legal certainty for innovators and the competent authorities’ oversight and understanding of the opportunities, emerging risks and the impacts of AI use, and to accelerate access to markets, including by removing barriers for small and medium enterprises (SMEs) and start-ups. To ensure uniform implementation across the Union and economies of scale, it is appropriate to establish common rules for the regulatory sandboxes’ implementation and a framework for cooperation between the relevant authorities involved in the supervision of the sandboxes. This Regulation should provide the legal basis for the use of personal data collected for other purposes for developing certain AI systems in the public interest within the AI regulatory sandbox, in line with Article 6(4) of Regulation (EU) 2016/679, and Article 6 of Regulation (EU) 2018/1725, and without prejudice to Article 4(2) of Directive (EU) 2016/680. Participants in the sandbox should ensure appropriate safeguards and cooperate with the competent authorities, including by following their guidance and acting expeditiously and in good faith to mitigate any high-risks to safety and fundamental rights that may arise during the development and experimentation in the sandbox. The conduct of the participants in the sandbox should be taken into account when competent authorities decide whether to impose an administrative fine under Article 83(2) of Regulation 2016/679 and Article 57 of Directive 2016/680."
Rec73,recital,Rec73,Rec73,"In order to promote and protect innovation, it is important that the interests of small-scale providers and users of AI systems are taken into particular account. To this objective, Member States should develop initiatives, which are targeted at those operators, including on awareness raising and information communication. Moreover, the specific interests and needs of small-scale providers shall be taken into account when Notified Bodies set conformity assessment fees. Translation costs related to mandatory documentation and communication with authorities may constitute a significant cost for providers and other operators, notably those of a smaller scale. Member States should possibly ensure that one of the languages determined and accepted by them for relevant providers’ documentation and for communication with operators is one which is broadly understood by the largest possible number of cross-border users.",52021PC0206,,"In order to promote and protect innovation, it is important that the interests of small-scale providers and users of AI systems are taken into particular account. To this objective, Member States should develop initiatives, which are targeted at those operators, including on awareness raising and information communication. Moreover, the specific interests and needs of small-scale providers shall be taken into account when Notified Bodies set conformity assessment fees. Translation costs related to mandatory documentation and communication with authorities may constitute a significant cost for providers and other operators, notably those of a smaller scale. Member States should possibly ensure that one of the languages determined and accepted by them for relevant providers’ documentation and for communication with operators is one which is broadly understood by the largest possible number of cross-border users."
Rec74,recital,Rec74,Rec74,"In order to minimise the risks to implementation resulting from lack of knowledge and expertise in the market as well as to facilitate compliance of providers and notified bodies with their obligations under this Regulation, the AI-on demand platform, the European Digital Innovation Hubs and the Testing and Experimentation Facilities established by the Commission and the Member States at national or EU level should possibly contribute to the implementation of this Regulation. Within their respective mission and fields of competence, they may provide in particular technical and scientific support to providers and notified bodies.",52021PC0206,,"In order to minimise the risks to implementation resulting from lack of knowledge and expertise in the market as well as to facilitate compliance of providers and notified bodies with their obligations under this Regulation, the AI-on demand platform, the European Digital Innovation Hubs and the Testing and Experimentation Facilities established by the Commission and the Member States at national or EU level should possibly contribute to the implementation of this Regulation. Within their respective mission and fields of competence, they may provide in particular technical and scientific support to providers and notified bodies."
Rec75,recital,Rec75,Rec75,"It is appropriate that the Commission facilitates, to the extent possible, access to Testing and Experimentation Facilities to bodies, groups or laboratories established or accredited pursuant to any relevant Union harmonisation legislation and which fulfil tasks in the context of conformity assessment of products or devices covered by that Union harmonisation legislation. This is notably the case for expert panels, expert laboratories and reference laboratories in the field of medical devices pursuant to Regulation (EU) 2017/745 and Regulation (EU) 2017/746.",52021PC0206,,"It is appropriate that the Commission facilitates, to the extent possible, access to Testing and Experimentation Facilities to bodies, groups or laboratories established or accredited pursuant to any relevant Union harmonisation legislation and which fulfil tasks in the context of conformity assessment of products or devices covered by that Union harmonisation legislation. This is notably the case for expert panels, expert laboratories and reference laboratories in the field of medical devices pursuant to Regulation (EU) 2017/745 and Regulation (EU) 2017/746."
Rec76,recital,Rec76,Rec76,"In order to facilitate a smooth, effective and harmonised implementation of this Regulation a European Artificial Intelligence Board should be established. The Board should be responsible for a number of advisory tasks, including issuing opinions, recommendations, advice or guidance on matters related to the implementation of this Regulation, including on technical specifications or existing standards regarding the requirements established in this Regulation and providing advice to and assisting the Commission on specific questions related to artificial intelligence.",52021PC0206,,"In order to facilitate a smooth, effective and harmonised implementation of this Regulation a European Artificial Intelligence Board should be established. The Board should be responsible for a number of advisory tasks, including issuing opinions, recommendations, advice or guidance on matters related to the implementation of this Regulation, including on technical specifications or existing standards regarding the requirements established in this Regulation and providing advice to and assisting the Commission on specific questions related to artificial intelligence."
Rec77,recital,Rec77,Rec77,"Member States hold a key role in the application and enforcement of this Regulation. In this respect, each Member State should designate one or more national competent authorities for the purpose of supervising the application and implementation of this Regulation. In order to increase organisation efficiency on the side of Member States and to set an official point of contact vis-à-vis the public and other counterparts at Member State and Union levels, in each Member State one national authority should be designated as national supervisory authority.",52021PC0206,,"Member States hold a key role in the application and enforcement of this Regulation. In this respect, each Member State should designate one or more national competent authorities for the purpose of supervising the application and implementation of this Regulation. In order to increase organisation efficiency on the side of Member States and to set an official point of contact vis-à-vis the public and other counterparts at Member State and Union levels, in each Member State one national authority should be designated as national supervisory authority."
Rec78,recital,Rec78,Rec78,"In order to ensure that providers of high-risk AI systems can take into account the experience on the use of high-risk AI systems for improving their systems and the design and development process or can take any possible corrective action in a timely manner, all providers should have a post-market monitoring system in place. This system is also key to ensure that the possible risks emerging from AI systems which continue to ‘learn’ after being placed on the market or put into service can be more efficiently and timely addressed. In this context, providers should also be required to have a system in place to report to the relevant authorities any serious incidents or any breaches to national and Union law protecting fundamental rights resulting from the use of their AI systems.",52021PC0206,,"In order to ensure that providers of high-risk AI systems can take into account the experience on the use of high-risk AI systems for improving their systems and the design and development process or can take any possible corrective action in a timely manner, all providers should have a post-market monitoring system in place. This system is also key to ensure that the possible risks emerging from AI systems which continue to ‘learn’ after being placed on the market or put into service can be more efficiently and timely addressed. In this context, providers should also be required to have a system in place to report to the relevant authorities any serious incidents or any breaches to national and Union law protecting fundamental rights resulting from the use of their AI systems."
Rec79,recital,Rec79,Rec79,"In order to ensure an appropriate and effective enforcement of the requirements and obligations set out by this Regulation, which is Union harmonisation legislation, the system of market surveillance and compliance of products established by Regulation (EU) 2019/1020 should apply in its entirety. Where necessary for their mandate, national public authorities or bodies, which supervise the application of Union law protecting fundamental rights, including equality bodies, should also have access to any documentation created under this Regulation.",52021PC0206,,"In order to ensure an appropriate and effective enforcement of the requirements and obligations set out by this Regulation, which is Union harmonisation legislation, the system of market surveillance and compliance of products established by Regulation (EU) 2019/1020 should apply in its entirety. Where necessary for their mandate, national public authorities or bodies, which supervise the application of Union law protecting fundamental rights, including equality bodies, should also have access to any documentation created under this Regulation."
Rec80,recital,Rec80,Rec80,"Union legislation on financial services includes internal governance and risk management rules and requirements which are applicable to regulated financial institutions in the course of provision of those services, including when they make use of AI systems. In order to ensure coherent application and enforcement of the obligations under this Regulation and relevant rules and requirements of the Union financial services legislation, the authorities responsible for the supervision and enforcement of the financial services legislation, including where applicable the European Central Bank, should be designated as competent authorities for the purpose of supervising the implementation of this Regulation, including for market surveillance activities, as regards AI systems provided or used by regulated and supervised financial institutions. To further enhance the consistency between this Regulation and the rules applicable to credit institutions regulated under Directive 2013/36/EU of the European Parliament and of the Council, it is also appropriate to integrate the conformity assessment procedure and some of the providers’ procedural obligations in relation to risk management, post marketing monitoring and documentation into the existing obligations and procedures under Directive 2013/36/EU. In order to avoid overlaps, limited derogations should also be envisaged in relation to the quality management system of providers and the monitoring obligation placed on users of high-risk AI systems to the extent that these apply to credit institutions regulated by Directive 2013/36/EU.",52021PC0206,,"Union legislation on financial services includes internal governance and risk management rules and requirements which are applicable to regulated financial institutions in the course of provision of those services, including when they make use of AI systems. In order to ensure coherent application and enforcement of the obligations under this Regulation and relevant rules and requirements of the Union financial services legislation, the authorities responsible for the supervision and enforcement of the financial services legislation, including where applicable the European Central Bank, should be designated as competent authorities for the purpose of supervising the implementation of this Regulation, including for market surveillance activities, as regards AI systems provided or used by regulated and supervised financial institutions. To further enhance the consistency between this Regulation and the rules applicable to credit institutions regulated under Directive 2013/36/EU of the European Parliament and of the Council, it is also appropriate to integrate the conformity assessment procedure and some of the providers’ procedural obligations in relation to risk management, post marketing monitoring and documentation into the existing obligations and procedures under Directive 2013/36/EU. In order to avoid overlaps, limited derogations should also be envisaged in relation to the quality management system of providers and the monitoring obligation placed on users of high-risk AI systems to the extent that these apply to credit institutions regulated by Directive 2013/36/EU."
Rec81,recital,Rec81,Rec81,"The development of AI systems other than high-risk AI systems in accordance with the requirements of this Regulation may lead to a larger uptake of trustworthy artificial intelligence in the Union. Providers of non-high-risk AI systems should be encouraged to create codes of conduct intended to foster the voluntary application of the mandatory requirements applicable to high-risk AI systems. Providers should also be encouraged to apply on a voluntary basis additional requirements related, for example, to environmental sustainability, accessibility to persons with disability, stakeholders’ participation in the design and development of AI systems, and diversity of the development teams. The Commission may develop initiatives, including of a sectorial nature, to facilitate the lowering of technical barriers hindering cross-border exchange of data for AI development, including on data access infrastructure, semantic and technical interoperability of different types of data.",52021PC0206,,"The development of AI systems other than high-risk AI systems in accordance with the requirements of this Regulation may lead to a larger uptake of trustworthy artificial intelligence in the Union. Providers of non-high-risk AI systems should be encouraged to create codes of conduct intended to foster the voluntary application of the mandatory requirements applicable to high-risk AI systems. Providers should also be encouraged to apply on a voluntary basis additional requirements related, for example, to environmental sustainability, accessibility to persons with disability, stakeholders’ participation in the design and development of AI systems, and diversity of the development teams. The Commission may develop initiatives, including of a sectorial nature, to facilitate the lowering of technical barriers hindering cross-border exchange of data for AI development, including on data access infrastructure, semantic and technical interoperability of different types of data."
Rec82,recital,Rec82,Rec82,"It is important that AI systems related to products that are not high-risk in accordance with this Regulation and thus are not required to comply with the requirements set out herein are nevertheless safe when placed on the market or put into service. To contribute to this objective, the Directive 2001/95/EC of the European Parliament and of the Council would apply as a safety net.",52021PC0206,,"It is important that AI systems related to products that are not high-risk in accordance with this Regulation and thus are not required to comply with the requirements set out herein are nevertheless safe when placed on the market or put into service. To contribute to this objective, the Directive 2001/95/EC of the European Parliament and of the Council would apply as a safety net."
Rec83,recital,Rec83,Rec83,"In order to ensure trustful and constructive cooperation of competent authorities on Union and national level, all parties involved in the application of this Regulation should respect the confidentiality of information and data obtained in carrying out their tasks.",52021PC0206,,"In order to ensure trustful and constructive cooperation of competent authorities on Union and national level, all parties involved in the application of this Regulation should respect the confidentiality of information and data obtained in carrying out their tasks."
Rec84,recital,Rec84,Rec84,"Member States should take all necessary measures to ensure that the provisions of this Regulation are implemented, including by laying down effective, proportionate and dissuasive penalties for their infringement. For certain specific infringements, Member States should take into account the margins and criteria set out in this Regulation. The European Data Protection Supervisor should have the power to impose fines on Union institutions, agencies and bodies falling within the scope of this Regulation.",52021PC0206,,"Member States should take all necessary measures to ensure that the provisions of this Regulation are implemented, including by laying down effective, proportionate and dissuasive penalties for their infringement. For certain specific infringements, Member States should take into account the margins and criteria set out in this Regulation. The European Data Protection Supervisor should have the power to impose fines on Union institutions, agencies and bodies falling within the scope of this Regulation."
Rec85,recital,Rec85,Rec85,"In order to ensure that the regulatory framework can be adapted where necessary, the power to adopt acts in accordance with Article 290 TFEU should be delegated to the Commission to amend the techniques and approaches referred to in Annex I to define AI systems, the Union harmonisation legislation listed in Annex II, the high-risk AI systems listed in Annex III, the provisions regarding technical documentation listed in Annex IV, the content of the EU declaration of conformity in Annex V, the provisions regarding the conformity assessment procedures in Annex VI and VII and the provisions establishing the high-risk AI systems to which the conformity assessment procedure based on assessment of the quality management system and assessment of the technical documentation should apply. It is of particular importance that the Commission carry out appropriate consultations during its preparatory work, including at expert level, and that those consultations be conducted in accordance with the principles laid down in the Interinstitutional Agreement of 13 April 2016 on Better Law-Making. In particular, to ensure equal participation in the preparation of delegated acts, the European Parliament and the Council receive all documents at the same time as Member States’ experts, and their experts systematically have access to meetings of Commission expert groups dealing with the preparation of delegated acts.",52021PC0206,,"In order to ensure that the regulatory framework can be adapted where necessary, the power to adopt acts in accordance with Article 290 TFEU should be delegated to the Commission to amend the techniques and approaches referred to in Annex I to define AI systems, the Union harmonisation legislation listed in Annex II, the high-risk AI systems listed in Annex III, the provisions regarding technical documentation listed in Annex IV, the content of the EU declaration of conformity in Annex V, the provisions regarding the conformity assessment procedures in Annex VI and VII and the provisions establishing the high-risk AI systems to which the conformity assessment procedure based on assessment of the quality management system and assessment of the technical documentation should apply. It is of particular importance that the Commission carry out appropriate consultations during its preparatory work, including at expert level, and that those consultations be conducted in accordance with the principles laid down in the Interinstitutional Agreement of 13 April 2016 on Better Law-Making. In particular, to ensure equal participation in the preparation of delegated acts, the European Parliament and the Council receive all documents at the same time as Member States’ experts, and their experts systematically have access to meetings of Commission expert groups dealing with the preparation of delegated acts."
Rec86,recital,Rec86,Rec86,"In order to ensure uniform conditions for the implementation of this Regulation, implementing powers should be conferred on the Commission. Those powers should be exercised in accordance with Regulation (EU) No 182/2011 of the European Parliament and of the Council.",52021PC0206,,"In order to ensure uniform conditions for the implementation of this Regulation, implementing powers should be conferred on the Commission. Those powers should be exercised in accordance with Regulation (EU) No 182/2011 of the European Parliament and of the Council."
Rec87,recital,Rec87,Rec87,"Since the objective of this Regulation cannot be sufficiently achieved by the Member States and can rather, by reason of the scale or effects of the action, be better achieved at Union level, the Union may adopt measures in accordance with the principle of subsidiarity as set out in Article 5 TEU. In accordance with the principle of proportionality as set out in that Article, this Regulation does not go beyond what is necessary in order to achieve that objective.",52021PC0206,,"Since the objective of this Regulation cannot be sufficiently achieved by the Member States and can rather, by reason of the scale or effects of the action, be better achieved at Union level, the Union may adopt measures in accordance with the principle of subsidiarity as set out in Article 5 TEU. In accordance with the principle of proportionality as set out in that Article, this Regulation does not go beyond what is necessary in order to achieve that objective."
Rec88,recital,Rec88,Rec88,"This Regulation should apply from … [OP – please insert the date established in Art. 85]. However, the infrastructure related to the governance and the conformity assessment system should be operational before that date, therefore the provisions on notified bodies and governance structure should apply from … [OP – please insert the date – three months following the entry into force of this Regulation]. In addition, Member States should lay down and notify to the Commission the rules on penalties, including administrative fines, and ensure that they are properly and effectively implemented by the date of application of this Regulation. Therefore the provisions on penalties should apply from [OP – please insert the date – twelve months following the entry into force of this Regulation].",52021PC0206,,"This Regulation should apply from … [OP – please insert the date established in Art. 85]. However, the infrastructure related to the governance and the conformity assessment system should be operational before that date, therefore the provisions on notified bodies and governance structure should apply from … [OP – please insert the date – three months following the entry into force of this Regulation]. In addition, Member States should lay down and notify to the Commission the rules on penalties, including administrative fines, and ensure that they are properly and effectively implemented by the date of application of this Regulation. Therefore the provisions on penalties should apply from [OP – please insert the date – twelve months following the entry into force of this Regulation]."
Rec89,recital,Rec89,Rec89,The European Data Protection Supervisor and the European Data Protection Board were consulted in accordance with Article 42(2) of Regulation (EU) 2018/1725 and delivered an opinion on […]”.,52021PC0206,,The European Data Protection Supervisor and the European Data Protection Board were consulted in accordance with Article 42(2) of Regulation (EU) 2018/1725 and delivered an opinion on […]”.
Art1,article,Art1,Art1,This Regulation lays down:,52021PC0206,Subject matter,"This Regulation lays down: harmonised rules for the placing on the market, the putting into service and the use of artificial intelligence systems (‘AI systems’) in the Union; prohibitions of certain artificial intelligence practices; specific requirements for high-risk AI systems and obligations for operators of such systems; harmonised transparency rules for AI systems intended to interact with natural persons, emotion recognition systems and biometric categorisation systems, and AI systems used to generate or manipulate image, audio or video content; rules on market monitoring and surveillance."
Art1(1),paragraph,Art1,Art1/1,,52021PC0206,,"harmonised rules for the placing on the market, the putting into service and the use of artificial intelligence systems (‘AI systems’) in the Union; prohibitions of certain artificial intelligence practices; specific requirements for high-risk AI systems and obligations for operators of such systems; harmonised transparency rules for AI systems intended to interact with natural persons, emotion recognition systems and biometric categorisation systems, and AI systems used to generate or manipulate image, audio or video content; rules on market monitoring and surveillance."
Art1(1)(a),point,Art1,Art1/1/a,"harmonised rules for the placing on the market, the putting into service and the use of artificial intelligence systems (‘AI systems’) in the Union;",52021PC0206,,"harmonised rules for the placing on the market, the putting into service and the use of artificial intelligence systems (‘AI systems’) in the Union;"
Art1(1)(b),point,Art1,Art1/1/b,prohibitions of certain artificial intelligence practices;,52021PC0206,,prohibitions of certain artificial intelligence practices;
Art1(1)(c),point,Art1,Art1/1/c,specific requirements for high-risk AI systems and obligations for operators of such systems;,52021PC0206,,specific requirements for high-risk AI systems and obligations for operators of such systems;
Art1(1)(d),point,Art1,Art1/1/d,"harmonised transparency rules for AI systems intended to interact with natural persons, emotion recognition systems and biometric categorisation systems, and AI systems used to generate or manipulate image, audio or video content;",52021PC0206,,"harmonised transparency rules for AI systems intended to interact with natural persons, emotion recognition systems and biometric categorisation systems, and AI systems used to generate or manipulate image, audio or video content;"
Art1(1)(e),point,Art1,Art1/1/e,rules on market monitoring and surveillance.,52021PC0206,,rules on market monitoring and surveillance.
Art2,article,Art2,Art2,,52021PC0206,Scope,"This Regulation applies to: providers placing on the market or putting into service AI systems in the Union, irrespective of whether those providers are established within the Union or in a third country; users of AI systems located within the Union; providers and users of AI systems that are located in a third country, where the output produced by the system is used in the Union; For high-risk AI systems that are safety components of products or systems, or which are themselves products or systems, falling within the scope of the following acts, only Article 84 of this Regulation shall apply: Regulation (EC) 300/2008; Regulation (EU) No 167/2013; Regulation (EU) No 168/2013; Directive 2014/90/EU; Directive (EU) 2016/797; Regulation (EU) 2018/858; Regulation (EU) 2018/1139; Regulation (EU) 2019/2144. This Regulation shall not apply to AI systems developed or used exclusively for military purposes. This Regulation shall not apply to public authorities in a third country nor to international organisations falling within the scope of this Regulation pursuant to paragraph 1, where those authorities or organisations use AI systems in the framework of international agreements for law enforcement and judicial cooperation with the Union or with one or more Member States. This Regulation shall not affect the application of the provisions on the liability of intermediary service providers set out in Chapter II, Section IV of Directive 2000/31/EC of the European Parliament and of the Council [as to be replaced by the corresponding provisions of the Digital Services Act]."
Art2(1),paragraph,Art2,Art2/1,This Regulation applies to:,52021PC0206,,"This Regulation applies to: providers placing on the market or putting into service AI systems in the Union, irrespective of whether those providers are established within the Union or in a third country; users of AI systems located within the Union; providers and users of AI systems that are located in a third country, where the output produced by the system is used in the Union;"
Art2(1)(a),point,Art2,Art2/1/a,"providers placing on the market or putting into service AI systems in the Union, irrespective of whether those providers are established within the Union or in a third country;",52021PC0206,,"providers placing on the market or putting into service AI systems in the Union, irrespective of whether those providers are established within the Union or in a third country;"
Art2(1)(b),point,Art2,Art2/1/b,users of AI systems located within the Union;,52021PC0206,,users of AI systems located within the Union;
Art2(1)(c),point,Art2,Art2/1/c,"providers and users of AI systems that are located in a third country, where the output produced by the system is used in the Union;",52021PC0206,,"providers and users of AI systems that are located in a third country, where the output produced by the system is used in the Union;"
Art2(2),paragraph,Art2,Art2/2,"For high-risk AI systems that are safety components of products or systems, or which are themselves products or systems, falling within the scope of the following acts, only Article 84 of this Regulation shall apply:",52021PC0206,,"For high-risk AI systems that are safety components of products or systems, or which are themselves products or systems, falling within the scope of the following acts, only Article 84 of this Regulation shall apply: Regulation (EC) 300/2008; Regulation (EU) No 167/2013; Regulation (EU) No 168/2013; Directive 2014/90/EU; Directive (EU) 2016/797; Regulation (EU) 2018/858; Regulation (EU) 2018/1139; Regulation (EU) 2019/2144."
Art2(2)(a),point,Art2,Art2/2/a,Regulation (EC) 300/2008;,52021PC0206,,Regulation (EC) 300/2008;
Art2(2)(b),point,Art2,Art2/2/b,Regulation (EU) No 167/2013;,52021PC0206,,Regulation (EU) No 167/2013;
Art2(2)(c),point,Art2,Art2/2/c,Regulation (EU) No 168/2013;,52021PC0206,,Regulation (EU) No 168/2013;
Art2(2)(d),point,Art2,Art2/2/d,Directive 2014/90/EU;,52021PC0206,,Directive 2014/90/EU;
Art2(2)(e),point,Art2,Art2/2/e,Directive (EU) 2016/797;,52021PC0206,,Directive (EU) 2016/797;
Art2(2)(f),point,Art2,Art2/2/f,Regulation (EU) 2018/858;,52021PC0206,,Regulation (EU) 2018/858;
Art2(2)(g),point,Art2,Art2/2/g,Regulation (EU) 2018/1139;,52021PC0206,,Regulation (EU) 2018/1139;
Art2(2)(h),point,Art2,Art2/2/h,Regulation (EU) 2019/2144.,52021PC0206,,Regulation (EU) 2019/2144.
Art2(3),paragraph,Art2,Art2/3,This Regulation shall not apply to AI systems developed or used exclusively for military purposes.,52021PC0206,,This Regulation shall not apply to AI systems developed or used exclusively for military purposes.
Art2(4),paragraph,Art2,Art2/4,"This Regulation shall not apply to public authorities in a third country nor to international organisations falling within the scope of this Regulation pursuant to paragraph 1, where those authorities or organisations use AI systems in the framework of international agreements for law enforcement and judicial cooperation with the Union or with one or more Member States.",52021PC0206,,"This Regulation shall not apply to public authorities in a third country nor to international organisations falling within the scope of this Regulation pursuant to paragraph 1, where those authorities or organisations use AI systems in the framework of international agreements for law enforcement and judicial cooperation with the Union or with one or more Member States."
Art2(5),paragraph,Art2,Art2/5,"This Regulation shall not affect the application of the provisions on the liability of intermediary service providers set out in Chapter II, Section IV of Directive 2000/31/EC of the European Parliament and of the Council [as to be replaced by the corresponding provisions of the Digital Services Act].",52021PC0206,,"This Regulation shall not affect the application of the provisions on the liability of intermediary service providers set out in Chapter II, Section IV of Directive 2000/31/EC of the European Parliament and of the Council [as to be replaced by the corresponding provisions of the Digital Services Act]."
Art3,article,Art3,Art3,"For the purpose of this Regulation, the following definitions apply:",52021PC0206,Definitions,"For the purpose of this Regulation, the following definitions apply: ‘artificial intelligence system’ (AI system) means software that is developed with one or more of the techniques and approaches listed in Annex I and can, for a given set of human-defined objectives, generate outputs such as content, predictions, recommendations, or decisions influencing the environments they interact with; ‘provider’ means a natural or legal person, public authority, agency or other body that develops an AI system or that has an AI system developed with a view to placing it on the market or putting it into service under its own name or trademark, whether for payment or free of charge; ‘small-scale provider’ means a provider that is a micro or small enterprise within the meaning of Commission Recommendation 2003/361/EC; ‘user’ means any natural or legal person, public authority, agency or other body using an AI system under its authority, except where the AI system is used in the course of a personal non-professional activity; ‘authorised representative’ means any natural or legal person established in the Union who has received a written mandate from a provider of an AI system to, respectively, perform and carry out on its behalf the obligations and procedures established by this Regulation; ‘importer’ means any natural or legal person established in the Union that places on the market or puts into service an AI system that bears the name or trademark of a natural or legal person established outside the Union; ‘distributor’ means any natural or legal person in the supply chain, other than the provider or the importer, that makes an AI system available on the Union market without affecting its properties; ‘operator’ means the provider, the user, the authorised representative, the importer and the distributor; ‘placing on the market’ means the first making available of an AI system on the Union market; ‘making available on the market’ means any supply of an AI system for distribution or use on the Union market in the course of a commercial activity, whether in return for payment or free of charge; ‘putting into service’ means the supply of an AI system for first use directly to the user or for own use on the Union market for its intended purpose; ‘intended purpose’ means the use for which an AI system is intended by the provider, including the specific context and conditions of use, as specified in the information supplied by the provider in the instructions for use, promotional or sales materials and statements, as well as in the technical documentation; ‘reasonably foreseeable misuse’ means the use of an AI system in a way that is not in accordance with its intended purpose, but which may result from reasonably foreseeable human behaviour or interaction with other systems; ‘safety component of a product or system’ means a component of a product or of a system which fulfils a safety function for that product or system or the failure or malfunctioning of which endangers the health and safety of persons or property; ‘instructions for use’ means the information provided by the provider to inform the user of in particular an AI system’s intended purpose and proper use, inclusive of the specific geographical, behavioural or functional setting within which the high-risk AI system is intended to be used; ‘recall of an AI system’ means any measure aimed at achieving the return to the provider of an AI system made available to users; ‘withdrawal of an AI system’ means any measure aimed at preventing the distribution, display and offer of an AI system; ‘performance of an AI system’ means the ability of an AI system to achieve its intended purpose; ‘notifying authority’ means the national authority responsible for setting up and carrying out the necessary procedures for the assessment, designation and notification of conformity assessment bodies and for their monitoring; ‘conformity assessment’ means the process of verifying whether the requirements set out in Title III, Chapter 2 of this Regulation relating to an AI system have been fulfilled; ‘conformity assessment body’ means a body that performs third-party conformity assessment activities, including testing, certification and inspection; ‘notified body’ means a conformity assessment body designated in accordance with this Regulation and other relevant Union harmonisation legislation; ‘substantial modification’ means a change to the AI system following its placing on the market or putting into service which affects the compliance of the AI system with the requirements set out in Title III, Chapter 2 of this Regulation or results in a modification to the intended purpose for which the AI system has been assessed; ‘CE marking of conformity’ (CE marking) means a marking by which a provider indicates that an AI system is in conformity with the requirements set out in Title III, Chapter 2 of this Regulation and other applicable Union legislation harmonising the conditions for the marketing of products (‘Union harmonisation legislation’) providing for its affixing; ‘post-market monitoring’ means all activities carried out by providers of AI systems to proactively collect and review experience gained from the use of AI systems they place on the market or put into service for the purpose of identifying any need to immediately apply any necessary corrective or preventive actions; ‘market surveillance authority’ means the national authority carrying out the activities and taking the measures pursuant to Regulation (EU) 2019/1020; ‘harmonised standard’ means a European standard as defined in Article 2(1)(c) of Regulation (EU) No 1025/2012; ‘common specifications’ means a document, other than a standard, containing technical solutions providing a means to, comply with certain requirements and obligations established under this Regulation; ‘training data’ means data used for training an AI system through fitting its learnable parameters, including the weights of a neural network; ‘validation data’ means data used for providing an evaluation of the trained AI system and for tuning its non-learnable parameters and its learning process, among other things, in order to prevent overfitting; whereas the validation dataset can be a separate dataset or part of the training dataset, either as a fixed or variable split; ‘testing data’ means data used for providing an independent evaluation of the trained and validated AI system in order to confirm the expected performance of that system before its placing on the market or putting into service; ‘input data’ means data provided to or directly acquired by an AI system on the basis of which the system produces an output; ‘biometric data’ means personal data resulting from specific technical processing relating to the physical, physiological or behavioural characteristics of a natural person, which allow or confirm the unique identification of that natural person, such as facial images or dactyloscopic data; ‘emotion recognition system’ means an AI system for the purpose of identifying or inferring emotions or intentions of natural persons on the basis of their biometric data; ‘biometric categorisation system’ means an AI system for the purpose of assigning natural persons to specific categories, such as sex, age, hair colour, eye colour, tattoos, ethnic origin or sexual or political orientation, on the basis of their biometric data; ‘remote biometric identification system’ means an AI system for the purpose of identifying natural persons at a distance through the comparison of a person’s biometric data with the biometric data contained in a reference database, and without prior knowledge of the user of the AI system whether the person will be present and can be identified ; ‘‘real-time’ remote biometric identification system’ means a remote biometric identification system whereby the capturing of biometric data, the comparison and the identification all occur without a significant delay. This comprises not only instant identification, but also limited short delays in order to avoid circumvention. ‘‘post’ remote biometric identification system’ means a remote biometric identification system other than a ‘real-time’ remote biometric identification system; ‘publicly accessible space’ means any physical place accessible to the public, regardless of whether certain conditions for access may apply; ‘law enforcement authority’ means: any public authority competent for the prevention, investigation, detection or prosecution of criminal offences or the execution of criminal penalties, including the safeguarding against and the prevention of threats to public security; or any other body or entity entrusted by Member State law to exercise public authority and public powers for the purposes of the prevention, investigation, detection or prosecution of criminal offences or the execution of criminal penalties, including the safeguarding against and the prevention of threats to public security; ‘law enforcement’ means activities carried out by law enforcement authorities for the prevention, investigation, detection or prosecution of criminal offences or the execution of criminal penalties, including the safeguarding against and the prevention of threats to public security; ‘national supervisory authority’ means the authority to which a Member State assigns the responsibility for the implementation and application of this Regulation, for coordinating the activities entrusted to that Member State, for acting as the single contact point for the Commission, and for representing the Member State at the European Artificial Intelligence Board; ‘national competent authority’ means the national supervisory authority, the notifying authority and the market surveillance authority; ‘serious incident’ means any incident that directly or indirectly leads, might have led or might lead to any of the following: the death of a person or serious damage to a person’s health, to property or the environment, a serious and irreversible disruption of the management and operation of critical infrastructure."
Art3(1),paragraph,Art3,Art3/1,,52021PC0206,,"‘artificial intelligence system’ (AI system) means software that is developed with one or more of the techniques and approaches listed in Annex I and can, for a given set of human-defined objectives, generate outputs such as content, predictions, recommendations, or decisions influencing the environments they interact with; ‘provider’ means a natural or legal person, public authority, agency or other body that develops an AI system or that has an AI system developed with a view to placing it on the market or putting it into service under its own name or trademark, whether for payment or free of charge; ‘small-scale provider’ means a provider that is a micro or small enterprise within the meaning of Commission Recommendation 2003/361/EC; ‘user’ means any natural or legal person, public authority, agency or other body using an AI system under its authority, except where the AI system is used in the course of a personal non-professional activity; ‘authorised representative’ means any natural or legal person established in the Union who has received a written mandate from a provider of an AI system to, respectively, perform and carry out on its behalf the obligations and procedures established by this Regulation; ‘importer’ means any natural or legal person established in the Union that places on the market or puts into service an AI system that bears the name or trademark of a natural or legal person established outside the Union; ‘distributor’ means any natural or legal person in the supply chain, other than the provider or the importer, that makes an AI system available on the Union market without affecting its properties; ‘operator’ means the provider, the user, the authorised representative, the importer and the distributor; ‘placing on the market’ means the first making available of an AI system on the Union market; ‘making available on the market’ means any supply of an AI system for distribution or use on the Union market in the course of a commercial activity, whether in return for payment or free of charge; ‘putting into service’ means the supply of an AI system for first use directly to the user or for own use on the Union market for its intended purpose; ‘intended purpose’ means the use for which an AI system is intended by the provider, including the specific context and conditions of use, as specified in the information supplied by the provider in the instructions for use, promotional or sales materials and statements, as well as in the technical documentation; ‘reasonably foreseeable misuse’ means the use of an AI system in a way that is not in accordance with its intended purpose, but which may result from reasonably foreseeable human behaviour or interaction with other systems; ‘safety component of a product or system’ means a component of a product or of a system which fulfils a safety function for that product or system or the failure or malfunctioning of which endangers the health and safety of persons or property; ‘instructions for use’ means the information provided by the provider to inform the user of in particular an AI system’s intended purpose and proper use, inclusive of the specific geographical, behavioural or functional setting within which the high-risk AI system is intended to be used; ‘recall of an AI system’ means any measure aimed at achieving the return to the provider of an AI system made available to users; ‘withdrawal of an AI system’ means any measure aimed at preventing the distribution, display and offer of an AI system; ‘performance of an AI system’ means the ability of an AI system to achieve its intended purpose; ‘notifying authority’ means the national authority responsible for setting up and carrying out the necessary procedures for the assessment, designation and notification of conformity assessment bodies and for their monitoring; ‘conformity assessment’ means the process of verifying whether the requirements set out in Title III, Chapter 2 of this Regulation relating to an AI system have been fulfilled; ‘conformity assessment body’ means a body that performs third-party conformity assessment activities, including testing, certification and inspection; ‘notified body’ means a conformity assessment body designated in accordance with this Regulation and other relevant Union harmonisation legislation; ‘substantial modification’ means a change to the AI system following its placing on the market or putting into service which affects the compliance of the AI system with the requirements set out in Title III, Chapter 2 of this Regulation or results in a modification to the intended purpose for which the AI system has been assessed; ‘CE marking of conformity’ (CE marking) means a marking by which a provider indicates that an AI system is in conformity with the requirements set out in Title III, Chapter 2 of this Regulation and other applicable Union legislation harmonising the conditions for the marketing of products (‘Union harmonisation legislation’) providing for its affixing; ‘post-market monitoring’ means all activities carried out by providers of AI systems to proactively collect and review experience gained from the use of AI systems they place on the market or put into service for the purpose of identifying any need to immediately apply any necessary corrective or preventive actions; ‘market surveillance authority’ means the national authority carrying out the activities and taking the measures pursuant to Regulation (EU) 2019/1020; ‘harmonised standard’ means a European standard as defined in Article 2(1)(c) of Regulation (EU) No 1025/2012; ‘common specifications’ means a document, other than a standard, containing technical solutions providing a means to, comply with certain requirements and obligations established under this Regulation; ‘training data’ means data used for training an AI system through fitting its learnable parameters, including the weights of a neural network; ‘validation data’ means data used for providing an evaluation of the trained AI system and for tuning its non-learnable parameters and its learning process, among other things, in order to prevent overfitting; whereas the validation dataset can be a separate dataset or part of the training dataset, either as a fixed or variable split; ‘testing data’ means data used for providing an independent evaluation of the trained and validated AI system in order to confirm the expected performance of that system before its placing on the market or putting into service; ‘input data’ means data provided to or directly acquired by an AI system on the basis of which the system produces an output; ‘biometric data’ means personal data resulting from specific technical processing relating to the physical, physiological or behavioural characteristics of a natural person, which allow or confirm the unique identification of that natural person, such as facial images or dactyloscopic data; ‘emotion recognition system’ means an AI system for the purpose of identifying or inferring emotions or intentions of natural persons on the basis of their biometric data; ‘biometric categorisation system’ means an AI system for the purpose of assigning natural persons to specific categories, such as sex, age, hair colour, eye colour, tattoos, ethnic origin or sexual or political orientation, on the basis of their biometric data; ‘remote biometric identification system’ means an AI system for the purpose of identifying natural persons at a distance through the comparison of a person’s biometric data with the biometric data contained in a reference database, and without prior knowledge of the user of the AI system whether the person will be present and can be identified ; ‘‘real-time’ remote biometric identification system’ means a remote biometric identification system whereby the capturing of biometric data, the comparison and the identification all occur without a significant delay. This comprises not only instant identification, but also limited short delays in order to avoid circumvention. ‘‘post’ remote biometric identification system’ means a remote biometric identification system other than a ‘real-time’ remote biometric identification system; ‘publicly accessible space’ means any physical place accessible to the public, regardless of whether certain conditions for access may apply; ‘law enforcement authority’ means: any public authority competent for the prevention, investigation, detection or prosecution of criminal offences or the execution of criminal penalties, including the safeguarding against and the prevention of threats to public security; or any other body or entity entrusted by Member State law to exercise public authority and public powers for the purposes of the prevention, investigation, detection or prosecution of criminal offences or the execution of criminal penalties, including the safeguarding against and the prevention of threats to public security; ‘law enforcement’ means activities carried out by law enforcement authorities for the prevention, investigation, detection or prosecution of criminal offences or the execution of criminal penalties, including the safeguarding against and the prevention of threats to public security; ‘national supervisory authority’ means the authority to which a Member State assigns the responsibility for the implementation and application of this Regulation, for coordinating the activities entrusted to that Member State, for acting as the single contact point for the Commission, and for representing the Member State at the European Artificial Intelligence Board; ‘national competent authority’ means the national supervisory authority, the notifying authority and the market surveillance authority; ‘serious incident’ means any incident that directly or indirectly leads, might have led or might lead to any of the following: the death of a person or serious damage to a person’s health, to property or the environment, a serious and irreversible disruption of the management and operation of critical infrastructure."
Art3(1)(1),point,Art3,Art3/1/1,"‘artificial intelligence system’ (AI system) means software that is developed with one or more of the techniques and approaches listed in Annex I and can, for a given set of human-defined objectives, generate outputs such as content, predictions, recommendations, or decisions influencing the environments they interact with;",52021PC0206,,"‘artificial intelligence system’ (AI system) means software that is developed with one or more of the techniques and approaches listed in Annex I and can, for a given set of human-defined objectives, generate outputs such as content, predictions, recommendations, or decisions influencing the environments they interact with;"
Art3(1)(2),point,Art3,Art3/1/2,"‘provider’ means a natural or legal person, public authority, agency or other body that develops an AI system or that has an AI system developed with a view to placing it on the market or putting it into service under its own name or trademark, whether for payment or free of charge;",52021PC0206,,"‘provider’ means a natural or legal person, public authority, agency or other body that develops an AI system or that has an AI system developed with a view to placing it on the market or putting it into service under its own name or trademark, whether for payment or free of charge;"
Art3(1)(3),point,Art3,Art3/1/3,‘small-scale provider’ means a provider that is a micro or small enterprise within the meaning of Commission Recommendation 2003/361/EC;,52021PC0206,,‘small-scale provider’ means a provider that is a micro or small enterprise within the meaning of Commission Recommendation 2003/361/EC;
Art3(1)(4),point,Art3,Art3/1/4,"‘user’ means any natural or legal person, public authority, agency or other body using an AI system under its authority, except where the AI system is used in the course of a personal non-professional activity;",52021PC0206,,"‘user’ means any natural or legal person, public authority, agency or other body using an AI system under its authority, except where the AI system is used in the course of a personal non-professional activity;"
Art3(1)(5),point,Art3,Art3/1/5,"‘authorised representative’ means any natural or legal person established in the Union who has received a written mandate from a provider of an AI system to, respectively, perform and carry out on its behalf the obligations and procedures established by this Regulation;",52021PC0206,,"‘authorised representative’ means any natural or legal person established in the Union who has received a written mandate from a provider of an AI system to, respectively, perform and carry out on its behalf the obligations and procedures established by this Regulation;"
Art3(1)(6),point,Art3,Art3/1/6,‘importer’ means any natural or legal person established in the Union that places on the market or puts into service an AI system that bears the name or trademark of a natural or legal person established outside the Union;,52021PC0206,,‘importer’ means any natural or legal person established in the Union that places on the market or puts into service an AI system that bears the name or trademark of a natural or legal person established outside the Union;
Art3(1)(7),point,Art3,Art3/1/7,"‘distributor’ means any natural or legal person in the supply chain, other than the provider or the importer, that makes an AI system available on the Union market without affecting its properties;",52021PC0206,,"‘distributor’ means any natural or legal person in the supply chain, other than the provider or the importer, that makes an AI system available on the Union market without affecting its properties;"
Art3(1)(8),point,Art3,Art3/1/8,"‘operator’ means the provider, the user, the authorised representative, the importer and the distributor;",52021PC0206,,"‘operator’ means the provider, the user, the authorised representative, the importer and the distributor;"
Art3(1)(9),point,Art3,Art3/1/9,‘placing on the market’ means the first making available of an AI system on the Union market;,52021PC0206,,‘placing on the market’ means the first making available of an AI system on the Union market;
Art3(1)(10),point,Art3,Art3/1/10,"‘making available on the market’ means any supply of an AI system for distribution or use on the Union market in the course of a commercial activity, whether in return for payment or free of charge;",52021PC0206,,"‘making available on the market’ means any supply of an AI system for distribution or use on the Union market in the course of a commercial activity, whether in return for payment or free of charge;"
Art3(1)(11),point,Art3,Art3/1/11,‘putting into service’ means the supply of an AI system for first use directly to the user or for own use on the Union market for its intended purpose;,52021PC0206,,‘putting into service’ means the supply of an AI system for first use directly to the user or for own use on the Union market for its intended purpose;
Art3(1)(12),point,Art3,Art3/1/12,"‘intended purpose’ means the use for which an AI system is intended by the provider, including the specific context and conditions of use, as specified in the information supplied by the provider in the instructions for use, promotional or sales materials and statements, as well as in the technical documentation;",52021PC0206,,"‘intended purpose’ means the use for which an AI system is intended by the provider, including the specific context and conditions of use, as specified in the information supplied by the provider in the instructions for use, promotional or sales materials and statements, as well as in the technical documentation;"
Art3(1)(13),point,Art3,Art3/1/13,"‘reasonably foreseeable misuse’ means the use of an AI system in a way that is not in accordance with its intended purpose, but which may result from reasonably foreseeable human behaviour or interaction with other systems;",52021PC0206,,"‘reasonably foreseeable misuse’ means the use of an AI system in a way that is not in accordance with its intended purpose, but which may result from reasonably foreseeable human behaviour or interaction with other systems;"
Art3(1)(14),point,Art3,Art3/1/14,‘safety component of a product or system’ means a component of a product or of a system which fulfils a safety function for that product or system or the failure or malfunctioning of which endangers the health and safety of persons or property;,52021PC0206,,‘safety component of a product or system’ means a component of a product or of a system which fulfils a safety function for that product or system or the failure or malfunctioning of which endangers the health and safety of persons or property;
Art3(1)(15),point,Art3,Art3/1/15,"‘instructions for use’ means the information provided by the provider to inform the user of in particular an AI system’s intended purpose and proper use, inclusive of the specific geographical, behavioural or functional setting within which the high-risk AI system is intended to be used;",52021PC0206,,"‘instructions for use’ means the information provided by the provider to inform the user of in particular an AI system’s intended purpose and proper use, inclusive of the specific geographical, behavioural or functional setting within which the high-risk AI system is intended to be used;"
Art3(1)(16),point,Art3,Art3/1/16,‘recall of an AI system’ means any measure aimed at achieving the return to the provider of an AI system made available to users;,52021PC0206,,‘recall of an AI system’ means any measure aimed at achieving the return to the provider of an AI system made available to users;
Art3(1)(17),point,Art3,Art3/1/17,"‘withdrawal of an AI system’ means any measure aimed at preventing the distribution, display and offer of an AI system;",52021PC0206,,"‘withdrawal of an AI system’ means any measure aimed at preventing the distribution, display and offer of an AI system;"
Art3(1)(18),point,Art3,Art3/1/18,‘performance of an AI system’ means the ability of an AI system to achieve its intended purpose;,52021PC0206,,‘performance of an AI system’ means the ability of an AI system to achieve its intended purpose;
Art3(1)(19),point,Art3,Art3/1/19,"‘notifying authority’ means the national authority responsible for setting up and carrying out the necessary procedures for the assessment, designation and notification of conformity assessment bodies and for their monitoring;",52021PC0206,,"‘notifying authority’ means the national authority responsible for setting up and carrying out the necessary procedures for the assessment, designation and notification of conformity assessment bodies and for their monitoring;"
Art3(1)(20),point,Art3,Art3/1/20,"‘conformity assessment’ means the process of verifying whether the requirements set out in Title III, Chapter 2 of this Regulation relating to an AI system have been fulfilled;",52021PC0206,,"‘conformity assessment’ means the process of verifying whether the requirements set out in Title III, Chapter 2 of this Regulation relating to an AI system have been fulfilled;"
Art3(1)(21),point,Art3,Art3/1/21,"‘conformity assessment body’ means a body that performs third-party conformity assessment activities, including testing, certification and inspection;",52021PC0206,,"‘conformity assessment body’ means a body that performs third-party conformity assessment activities, including testing, certification and inspection;"
Art3(1)(22),point,Art3,Art3/1/22,‘notified body’ means a conformity assessment body designated in accordance with this Regulation and other relevant Union harmonisation legislation;,52021PC0206,,‘notified body’ means a conformity assessment body designated in accordance with this Regulation and other relevant Union harmonisation legislation;
Art3(1)(23),point,Art3,Art3/1/23,"‘substantial modification’ means a change to the AI system following its placing on the market or putting into service which affects the compliance of the AI system with the requirements set out in Title III, Chapter 2 of this Regulation or results in a modification to the intended purpose for which the AI system has been assessed;",52021PC0206,,"‘substantial modification’ means a change to the AI system following its placing on the market or putting into service which affects the compliance of the AI system with the requirements set out in Title III, Chapter 2 of this Regulation or results in a modification to the intended purpose for which the AI system has been assessed;"
Art3(1)(24),point,Art3,Art3/1/24,"‘CE marking of conformity’ (CE marking) means a marking by which a provider indicates that an AI system is in conformity with the requirements set out in Title III, Chapter 2 of this Regulation and other applicable Union legislation harmonising the conditions for the marketing of products (‘Union harmonisation legislation’) providing for its affixing;",52021PC0206,,"‘CE marking of conformity’ (CE marking) means a marking by which a provider indicates that an AI system is in conformity with the requirements set out in Title III, Chapter 2 of this Regulation and other applicable Union legislation harmonising the conditions for the marketing of products (‘Union harmonisation legislation’) providing for its affixing;"
Art3(1)(25),point,Art3,Art3/1/25,‘post-market monitoring’ means all activities carried out by providers of AI systems to proactively collect and review experience gained from the use of AI systems they place on the market or put into service for the purpose of identifying any need to immediately apply any necessary corrective or preventive actions;,52021PC0206,,‘post-market monitoring’ means all activities carried out by providers of AI systems to proactively collect and review experience gained from the use of AI systems they place on the market or put into service for the purpose of identifying any need to immediately apply any necessary corrective or preventive actions;
Art3(1)(26),point,Art3,Art3/1/26,‘market surveillance authority’ means the national authority carrying out the activities and taking the measures pursuant to Regulation (EU) 2019/1020;,52021PC0206,,‘market surveillance authority’ means the national authority carrying out the activities and taking the measures pursuant to Regulation (EU) 2019/1020;
Art3(1)(27),point,Art3,Art3/1/27,‘harmonised standard’ means a European standard as defined in Article 2(1)(c) of Regulation (EU) No 1025/2012;,52021PC0206,,‘harmonised standard’ means a European standard as defined in Article 2(1)(c) of Regulation (EU) No 1025/2012;
Art3(1)(28),point,Art3,Art3/1/28,"‘common specifications’ means a document, other than a standard, containing technical solutions providing a means to, comply with certain requirements and obligations established under this Regulation;",52021PC0206,,"‘common specifications’ means a document, other than a standard, containing technical solutions providing a means to, comply with certain requirements and obligations established under this Regulation;"
Art3(1)(29),point,Art3,Art3/1/29,"‘training data’ means data used for training an AI system through fitting its learnable parameters, including the weights of a neural network;",52021PC0206,,"‘training data’ means data used for training an AI system through fitting its learnable parameters, including the weights of a neural network;"
Art3(1)(30),point,Art3,Art3/1/30,"‘validation data’ means data used for providing an evaluation of the trained AI system and for tuning its non-learnable parameters and its learning process, among other things, in order to prevent overfitting; whereas the validation dataset can be a separate dataset or part of the training dataset, either as a fixed or variable split;",52021PC0206,,"‘validation data’ means data used for providing an evaluation of the trained AI system and for tuning its non-learnable parameters and its learning process, among other things, in order to prevent overfitting; whereas the validation dataset can be a separate dataset or part of the training dataset, either as a fixed or variable split;"
Art3(1)(31),point,Art3,Art3/1/31,‘testing data’ means data used for providing an independent evaluation of the trained and validated AI system in order to confirm the expected performance of that system before its placing on the market or putting into service;,52021PC0206,,‘testing data’ means data used for providing an independent evaluation of the trained and validated AI system in order to confirm the expected performance of that system before its placing on the market or putting into service;
Art3(1)(32),point,Art3,Art3/1/32,‘input data’ means data provided to or directly acquired by an AI system on the basis of which the system produces an output;,52021PC0206,,‘input data’ means data provided to or directly acquired by an AI system on the basis of which the system produces an output;
Art3(1)(33),point,Art3,Art3/1/33,"‘biometric data’ means personal data resulting from specific technical processing relating to the physical, physiological or behavioural characteristics of a natural person, which allow or confirm the unique identification of that natural person, such as facial images or dactyloscopic data;",52021PC0206,,"‘biometric data’ means personal data resulting from specific technical processing relating to the physical, physiological or behavioural characteristics of a natural person, which allow or confirm the unique identification of that natural person, such as facial images or dactyloscopic data;"
Art3(1)(34),point,Art3,Art3/1/34,‘emotion recognition system’ means an AI system for the purpose of identifying or inferring emotions or intentions of natural persons on the basis of their biometric data;,52021PC0206,,‘emotion recognition system’ means an AI system for the purpose of identifying or inferring emotions or intentions of natural persons on the basis of their biometric data;
Art3(1)(35),point,Art3,Art3/1/35,"‘biometric categorisation system’ means an AI system for the purpose of assigning natural persons to specific categories, such as sex, age, hair colour, eye colour, tattoos, ethnic origin or sexual or political orientation, on the basis of their biometric data;",52021PC0206,,"‘biometric categorisation system’ means an AI system for the purpose of assigning natural persons to specific categories, such as sex, age, hair colour, eye colour, tattoos, ethnic origin or sexual or political orientation, on the basis of their biometric data;"
Art3(1)(36),point,Art3,Art3/1/36,"‘remote biometric identification system’ means an AI system for the purpose of identifying natural persons at a distance through the comparison of a person’s biometric data with the biometric data contained in a reference database, and without prior knowledge of the user of the AI system whether the person will be present and can be identified ;",52021PC0206,,"‘remote biometric identification system’ means an AI system for the purpose of identifying natural persons at a distance through the comparison of a person’s biometric data with the biometric data contained in a reference database, and without prior knowledge of the user of the AI system whether the person will be present and can be identified ;"
Art3(1)(37),point,Art3,Art3/1/37,"‘‘real-time’ remote biometric identification system’ means a remote biometric identification system whereby the capturing of biometric data, the comparison and the identification all occur without a significant delay. This comprises not only instant identification, but also limited short delays in order to avoid circumvention.",52021PC0206,,"‘‘real-time’ remote biometric identification system’ means a remote biometric identification system whereby the capturing of biometric data, the comparison and the identification all occur without a significant delay. This comprises not only instant identification, but also limited short delays in order to avoid circumvention."
Art3(1)(38),point,Art3,Art3/1/38,‘‘post’ remote biometric identification system’ means a remote biometric identification system other than a ‘real-time’ remote biometric identification system;,52021PC0206,,‘‘post’ remote biometric identification system’ means a remote biometric identification system other than a ‘real-time’ remote biometric identification system;
Art3(1)(39),point,Art3,Art3/1/39,"‘publicly accessible space’ means any physical place accessible to the public, regardless of whether certain conditions for access may apply;",52021PC0206,,"‘publicly accessible space’ means any physical place accessible to the public, regardless of whether certain conditions for access may apply;"
Art3(1)(40),point,Art3,Art3/1/40,‘law enforcement authority’ means:,52021PC0206,,"‘law enforcement authority’ means: any public authority competent for the prevention, investigation, detection or prosecution of criminal offences or the execution of criminal penalties, including the safeguarding against and the prevention of threats to public security; or any other body or entity entrusted by Member State law to exercise public authority and public powers for the purposes of the prevention, investigation, detection or prosecution of criminal offences or the execution of criminal penalties, including the safeguarding against and the prevention of threats to public security;"
Art3(1)(40)(a),subpoint,Art3,Art3/1/40/a,"any public authority competent for the prevention, investigation, detection or prosecution of criminal offences or the execution of criminal penalties, including the safeguarding against and the prevention of threats to public security; or",52021PC0206,,"any public authority competent for the prevention, investigation, detection or prosecution of criminal offences or the execution of criminal penalties, including the safeguarding against and the prevention of threats to public security; or"
Art3(1)(40)(b),subpoint,Art3,Art3/1/40/b,"any other body or entity entrusted by Member State law to exercise public authority and public powers for the purposes of the prevention, investigation, detection or prosecution of criminal offences or the execution of criminal penalties, including the safeguarding against and the prevention of threats to public security;",52021PC0206,,"any other body or entity entrusted by Member State law to exercise public authority and public powers for the purposes of the prevention, investigation, detection or prosecution of criminal offences or the execution of criminal penalties, including the safeguarding against and the prevention of threats to public security;"
Art3(1)(41),point,Art3,Art3/1/41,"‘law enforcement’ means activities carried out by law enforcement authorities for the prevention, investigation, detection or prosecution of criminal offences or the execution of criminal penalties, including the safeguarding against and the prevention of threats to public security;",52021PC0206,,"‘law enforcement’ means activities carried out by law enforcement authorities for the prevention, investigation, detection or prosecution of criminal offences or the execution of criminal penalties, including the safeguarding against and the prevention of threats to public security;"
Art3(1)(42),point,Art3,Art3/1/42,"‘national supervisory authority’ means the authority to which a Member State assigns the responsibility for the implementation and application of this Regulation, for coordinating the activities entrusted to that Member State, for acting as the single contact point for the Commission, and for representing the Member State at the European Artificial Intelligence Board;",52021PC0206,,"‘national supervisory authority’ means the authority to which a Member State assigns the responsibility for the implementation and application of this Regulation, for coordinating the activities entrusted to that Member State, for acting as the single contact point for the Commission, and for representing the Member State at the European Artificial Intelligence Board;"
Art3(1)(43),point,Art3,Art3/1/43,"‘national competent authority’ means the national supervisory authority, the notifying authority and the market surveillance authority;",52021PC0206,,"‘national competent authority’ means the national supervisory authority, the notifying authority and the market surveillance authority;"
Art3(1)(44),point,Art3,Art3/1/44,"‘serious incident’ means any incident that directly or indirectly leads, might have led or might lead to any of the following:",52021PC0206,,"‘serious incident’ means any incident that directly or indirectly leads, might have led or might lead to any of the following: the death of a person or serious damage to a person’s health, to property or the environment, a serious and irreversible disruption of the management and operation of critical infrastructure."
Art3(1)(44)(a),subpoint,Art3,Art3/1/44/a,"the death of a person or serious damage to a person’s health, to property or the environment,",52021PC0206,,"the death of a person or serious damage to a person’s health, to property or the environment,"
Art3(1)(44)(b),subpoint,Art3,Art3/1/44/b,a serious and irreversible disruption of the management and operation of critical infrastructure.,52021PC0206,,a serious and irreversible disruption of the management and operation of critical infrastructure.
Art4,article,Art4,Art4,"The Commission is empowered to adopt delegated acts in accordance with Article 73 to amend the list of techniques and approaches listed in Annex I, in order to update that list to market and technological developments on the basis of characteristics that are similar to the techniques and approaches listed therein.",52021PC0206,Amendments to Annex I,"The Commission is empowered to adopt delegated acts in accordance with Article 73 to amend the list of techniques and approaches listed in Annex I, in order to update that list to market and technological developments on the basis of characteristics that are similar to the techniques and approaches listed therein."
Art5,article,Art5,Art5,,52021PC0206,,"The following artificial intelligence practices shall be prohibited: the placing on the market, putting into service or use of an AI system that deploys subliminal techniques beyond a person’s consciousness in order to materially distort a person’s behaviour in a manner that causes or is likely to cause that person or another person physical or psychological harm; the placing on the market, putting into service or use of an AI system that exploits any of the vulnerabilities of a specific group of persons due to their age, physical or mental disability, in order to materially distort the behaviour of a person pertaining to that group in a manner that causes or is likely to cause that person or another person physical or psychological harm; the placing on the market, putting into service or use of AI systems by public authorities or on their behalf for the evaluation or classification of the trustworthiness of natural persons over a certain period of time based on their social behaviour or known or predicted personal or personality characteristics, with the social score leading to either or both of the following: detrimental or unfavourable treatment of certain natural persons or whole groups thereof in social contexts which are unrelated to the contexts in which the data was originally generated or collected; detrimental or unfavourable treatment of certain natural persons or whole groups thereof that is unjustified or disproportionate to their social behaviour or its gravity; the use of ‘real-time’ remote biometric identification systems in publicly accessible spaces for the purpose of law enforcement, unless and in as far as such use is strictly necessary for one of the following objectives: the targeted search for specific potential victims of crime, including missing children; the prevention of a specific, substantial and imminent threat to the life or physical safety of natural persons or of a terrorist attack; the detection, localisation, identification or prosecution of a perpetrator or suspect of a criminal offence referred to in Article 2(2) of Council Framework Decision 2002/584/JHA and punishable in the Member State concerned by a custodial sentence or a detention order for a maximum period of at least three years, as determined by the law of that Member State. The use of ‘real-time’ remote biometric identification systems in publicly accessible spaces for the purpose of law enforcement for any of the objectives referred to in paragraph 1 point d) shall take into account the following elements: the nature of the situation giving rise to the possible use, in particular the seriousness, probability and scale of the harm caused in the absence of the use of the system; the consequences of the use of the system for the rights and freedoms of all persons concerned, in particular the seriousness, probability and scale of those consequences. In addition, the use of ‘real-time’ remote biometric identification systems in publicly accessible spaces for the purpose of law enforcement for any of the objectives referred to in paragraph 1 point d) shall comply with necessary and proportionate safeguards and conditions in relation to the use, in particular as regards the temporal, geographic and personal limitations. As regards paragraphs 1, point (d) and 2, each individual use for the purpose of law enforcement of a ‘real-time’ remote biometric identification system in publicly accessible spaces shall be subject to a prior authorisation granted by a judicial authority or by an independent administrative authority of the Member State in which the use is to take place, issued upon a reasoned request and in accordance with the detailed rules of national law referred to in paragraph 4. However, in a duly justified situation of urgency, the use of the system may be commenced without an authorisation and the authorisation may be requested only during or after the use. The competent judicial or administrative authority shall only grant the authorisation where it is satisfied, based on objective evidence or clear indications presented to it, that the use of the ‘real-time’ remote biometric identification system at issue is necessary for and proportionate to achieving one of the objectives specified in paragraph 1, point (d), as identified in the request. In deciding on the request, the competent judicial or administrative authority shall take into account the elements referred to in paragraph 2. A Member State may decide to provide for the possibility to fully or partially authorise the use of ‘real-time’ remote biometric identification systems in publicly accessible spaces for the purpose of law enforcement within the limits and under the conditions listed in paragraphs 1, point (d), 2 and 3. That Member State shall lay down in its national law the necessary detailed rules for the request, issuance and exercise of, as well as supervision relating to, the authorisations referred to in paragraph 3. Those rules shall also specify in respect of which of the objectives listed in paragraph 1, point (d), including which of the criminal offences referred to in point (iii) thereof, the competent authorities may be authorised to use those systems for the purpose of law enforcement."
Art5(1),paragraph,Art5,Art5/1,The following artificial intelligence practices shall be prohibited:,52021PC0206,,"The following artificial intelligence practices shall be prohibited: the placing on the market, putting into service or use of an AI system that deploys subliminal techniques beyond a person’s consciousness in order to materially distort a person’s behaviour in a manner that causes or is likely to cause that person or another person physical or psychological harm; the placing on the market, putting into service or use of an AI system that exploits any of the vulnerabilities of a specific group of persons due to their age, physical or mental disability, in order to materially distort the behaviour of a person pertaining to that group in a manner that causes or is likely to cause that person or another person physical or psychological harm; the placing on the market, putting into service or use of AI systems by public authorities or on their behalf for the evaluation or classification of the trustworthiness of natural persons over a certain period of time based on their social behaviour or known or predicted personal or personality characteristics, with the social score leading to either or both of the following: detrimental or unfavourable treatment of certain natural persons or whole groups thereof in social contexts which are unrelated to the contexts in which the data was originally generated or collected; detrimental or unfavourable treatment of certain natural persons or whole groups thereof that is unjustified or disproportionate to their social behaviour or its gravity; the use of ‘real-time’ remote biometric identification systems in publicly accessible spaces for the purpose of law enforcement, unless and in as far as such use is strictly necessary for one of the following objectives: the targeted search for specific potential victims of crime, including missing children; the prevention of a specific, substantial and imminent threat to the life or physical safety of natural persons or of a terrorist attack; the detection, localisation, identification or prosecution of a perpetrator or suspect of a criminal offence referred to in Article 2(2) of Council Framework Decision 2002/584/JHA and punishable in the Member State concerned by a custodial sentence or a detention order for a maximum period of at least three years, as determined by the law of that Member State."
Art5(1)(a),point,Art5,Art5/1/a,"the placing on the market, putting into service or use of an AI system that deploys subliminal techniques beyond a person’s consciousness in order to materially distort a person’s behaviour in a manner that causes or is likely to cause that person or another person physical or psychological harm;",52021PC0206,,"the placing on the market, putting into service or use of an AI system that deploys subliminal techniques beyond a person’s consciousness in order to materially distort a person’s behaviour in a manner that causes or is likely to cause that person or another person physical or psychological harm;"
Art5(1)(b),point,Art5,Art5/1/b,"the placing on the market, putting into service or use of an AI system that exploits any of the vulnerabilities of a specific group of persons due to their age, physical or mental disability, in order to materially distort the behaviour of a person pertaining to that group in a manner that causes or is likely to cause that person or another person physical or psychological harm;",52021PC0206,,"the placing on the market, putting into service or use of an AI system that exploits any of the vulnerabilities of a specific group of persons due to their age, physical or mental disability, in order to materially distort the behaviour of a person pertaining to that group in a manner that causes or is likely to cause that person or another person physical or psychological harm;"
Art5(1)(c),point,Art5,Art5/1/c,"the placing on the market, putting into service or use of AI systems by public authorities or on their behalf for the evaluation or classification of the trustworthiness of natural persons over a certain period of time based on their social behaviour or known or predicted personal or personality characteristics, with the social score leading to either or both of the following:",52021PC0206,,"the placing on the market, putting into service or use of AI systems by public authorities or on their behalf for the evaluation or classification of the trustworthiness of natural persons over a certain period of time based on their social behaviour or known or predicted personal or personality characteristics, with the social score leading to either or both of the following: detrimental or unfavourable treatment of certain natural persons or whole groups thereof in social contexts which are unrelated to the contexts in which the data was originally generated or collected; detrimental or unfavourable treatment of certain natural persons or whole groups thereof that is unjustified or disproportionate to their social behaviour or its gravity;"
Art5(1)(c)(i),subpoint,Art5,Art5/1/c/i,detrimental or unfavourable treatment of certain natural persons or whole groups thereof in social contexts which are unrelated to the contexts in which the data was originally generated or collected;,52021PC0206,,detrimental or unfavourable treatment of certain natural persons or whole groups thereof in social contexts which are unrelated to the contexts in which the data was originally generated or collected;
Art5(1)(c)(ii),subpoint,Art5,Art5/1/c/ii,detrimental or unfavourable treatment of certain natural persons or whole groups thereof that is unjustified or disproportionate to their social behaviour or its gravity;,52021PC0206,,detrimental or unfavourable treatment of certain natural persons or whole groups thereof that is unjustified or disproportionate to their social behaviour or its gravity;
Art5(1)(d),point,Art5,Art5/1/d,"the use of ‘real-time’ remote biometric identification systems in publicly accessible spaces for the purpose of law enforcement, unless and in as far as such use is strictly necessary for one of the following objectives:",52021PC0206,,"the use of ‘real-time’ remote biometric identification systems in publicly accessible spaces for the purpose of law enforcement, unless and in as far as such use is strictly necessary for one of the following objectives: the targeted search for specific potential victims of crime, including missing children; the prevention of a specific, substantial and imminent threat to the life or physical safety of natural persons or of a terrorist attack; the detection, localisation, identification or prosecution of a perpetrator or suspect of a criminal offence referred to in Article 2(2) of Council Framework Decision 2002/584/JHA and punishable in the Member State concerned by a custodial sentence or a detention order for a maximum period of at least three years, as determined by the law of that Member State."
Art5(1)(d)(i),subpoint,Art5,Art5/1/d/i,"the targeted search for specific potential victims of crime, including missing children;",52021PC0206,,"the targeted search for specific potential victims of crime, including missing children;"
Art5(1)(d)(ii),subpoint,Art5,Art5/1/d/ii,"the prevention of a specific, substantial and imminent threat to the life or physical safety of natural persons or of a terrorist attack;",52021PC0206,,"the prevention of a specific, substantial and imminent threat to the life or physical safety of natural persons or of a terrorist attack;"
Art5(1)(d)(iii),subpoint,Art5,Art5/1/d/iii,"the detection, localisation, identification or prosecution of a perpetrator or suspect of a criminal offence referred to in Article 2(2) of Council Framework Decision 2002/584/JHA and punishable in the Member State concerned by a custodial sentence or a detention order for a maximum period of at least three years, as determined by the law of that Member State.",52021PC0206,,"the detection, localisation, identification or prosecution of a perpetrator or suspect of a criminal offence referred to in Article 2(2) of Council Framework Decision 2002/584/JHA and punishable in the Member State concerned by a custodial sentence or a detention order for a maximum period of at least three years, as determined by the law of that Member State."
Art5(2),paragraph,Art5,Art5/2,The use of ‘real-time’ remote biometric identification systems in publicly accessible spaces for the purpose of law enforcement for any of the objectives referred to in paragraph 1 point d) shall take into account the following elements:,52021PC0206,,"The use of ‘real-time’ remote biometric identification systems in publicly accessible spaces for the purpose of law enforcement for any of the objectives referred to in paragraph 1 point d) shall take into account the following elements: the nature of the situation giving rise to the possible use, in particular the seriousness, probability and scale of the harm caused in the absence of the use of the system; the consequences of the use of the system for the rights and freedoms of all persons concerned, in particular the seriousness, probability and scale of those consequences. In addition, the use of ‘real-time’ remote biometric identification systems in publicly accessible spaces for the purpose of law enforcement for any of the objectives referred to in paragraph 1 point d) shall comply with necessary and proportionate safeguards and conditions in relation to the use, in particular as regards the temporal, geographic and personal limitations."
Art5(2)(a),point,Art5,Art5/2/a,"the nature of the situation giving rise to the possible use, in particular the seriousness, probability and scale of the harm caused in the absence of the use of the system;",52021PC0206,,"the nature of the situation giving rise to the possible use, in particular the seriousness, probability and scale of the harm caused in the absence of the use of the system;"
Art5(2)(b),point,Art5,Art5/2/b,"the consequences of the use of the system for the rights and freedoms of all persons concerned, in particular the seriousness, probability and scale of those consequences. In addition, the use of ‘real-time’ remote biometric identification systems in publicly accessible spaces for the purpose of law enforcement for any of the objectives referred to in paragraph 1 point d) shall comply with necessary and proportionate safeguards and conditions in relation to the use, in particular as regards the temporal, geographic and personal limitations.",52021PC0206,,"the consequences of the use of the system for the rights and freedoms of all persons concerned, in particular the seriousness, probability and scale of those consequences. In addition, the use of ‘real-time’ remote biometric identification systems in publicly accessible spaces for the purpose of law enforcement for any of the objectives referred to in paragraph 1 point d) shall comply with necessary and proportionate safeguards and conditions in relation to the use, in particular as regards the temporal, geographic and personal limitations."
Art5(3),paragraph,Art5,Art5/3,"As regards paragraphs 1, point (d) and 2, each individual use for the purpose of law enforcement of a ‘real-time’ remote biometric identification system in publicly accessible spaces shall be subject to a prior authorisation granted by a judicial authority or by an independent administrative authority of the Member State in which the use is to take place, issued upon a reasoned request and in accordance with the detailed rules of national law referred to in paragraph 4. However, in a duly justified situation of urgency, the use of the system may be commenced without an authorisation and the authorisation may be requested only during or after the use. The competent judicial or administrative authority shall only grant the authorisation where it is satisfied, based on objective evidence or clear indications presented to it, that the use of the ‘real-time’ remote biometric identification system at issue is necessary for and proportionate to achieving one of the objectives specified in paragraph 1, point (d), as identified in the request. In deciding on the request, the competent judicial or administrative authority shall take into account the elements referred to in paragraph 2.",52021PC0206,,"As regards paragraphs 1, point (d) and 2, each individual use for the purpose of law enforcement of a ‘real-time’ remote biometric identification system in publicly accessible spaces shall be subject to a prior authorisation granted by a judicial authority or by an independent administrative authority of the Member State in which the use is to take place, issued upon a reasoned request and in accordance with the detailed rules of national law referred to in paragraph 4. However, in a duly justified situation of urgency, the use of the system may be commenced without an authorisation and the authorisation may be requested only during or after the use. The competent judicial or administrative authority shall only grant the authorisation where it is satisfied, based on objective evidence or clear indications presented to it, that the use of the ‘real-time’ remote biometric identification system at issue is necessary for and proportionate to achieving one of the objectives specified in paragraph 1, point (d), as identified in the request. In deciding on the request, the competent judicial or administrative authority shall take into account the elements referred to in paragraph 2."
Art5(4),paragraph,Art5,Art5/4,"A Member State may decide to provide for the possibility to fully or partially authorise the use of ‘real-time’ remote biometric identification systems in publicly accessible spaces for the purpose of law enforcement within the limits and under the conditions listed in paragraphs 1, point (d), 2 and 3. That Member State shall lay down in its national law the necessary detailed rules for the request, issuance and exercise of, as well as supervision relating to, the authorisations referred to in paragraph 3. Those rules shall also specify in respect of which of the objectives listed in paragraph 1, point (d), including which of the criminal offences referred to in point (iii) thereof, the competent authorities may be authorised to use those systems for the purpose of law enforcement.",52021PC0206,,"A Member State may decide to provide for the possibility to fully or partially authorise the use of ‘real-time’ remote biometric identification systems in publicly accessible spaces for the purpose of law enforcement within the limits and under the conditions listed in paragraphs 1, point (d), 2 and 3. That Member State shall lay down in its national law the necessary detailed rules for the request, issuance and exercise of, as well as supervision relating to, the authorisations referred to in paragraph 3. Those rules shall also specify in respect of which of the objectives listed in paragraph 1, point (d), including which of the criminal offences referred to in point (iii) thereof, the competent authorities may be authorised to use those systems for the purpose of law enforcement."
Art6,article,Art6,Art6,,52021PC0206,Classification rules for high-risk AI systems,"Irrespective of whether an AI system is placed on the market or put into service independently from the products referred to in points (a) and (b), that AI system shall be considered high-risk where both of the following conditions are fulfilled: the AI system is intended to be used as a safety component of a product, or is itself a product, covered by the Union harmonisation legislation listed in Annex II; the product whose safety component is the AI system, or the AI system itself as a product, is required to undergo a third-party conformity assessment with a view to the placing on the market or putting into service of that product pursuant to the Union harmonisation legislation listed in Annex II. In addition to the high-risk AI systems referred to in paragraph 1, AI systems referred to in Annex III shall also be considered high-risk."
Art6(1),paragraph,Art6,Art6/1,"Irrespective of whether an AI system is placed on the market or put into service independently from the products referred to in points (a) and (b), that AI system shall be considered high-risk where both of the following conditions are fulfilled:",52021PC0206,,"Irrespective of whether an AI system is placed on the market or put into service independently from the products referred to in points (a) and (b), that AI system shall be considered high-risk where both of the following conditions are fulfilled: the AI system is intended to be used as a safety component of a product, or is itself a product, covered by the Union harmonisation legislation listed in Annex II; the product whose safety component is the AI system, or the AI system itself as a product, is required to undergo a third-party conformity assessment with a view to the placing on the market or putting into service of that product pursuant to the Union harmonisation legislation listed in Annex II."
Art6(1)(a),point,Art6,Art6/1/a,"the AI system is intended to be used as a safety component of a product, or is itself a product, covered by the Union harmonisation legislation listed in Annex II;",52021PC0206,,"the AI system is intended to be used as a safety component of a product, or is itself a product, covered by the Union harmonisation legislation listed in Annex II;"
Art6(1)(b),point,Art6,Art6/1/b,"the product whose safety component is the AI system, or the AI system itself as a product, is required to undergo a third-party conformity assessment with a view to the placing on the market or putting into service of that product pursuant to the Union harmonisation legislation listed in Annex II.",52021PC0206,,"the product whose safety component is the AI system, or the AI system itself as a product, is required to undergo a third-party conformity assessment with a view to the placing on the market or putting into service of that product pursuant to the Union harmonisation legislation listed in Annex II."
Art6(2),paragraph,Art6,Art6/2,"In addition to the high-risk AI systems referred to in paragraph 1, AI systems referred to in Annex III shall also be considered high-risk.",52021PC0206,,"In addition to the high-risk AI systems referred to in paragraph 1, AI systems referred to in Annex III shall also be considered high-risk."
Art7,article,Art7,Art7,,52021PC0206,Amendments to Annex III,"The Commission is empowered to adopt delegated acts in accordance with Article 73 to update the list in Annex III by adding high-risk AI systems where both of the following conditions are fulfilled: the AI systems are intended to be used in any of the areas listed in points 1 to 8 of Annex III; the AI systems pose a risk of harm to the health and safety, or a risk of adverse impact on fundamental rights, that is, in respect of its severity and probability of occurrence, equivalent to or greater than the risk of harm or of adverse impact posed by the high-risk AI systems already referred to in Annex III. When assessing for the purposes of paragraph 1 whether an AI system poses a risk of harm to the health and safety or a risk of adverse impact on fundamental rights that is equivalent to or greater than the risk of harm posed by the high-risk AI systems already referred to in Annex III, the Commission shall take into account the following criteria: the intended purpose of the AI system; the extent to which an AI system has been used or is likely to be used; the extent to which the use of an AI system has already caused harm to the health and safety or adverse impact on the fundamental rights or has given rise to significant concerns in relation to the materialisation of such harm or adverse impact, as demonstrated by reports or documented allegations submitted to national competent authorities; the potential extent of such harm or such adverse impact, in particular in terms of its intensity and its ability to affect a plurality of persons; the extent to which potentially harmed or adversely impacted persons are dependent on the outcome produced with an AI system, in particular because for practical or legal reasons it is not reasonably possible to opt-out from that outcome; the extent to which potentially harmed or adversely impacted persons are in a vulnerable position in relation to the user of an AI system, in particular due to an imbalance of power, knowledge, economic or social circumstances, or age; the extent to which the outcome produced with an AI system is easily reversible, whereby outcomes having an impact on the health or safety of persons shall not be considered as easily reversible; the extent to which existing Union legislation provides for: effective measures of redress in relation to the risks posed by an AI system, with the exclusion of claims for damages; effective measures to prevent or substantially minimise those risks. Chapter 2 requirements for high-risk Ai systems"
Art7(1),paragraph,Art7,Art7/1,The Commission is empowered to adopt delegated acts in accordance with Article 73 to update the list in Annex III by adding high-risk AI systems where both of the following conditions are fulfilled:,52021PC0206,,"The Commission is empowered to adopt delegated acts in accordance with Article 73 to update the list in Annex III by adding high-risk AI systems where both of the following conditions are fulfilled: the AI systems are intended to be used in any of the areas listed in points 1 to 8 of Annex III; the AI systems pose a risk of harm to the health and safety, or a risk of adverse impact on fundamental rights, that is, in respect of its severity and probability of occurrence, equivalent to or greater than the risk of harm or of adverse impact posed by the high-risk AI systems already referred to in Annex III."
Art7(1)(a),point,Art7,Art7/1/a,the AI systems are intended to be used in any of the areas listed in points 1 to 8 of Annex III;,52021PC0206,,the AI systems are intended to be used in any of the areas listed in points 1 to 8 of Annex III;
Art7(1)(b),point,Art7,Art7/1/b,"the AI systems pose a risk of harm to the health and safety, or a risk of adverse impact on fundamental rights, that is, in respect of its severity and probability of occurrence, equivalent to or greater than the risk of harm or of adverse impact posed by the high-risk AI systems already referred to in Annex III.",52021PC0206,,"the AI systems pose a risk of harm to the health and safety, or a risk of adverse impact on fundamental rights, that is, in respect of its severity and probability of occurrence, equivalent to or greater than the risk of harm or of adverse impact posed by the high-risk AI systems already referred to in Annex III."
Art7(2),paragraph,Art7,Art7/2,"When assessing for the purposes of paragraph 1 whether an AI system poses a risk of harm to the health and safety or a risk of adverse impact on fundamental rights that is equivalent to or greater than the risk of harm posed by the high-risk AI systems already referred to in Annex III, the Commission shall take into account the following criteria:",52021PC0206,,"When assessing for the purposes of paragraph 1 whether an AI system poses a risk of harm to the health and safety or a risk of adverse impact on fundamental rights that is equivalent to or greater than the risk of harm posed by the high-risk AI systems already referred to in Annex III, the Commission shall take into account the following criteria: the intended purpose of the AI system; the extent to which an AI system has been used or is likely to be used; the extent to which the use of an AI system has already caused harm to the health and safety or adverse impact on the fundamental rights or has given rise to significant concerns in relation to the materialisation of such harm or adverse impact, as demonstrated by reports or documented allegations submitted to national competent authorities; the potential extent of such harm or such adverse impact, in particular in terms of its intensity and its ability to affect a plurality of persons; the extent to which potentially harmed or adversely impacted persons are dependent on the outcome produced with an AI system, in particular because for practical or legal reasons it is not reasonably possible to opt-out from that outcome; the extent to which potentially harmed or adversely impacted persons are in a vulnerable position in relation to the user of an AI system, in particular due to an imbalance of power, knowledge, economic or social circumstances, or age; the extent to which the outcome produced with an AI system is easily reversible, whereby outcomes having an impact on the health or safety of persons shall not be considered as easily reversible; the extent to which existing Union legislation provides for: effective measures of redress in relation to the risks posed by an AI system, with the exclusion of claims for damages; effective measures to prevent or substantially minimise those risks. Chapter 2 requirements for high-risk Ai systems"
Art7(2)(a),point,Art7,Art7/2/a,the intended purpose of the AI system;,52021PC0206,,the intended purpose of the AI system;
Art7(2)(b),point,Art7,Art7/2/b,the extent to which an AI system has been used or is likely to be used;,52021PC0206,,the extent to which an AI system has been used or is likely to be used;
Art7(2)(c),point,Art7,Art7/2/c,"the extent to which the use of an AI system has already caused harm to the health and safety or adverse impact on the fundamental rights or has given rise to significant concerns in relation to the materialisation of such harm or adverse impact, as demonstrated by reports or documented allegations submitted to national competent authorities;",52021PC0206,,"the extent to which the use of an AI system has already caused harm to the health and safety or adverse impact on the fundamental rights or has given rise to significant concerns in relation to the materialisation of such harm or adverse impact, as demonstrated by reports or documented allegations submitted to national competent authorities;"
Art7(2)(d),point,Art7,Art7/2/d,"the potential extent of such harm or such adverse impact, in particular in terms of its intensity and its ability to affect a plurality of persons;",52021PC0206,,"the potential extent of such harm or such adverse impact, in particular in terms of its intensity and its ability to affect a plurality of persons;"
Art7(2)(e),point,Art7,Art7/2/e,"the extent to which potentially harmed or adversely impacted persons are dependent on the outcome produced with an AI system, in particular because for practical or legal reasons it is not reasonably possible to opt-out from that outcome;",52021PC0206,,"the extent to which potentially harmed or adversely impacted persons are dependent on the outcome produced with an AI system, in particular because for practical or legal reasons it is not reasonably possible to opt-out from that outcome;"
Art7(2)(f),point,Art7,Art7/2/f,"the extent to which potentially harmed or adversely impacted persons are in a vulnerable position in relation to the user of an AI system, in particular due to an imbalance of power, knowledge, economic or social circumstances, or age;",52021PC0206,,"the extent to which potentially harmed or adversely impacted persons are in a vulnerable position in relation to the user of an AI system, in particular due to an imbalance of power, knowledge, economic or social circumstances, or age;"
Art7(2)(g),point,Art7,Art7/2/g,"the extent to which the outcome produced with an AI system is easily reversible, whereby outcomes having an impact on the health or safety of persons shall not be considered as easily reversible;",52021PC0206,,"the extent to which the outcome produced with an AI system is easily reversible, whereby outcomes having an impact on the health or safety of persons shall not be considered as easily reversible;"
Art7(2)(h),point,Art7,Art7/2/h,the extent to which existing Union legislation provides for:,52021PC0206,,"the extent to which existing Union legislation provides for: effective measures of redress in relation to the risks posed by an AI system, with the exclusion of claims for damages; effective measures to prevent or substantially minimise those risks. Chapter 2 requirements for high-risk Ai systems"
Art7(2)(h)(i),subpoint,Art7,Art7/2/h/i,"effective measures of redress in relation to the risks posed by an AI system, with the exclusion of claims for damages;",52021PC0206,,"effective measures of redress in relation to the risks posed by an AI system, with the exclusion of claims for damages;"
Art7(2)(h)(ii),subpoint,Art7,Art7/2/h/ii,effective measures to prevent or substantially minimise those risks. Chapter 2 requirements for high-risk Ai systems,52021PC0206,,effective measures to prevent or substantially minimise those risks. Chapter 2 requirements for high-risk Ai systems
Art8,article,Art8,Art8,,52021PC0206,Compliance with the requirements,High-risk AI systems shall comply with the requirements established in this Chapter. The intended purpose of the high-risk AI system and the risk management system referred to in Article 9 shall be taken into account when ensuring compliance with those requirements.
Art8(1),paragraph,Art8,Art8/1,High-risk AI systems shall comply with the requirements established in this Chapter.,52021PC0206,,High-risk AI systems shall comply with the requirements established in this Chapter.
Art8(2),paragraph,Art8,Art8/2,The intended purpose of the high-risk AI system and the risk management system referred to in Article 9 shall be taken into account when ensuring compliance with those requirements.,52021PC0206,,The intended purpose of the high-risk AI system and the risk management system referred to in Article 9 shall be taken into account when ensuring compliance with those requirements.
Art9,article,Art9,Art9,,52021PC0206,Risk management system,"A risk management system shall be established, implemented, documented and maintained in relation to high-risk AI systems. The risk management system shall consist of a continuous iterative process run throughout the entire lifecycle of a high-risk AI system, requiring regular systematic updating. It shall comprise the following steps: identification and analysis of the known and foreseeable risks associated with each high-risk AI system; estimation and evaluation of the risks that may emerge when the high-risk AI system is used in accordance with its intended purpose and under conditions of reasonably foreseeable misuse; evaluation of other possibly arising risks based on the analysis of data gathered from the post-market monitoring system referred to in Article 61; adoption of suitable risk management measures in accordance with the provisions of the following paragraphs. The risk management measures referred to in paragraph 2, point (d) shall give due consideration to the effects and possible interactions resulting from the combined application of the requirements set out in this Chapter 2. They shall take into account the generally acknowledged state of the art, including as reflected in relevant harmonised standards or common specifications. The risk management measures referred to in paragraph 2, point (d) shall be such that any residual risk associated with each hazard as well as the overall residual risk of the high-risk AI systems is judged acceptable, provided that the high-risk AI system is used in accordance with its intended purpose or under conditions of reasonably foreseeable misuse. Those residual risks shall be communicated to the user. In identifying the most appropriate risk management measures, the following shall be ensured: elimination or reduction of risks as far as possible through adequate design and development; where appropriate, implementation of adequate mitigation and control measures in relation to risks that cannot be eliminated; provision of adequate information pursuant to Article 13, in particular as regards the risks referred to in paragraph 2, point (b) of this Article, and, where appropriate, training to users. In eliminating or reducing risks related to the use of the high-risk AI system, due consideration shall be given to the technical knowledge, experience, education, training to be expected by the user and the environment in which the system is intended to be used. High-risk AI systems shall be tested for the purposes of identifying the most appropriate risk management measures. Testing shall ensure that high-risk AI systems perform consistently for their intended purpose and they are in compliance with the requirements set out in this Chapter. Testing procedures shall be suitable to achieve the intended purpose of the AI system and do not need to go beyond what is necessary to achieve that purpose. The testing of the high-risk AI systems shall be performed, as appropriate, at any point in time throughout the development process, and, in any event, prior to the placing on the market or the putting into service. Testing shall be made against preliminarily defined metrics and probabilistic thresholds that are appropriate to the intended purpose of the high-risk AI system. When implementing the risk management system described in paragraphs 1 to 7, specific consideration shall be given to whether the high-risk AI system is likely to be accessed by or have an impact on children. For credit institutions regulated by Directive 2013/36/EU, the aspects described in paragraphs 1 to 8 shall be part of the risk management procedures established by those institutions pursuant to Article 74 of that Directive."
Art9(1),paragraph,Art9,Art9/1,"A risk management system shall be established, implemented, documented and maintained in relation to high-risk AI systems.",52021PC0206,,"A risk management system shall be established, implemented, documented and maintained in relation to high-risk AI systems."
Art9(2),paragraph,Art9,Art9/2,"The risk management system shall consist of a continuous iterative process run throughout the entire lifecycle of a high-risk AI system, requiring regular systematic updating. It shall comprise the following steps:",52021PC0206,,"The risk management system shall consist of a continuous iterative process run throughout the entire lifecycle of a high-risk AI system, requiring regular systematic updating. It shall comprise the following steps: identification and analysis of the known and foreseeable risks associated with each high-risk AI system; estimation and evaluation of the risks that may emerge when the high-risk AI system is used in accordance with its intended purpose and under conditions of reasonably foreseeable misuse; evaluation of other possibly arising risks based on the analysis of data gathered from the post-market monitoring system referred to in Article 61; adoption of suitable risk management measures in accordance with the provisions of the following paragraphs."
Art9(2)(a),point,Art9,Art9/2/a,identification and analysis of the known and foreseeable risks associated with each high-risk AI system;,52021PC0206,,identification and analysis of the known and foreseeable risks associated with each high-risk AI system;
Art9(2)(b),point,Art9,Art9/2/b,estimation and evaluation of the risks that may emerge when the high-risk AI system is used in accordance with its intended purpose and under conditions of reasonably foreseeable misuse;,52021PC0206,,estimation and evaluation of the risks that may emerge when the high-risk AI system is used in accordance with its intended purpose and under conditions of reasonably foreseeable misuse;
Art9(2)(c),point,Art9,Art9/2/c,evaluation of other possibly arising risks based on the analysis of data gathered from the post-market monitoring system referred to in Article 61;,52021PC0206,,evaluation of other possibly arising risks based on the analysis of data gathered from the post-market monitoring system referred to in Article 61;
Art9(2)(d),point,Art9,Art9/2/d,adoption of suitable risk management measures in accordance with the provisions of the following paragraphs.,52021PC0206,,adoption of suitable risk management measures in accordance with the provisions of the following paragraphs.
Art9(3),paragraph,Art9,Art9/3,"The risk management measures referred to in paragraph 2, point (d) shall give due consideration to the effects and possible interactions resulting from the combined application of the requirements set out in this Chapter 2. They shall take into account the generally acknowledged state of the art, including as reflected in relevant harmonised standards or common specifications.",52021PC0206,,"The risk management measures referred to in paragraph 2, point (d) shall give due consideration to the effects and possible interactions resulting from the combined application of the requirements set out in this Chapter 2. They shall take into account the generally acknowledged state of the art, including as reflected in relevant harmonised standards or common specifications."
Art9(4),paragraph,Art9,Art9/4,"The risk management measures referred to in paragraph 2, point (d) shall be such that any residual risk associated with each hazard as well as the overall residual risk of the high-risk AI systems is judged acceptable, provided that the high-risk AI system is used in accordance with its intended purpose or under conditions of reasonably foreseeable misuse. Those residual risks shall be communicated to the user. In identifying the most appropriate risk management measures, the following shall be ensured:",52021PC0206,,"The risk management measures referred to in paragraph 2, point (d) shall be such that any residual risk associated with each hazard as well as the overall residual risk of the high-risk AI systems is judged acceptable, provided that the high-risk AI system is used in accordance with its intended purpose or under conditions of reasonably foreseeable misuse. Those residual risks shall be communicated to the user. In identifying the most appropriate risk management measures, the following shall be ensured: elimination or reduction of risks as far as possible through adequate design and development; where appropriate, implementation of adequate mitigation and control measures in relation to risks that cannot be eliminated; provision of adequate information pursuant to Article 13, in particular as regards the risks referred to in paragraph 2, point (b) of this Article, and, where appropriate, training to users. In eliminating or reducing risks related to the use of the high-risk AI system, due consideration shall be given to the technical knowledge, experience, education, training to be expected by the user and the environment in which the system is intended to be used."
Art9(4)(a),point,Art9,Art9/4/a,elimination or reduction of risks as far as possible through adequate design and development;,52021PC0206,,elimination or reduction of risks as far as possible through adequate design and development;
Art9(4)(b),point,Art9,Art9/4/b,"where appropriate, implementation of adequate mitigation and control measures in relation to risks that cannot be eliminated;",52021PC0206,,"where appropriate, implementation of adequate mitigation and control measures in relation to risks that cannot be eliminated;"
Art9(4)(c),point,Art9,Art9/4/c,"provision of adequate information pursuant to Article 13, in particular as regards the risks referred to in paragraph 2, point (b) of this Article, and, where appropriate, training to users. In eliminating or reducing risks related to the use of the high-risk AI system, due consideration shall be given to the technical knowledge, experience, education, training to be expected by the user and the environment in which the system is intended to be used.",52021PC0206,,"provision of adequate information pursuant to Article 13, in particular as regards the risks referred to in paragraph 2, point (b) of this Article, and, where appropriate, training to users. In eliminating or reducing risks related to the use of the high-risk AI system, due consideration shall be given to the technical knowledge, experience, education, training to be expected by the user and the environment in which the system is intended to be used."
Art9(5),paragraph,Art9,Art9/5,High-risk AI systems shall be tested for the purposes of identifying the most appropriate risk management measures. Testing shall ensure that high-risk AI systems perform consistently for their intended purpose and they are in compliance with the requirements set out in this Chapter.,52021PC0206,,High-risk AI systems shall be tested for the purposes of identifying the most appropriate risk management measures. Testing shall ensure that high-risk AI systems perform consistently for their intended purpose and they are in compliance with the requirements set out in this Chapter.
Art9(6),paragraph,Art9,Art9/6,Testing procedures shall be suitable to achieve the intended purpose of the AI system and do not need to go beyond what is necessary to achieve that purpose.,52021PC0206,,Testing procedures shall be suitable to achieve the intended purpose of the AI system and do not need to go beyond what is necessary to achieve that purpose.
Art9(7),paragraph,Art9,Art9/7,"The testing of the high-risk AI systems shall be performed, as appropriate, at any point in time throughout the development process, and, in any event, prior to the placing on the market or the putting into service. Testing shall be made against preliminarily defined metrics and probabilistic thresholds that are appropriate to the intended purpose of the high-risk AI system.",52021PC0206,,"The testing of the high-risk AI systems shall be performed, as appropriate, at any point in time throughout the development process, and, in any event, prior to the placing on the market or the putting into service. Testing shall be made against preliminarily defined metrics and probabilistic thresholds that are appropriate to the intended purpose of the high-risk AI system."
Art9(8),paragraph,Art9,Art9/8,"When implementing the risk management system described in paragraphs 1 to 7, specific consideration shall be given to whether the high-risk AI system is likely to be accessed by or have an impact on children.",52021PC0206,,"When implementing the risk management system described in paragraphs 1 to 7, specific consideration shall be given to whether the high-risk AI system is likely to be accessed by or have an impact on children."
Art9(9),paragraph,Art9,Art9/9,"For credit institutions regulated by Directive 2013/36/EU, the aspects described in paragraphs 1 to 8 shall be part of the risk management procedures established by those institutions pursuant to Article 74 of that Directive.",52021PC0206,,"For credit institutions regulated by Directive 2013/36/EU, the aspects described in paragraphs 1 to 8 shall be part of the risk management procedures established by those institutions pursuant to Article 74 of that Directive."
Art10,article,Art10,Art10,,52021PC0206,Data and data governance,"High-risk AI systems which make use of techniques involving the training of models with data shall be developed on the basis of training, validation and testing data sets that meet the quality criteria referred to in paragraphs 2 to 5. Training, validation and testing data sets shall be subject to appropriate data governance and management practices. Those practices shall concern in particular, the relevant design choices; data collection; relevant data preparation processing operations, such as annotation, labelling, cleaning, enrichment and aggregation; the formulation of relevant assumptions, notably with respect to the information that the data are supposed to measure and represent; a prior assessment of the availability, quantity and suitability of the data sets that are needed; examination in view of possible biases; the identification of any possible data gaps or shortcomings, and how those gaps and shortcomings can be addressed. Training, validation and testing data sets shall be relevant, representative, free of errors and complete. They shall have the appropriate statistical properties, including, where applicable, as regards the persons or groups of persons on which the high-risk AI system is intended to be used. These characteristics of the data sets may be met at the level of individual data sets or a combination thereof. Training, validation and testing data sets shall take into account, to the extent required by the intended purpose, the characteristics or elements that are particular to the specific geographical, behavioural or functional setting within which the high-risk AI system is intended to be used. To the extent that it is strictly necessary for the purposes of ensuring bias monitoring, detection and correction in relation to the high-risk AI systems, the providers of such systems may process special categories of personal data referred to in Article 9(1) of Regulation (EU) 2016/679, Article 10 of Directive (EU) 2016/680 and Article 10(1) of Regulation (EU) 2018/1725, subject to appropriate safeguards for the fundamental rights and freedoms of natural persons, including technical limitations on the re-use and use of state-of-the-art security and privacy-preserving measures, such as pseudonymisation, or encryption where anonymisation may significantly affect the purpose pursued. Appropriate data governance and management practices shall apply for the development of high-risk AI systems other than those which make use of techniques involving the training of models in order to ensure that those high-risk AI systems comply with paragraph 2."
Art10(1),paragraph,Art10,Art10/1,"High-risk AI systems which make use of techniques involving the training of models with data shall be developed on the basis of training, validation and testing data sets that meet the quality criteria referred to in paragraphs 2 to 5.",52021PC0206,,"High-risk AI systems which make use of techniques involving the training of models with data shall be developed on the basis of training, validation and testing data sets that meet the quality criteria referred to in paragraphs 2 to 5."
Art10(2),paragraph,Art10,Art10/2,"Training, validation and testing data sets shall be subject to appropriate data governance and management practices. Those practices shall concern in particular,",52021PC0206,,"Training, validation and testing data sets shall be subject to appropriate data governance and management practices. Those practices shall concern in particular, the relevant design choices; data collection; relevant data preparation processing operations, such as annotation, labelling, cleaning, enrichment and aggregation; the formulation of relevant assumptions, notably with respect to the information that the data are supposed to measure and represent; a prior assessment of the availability, quantity and suitability of the data sets that are needed; examination in view of possible biases; the identification of any possible data gaps or shortcomings, and how those gaps and shortcomings can be addressed."
Art10(2)(a),point,Art10,Art10/2/a,the relevant design choices;,52021PC0206,,the relevant design choices;
Art10(2)(b),point,Art10,Art10/2/b,data collection;,52021PC0206,,data collection;
Art10(2)(c),point,Art10,Art10/2/c,"relevant data preparation processing operations, such as annotation, labelling, cleaning, enrichment and aggregation;",52021PC0206,,"relevant data preparation processing operations, such as annotation, labelling, cleaning, enrichment and aggregation;"
Art10(2)(d),point,Art10,Art10/2/d,"the formulation of relevant assumptions, notably with respect to the information that the data are supposed to measure and represent;",52021PC0206,,"the formulation of relevant assumptions, notably with respect to the information that the data are supposed to measure and represent;"
Art10(2)(e),point,Art10,Art10/2/e,"a prior assessment of the availability, quantity and suitability of the data sets that are needed;",52021PC0206,,"a prior assessment of the availability, quantity and suitability of the data sets that are needed;"
Art10(2)(f),point,Art10,Art10/2/f,examination in view of possible biases;,52021PC0206,,examination in view of possible biases;
Art10(2)(g),point,Art10,Art10/2/g,"the identification of any possible data gaps or shortcomings, and how those gaps and shortcomings can be addressed.",52021PC0206,,"the identification of any possible data gaps or shortcomings, and how those gaps and shortcomings can be addressed."
Art10(3),paragraph,Art10,Art10/3,"Training, validation and testing data sets shall be relevant, representative, free of errors and complete. They shall have the appropriate statistical properties, including, where applicable, as regards the persons or groups of persons on which the high-risk AI system is intended to be used. These characteristics of the data sets may be met at the level of individual data sets or a combination thereof.",52021PC0206,,"Training, validation and testing data sets shall be relevant, representative, free of errors and complete. They shall have the appropriate statistical properties, including, where applicable, as regards the persons or groups of persons on which the high-risk AI system is intended to be used. These characteristics of the data sets may be met at the level of individual data sets or a combination thereof."
Art10(4),paragraph,Art10,Art10/4,"Training, validation and testing data sets shall take into account, to the extent required by the intended purpose, the characteristics or elements that are particular to the specific geographical, behavioural or functional setting within which the high-risk AI system is intended to be used.",52021PC0206,,"Training, validation and testing data sets shall take into account, to the extent required by the intended purpose, the characteristics or elements that are particular to the specific geographical, behavioural or functional setting within which the high-risk AI system is intended to be used."
Art10(5),paragraph,Art10,Art10/5,"To the extent that it is strictly necessary for the purposes of ensuring bias monitoring, detection and correction in relation to the high-risk AI systems, the providers of such systems may process special categories of personal data referred to in Article 9(1) of Regulation (EU) 2016/679, Article 10 of Directive (EU) 2016/680 and Article 10(1) of Regulation (EU) 2018/1725, subject to appropriate safeguards for the fundamental rights and freedoms of natural persons, including technical limitations on the re-use and use of state-of-the-art security and privacy-preserving measures, such as pseudonymisation, or encryption where anonymisation may significantly affect the purpose pursued.",52021PC0206,,"To the extent that it is strictly necessary for the purposes of ensuring bias monitoring, detection and correction in relation to the high-risk AI systems, the providers of such systems may process special categories of personal data referred to in Article 9(1) of Regulation (EU) 2016/679, Article 10 of Directive (EU) 2016/680 and Article 10(1) of Regulation (EU) 2018/1725, subject to appropriate safeguards for the fundamental rights and freedoms of natural persons, including technical limitations on the re-use and use of state-of-the-art security and privacy-preserving measures, such as pseudonymisation, or encryption where anonymisation may significantly affect the purpose pursued."
Art10(6),paragraph,Art10,Art10/6,Appropriate data governance and management practices shall apply for the development of high-risk AI systems other than those which make use of techniques involving the training of models in order to ensure that those high-risk AI systems comply with paragraph 2.,52021PC0206,,Appropriate data governance and management practices shall apply for the development of high-risk AI systems other than those which make use of techniques involving the training of models in order to ensure that those high-risk AI systems comply with paragraph 2.
Art11,article,Art11,Art11,,52021PC0206,Technical documentation,"The technical documentation of a high-risk AI system shall be drawn up before that system is placed on the market or put into service and shall be kept up-to date. The technical documentation shall be drawn up in such a way to demonstrate that the high-risk AI system complies with the requirements set out in this Chapter and provide national competent authorities and notified bodies with all the necessary information to assess the compliance of the AI system with those requirements. It shall contain, at a minimum, the elements set out in Annex IV. Where a high-risk AI system related to a product, to which the legal acts listed in Annex II, section A apply, is placed on the market or put into service one single technical documentation shall be drawn up containing all the information set out in Annex IV as well as the information required under those legal acts. The Commission is empowered to adopt delegated acts in accordance with Article 73 to amend Annex IV where necessary to ensure that, in the light of technical progress, the technical documentation provides all the necessary information to assess the compliance of the system with the requirements set out in this Chapter."
Art11(1),paragraph,Art11,Art11/1,"The technical documentation of a high-risk AI system shall be drawn up before that system is placed on the market or put into service and shall be kept up-to date. The technical documentation shall be drawn up in such a way to demonstrate that the high-risk AI system complies with the requirements set out in this Chapter and provide national competent authorities and notified bodies with all the necessary information to assess the compliance of the AI system with those requirements. It shall contain, at a minimum, the elements set out in Annex IV.",52021PC0206,,"The technical documentation of a high-risk AI system shall be drawn up before that system is placed on the market or put into service and shall be kept up-to date. The technical documentation shall be drawn up in such a way to demonstrate that the high-risk AI system complies with the requirements set out in this Chapter and provide national competent authorities and notified bodies with all the necessary information to assess the compliance of the AI system with those requirements. It shall contain, at a minimum, the elements set out in Annex IV."
Art11(2),paragraph,Art11,Art11/2,"Where a high-risk AI system related to a product, to which the legal acts listed in Annex II, section A apply, is placed on the market or put into service one single technical documentation shall be drawn up containing all the information set out in Annex IV as well as the information required under those legal acts.",52021PC0206,,"Where a high-risk AI system related to a product, to which the legal acts listed in Annex II, section A apply, is placed on the market or put into service one single technical documentation shall be drawn up containing all the information set out in Annex IV as well as the information required under those legal acts."
Art11(3),paragraph,Art11,Art11/3,"The Commission is empowered to adopt delegated acts in accordance with Article 73 to amend Annex IV where necessary to ensure that, in the light of technical progress, the technical documentation provides all the necessary information to assess the compliance of the system with the requirements set out in this Chapter.",52021PC0206,,"The Commission is empowered to adopt delegated acts in accordance with Article 73 to amend Annex IV where necessary to ensure that, in the light of technical progress, the technical documentation provides all the necessary information to assess the compliance of the system with the requirements set out in this Chapter."
Art12,article,Art12,Art12,,52021PC0206,Record-keeping,"High-risk AI systems shall be designed and developed with capabilities enabling the automatic recording of events (‘logs’) while the high-risk AI systems is operating. Those logging capabilities shall conform to recognised standards or common specifications. The logging capabilities shall ensure a level of traceability of the AI system’s functioning throughout its lifecycle that is appropriate to the intended purpose of the system. In particular, logging capabilities shall enable the monitoring of the operation of the high-risk AI system with respect to the occurrence of situations that may result in the AI system presenting a risk within the meaning of Article 65(1) or lead to a substantial modification, and facilitate the post-market monitoring referred to in Article 61. For high-risk AI systems referred to in paragraph 1, point (a) of Annex III, the logging capabilities shall provide, at a minimum: recording of the period of each use of the system (start date and time and end date and time of each use); the reference database against which input data has been checked by the system; the input data for which the search has led to a match; the identification of the natural persons involved in the verification of the results, as referred to in Article 14 (5)."
Art12(1),paragraph,Art12,Art12/1,High-risk AI systems shall be designed and developed with capabilities enabling the automatic recording of events (‘logs’) while the high-risk AI systems is operating. Those logging capabilities shall conform to recognised standards or common specifications.,52021PC0206,,High-risk AI systems shall be designed and developed with capabilities enabling the automatic recording of events (‘logs’) while the high-risk AI systems is operating. Those logging capabilities shall conform to recognised standards or common specifications.
Art12(2),paragraph,Art12,Art12/2,The logging capabilities shall ensure a level of traceability of the AI system’s functioning throughout its lifecycle that is appropriate to the intended purpose of the system.,52021PC0206,,The logging capabilities shall ensure a level of traceability of the AI system’s functioning throughout its lifecycle that is appropriate to the intended purpose of the system.
Art12(3),paragraph,Art12,Art12/3,"In particular, logging capabilities shall enable the monitoring of the operation of the high-risk AI system with respect to the occurrence of situations that may result in the AI system presenting a risk within the meaning of Article 65(1) or lead to a substantial modification, and facilitate the post-market monitoring referred to in Article 61.",52021PC0206,,"In particular, logging capabilities shall enable the monitoring of the operation of the high-risk AI system with respect to the occurrence of situations that may result in the AI system presenting a risk within the meaning of Article 65(1) or lead to a substantial modification, and facilitate the post-market monitoring referred to in Article 61."
Art12(4),paragraph,Art12,Art12/4,"For high-risk AI systems referred to in paragraph 1, point (a) of Annex III, the logging capabilities shall provide, at a minimum:",52021PC0206,,"For high-risk AI systems referred to in paragraph 1, point (a) of Annex III, the logging capabilities shall provide, at a minimum: recording of the period of each use of the system (start date and time and end date and time of each use); the reference database against which input data has been checked by the system; the input data for which the search has led to a match; the identification of the natural persons involved in the verification of the results, as referred to in Article 14 (5)."
Art12(4)(a),point,Art12,Art12/4/a,recording of the period of each use of the system (start date and time and end date and time of each use);,52021PC0206,,recording of the period of each use of the system (start date and time and end date and time of each use);
Art12(4)(b),point,Art12,Art12/4/b,the reference database against which input data has been checked by the system;,52021PC0206,,the reference database against which input data has been checked by the system;
Art12(4)(c),point,Art12,Art12/4/c,the input data for which the search has led to a match;,52021PC0206,,the input data for which the search has led to a match;
Art12(4)(d),point,Art12,Art12/4/d,"the identification of the natural persons involved in the verification of the results, as referred to in Article 14 (5).",52021PC0206,,"the identification of the natural persons involved in the verification of the results, as referred to in Article 14 (5)."
Art13,article,Art13,Art13,,52021PC0206,Transparency and provision of information to users,"High-risk AI systems shall be designed and developed in such a way to ensure that their operation is sufficiently transparent to enable users to interpret the system’s output and use it appropriately. An appropriate type and degree of transparency shall be ensured, with a view to achieving compliance with the relevant obligations of the user and of the provider set out in Chapter 3 of this Title. High-risk AI systems shall be accompanied by instructions for use in an appropriate digital format or otherwise that include concise, complete, correct and clear information that is relevant, accessible and comprehensible to users. The information referred to in paragraph 2 shall specify: the identity and the contact details of the provider and, where applicable, of its authorised representative; the characteristics, capabilities and limitations of performance of the high-risk AI system, including: its intended purpose; the level of accuracy, robustness and cybersecurity referred to in Article 15 against which the high-risk AI system has been tested and validated and which can be expected, and any known and foreseeable circumstances that may have an impact on that expected level of accuracy, robustness and cybersecurity; any known or foreseeable circumstance, related to the use of the high-risk AI system in accordance with its intended purpose or under conditions of reasonably foreseeable misuse, which may lead to risks to the health and safety or fundamental rights; its performance as regards the persons or groups of persons on which the system is intended to be used; when appropriate, specifications for the input data, or any other relevant information in terms of the training, validation and testing data sets used, taking into account the intended purpose of the AI system. the changes to the high-risk AI system and its performance which have been pre-determined by the provider at the moment of the initial conformity assessment, if any; the human oversight measures referred to in Article 14, including the technical measures put in place to facilitate the interpretation of the outputs of AI systems by the users; the expected lifetime of the high-risk AI system and any necessary maintenance and care measures to ensure the proper functioning of that AI system, including as regards software updates."
Art13(1),paragraph,Art13,Art13/1,"High-risk AI systems shall be designed and developed in such a way to ensure that their operation is sufficiently transparent to enable users to interpret the system’s output and use it appropriately. An appropriate type and degree of transparency shall be ensured, with a view to achieving compliance with the relevant obligations of the user and of the provider set out in Chapter 3 of this Title.",52021PC0206,,"High-risk AI systems shall be designed and developed in such a way to ensure that their operation is sufficiently transparent to enable users to interpret the system’s output and use it appropriately. An appropriate type and degree of transparency shall be ensured, with a view to achieving compliance with the relevant obligations of the user and of the provider set out in Chapter 3 of this Title."
Art13(2),paragraph,Art13,Art13/2,"High-risk AI systems shall be accompanied by instructions for use in an appropriate digital format or otherwise that include concise, complete, correct and clear information that is relevant, accessible and comprehensible to users.",52021PC0206,,"High-risk AI systems shall be accompanied by instructions for use in an appropriate digital format or otherwise that include concise, complete, correct and clear information that is relevant, accessible and comprehensible to users."
Art13(3),paragraph,Art13,Art13/3,The information referred to in paragraph 2 shall specify:,52021PC0206,,"The information referred to in paragraph 2 shall specify: the identity and the contact details of the provider and, where applicable, of its authorised representative; the characteristics, capabilities and limitations of performance of the high-risk AI system, including: its intended purpose; the level of accuracy, robustness and cybersecurity referred to in Article 15 against which the high-risk AI system has been tested and validated and which can be expected, and any known and foreseeable circumstances that may have an impact on that expected level of accuracy, robustness and cybersecurity; any known or foreseeable circumstance, related to the use of the high-risk AI system in accordance with its intended purpose or under conditions of reasonably foreseeable misuse, which may lead to risks to the health and safety or fundamental rights; its performance as regards the persons or groups of persons on which the system is intended to be used; when appropriate, specifications for the input data, or any other relevant information in terms of the training, validation and testing data sets used, taking into account the intended purpose of the AI system. the changes to the high-risk AI system and its performance which have been pre-determined by the provider at the moment of the initial conformity assessment, if any; the human oversight measures referred to in Article 14, including the technical measures put in place to facilitate the interpretation of the outputs of AI systems by the users; the expected lifetime of the high-risk AI system and any necessary maintenance and care measures to ensure the proper functioning of that AI system, including as regards software updates."
Art13(3)(a),point,Art13,Art13/3/a,"the identity and the contact details of the provider and, where applicable, of its authorised representative;",52021PC0206,,"the identity and the contact details of the provider and, where applicable, of its authorised representative;"
Art13(3)(b),point,Art13,Art13/3/b,"the characteristics, capabilities and limitations of performance of the high-risk AI system, including:",52021PC0206,,"the characteristics, capabilities and limitations of performance of the high-risk AI system, including: its intended purpose; the level of accuracy, robustness and cybersecurity referred to in Article 15 against which the high-risk AI system has been tested and validated and which can be expected, and any known and foreseeable circumstances that may have an impact on that expected level of accuracy, robustness and cybersecurity; any known or foreseeable circumstance, related to the use of the high-risk AI system in accordance with its intended purpose or under conditions of reasonably foreseeable misuse, which may lead to risks to the health and safety or fundamental rights; its performance as regards the persons or groups of persons on which the system is intended to be used; when appropriate, specifications for the input data, or any other relevant information in terms of the training, validation and testing data sets used, taking into account the intended purpose of the AI system."
Art13(3)(b)(i),subpoint,Art13,Art13/3/b/i,its intended purpose;,52021PC0206,,its intended purpose;
Art13(3)(b)(ii),subpoint,Art13,Art13/3/b/ii,"the level of accuracy, robustness and cybersecurity referred to in Article 15 against which the high-risk AI system has been tested and validated and which can be expected, and any known and foreseeable circumstances that may have an impact on that expected level of accuracy, robustness and cybersecurity;",52021PC0206,,"the level of accuracy, robustness and cybersecurity referred to in Article 15 against which the high-risk AI system has been tested and validated and which can be expected, and any known and foreseeable circumstances that may have an impact on that expected level of accuracy, robustness and cybersecurity;"
Art13(3)(b)(iii),subpoint,Art13,Art13/3/b/iii,"any known or foreseeable circumstance, related to the use of the high-risk AI system in accordance with its intended purpose or under conditions of reasonably foreseeable misuse, which may lead to risks to the health and safety or fundamental rights;",52021PC0206,,"any known or foreseeable circumstance, related to the use of the high-risk AI system in accordance with its intended purpose or under conditions of reasonably foreseeable misuse, which may lead to risks to the health and safety or fundamental rights;"
Art13(3)(b)(iv),subpoint,Art13,Art13/3/b/iv,its performance as regards the persons or groups of persons on which the system is intended to be used;,52021PC0206,,its performance as regards the persons or groups of persons on which the system is intended to be used;
Art13(3)(b)(v),subpoint,Art13,Art13/3/b/v,"when appropriate, specifications for the input data, or any other relevant information in terms of the training, validation and testing data sets used, taking into account the intended purpose of the AI system.",52021PC0206,,"when appropriate, specifications for the input data, or any other relevant information in terms of the training, validation and testing data sets used, taking into account the intended purpose of the AI system."
Art13(3)(c),point,Art13,Art13/3/c,"the changes to the high-risk AI system and its performance which have been pre-determined by the provider at the moment of the initial conformity assessment, if any;",52021PC0206,,"the changes to the high-risk AI system and its performance which have been pre-determined by the provider at the moment of the initial conformity assessment, if any;"
Art13(3)(d),point,Art13,Art13/3/d,"the human oversight measures referred to in Article 14, including the technical measures put in place to facilitate the interpretation of the outputs of AI systems by the users;",52021PC0206,,"the human oversight measures referred to in Article 14, including the technical measures put in place to facilitate the interpretation of the outputs of AI systems by the users;"
Art13(3)(e),point,Art13,Art13/3/e,"the expected lifetime of the high-risk AI system and any necessary maintenance and care measures to ensure the proper functioning of that AI system, including as regards software updates.",52021PC0206,,"the expected lifetime of the high-risk AI system and any necessary maintenance and care measures to ensure the proper functioning of that AI system, including as regards software updates."
Art14,article,Art14,Art14,,52021PC0206,Human oversight,"High-risk AI systems shall be designed and developed in such a way, including with appropriate human-machine interface tools, that they can be effectively overseen by natural persons during the period in which the AI system is in use. Human oversight shall aim at preventing or minimising the risks to health, safety or fundamental rights that may emerge when a high-risk AI system is used in accordance with its intended purpose or under conditions of reasonably foreseeable misuse, in particular when such risks persist notwithstanding the application of other requirements set out in this Chapter. Human oversight shall be ensured through either one or all of the following measures: identified and built, when technically feasible, into the high-risk AI system by the provider before it is placed on the market or put into service; identified by the provider before placing the high-risk AI system on the market or putting it into service and that are appropriate to be implemented by the user. The measures referred to in paragraph 3 shall enable the individuals to whom human oversight is assigned to do the following, as appropriate to the circumstances: fully understand the capacities and limitations of the high-risk AI system and be able to duly monitor its operation, so that signs of anomalies, dysfunctions and unexpected performance can be detected and addressed as soon as possible; remain aware of the possible tendency of automatically relying or over-relying on the output produced by a high-risk AI system (‘automation bias’), in particular for high-risk AI systems used to provide information or recommendations for decisions to be taken by natural persons; be able to correctly interpret the high-risk AI system’s output, taking into account in particular the characteristics of the system and the interpretation tools and methods available; be able to decide, in any particular situation, not to use the high-risk AI system or otherwise disregard, override or reverse the output of the high-risk AI system; be able to intervene on the operation of the high-risk AI system or interrupt the system through a “stop” button or a similar procedure. For high-risk AI systems referred to in point 1(a) of Annex III, the measures referred to in paragraph 3 shall be such as to ensure that, in addition, no action or decision is taken by the user on the basis of the identification resulting from the system unless this has been verified and confirmed by at least two natural persons."
Art14(1),paragraph,Art14,Art14/1,"High-risk AI systems shall be designed and developed in such a way, including with appropriate human-machine interface tools, that they can be effectively overseen by natural persons during the period in which the AI system is in use.",52021PC0206,,"High-risk AI systems shall be designed and developed in such a way, including with appropriate human-machine interface tools, that they can be effectively overseen by natural persons during the period in which the AI system is in use."
Art14(2),paragraph,Art14,Art14/2,"Human oversight shall aim at preventing or minimising the risks to health, safety or fundamental rights that may emerge when a high-risk AI system is used in accordance with its intended purpose or under conditions of reasonably foreseeable misuse, in particular when such risks persist notwithstanding the application of other requirements set out in this Chapter.",52021PC0206,,"Human oversight shall aim at preventing or minimising the risks to health, safety or fundamental rights that may emerge when a high-risk AI system is used in accordance with its intended purpose or under conditions of reasonably foreseeable misuse, in particular when such risks persist notwithstanding the application of other requirements set out in this Chapter."
Art14(3),paragraph,Art14,Art14/3,Human oversight shall be ensured through either one or all of the following measures:,52021PC0206,,"Human oversight shall be ensured through either one or all of the following measures: identified and built, when technically feasible, into the high-risk AI system by the provider before it is placed on the market or put into service; identified by the provider before placing the high-risk AI system on the market or putting it into service and that are appropriate to be implemented by the user."
Art14(3)(a),point,Art14,Art14/3/a,"identified and built, when technically feasible, into the high-risk AI system by the provider before it is placed on the market or put into service;",52021PC0206,,"identified and built, when technically feasible, into the high-risk AI system by the provider before it is placed on the market or put into service;"
Art14(3)(b),point,Art14,Art14/3/b,identified by the provider before placing the high-risk AI system on the market or putting it into service and that are appropriate to be implemented by the user.,52021PC0206,,identified by the provider before placing the high-risk AI system on the market or putting it into service and that are appropriate to be implemented by the user.
Art14(4),paragraph,Art14,Art14/4,"The measures referred to in paragraph 3 shall enable the individuals to whom human oversight is assigned to do the following, as appropriate to the circumstances:",52021PC0206,,"The measures referred to in paragraph 3 shall enable the individuals to whom human oversight is assigned to do the following, as appropriate to the circumstances: fully understand the capacities and limitations of the high-risk AI system and be able to duly monitor its operation, so that signs of anomalies, dysfunctions and unexpected performance can be detected and addressed as soon as possible; remain aware of the possible tendency of automatically relying or over-relying on the output produced by a high-risk AI system (‘automation bias’), in particular for high-risk AI systems used to provide information or recommendations for decisions to be taken by natural persons; be able to correctly interpret the high-risk AI system’s output, taking into account in particular the characteristics of the system and the interpretation tools and methods available; be able to decide, in any particular situation, not to use the high-risk AI system or otherwise disregard, override or reverse the output of the high-risk AI system; be able to intervene on the operation of the high-risk AI system or interrupt the system through a “stop” button or a similar procedure."
Art14(4)(a),point,Art14,Art14/4/a,"fully understand the capacities and limitations of the high-risk AI system and be able to duly monitor its operation, so that signs of anomalies, dysfunctions and unexpected performance can be detected and addressed as soon as possible;",52021PC0206,,"fully understand the capacities and limitations of the high-risk AI system and be able to duly monitor its operation, so that signs of anomalies, dysfunctions and unexpected performance can be detected and addressed as soon as possible;"
Art14(4)(b),point,Art14,Art14/4/b,"remain aware of the possible tendency of automatically relying or over-relying on the output produced by a high-risk AI system (‘automation bias’), in particular for high-risk AI systems used to provide information or recommendations for decisions to be taken by natural persons;",52021PC0206,,"remain aware of the possible tendency of automatically relying or over-relying on the output produced by a high-risk AI system (‘automation bias’), in particular for high-risk AI systems used to provide information or recommendations for decisions to be taken by natural persons;"
Art14(4)(c),point,Art14,Art14/4/c,"be able to correctly interpret the high-risk AI system’s output, taking into account in particular the characteristics of the system and the interpretation tools and methods available;",52021PC0206,,"be able to correctly interpret the high-risk AI system’s output, taking into account in particular the characteristics of the system and the interpretation tools and methods available;"
Art14(4)(d),point,Art14,Art14/4/d,"be able to decide, in any particular situation, not to use the high-risk AI system or otherwise disregard, override or reverse the output of the high-risk AI system;",52021PC0206,,"be able to decide, in any particular situation, not to use the high-risk AI system or otherwise disregard, override or reverse the output of the high-risk AI system;"
Art14(4)(e),point,Art14,Art14/4/e,be able to intervene on the operation of the high-risk AI system or interrupt the system through a “stop” button or a similar procedure.,52021PC0206,,be able to intervene on the operation of the high-risk AI system or interrupt the system through a “stop” button or a similar procedure.
Art14(5),paragraph,Art14,Art14/5,"For high-risk AI systems referred to in point 1(a) of Annex III, the measures referred to in paragraph 3 shall be such as to ensure that, in addition, no action or decision is taken by the user on the basis of the identification resulting from the system unless this has been verified and confirmed by at least two natural persons.",52021PC0206,,"For high-risk AI systems referred to in point 1(a) of Annex III, the measures referred to in paragraph 3 shall be such as to ensure that, in addition, no action or decision is taken by the user on the basis of the identification resulting from the system unless this has been verified and confirmed by at least two natural persons."
Art15,article,Art15,Art15,,52021PC0206,"Accuracy, robustness and cybersecurity","High-risk AI systems shall be designed and developed in such a way that they achieve, in the light of their intended purpose, an appropriate level of accuracy, robustness and cybersecurity, and perform consistently in those respects throughout their lifecycle. The levels of accuracy and the relevant accuracy metrics of high-risk AI systems shall be declared in the accompanying instructions of use. High-risk AI systems shall be resilient as regards errors, faults or inconsistencies that may occur within the system or the environment in which the system operates, in particular due to their interaction with natural persons or other systems. The robustness of high-risk AI systems may be achieved through technical redundancy solutions, which may include backup or fail-safe plans. High-risk AI systems that continue to learn after being placed on the market or put into service shall be developed in such a way to ensure that possibly biased outputs due to outputs used as an input for future operations (‘feedback loops’) are duly addressed with appropriate mitigation measures. High-risk AI systems shall be resilient as regards attempts by unauthorised third parties to alter their use or performance by exploiting the system vulnerabilities. The technical solutions aimed at ensuring the cybersecurity of high-risk AI systems shall be appropriate to the relevant circumstances and the risks. The technical solutions to address AI specific vulnerabilities shall include, where appropriate, measures to prevent and control for attacks trying to manipulate the training dataset (‘data poisoning’), inputs designed to cause the model to make a mistake (‘adversarial examples’), or model flaws. Chapter 3 OBLIGATIONS OF PROVIDERS AND USERS OF HIGH-RISK AI SYSTEMS and other parties"
Art15(1),paragraph,Art15,Art15/1,"High-risk AI systems shall be designed and developed in such a way that they achieve, in the light of their intended purpose, an appropriate level of accuracy, robustness and cybersecurity, and perform consistently in those respects throughout their lifecycle.",52021PC0206,,"High-risk AI systems shall be designed and developed in such a way that they achieve, in the light of their intended purpose, an appropriate level of accuracy, robustness and cybersecurity, and perform consistently in those respects throughout their lifecycle."
Art15(2),paragraph,Art15,Art15/2,The levels of accuracy and the relevant accuracy metrics of high-risk AI systems shall be declared in the accompanying instructions of use.,52021PC0206,,The levels of accuracy and the relevant accuracy metrics of high-risk AI systems shall be declared in the accompanying instructions of use.
Art15(3),paragraph,Art15,Art15/3,"High-risk AI systems shall be resilient as regards errors, faults or inconsistencies that may occur within the system or the environment in which the system operates, in particular due to their interaction with natural persons or other systems. The robustness of high-risk AI systems may be achieved through technical redundancy solutions, which may include backup or fail-safe plans. High-risk AI systems that continue to learn after being placed on the market or put into service shall be developed in such a way to ensure that possibly biased outputs due to outputs used as an input for future operations (‘feedback loops’) are duly addressed with appropriate mitigation measures.",52021PC0206,,"High-risk AI systems shall be resilient as regards errors, faults or inconsistencies that may occur within the system or the environment in which the system operates, in particular due to their interaction with natural persons or other systems. The robustness of high-risk AI systems may be achieved through technical redundancy solutions, which may include backup or fail-safe plans. High-risk AI systems that continue to learn after being placed on the market or put into service shall be developed in such a way to ensure that possibly biased outputs due to outputs used as an input for future operations (‘feedback loops’) are duly addressed with appropriate mitigation measures."
Art15(4),paragraph,Art15,Art15/4,"High-risk AI systems shall be resilient as regards attempts by unauthorised third parties to alter their use or performance by exploiting the system vulnerabilities. The technical solutions aimed at ensuring the cybersecurity of high-risk AI systems shall be appropriate to the relevant circumstances and the risks. The technical solutions to address AI specific vulnerabilities shall include, where appropriate, measures to prevent and control for attacks trying to manipulate the training dataset (‘data poisoning’), inputs designed to cause the model to make a mistake (‘adversarial examples’), or model flaws. Chapter 3 OBLIGATIONS OF PROVIDERS AND USERS OF HIGH-RISK AI SYSTEMS and other parties",52021PC0206,,"High-risk AI systems shall be resilient as regards attempts by unauthorised third parties to alter their use or performance by exploiting the system vulnerabilities. The technical solutions aimed at ensuring the cybersecurity of high-risk AI systems shall be appropriate to the relevant circumstances and the risks. The technical solutions to address AI specific vulnerabilities shall include, where appropriate, measures to prevent and control for attacks trying to manipulate the training dataset (‘data poisoning’), inputs designed to cause the model to make a mistake (‘adversarial examples’), or model flaws. Chapter 3 OBLIGATIONS OF PROVIDERS AND USERS OF HIGH-RISK AI SYSTEMS and other parties"
Art16,article,Art16,Art16,Providers of high-risk AI systems shall:,52021PC0206,Obligations of providers of high-risk AI systems,"Providers of high-risk AI systems shall: ensure that their high-risk AI systems are compliant with the requirements set out in Chapter 2 of this Title; have a quality management system in place which complies with Article 17; draw-up the technical documentation of the high-risk AI system; when under their control, keep the logs automatically generated by their high-risk AI systems; ensure that the high-risk AI system undergoes the relevant conformity assessment procedure, prior to its placing on the market or putting into service; comply with the registration obligations referred to in Article 51; take the necessary corrective actions, if the high-risk AI system is not in conformity with the requirements set out in Chapter 2 of this Title; inform the national competent authorities of the Member States in which they made the AI system available or put it into service and, where applicable, the notified body of the non-compliance and of any corrective actions taken; to affix the CE marking to their high-risk AI systems to indicate the conformity with this Regulation in accordance with Article 49; upon request of a national competent authority, demonstrate the conformity of the high-risk AI system with the requirements set out in Chapter 2 of this Title."
Art16(1),paragraph,Art16,Art16/1,,52021PC0206,,"ensure that their high-risk AI systems are compliant with the requirements set out in Chapter 2 of this Title; have a quality management system in place which complies with Article 17; draw-up the technical documentation of the high-risk AI system; when under their control, keep the logs automatically generated by their high-risk AI systems; ensure that the high-risk AI system undergoes the relevant conformity assessment procedure, prior to its placing on the market or putting into service; comply with the registration obligations referred to in Article 51; take the necessary corrective actions, if the high-risk AI system is not in conformity with the requirements set out in Chapter 2 of this Title; inform the national competent authorities of the Member States in which they made the AI system available or put it into service and, where applicable, the notified body of the non-compliance and of any corrective actions taken; to affix the CE marking to their high-risk AI systems to indicate the conformity with this Regulation in accordance with Article 49; upon request of a national competent authority, demonstrate the conformity of the high-risk AI system with the requirements set out in Chapter 2 of this Title."
Art16(1)(a),point,Art16,Art16/1/a,ensure that their high-risk AI systems are compliant with the requirements set out in Chapter 2 of this Title;,52021PC0206,,ensure that their high-risk AI systems are compliant with the requirements set out in Chapter 2 of this Title;
Art16(1)(b),point,Art16,Art16/1/b,have a quality management system in place which complies with Article 17;,52021PC0206,,have a quality management system in place which complies with Article 17;
Art16(1)(c),point,Art16,Art16/1/c,draw-up the technical documentation of the high-risk AI system;,52021PC0206,,draw-up the technical documentation of the high-risk AI system;
Art16(1)(d),point,Art16,Art16/1/d,"when under their control, keep the logs automatically generated by their high-risk AI systems;",52021PC0206,,"when under their control, keep the logs automatically generated by their high-risk AI systems;"
Art16(1)(e),point,Art16,Art16/1/e,"ensure that the high-risk AI system undergoes the relevant conformity assessment procedure, prior to its placing on the market or putting into service;",52021PC0206,,"ensure that the high-risk AI system undergoes the relevant conformity assessment procedure, prior to its placing on the market or putting into service;"
Art16(1)(f),point,Art16,Art16/1/f,comply with the registration obligations referred to in Article 51;,52021PC0206,,comply with the registration obligations referred to in Article 51;
Art16(1)(g),point,Art16,Art16/1/g,"take the necessary corrective actions, if the high-risk AI system is not in conformity with the requirements set out in Chapter 2 of this Title;",52021PC0206,,"take the necessary corrective actions, if the high-risk AI system is not in conformity with the requirements set out in Chapter 2 of this Title;"
Art16(1)(h),point,Art16,Art16/1/h,"inform the national competent authorities of the Member States in which they made the AI system available or put it into service and, where applicable, the notified body of the non-compliance and of any corrective actions taken;",52021PC0206,,"inform the national competent authorities of the Member States in which they made the AI system available or put it into service and, where applicable, the notified body of the non-compliance and of any corrective actions taken;"
Art16(1)(i),point,Art16,Art16/1/i,to affix the CE marking to their high-risk AI systems to indicate the conformity with this Regulation in accordance with Article 49;,52021PC0206,,to affix the CE marking to their high-risk AI systems to indicate the conformity with this Regulation in accordance with Article 49;
Art16(1)(j),point,Art16,Art16/1/j,"upon request of a national competent authority, demonstrate the conformity of the high-risk AI system with the requirements set out in Chapter 2 of this Title.",52021PC0206,,"upon request of a national competent authority, demonstrate the conformity of the high-risk AI system with the requirements set out in Chapter 2 of this Title."
Art17,article,Art17,Art17,,52021PC0206,Quality management system,"Providers of high-risk AI systems shall put a quality management system in place that ensures compliance with this Regulation. That system shall be documented in a systematic and orderly manner in the form of written policies, procedures and instructions, and shall include at least the following aspects: a strategy for regulatory compliance, including compliance with conformity assessment procedures and procedures for the management of modifications to the high-risk AI system; techniques, procedures and systematic actions to be used for the design, design control and design verification of the high-risk AI system; techniques, procedures and systematic actions to be used for the development, quality control and quality assurance of the high-risk AI system; examination, test and validation procedures to be carried out before, during and after the development of the high-risk AI system, and the frequency with which they have to be carried out; technical specifications, including standards, to be applied and, where the relevant harmonised standards are not applied in full, the means to be used to ensure that the high-risk AI system complies with the requirements set out in Chapter 2 of this Title; systems and procedures for data management, including data collection, data analysis, data labelling, data storage, data filtration, data mining, data aggregation, data retention and any other operation regarding the data that is performed before and for the purposes of the placing on the market or putting into service of high-risk AI systems; the risk management system referred to in Article 9; the setting-up, implementation and maintenance of a post-market monitoring system, in accordance with Article 61; procedures related to the reporting of serious incidents and of malfunctioning in accordance with Article 62; the handling of communication with national competent authorities, competent authorities, including sectoral ones, providing or supporting the access to data, notified bodies, other operators, customers or other interested parties; systems and procedures for record keeping of all relevant documentation and information; resource management, including security of supply related measures; an accountability framework setting out the responsibilities of the management and other staff with regard to all aspects listed in this paragraph. The implementation of aspects referred to in paragraph 1 shall be proportionate to the size of the provider’s organisation. For providers that are credit institutions regulated by Directive 2013/36/ EU, the obligation to put a quality management system in place shall be deemed to be fulfilled by complying with the rules on internal governance arrangements, processes and mechanisms pursuant to Article 74 of that Directive. In that context, any harmonised standards referred to in Article 40 of this Regulation shall be taken into account."
Art17(1),paragraph,Art17,Art17/1,"Providers of high-risk AI systems shall put a quality management system in place that ensures compliance with this Regulation. That system shall be documented in a systematic and orderly manner in the form of written policies, procedures and instructions, and shall include at least the following aspects:",52021PC0206,,"Providers of high-risk AI systems shall put a quality management system in place that ensures compliance with this Regulation. That system shall be documented in a systematic and orderly manner in the form of written policies, procedures and instructions, and shall include at least the following aspects: a strategy for regulatory compliance, including compliance with conformity assessment procedures and procedures for the management of modifications to the high-risk AI system; techniques, procedures and systematic actions to be used for the design, design control and design verification of the high-risk AI system; techniques, procedures and systematic actions to be used for the development, quality control and quality assurance of the high-risk AI system; examination, test and validation procedures to be carried out before, during and after the development of the high-risk AI system, and the frequency with which they have to be carried out; technical specifications, including standards, to be applied and, where the relevant harmonised standards are not applied in full, the means to be used to ensure that the high-risk AI system complies with the requirements set out in Chapter 2 of this Title; systems and procedures for data management, including data collection, data analysis, data labelling, data storage, data filtration, data mining, data aggregation, data retention and any other operation regarding the data that is performed before and for the purposes of the placing on the market or putting into service of high-risk AI systems; the risk management system referred to in Article 9; the setting-up, implementation and maintenance of a post-market monitoring system, in accordance with Article 61; procedures related to the reporting of serious incidents and of malfunctioning in accordance with Article 62; the handling of communication with national competent authorities, competent authorities, including sectoral ones, providing or supporting the access to data, notified bodies, other operators, customers or other interested parties; systems and procedures for record keeping of all relevant documentation and information; resource management, including security of supply related measures; an accountability framework setting out the responsibilities of the management and other staff with regard to all aspects listed in this paragraph."
Art17(1)(a),point,Art17,Art17/1/a,"a strategy for regulatory compliance, including compliance with conformity assessment procedures and procedures for the management of modifications to the high-risk AI system;",52021PC0206,,"a strategy for regulatory compliance, including compliance with conformity assessment procedures and procedures for the management of modifications to the high-risk AI system;"
Art17(1)(b),point,Art17,Art17/1/b,"techniques, procedures and systematic actions to be used for the design, design control and design verification of the high-risk AI system;",52021PC0206,,"techniques, procedures and systematic actions to be used for the design, design control and design verification of the high-risk AI system;"
Art17(1)(c),point,Art17,Art17/1/c,"techniques, procedures and systematic actions to be used for the development, quality control and quality assurance of the high-risk AI system;",52021PC0206,,"techniques, procedures and systematic actions to be used for the development, quality control and quality assurance of the high-risk AI system;"
Art17(1)(d),point,Art17,Art17/1/d,"examination, test and validation procedures to be carried out before, during and after the development of the high-risk AI system, and the frequency with which they have to be carried out;",52021PC0206,,"examination, test and validation procedures to be carried out before, during and after the development of the high-risk AI system, and the frequency with which they have to be carried out;"
Art17(1)(e),point,Art17,Art17/1/e,"technical specifications, including standards, to be applied and, where the relevant harmonised standards are not applied in full, the means to be used to ensure that the high-risk AI system complies with the requirements set out in Chapter 2 of this Title;",52021PC0206,,"technical specifications, including standards, to be applied and, where the relevant harmonised standards are not applied in full, the means to be used to ensure that the high-risk AI system complies with the requirements set out in Chapter 2 of this Title;"
Art17(1)(f),point,Art17,Art17/1/f,"systems and procedures for data management, including data collection, data analysis, data labelling, data storage, data filtration, data mining, data aggregation, data retention and any other operation regarding the data that is performed before and for the purposes of the placing on the market or putting into service of high-risk AI systems;",52021PC0206,,"systems and procedures for data management, including data collection, data analysis, data labelling, data storage, data filtration, data mining, data aggregation, data retention and any other operation regarding the data that is performed before and for the purposes of the placing on the market or putting into service of high-risk AI systems;"
Art17(1)(g),point,Art17,Art17/1/g,the risk management system referred to in Article 9;,52021PC0206,,the risk management system referred to in Article 9;
Art17(1)(h),point,Art17,Art17/1/h,"the setting-up, implementation and maintenance of a post-market monitoring system, in accordance with Article 61;",52021PC0206,,"the setting-up, implementation and maintenance of a post-market monitoring system, in accordance with Article 61;"
Art17(1)(i),point,Art17,Art17/1/i,procedures related to the reporting of serious incidents and of malfunctioning in accordance with Article 62;,52021PC0206,,procedures related to the reporting of serious incidents and of malfunctioning in accordance with Article 62;
Art17(1)(j),point,Art17,Art17/1/j,"the handling of communication with national competent authorities, competent authorities, including sectoral ones, providing or supporting the access to data, notified bodies, other operators, customers or other interested parties;",52021PC0206,,"the handling of communication with national competent authorities, competent authorities, including sectoral ones, providing or supporting the access to data, notified bodies, other operators, customers or other interested parties;"
Art17(1)(k),point,Art17,Art17/1/k,systems and procedures for record keeping of all relevant documentation and information;,52021PC0206,,systems and procedures for record keeping of all relevant documentation and information;
Art17(1)(l),point,Art17,Art17/1/l,"resource management, including security of supply related measures;",52021PC0206,,"resource management, including security of supply related measures;"
Art17(1)(m),point,Art17,Art17/1/m,an accountability framework setting out the responsibilities of the management and other staff with regard to all aspects listed in this paragraph.,52021PC0206,,an accountability framework setting out the responsibilities of the management and other staff with regard to all aspects listed in this paragraph.
Art17(2),paragraph,Art17,Art17/2,The implementation of aspects referred to in paragraph 1 shall be proportionate to the size of the provider’s organisation.,52021PC0206,,The implementation of aspects referred to in paragraph 1 shall be proportionate to the size of the provider’s organisation.
Art17(3),paragraph,Art17,Art17/3,"For providers that are credit institutions regulated by Directive 2013/36/ EU, the obligation to put a quality management system in place shall be deemed to be fulfilled by complying with the rules on internal governance arrangements, processes and mechanisms pursuant to Article 74 of that Directive. In that context, any harmonised standards referred to in Article 40 of this Regulation shall be taken into account.",52021PC0206,,"For providers that are credit institutions regulated by Directive 2013/36/ EU, the obligation to put a quality management system in place shall be deemed to be fulfilled by complying with the rules on internal governance arrangements, processes and mechanisms pursuant to Article 74 of that Directive. In that context, any harmonised standards referred to in Article 40 of this Regulation shall be taken into account."
Art18,article,Art18,Art18,,52021PC0206,Obligation to draw up technical documentation,"Providers of high-risk AI systems shall draw up the technical documentation referred to in Article 11 in accordance with Annex IV. Providers that are credit institutions regulated by Directive 2013/36/EU shall maintain the technical documentation as part of the documentation concerning internal governance, arrangements, processes and mechanisms pursuant to Article 74 of that Directive."
Art18(1),paragraph,Art18,Art18/1,Providers of high-risk AI systems shall draw up the technical documentation referred to in Article 11 in accordance with Annex IV.,52021PC0206,,Providers of high-risk AI systems shall draw up the technical documentation referred to in Article 11 in accordance with Annex IV.
Art18(2),paragraph,Art18,Art18/2,"Providers that are credit institutions regulated by Directive 2013/36/EU shall maintain the technical documentation as part of the documentation concerning internal governance, arrangements, processes and mechanisms pursuant to Article 74 of that Directive.",52021PC0206,,"Providers that are credit institutions regulated by Directive 2013/36/EU shall maintain the technical documentation as part of the documentation concerning internal governance, arrangements, processes and mechanisms pursuant to Article 74 of that Directive."
Art19,article,Art19,Art19,,52021PC0206,Conformity assessment,"Providers of high-risk AI systems shall ensure that their systems undergo the relevant conformity assessment procedure in accordance with Article 43, prior to their placing on the market or putting into service. Where the compliance of the AI systems with the requirements set out in Chapter 2 of this Title has been demonstrated following that conformity assessment, the providers shall draw up an EU declaration of conformity in accordance with Article 48 and affix the CE marking of conformity in accordance with Article 49. For high-risk AI systems referred to in point 5(b) of Annex III that are placed on the market or put into service by providers that are credit institutions regulated by Directive 2013/36/EU, the conformity assessment shall be carried out as part of the procedure referred to in Articles 97 to101 of that Directive."
Art19(1),paragraph,Art19,Art19/1,"Providers of high-risk AI systems shall ensure that their systems undergo the relevant conformity assessment procedure in accordance with Article 43, prior to their placing on the market or putting into service. Where the compliance of the AI systems with the requirements set out in Chapter 2 of this Title has been demonstrated following that conformity assessment, the providers shall draw up an EU declaration of conformity in accordance with Article 48 and affix the CE marking of conformity in accordance with Article 49.",52021PC0206,,"Providers of high-risk AI systems shall ensure that their systems undergo the relevant conformity assessment procedure in accordance with Article 43, prior to their placing on the market or putting into service. Where the compliance of the AI systems with the requirements set out in Chapter 2 of this Title has been demonstrated following that conformity assessment, the providers shall draw up an EU declaration of conformity in accordance with Article 48 and affix the CE marking of conformity in accordance with Article 49."
Art19(2),paragraph,Art19,Art19/2,"For high-risk AI systems referred to in point 5(b) of Annex III that are placed on the market or put into service by providers that are credit institutions regulated by Directive 2013/36/EU, the conformity assessment shall be carried out as part of the procedure referred to in Articles 97 to101 of that Directive.",52021PC0206,,"For high-risk AI systems referred to in point 5(b) of Annex III that are placed on the market or put into service by providers that are credit institutions regulated by Directive 2013/36/EU, the conformity assessment shall be carried out as part of the procedure referred to in Articles 97 to101 of that Directive."
Art20,article,Art20,Art20,,52021PC0206,Automatically generated logs,"Providers of high-risk AI systems shall keep the logs automatically generated by their high-risk AI systems, to the extent such logs are under their control by virtue of a contractual arrangement with the user or otherwise by law. The logs shall be kept for a period that is appropriate in the light of the intended purpose of high-risk AI system and applicable legal obligations under Union or national law. Providers that are credit institutions regulated by Directive 2013/36/EU shall maintain the logs automatically generated by their high-risk AI systems as part of the documentation under Articles 74 of that Directive."
Art20(1),paragraph,Art20,Art20/1,"Providers of high-risk AI systems shall keep the logs automatically generated by their high-risk AI systems, to the extent such logs are under their control by virtue of a contractual arrangement with the user or otherwise by law. The logs shall be kept for a period that is appropriate in the light of the intended purpose of high-risk AI system and applicable legal obligations under Union or national law.",52021PC0206,,"Providers of high-risk AI systems shall keep the logs automatically generated by their high-risk AI systems, to the extent such logs are under their control by virtue of a contractual arrangement with the user or otherwise by law. The logs shall be kept for a period that is appropriate in the light of the intended purpose of high-risk AI system and applicable legal obligations under Union or national law."
Art20(2),paragraph,Art20,Art20/2,Providers that are credit institutions regulated by Directive 2013/36/EU shall maintain the logs automatically generated by their high-risk AI systems as part of the documentation under Articles 74 of that Directive.,52021PC0206,,Providers that are credit institutions regulated by Directive 2013/36/EU shall maintain the logs automatically generated by their high-risk AI systems as part of the documentation under Articles 74 of that Directive.
Art21,article,Art21,Art21,"Providers of high-risk AI systems which consider or have reason to consider that a high-risk AI system which they have placed on the market or put into service is not in conformity with this Regulation shall immediately take the necessary corrective actions to bring that system into conformity, to withdraw it or to recall it, as appropriate. They shall inform the distributors of the high-risk AI system in question and, where applicable, the authorised representative and importers accordingly.",52021PC0206,Corrective actions,"Providers of high-risk AI systems which consider or have reason to consider that a high-risk AI system which they have placed on the market or put into service is not in conformity with this Regulation shall immediately take the necessary corrective actions to bring that system into conformity, to withdraw it or to recall it, as appropriate. They shall inform the distributors of the high-risk AI system in question and, where applicable, the authorised representative and importers accordingly."
Art22,article,Art22,Art22,"Where the high-risk AI system presents a risk within the meaning of Article 65(1) and that risk is known to the provider of the system, that provider shall immediately inform the national competent authorities of the Member States in which it made the system available and, where applicable, the notified body that issued a certificate for the high-risk AI system, in particular of the non-compliance and of any corrective actions taken.",52021PC0206,Duty of information,"Where the high-risk AI system presents a risk within the meaning of Article 65(1) and that risk is known to the provider of the system, that provider shall immediately inform the national competent authorities of the Member States in which it made the system available and, where applicable, the notified body that issued a certificate for the high-risk AI system, in particular of the non-compliance and of any corrective actions taken."
Art23,article,Art23,Art23,"Providers of high-risk AI systems shall, upon request by a national competent authority, provide that authority with all the information and documentation necessary to demonstrate the conformity of the high-risk AI system with the requirements set out in Chapter 2 of this Title, in an official Union language determined by the Member State concerned. Upon a reasoned request from a national competent authority, providers shall also give that authority access to the logs automatically generated by the high-risk AI system, to the extent such logs are under their control by virtue of a contractual arrangement with the user or otherwise by law.",52021PC0206,Cooperation with competent authorities,"Providers of high-risk AI systems shall, upon request by a national competent authority, provide that authority with all the information and documentation necessary to demonstrate the conformity of the high-risk AI system with the requirements set out in Chapter 2 of this Title, in an official Union language determined by the Member State concerned. Upon a reasoned request from a national competent authority, providers shall also give that authority access to the logs automatically generated by the high-risk AI system, to the extent such logs are under their control by virtue of a contractual arrangement with the user or otherwise by law."
Art24,article,Art24,Art24,"Where a high-risk AI system related to products to which the legal acts listed in Annex II, section A, apply, is placed on the market or put into service together with the product manufactured in accordance with those legal acts and under the name of the product manufacturer, the manufacturer of the product shall take the responsibility of the compliance of the AI system with this Regulation and, as far as the AI system is concerned, have the same obligations imposed by the present Regulation on the provider.",52021PC0206,Obligations of product manufacturers,"Where a high-risk AI system related to products to which the legal acts listed in Annex II, section A, apply, is placed on the market or put into service together with the product manufactured in accordance with those legal acts and under the name of the product manufacturer, the manufacturer of the product shall take the responsibility of the compliance of the AI system with this Regulation and, as far as the AI system is concerned, have the same obligations imposed by the present Regulation on the provider."
Art25,article,Art25,Art25,,52021PC0206,Authorised representatives,"Prior to making their systems available on the Union market, where an importer cannot be identified, providers established outside the Union shall, by written mandate, appoint an authorised representative which is established in the Union. The authorised representative shall perform the tasks specified in the mandate received from the provider. The mandate shall empower the authorised representative to carry out the following tasks: keep a copy of the EU declaration of conformity and the technical documentation at the disposal of the national competent authorities and national authorities referred to in Article 63(7); provide a national competent authority, upon a reasoned request, with all the information and documentation necessary to demonstrate the conformity of a high-risk AI system with the requirements set out in Chapter 2 of this Title, including access to the logs automatically generated by the high-risk AI system to the extent such logs are under the control of the provider by virtue of a contractual arrangement with the user or otherwise by law; cooperate with competent national authorities, upon a reasoned request, on any action the latter takes in relation to the high-risk AI system."
Art25(1),paragraph,Art25,Art25/1,"Prior to making their systems available on the Union market, where an importer cannot be identified, providers established outside the Union shall, by written mandate, appoint an authorised representative which is established in the Union.",52021PC0206,,"Prior to making their systems available on the Union market, where an importer cannot be identified, providers established outside the Union shall, by written mandate, appoint an authorised representative which is established in the Union."
Art25(2),paragraph,Art25,Art25/2,The authorised representative shall perform the tasks specified in the mandate received from the provider. The mandate shall empower the authorised representative to carry out the following tasks:,52021PC0206,,"The authorised representative shall perform the tasks specified in the mandate received from the provider. The mandate shall empower the authorised representative to carry out the following tasks: keep a copy of the EU declaration of conformity and the technical documentation at the disposal of the national competent authorities and national authorities referred to in Article 63(7); provide a national competent authority, upon a reasoned request, with all the information and documentation necessary to demonstrate the conformity of a high-risk AI system with the requirements set out in Chapter 2 of this Title, including access to the logs automatically generated by the high-risk AI system to the extent such logs are under the control of the provider by virtue of a contractual arrangement with the user or otherwise by law; cooperate with competent national authorities, upon a reasoned request, on any action the latter takes in relation to the high-risk AI system."
Art25(2)(a),point,Art25,Art25/2/a,keep a copy of the EU declaration of conformity and the technical documentation at the disposal of the national competent authorities and national authorities referred to in Article 63(7);,52021PC0206,,keep a copy of the EU declaration of conformity and the technical documentation at the disposal of the national competent authorities and national authorities referred to in Article 63(7);
Art25(2)(b),point,Art25,Art25/2/b,"provide a national competent authority, upon a reasoned request, with all the information and documentation necessary to demonstrate the conformity of a high-risk AI system with the requirements set out in Chapter 2 of this Title, including access to the logs automatically generated by the high-risk AI system to the extent such logs are under the control of the provider by virtue of a contractual arrangement with the user or otherwise by law;",52021PC0206,,"provide a national competent authority, upon a reasoned request, with all the information and documentation necessary to demonstrate the conformity of a high-risk AI system with the requirements set out in Chapter 2 of this Title, including access to the logs automatically generated by the high-risk AI system to the extent such logs are under the control of the provider by virtue of a contractual arrangement with the user or otherwise by law;"
Art25(2)(c),point,Art25,Art25/2/c,"cooperate with competent national authorities, upon a reasoned request, on any action the latter takes in relation to the high-risk AI system.",52021PC0206,,"cooperate with competent national authorities, upon a reasoned request, on any action the latter takes in relation to the high-risk AI system."
Art26,article,Art26,Art26,,52021PC0206,Obligations of importers,"Before placing a high-risk AI system on the market, importers of such system shall ensure that: the appropriate conformity assessment procedure has been carried out by the provider of that AI system the provider has drawn up the technical documentation in accordance with Annex IV; the system bears the required conformity marking and is accompanied by the required documentation and instructions of use. Where an importer considers or has reason to consider that a high-risk AI system is not in conformity with this Regulation, it shall not place that system on the market until that AI system has been brought into conformity. Where the high-risk AI system presents a risk within the meaning of Article 65(1), the importer shall inform the provider of the AI system and the market surveillance authorities to that effect. Importers shall indicate their name, registered trade name or registered trade mark, and the address at which they can be contacted on the high-risk AI system or, where that is not possible, on its packaging or its accompanying documentation, as applicable. Importers shall ensure that, while a high-risk AI system is under their responsibility, where applicable, storage or transport conditions do not jeopardise its compliance with the requirements set out in Chapter 2 of this Title. Importers shall provide national competent authorities, upon a reasoned request, with all necessary information and documentation to demonstrate the conformity of a high-risk AI system with the requirements set out in Chapter 2 of this Title in a language which can be easily understood by that national competent authority, including access to the logs automatically generated by the high-risk AI system to the extent such logs are under the control of the provider by virtue of a contractual arrangement with the user or otherwise by law. They shall also cooperate with those authorities on any action national competent authority takes in relation to that system."
Art26(1),paragraph,Art26,Art26/1,"Before placing a high-risk AI system on the market, importers of such system shall ensure that:",52021PC0206,,"Before placing a high-risk AI system on the market, importers of such system shall ensure that: the appropriate conformity assessment procedure has been carried out by the provider of that AI system the provider has drawn up the technical documentation in accordance with Annex IV; the system bears the required conformity marking and is accompanied by the required documentation and instructions of use."
Art26(1)(a),point,Art26,Art26/1/a,the appropriate conformity assessment procedure has been carried out by the provider of that AI system,52021PC0206,,the appropriate conformity assessment procedure has been carried out by the provider of that AI system
Art26(1)(b),point,Art26,Art26/1/b,the provider has drawn up the technical documentation in accordance with Annex IV;,52021PC0206,,the provider has drawn up the technical documentation in accordance with Annex IV;
Art26(1)(c),point,Art26,Art26/1/c,the system bears the required conformity marking and is accompanied by the required documentation and instructions of use.,52021PC0206,,the system bears the required conformity marking and is accompanied by the required documentation and instructions of use.
Art26(2),paragraph,Art26,Art26/2,"Where an importer considers or has reason to consider that a high-risk AI system is not in conformity with this Regulation, it shall not place that system on the market until that AI system has been brought into conformity. Where the high-risk AI system presents a risk within the meaning of Article 65(1), the importer shall inform the provider of the AI system and the market surveillance authorities to that effect.",52021PC0206,,"Where an importer considers or has reason to consider that a high-risk AI system is not in conformity with this Regulation, it shall not place that system on the market until that AI system has been brought into conformity. Where the high-risk AI system presents a risk within the meaning of Article 65(1), the importer shall inform the provider of the AI system and the market surveillance authorities to that effect."
Art26(3),paragraph,Art26,Art26/3,"Importers shall indicate their name, registered trade name or registered trade mark, and the address at which they can be contacted on the high-risk AI system or, where that is not possible, on its packaging or its accompanying documentation, as applicable.",52021PC0206,,"Importers shall indicate their name, registered trade name or registered trade mark, and the address at which they can be contacted on the high-risk AI system or, where that is not possible, on its packaging or its accompanying documentation, as applicable."
Art26(4),paragraph,Art26,Art26/4,"Importers shall ensure that, while a high-risk AI system is under their responsibility, where applicable, storage or transport conditions do not jeopardise its compliance with the requirements set out in Chapter 2 of this Title.",52021PC0206,,"Importers shall ensure that, while a high-risk AI system is under their responsibility, where applicable, storage or transport conditions do not jeopardise its compliance with the requirements set out in Chapter 2 of this Title."
Art26(5),paragraph,Art26,Art26/5,"Importers shall provide national competent authorities, upon a reasoned request, with all necessary information and documentation to demonstrate the conformity of a high-risk AI system with the requirements set out in Chapter 2 of this Title in a language which can be easily understood by that national competent authority, including access to the logs automatically generated by the high-risk AI system to the extent such logs are under the control of the provider by virtue of a contractual arrangement with the user or otherwise by law. They shall also cooperate with those authorities on any action national competent authority takes in relation to that system.",52021PC0206,,"Importers shall provide national competent authorities, upon a reasoned request, with all necessary information and documentation to demonstrate the conformity of a high-risk AI system with the requirements set out in Chapter 2 of this Title in a language which can be easily understood by that national competent authority, including access to the logs automatically generated by the high-risk AI system to the extent such logs are under the control of the provider by virtue of a contractual arrangement with the user or otherwise by law. They shall also cooperate with those authorities on any action national competent authority takes in relation to that system."
Art27,article,Art27,Art27,,52021PC0206,Obligations of distributors,"Before making a high-risk AI system available on the market, distributors shall verify that the high-risk AI system bears the required CE conformity marking, that it is accompanied by the required documentation and instruction of use, and that the provider and the importer of the system, as applicable, have complied with the obligations set out in this Regulation. Where a distributor considers or has reason to consider that a high-risk AI system is not in conformity with the requirements set out in Chapter 2 of this Title, it shall not make the high-risk AI system available on the market until that system has been brought into conformity with those requirements. Furthermore, where the system presents a risk within the meaning of Article 65(1), the distributor shall inform the provider or the importer of the system, as applicable, to that effect. Distributors shall ensure that, while a high-risk AI system is under their responsibility, where applicable, storage or transport conditions do not jeopardise the compliance of the system with the requirements set out in Chapter 2 of this Title. A distributor that considers or has reason to consider that a high-risk AI system which it has made available on the market is not in conformity with the requirements set out in Chapter 2 of this Title shall take the corrective actions necessary to bring that system into conformity with those requirements, to withdraw it or recall it or shall ensure that the provider, the importer or any relevant operator, as appropriate, takes those corrective actions. Where the high-risk AI system presents a risk within the meaning of Article 65(1), the distributor shall immediately inform the national competent authorities of the Member States in which it has made the product available to that effect, giving details, in particular, of the non-compliance and of any corrective actions taken. Upon a reasoned request from a national competent authority, distributors of high-risk AI systems shall provide that authority with all the information and documentation necessary to demonstrate the conformity of a high-risk system with the requirements set out in Chapter 2 of this Title. Distributors shall also cooperate with that national competent authority on any action taken by that authority."
Art27(1),paragraph,Art27,Art27/1,"Before making a high-risk AI system available on the market, distributors shall verify that the high-risk AI system bears the required CE conformity marking, that it is accompanied by the required documentation and instruction of use, and that the provider and the importer of the system, as applicable, have complied with the obligations set out in this Regulation.",52021PC0206,,"Before making a high-risk AI system available on the market, distributors shall verify that the high-risk AI system bears the required CE conformity marking, that it is accompanied by the required documentation and instruction of use, and that the provider and the importer of the system, as applicable, have complied with the obligations set out in this Regulation."
Art27(2),paragraph,Art27,Art27/2,"Where a distributor considers or has reason to consider that a high-risk AI system is not in conformity with the requirements set out in Chapter 2 of this Title, it shall not make the high-risk AI system available on the market until that system has been brought into conformity with those requirements. Furthermore, where the system presents a risk within the meaning of Article 65(1), the distributor shall inform the provider or the importer of the system, as applicable, to that effect.",52021PC0206,,"Where a distributor considers or has reason to consider that a high-risk AI system is not in conformity with the requirements set out in Chapter 2 of this Title, it shall not make the high-risk AI system available on the market until that system has been brought into conformity with those requirements. Furthermore, where the system presents a risk within the meaning of Article 65(1), the distributor shall inform the provider or the importer of the system, as applicable, to that effect."
Art27(3),paragraph,Art27,Art27/3,"Distributors shall ensure that, while a high-risk AI system is under their responsibility, where applicable, storage or transport conditions do not jeopardise the compliance of the system with the requirements set out in Chapter 2 of this Title.",52021PC0206,,"Distributors shall ensure that, while a high-risk AI system is under their responsibility, where applicable, storage or transport conditions do not jeopardise the compliance of the system with the requirements set out in Chapter 2 of this Title."
Art27(4),paragraph,Art27,Art27/4,"A distributor that considers or has reason to consider that a high-risk AI system which it has made available on the market is not in conformity with the requirements set out in Chapter 2 of this Title shall take the corrective actions necessary to bring that system into conformity with those requirements, to withdraw it or recall it or shall ensure that the provider, the importer or any relevant operator, as appropriate, takes those corrective actions. Where the high-risk AI system presents a risk within the meaning of Article 65(1), the distributor shall immediately inform the national competent authorities of the Member States in which it has made the product available to that effect, giving details, in particular, of the non-compliance and of any corrective actions taken.",52021PC0206,,"A distributor that considers or has reason to consider that a high-risk AI system which it has made available on the market is not in conformity with the requirements set out in Chapter 2 of this Title shall take the corrective actions necessary to bring that system into conformity with those requirements, to withdraw it or recall it or shall ensure that the provider, the importer or any relevant operator, as appropriate, takes those corrective actions. Where the high-risk AI system presents a risk within the meaning of Article 65(1), the distributor shall immediately inform the national competent authorities of the Member States in which it has made the product available to that effect, giving details, in particular, of the non-compliance and of any corrective actions taken."
Art27(5),paragraph,Art27,Art27/5,"Upon a reasoned request from a national competent authority, distributors of high-risk AI systems shall provide that authority with all the information and documentation necessary to demonstrate the conformity of a high-risk system with the requirements set out in Chapter 2 of this Title. Distributors shall also cooperate with that national competent authority on any action taken by that authority.",52021PC0206,,"Upon a reasoned request from a national competent authority, distributors of high-risk AI systems shall provide that authority with all the information and documentation necessary to demonstrate the conformity of a high-risk system with the requirements set out in Chapter 2 of this Title. Distributors shall also cooperate with that national competent authority on any action taken by that authority."
Art28,article,Art28,Art28,,52021PC0206,"Obligations of distributors, importers, users or any other third-party","Any distributor, importer, user or other third-party shall be considered a provider for the purposes of this Regulation and shall be subject to the obligations of the provider under Article 16, in any of the following circumstances: they place on the market or put into service a high-risk AI system under their name or trademark; they modify the intended purpose of a high-risk AI system already placed on the market or put into service; they make a substantial modification to the high-risk AI system. Where the circumstances referred to in paragraph 1, point (b) or (c), occur, the provider that initially placed the high-risk AI system on the market or put it into service shall no longer be considered a provider for the purposes of this Regulation."
Art28(1),paragraph,Art28,Art28/1,"Any distributor, importer, user or other third-party shall be considered a provider for the purposes of this Regulation and shall be subject to the obligations of the provider under Article 16, in any of the following circumstances:",52021PC0206,,"Any distributor, importer, user or other third-party shall be considered a provider for the purposes of this Regulation and shall be subject to the obligations of the provider under Article 16, in any of the following circumstances: they place on the market or put into service a high-risk AI system under their name or trademark; they modify the intended purpose of a high-risk AI system already placed on the market or put into service; they make a substantial modification to the high-risk AI system."
Art28(1)(a),point,Art28,Art28/1/a,they place on the market or put into service a high-risk AI system under their name or trademark;,52021PC0206,,they place on the market or put into service a high-risk AI system under their name or trademark;
Art28(1)(b),point,Art28,Art28/1/b,they modify the intended purpose of a high-risk AI system already placed on the market or put into service;,52021PC0206,,they modify the intended purpose of a high-risk AI system already placed on the market or put into service;
Art28(1)(c),point,Art28,Art28/1/c,they make a substantial modification to the high-risk AI system.,52021PC0206,,they make a substantial modification to the high-risk AI system.
Art28(2),paragraph,Art28,Art28/2,"Where the circumstances referred to in paragraph 1, point (b) or (c), occur, the provider that initially placed the high-risk AI system on the market or put it into service shall no longer be considered a provider for the purposes of this Regulation.",52021PC0206,,"Where the circumstances referred to in paragraph 1, point (b) or (c), occur, the provider that initially placed the high-risk AI system on the market or put it into service shall no longer be considered a provider for the purposes of this Regulation."
Art29,article,Art29,Art29,,52021PC0206,Obligations of users of high-risk AI systems,"Users of high-risk AI systems shall use such systems in accordance with the instructions of use accompanying the systems, pursuant to paragraphs 2 and 5. The obligations in paragraph 1 are without prejudice to other user obligations under Union or national law and to the user’s discretion in organising its own resources and activities for the purpose of implementing the human oversight measures indicated by the provider. Without prejudice to paragraph 1, to the extent the user exercises control over the input data, that user shall ensure that input data is relevant in view of the intended purpose of the high-risk AI system. Users shall monitor the operation of the high-risk AI system on the basis of the instructions of use. When they have reasons to consider that the use in accordance with the instructions of use may result in the AI system presenting a risk within the meaning of Article 65(1) they shall inform the provider or distributor and suspend the use of the system. They shall also inform the provider or distributor when they have identified any serious incident or any malfunctioning within the meaning of Article 62 and interrupt the use of the AI system. In case the user is not able to reach the provider, Article 62 shall apply mutatis mutandis. For users that are credit institutions regulated by Directive 2013/36/EU, the monitoring obligation set out in the first subparagraph shall be deemed to be fulfilled by complying with the rules on internal governance arrangements, processes and mechanisms pursuant to Article 74 of that Directive. Users of high-risk AI systems shall keep the logs automatically generated by that high-risk AI system, to the extent such logs are under their control. The logs shall be kept for a period that is appropriate in the light of the intended purpose of the high-risk AI system and applicable legal obligations under Union or national law. Users that are credit institutions regulated by Directive 2013/36/EU shall maintain the logs as part of the documentation concerning internal governance arrangements, processes and mechanisms pursuant to Article 74 of that Directive. Users of high-risk AI systems shall use the information provided under Article 13 to comply with their obligation to carry out a data protection impact assessment under Article 35 of Regulation (EU) 2016/679 or Article 27 of Directive (EU) 2016/680, where applicable. Chapter 4 NOTIFIYING AUTHORITIES AND NOTIFIED BODIES"
Art29(1),paragraph,Art29,Art29/1,"Users of high-risk AI systems shall use such systems in accordance with the instructions of use accompanying the systems, pursuant to paragraphs 2 and 5.",52021PC0206,,"Users of high-risk AI systems shall use such systems in accordance with the instructions of use accompanying the systems, pursuant to paragraphs 2 and 5."
Art29(2),paragraph,Art29,Art29/2,The obligations in paragraph 1 are without prejudice to other user obligations under Union or national law and to the user’s discretion in organising its own resources and activities for the purpose of implementing the human oversight measures indicated by the provider.,52021PC0206,,The obligations in paragraph 1 are without prejudice to other user obligations under Union or national law and to the user’s discretion in organising its own resources and activities for the purpose of implementing the human oversight measures indicated by the provider.
Art29(3),paragraph,Art29,Art29/3,"Without prejudice to paragraph 1, to the extent the user exercises control over the input data, that user shall ensure that input data is relevant in view of the intended purpose of the high-risk AI system.",52021PC0206,,"Without prejudice to paragraph 1, to the extent the user exercises control over the input data, that user shall ensure that input data is relevant in view of the intended purpose of the high-risk AI system."
Art29(4),paragraph,Art29,Art29/4,"Users shall monitor the operation of the high-risk AI system on the basis of the instructions of use. When they have reasons to consider that the use in accordance with the instructions of use may result in the AI system presenting a risk within the meaning of Article 65(1) they shall inform the provider or distributor and suspend the use of the system. They shall also inform the provider or distributor when they have identified any serious incident or any malfunctioning within the meaning of Article 62 and interrupt the use of the AI system. In case the user is not able to reach the provider, Article 62 shall apply mutatis mutandis. For users that are credit institutions regulated by Directive 2013/36/EU, the monitoring obligation set out in the first subparagraph shall be deemed to be fulfilled by complying with the rules on internal governance arrangements, processes and mechanisms pursuant to Article 74 of that Directive.",52021PC0206,,"Users shall monitor the operation of the high-risk AI system on the basis of the instructions of use. When they have reasons to consider that the use in accordance with the instructions of use may result in the AI system presenting a risk within the meaning of Article 65(1) they shall inform the provider or distributor and suspend the use of the system. They shall also inform the provider or distributor when they have identified any serious incident or any malfunctioning within the meaning of Article 62 and interrupt the use of the AI system. In case the user is not able to reach the provider, Article 62 shall apply mutatis mutandis. For users that are credit institutions regulated by Directive 2013/36/EU, the monitoring obligation set out in the first subparagraph shall be deemed to be fulfilled by complying with the rules on internal governance arrangements, processes and mechanisms pursuant to Article 74 of that Directive."
Art29(5),paragraph,Art29,Art29/5,"Users of high-risk AI systems shall keep the logs automatically generated by that high-risk AI system, to the extent such logs are under their control. The logs shall be kept for a period that is appropriate in the light of the intended purpose of the high-risk AI system and applicable legal obligations under Union or national law. Users that are credit institutions regulated by Directive 2013/36/EU shall maintain the logs as part of the documentation concerning internal governance arrangements, processes and mechanisms pursuant to Article 74 of that Directive.",52021PC0206,,"Users of high-risk AI systems shall keep the logs automatically generated by that high-risk AI system, to the extent such logs are under their control. The logs shall be kept for a period that is appropriate in the light of the intended purpose of the high-risk AI system and applicable legal obligations under Union or national law. Users that are credit institutions regulated by Directive 2013/36/EU shall maintain the logs as part of the documentation concerning internal governance arrangements, processes and mechanisms pursuant to Article 74 of that Directive."
Art29(6),paragraph,Art29,Art29/6,"Users of high-risk AI systems shall use the information provided under Article 13 to comply with their obligation to carry out a data protection impact assessment under Article 35 of Regulation (EU) 2016/679 or Article 27 of Directive (EU) 2016/680, where applicable. Chapter 4 NOTIFIYING AUTHORITIES AND NOTIFIED BODIES",52021PC0206,,"Users of high-risk AI systems shall use the information provided under Article 13 to comply with their obligation to carry out a data protection impact assessment under Article 35 of Regulation (EU) 2016/679 or Article 27 of Directive (EU) 2016/680, where applicable. Chapter 4 NOTIFIYING AUTHORITIES AND NOTIFIED BODIES"
Art30,article,Art30,Art30,,52021PC0206,Notifying authorities,"Each Member State shall designate or establish a notifying authority responsible for setting up and carrying out the necessary procedures for the assessment, designation and notification of conformity assessment bodies and for their monitoring. Member States may designate a national accreditation body referred to in Regulation (EC) No 765/2008 as a notifying authority. Notifying authorities shall be established, organised and operated in such a way that no conflict of interest arises with conformity assessment bodies and the objectivity and impartiality of their activities are safeguarded. Notifying authorities shall be organised in such a way that decisions relating to the notification of conformity assessment bodies are taken by competent persons different from those who carried out the assessment of those bodies. Notifying authorities shall not offer or provide any activities that conformity assessment bodies perform or any consultancy services on a commercial or competitive basis. Notifying authorities shall safeguard the confidentiality of the information they obtain. Notifying authorities shall have a sufficient number of competent personnel at their disposal for the proper performance of their tasks. Notifying authorities shall make sure that conformity assessments are carried out in a proportionate manner, avoiding unnecessary burdens for providers and that notified bodies perform their activities taking due account of the size of an undertaking, the sector in which it operates, its structure and the degree of complexity of the AI system in question."
Art30(1),paragraph,Art30,Art30/1,"Each Member State shall designate or establish a notifying authority responsible for setting up and carrying out the necessary procedures for the assessment, designation and notification of conformity assessment bodies and for their monitoring.",52021PC0206,,"Each Member State shall designate or establish a notifying authority responsible for setting up and carrying out the necessary procedures for the assessment, designation and notification of conformity assessment bodies and for their monitoring."
Art30(2),paragraph,Art30,Art30/2,Member States may designate a national accreditation body referred to in Regulation (EC) No 765/2008 as a notifying authority.,52021PC0206,,Member States may designate a national accreditation body referred to in Regulation (EC) No 765/2008 as a notifying authority.
Art30(3),paragraph,Art30,Art30/3,"Notifying authorities shall be established, organised and operated in such a way that no conflict of interest arises with conformity assessment bodies and the objectivity and impartiality of their activities are safeguarded.",52021PC0206,,"Notifying authorities shall be established, organised and operated in such a way that no conflict of interest arises with conformity assessment bodies and the objectivity and impartiality of their activities are safeguarded."
Art30(4),paragraph,Art30,Art30/4,Notifying authorities shall be organised in such a way that decisions relating to the notification of conformity assessment bodies are taken by competent persons different from those who carried out the assessment of those bodies.,52021PC0206,,Notifying authorities shall be organised in such a way that decisions relating to the notification of conformity assessment bodies are taken by competent persons different from those who carried out the assessment of those bodies.
Art30(5),paragraph,Art30,Art30/5,Notifying authorities shall not offer or provide any activities that conformity assessment bodies perform or any consultancy services on a commercial or competitive basis.,52021PC0206,,Notifying authorities shall not offer or provide any activities that conformity assessment bodies perform or any consultancy services on a commercial or competitive basis.
Art30(6),paragraph,Art30,Art30/6,Notifying authorities shall safeguard the confidentiality of the information they obtain.,52021PC0206,,Notifying authorities shall safeguard the confidentiality of the information they obtain.
Art30(7),paragraph,Art30,Art30/7,Notifying authorities shall have a sufficient number of competent personnel at their disposal for the proper performance of their tasks.,52021PC0206,,Notifying authorities shall have a sufficient number of competent personnel at their disposal for the proper performance of their tasks.
Art30(8),paragraph,Art30,Art30/8,"Notifying authorities shall make sure that conformity assessments are carried out in a proportionate manner, avoiding unnecessary burdens for providers and that notified bodies perform their activities taking due account of the size of an undertaking, the sector in which it operates, its structure and the degree of complexity of the AI system in question.",52021PC0206,,"Notifying authorities shall make sure that conformity assessments are carried out in a proportionate manner, avoiding unnecessary burdens for providers and that notified bodies perform their activities taking due account of the size of an undertaking, the sector in which it operates, its structure and the degree of complexity of the AI system in question."
Art31,article,Art31,Art31,,52021PC0206,Application of a conformity assessment body for notification,"Conformity assessment bodies shall submit an application for notification to the notifying authority of the Member State in which they are established. The application for notification shall be accompanied by a description of the conformity assessment activities, the conformity assessment module or modules and the artificial intelligence technologies for which the conformity assessment body claims to be competent, as well as by an accreditation certificate, where one exists, issued by a national accreditation body attesting that the conformity assessment body fulfils the requirements laid down in Article 33. Any valid document related to existing designations of the applicant notified body under any other Union harmonisation legislation shall be added. Where the conformity assessment body concerned cannot provide an accreditation certificate, it shall provide the notifying authority with the documentary evidence necessary for the verification, recognition and regular monitoring of its compliance with the requirements laid down in Article 33. For notified bodies which are designated under any other Union harmonisation legislation, all documents and certificates linked to those designations may be used to support their designation procedure under this Regulation, as appropriate."
Art31(1),paragraph,Art31,Art31/1,Conformity assessment bodies shall submit an application for notification to the notifying authority of the Member State in which they are established.,52021PC0206,,Conformity assessment bodies shall submit an application for notification to the notifying authority of the Member State in which they are established.
Art31(2),paragraph,Art31,Art31/2,"The application for notification shall be accompanied by a description of the conformity assessment activities, the conformity assessment module or modules and the artificial intelligence technologies for which the conformity assessment body claims to be competent, as well as by an accreditation certificate, where one exists, issued by a national accreditation body attesting that the conformity assessment body fulfils the requirements laid down in Article 33. Any valid document related to existing designations of the applicant notified body under any other Union harmonisation legislation shall be added.",52021PC0206,,"The application for notification shall be accompanied by a description of the conformity assessment activities, the conformity assessment module or modules and the artificial intelligence technologies for which the conformity assessment body claims to be competent, as well as by an accreditation certificate, where one exists, issued by a national accreditation body attesting that the conformity assessment body fulfils the requirements laid down in Article 33. Any valid document related to existing designations of the applicant notified body under any other Union harmonisation legislation shall be added."
Art31(3),paragraph,Art31,Art31/3,"Where the conformity assessment body concerned cannot provide an accreditation certificate, it shall provide the notifying authority with the documentary evidence necessary for the verification, recognition and regular monitoring of its compliance with the requirements laid down in Article 33. For notified bodies which are designated under any other Union harmonisation legislation, all documents and certificates linked to those designations may be used to support their designation procedure under this Regulation, as appropriate.",52021PC0206,,"Where the conformity assessment body concerned cannot provide an accreditation certificate, it shall provide the notifying authority with the documentary evidence necessary for the verification, recognition and regular monitoring of its compliance with the requirements laid down in Article 33. For notified bodies which are designated under any other Union harmonisation legislation, all documents and certificates linked to those designations may be used to support their designation procedure under this Regulation, as appropriate."
Art32,article,Art32,Art32,,52021PC0206,Notification procedure,"Notifying authorities may notify only conformity assessment bodies which have satisfied the requirements laid down in Article 33. Notifying authorities shall notify the Commission and the other Member States using the electronic notification tool developed and managed by the Commission. The notification shall include full details of the conformity assessment activities, the conformity assessment module or modules and the artificial intelligence technologies concerned. The conformity assessment body concerned may perform the activities of a notified body only where no objections are raised by the Commission or the other Member States within one month of a notification. Notifying authorities shall notify the Commission and the other Member States of any subsequent relevant changes to the notification."
Art32(1),paragraph,Art32,Art32/1,Notifying authorities may notify only conformity assessment bodies which have satisfied the requirements laid down in Article 33.,52021PC0206,,Notifying authorities may notify only conformity assessment bodies which have satisfied the requirements laid down in Article 33.
Art32(2),paragraph,Art32,Art32/2,Notifying authorities shall notify the Commission and the other Member States using the electronic notification tool developed and managed by the Commission.,52021PC0206,,Notifying authorities shall notify the Commission and the other Member States using the electronic notification tool developed and managed by the Commission.
Art32(3),paragraph,Art32,Art32/3,"The notification shall include full details of the conformity assessment activities, the conformity assessment module or modules and the artificial intelligence technologies concerned.",52021PC0206,,"The notification shall include full details of the conformity assessment activities, the conformity assessment module or modules and the artificial intelligence technologies concerned."
Art32(4),paragraph,Art32,Art32/4,The conformity assessment body concerned may perform the activities of a notified body only where no objections are raised by the Commission or the other Member States within one month of a notification.,52021PC0206,,The conformity assessment body concerned may perform the activities of a notified body only where no objections are raised by the Commission or the other Member States within one month of a notification.
Art32(5),paragraph,Art32,Art32/5,Notifying authorities shall notify the Commission and the other Member States of any subsequent relevant changes to the notification.,52021PC0206,,Notifying authorities shall notify the Commission and the other Member States of any subsequent relevant changes to the notification.
Art33,article,Art33,Art33,,52021PC0206,Notified bodies,"Notified bodies shall verify the conformity of high-risk AI system in accordance with the conformity assessment procedures referred to in Article 43. Notified bodies shall satisfy the organisational, quality management, resources and process requirements that are necessary to fulfil their tasks. The organisational structure, allocation of responsibilities, reporting lines and operation of notified bodies shall be such as to ensure that there is confidence in the performance by and in the results of the conformity assessment activities that the notified bodies conduct. Notified bodies shall be independent of the provider of a high-risk AI system in relation to which it performs conformity assessment activities. Notified bodies shall also be independent of any other operator having an economic interest in the high-risk AI system that is assessed, as well as of any competitors of the provider. Notified bodies shall be organised and operated so as to safeguard the independence, objectivity and impartiality of their activities. Notified bodies shall document and implement a structure and procedures to safeguard impartiality and to promote and apply the principles of impartiality throughout their organisation, personnel and assessment activities. Notified bodies shall have documented procedures in place ensuring that their personnel, committees, subsidiaries, subcontractors and any associated body or personnel of external bodies respect the confidentiality of the information which comes into their possession during the performance of conformity assessment activities, except when disclosure is required by law. The staff of notified bodies shall be bound to observe professional secrecy with regard to all information obtained in carrying out their tasks under this Regulation, except in relation to the notifying authorities of the Member State in which their activities are carried out. Notified bodies shall have procedures for the performance of activities which take due account of the size of an undertaking, the sector in which it operates, its structure, the degree of complexity of the AI system in question. Notified bodies shall take out appropriate liability insurance for their conformity assessment activities, unless liability is assumed by the Member State concerned in accordance with national law or that Member State is directly responsible for the conformity assessment. Notified bodies shall be capable of carrying out all the tasks falling to them under this Regulation with the highest degree of professional integrity and the requisite competence in the specific field, whether those tasks are carried out by notified bodies themselves or on their behalf and under their responsibility. Notified bodies shall have sufficient internal competences to be able to effectively evaluate the tasks conducted by external parties on their behalf. To that end, at all times and for each conformity assessment procedure and each type of high-risk AI system in relation to which they have been designated, the notified body shall have permanent availability of sufficient administrative, technical and scientific personnel who possess experience and knowledge relating to the relevant artificial intelligence technologies, data and data computing and to the requirements set out in Chapter 2 of this Title. Notified bodies shall participate in coordination activities as referred to in Article 38. They shall also take part directly or be represented in European standardisation organisations, or ensure that they are aware and up to date in respect of relevant standards. Notified bodies shall make available and submit upon request all relevant documentation, including the providers’ documentation, to the notifying authority referred to in Article 30 to allow it to conduct its assessment, designation, notification, monitoring and surveillance activities and to facilitate the assessment outlined in this Chapter."
Art33(1),paragraph,Art33,Art33/1,Notified bodies shall verify the conformity of high-risk AI system in accordance with the conformity assessment procedures referred to in Article 43.,52021PC0206,,Notified bodies shall verify the conformity of high-risk AI system in accordance with the conformity assessment procedures referred to in Article 43.
Art33(2),paragraph,Art33,Art33/2,"Notified bodies shall satisfy the organisational, quality management, resources and process requirements that are necessary to fulfil their tasks.",52021PC0206,,"Notified bodies shall satisfy the organisational, quality management, resources and process requirements that are necessary to fulfil their tasks."
Art33(3),paragraph,Art33,Art33/3,"The organisational structure, allocation of responsibilities, reporting lines and operation of notified bodies shall be such as to ensure that there is confidence in the performance by and in the results of the conformity assessment activities that the notified bodies conduct.",52021PC0206,,"The organisational structure, allocation of responsibilities, reporting lines and operation of notified bodies shall be such as to ensure that there is confidence in the performance by and in the results of the conformity assessment activities that the notified bodies conduct."
Art33(4),paragraph,Art33,Art33/4,"Notified bodies shall be independent of the provider of a high-risk AI system in relation to which it performs conformity assessment activities. Notified bodies shall also be independent of any other operator having an economic interest in the high-risk AI system that is assessed, as well as of any competitors of the provider.",52021PC0206,,"Notified bodies shall be independent of the provider of a high-risk AI system in relation to which it performs conformity assessment activities. Notified bodies shall also be independent of any other operator having an economic interest in the high-risk AI system that is assessed, as well as of any competitors of the provider."
Art33(5),paragraph,Art33,Art33/5,"Notified bodies shall be organised and operated so as to safeguard the independence, objectivity and impartiality of their activities. Notified bodies shall document and implement a structure and procedures to safeguard impartiality and to promote and apply the principles of impartiality throughout their organisation, personnel and assessment activities.",52021PC0206,,"Notified bodies shall be organised and operated so as to safeguard the independence, objectivity and impartiality of their activities. Notified bodies shall document and implement a structure and procedures to safeguard impartiality and to promote and apply the principles of impartiality throughout their organisation, personnel and assessment activities."
Art33(6),paragraph,Art33,Art33/6,"Notified bodies shall have documented procedures in place ensuring that their personnel, committees, subsidiaries, subcontractors and any associated body or personnel of external bodies respect the confidentiality of the information which comes into their possession during the performance of conformity assessment activities, except when disclosure is required by law. The staff of notified bodies shall be bound to observe professional secrecy with regard to all information obtained in carrying out their tasks under this Regulation, except in relation to the notifying authorities of the Member State in which their activities are carried out.",52021PC0206,,"Notified bodies shall have documented procedures in place ensuring that their personnel, committees, subsidiaries, subcontractors and any associated body or personnel of external bodies respect the confidentiality of the information which comes into their possession during the performance of conformity assessment activities, except when disclosure is required by law. The staff of notified bodies shall be bound to observe professional secrecy with regard to all information obtained in carrying out their tasks under this Regulation, except in relation to the notifying authorities of the Member State in which their activities are carried out."
Art33(7),paragraph,Art33,Art33/7,"Notified bodies shall have procedures for the performance of activities which take due account of the size of an undertaking, the sector in which it operates, its structure, the degree of complexity of the AI system in question.",52021PC0206,,"Notified bodies shall have procedures for the performance of activities which take due account of the size of an undertaking, the sector in which it operates, its structure, the degree of complexity of the AI system in question."
Art33(8),paragraph,Art33,Art33/8,"Notified bodies shall take out appropriate liability insurance for their conformity assessment activities, unless liability is assumed by the Member State concerned in accordance with national law or that Member State is directly responsible for the conformity assessment.",52021PC0206,,"Notified bodies shall take out appropriate liability insurance for their conformity assessment activities, unless liability is assumed by the Member State concerned in accordance with national law or that Member State is directly responsible for the conformity assessment."
Art33(9),paragraph,Art33,Art33/9,"Notified bodies shall be capable of carrying out all the tasks falling to them under this Regulation with the highest degree of professional integrity and the requisite competence in the specific field, whether those tasks are carried out by notified bodies themselves or on their behalf and under their responsibility.",52021PC0206,,"Notified bodies shall be capable of carrying out all the tasks falling to them under this Regulation with the highest degree of professional integrity and the requisite competence in the specific field, whether those tasks are carried out by notified bodies themselves or on their behalf and under their responsibility."
Art33(10),paragraph,Art33,Art33/10,"Notified bodies shall have sufficient internal competences to be able to effectively evaluate the tasks conducted by external parties on their behalf. To that end, at all times and for each conformity assessment procedure and each type of high-risk AI system in relation to which they have been designated, the notified body shall have permanent availability of sufficient administrative, technical and scientific personnel who possess experience and knowledge relating to the relevant artificial intelligence technologies, data and data computing and to the requirements set out in Chapter 2 of this Title.",52021PC0206,,"Notified bodies shall have sufficient internal competences to be able to effectively evaluate the tasks conducted by external parties on their behalf. To that end, at all times and for each conformity assessment procedure and each type of high-risk AI system in relation to which they have been designated, the notified body shall have permanent availability of sufficient administrative, technical and scientific personnel who possess experience and knowledge relating to the relevant artificial intelligence technologies, data and data computing and to the requirements set out in Chapter 2 of this Title."
Art33(11),paragraph,Art33,Art33/11,"Notified bodies shall participate in coordination activities as referred to in Article 38. They shall also take part directly or be represented in European standardisation organisations, or ensure that they are aware and up to date in respect of relevant standards.",52021PC0206,,"Notified bodies shall participate in coordination activities as referred to in Article 38. They shall also take part directly or be represented in European standardisation organisations, or ensure that they are aware and up to date in respect of relevant standards."
Art33(12),paragraph,Art33,Art33/12,"Notified bodies shall make available and submit upon request all relevant documentation, including the providers’ documentation, to the notifying authority referred to in Article 30 to allow it to conduct its assessment, designation, notification, monitoring and surveillance activities and to facilitate the assessment outlined in this Chapter.",52021PC0206,,"Notified bodies shall make available and submit upon request all relevant documentation, including the providers’ documentation, to the notifying authority referred to in Article 30 to allow it to conduct its assessment, designation, notification, monitoring and surveillance activities and to facilitate the assessment outlined in this Chapter."
Art34,article,Art34,Art34,,52021PC0206,Subsidiaries of and subcontracting by notified bodies,"Where a notified body subcontracts specific tasks connected with the conformity assessment or has recourse to a subsidiary, it shall ensure that the subcontractor or the subsidiary meets the requirements laid down in Article 33 and shall inform the notifying authority accordingly. Notified bodies shall take full responsibility for the tasks performed by subcontractors or subsidiaries wherever these are established. Activities may be subcontracted or carried out by a subsidiary only with the agreement of the provider. Notified bodies shall keep at the disposal of the notifying authority the relevant documents concerning the assessment of the qualifications of the subcontractor or the subsidiary and the work carried out by them under this Regulation."
Art34(1),paragraph,Art34,Art34/1,"Where a notified body subcontracts specific tasks connected with the conformity assessment or has recourse to a subsidiary, it shall ensure that the subcontractor or the subsidiary meets the requirements laid down in Article 33 and shall inform the notifying authority accordingly.",52021PC0206,,"Where a notified body subcontracts specific tasks connected with the conformity assessment or has recourse to a subsidiary, it shall ensure that the subcontractor or the subsidiary meets the requirements laid down in Article 33 and shall inform the notifying authority accordingly."
Art34(2),paragraph,Art34,Art34/2,Notified bodies shall take full responsibility for the tasks performed by subcontractors or subsidiaries wherever these are established.,52021PC0206,,Notified bodies shall take full responsibility for the tasks performed by subcontractors or subsidiaries wherever these are established.
Art34(3),paragraph,Art34,Art34/3,Activities may be subcontracted or carried out by a subsidiary only with the agreement of the provider.,52021PC0206,,Activities may be subcontracted or carried out by a subsidiary only with the agreement of the provider.
Art34(4),paragraph,Art34,Art34/4,Notified bodies shall keep at the disposal of the notifying authority the relevant documents concerning the assessment of the qualifications of the subcontractor or the subsidiary and the work carried out by them under this Regulation.,52021PC0206,,Notified bodies shall keep at the disposal of the notifying authority the relevant documents concerning the assessment of the qualifications of the subcontractor or the subsidiary and the work carried out by them under this Regulation.
Art35,article,Art35,Art35,,52021PC0206,Identification numbers and lists of notified bodies designated under this Regulation,"The Commission shall assign an identification number to notified bodies. It shall assign a single number, even where a body is notified under several Union acts. The Commission shall make publicly available the list of the bodies notified under this Regulation, including the identification numbers that have been assigned to them and the activities for which they have been notified. The Commission shall ensure that the list is kept up to date."
Art35(1),paragraph,Art35,Art35/1,"The Commission shall assign an identification number to notified bodies. It shall assign a single number, even where a body is notified under several Union acts.",52021PC0206,,"The Commission shall assign an identification number to notified bodies. It shall assign a single number, even where a body is notified under several Union acts."
Art35(2),paragraph,Art35,Art35/2,"The Commission shall make publicly available the list of the bodies notified under this Regulation, including the identification numbers that have been assigned to them and the activities for which they have been notified. The Commission shall ensure that the list is kept up to date.",52021PC0206,,"The Commission shall make publicly available the list of the bodies notified under this Regulation, including the identification numbers that have been assigned to them and the activities for which they have been notified. The Commission shall ensure that the list is kept up to date."
Art36,article,Art36,Art36,,52021PC0206,Changes to notifications,"Where a notifying authority has suspicions or has been informed that a notified body no longer meets the requirements laid down in Article 33, or that it is failing to fulfil its obligations, that authority shall without delay investigate the matter with the utmost diligence. In that context, it shall inform the notified body concerned about the objections raised and give it the possibility to make its views known. If the notifying authority comes to the conclusion that the notified body investigation no longer meets the requirements laid down in Article 33 or that it is failing to fulfil its obligations, it shall restrict, suspend or withdraw the notification as appropriate, depending on the seriousness of the failure. It shall also immediately inform the Commission and the other Member States accordingly. In the event of restriction, suspension or withdrawal of notification, or where the notified body has ceased its activity, the notifying authority shall take appropriate steps to ensure that the files of that notified body are either taken over by another notified body or kept available for the responsible notifying authorities at their request."
Art36(1),paragraph,Art36,Art36/1,"Where a notifying authority has suspicions or has been informed that a notified body no longer meets the requirements laid down in Article 33, or that it is failing to fulfil its obligations, that authority shall without delay investigate the matter with the utmost diligence. In that context, it shall inform the notified body concerned about the objections raised and give it the possibility to make its views known. If the notifying authority comes to the conclusion that the notified body investigation no longer meets the requirements laid down in Article 33 or that it is failing to fulfil its obligations, it shall restrict, suspend or withdraw the notification as appropriate, depending on the seriousness of the failure. It shall also immediately inform the Commission and the other Member States accordingly.",52021PC0206,,"Where a notifying authority has suspicions or has been informed that a notified body no longer meets the requirements laid down in Article 33, or that it is failing to fulfil its obligations, that authority shall without delay investigate the matter with the utmost diligence. In that context, it shall inform the notified body concerned about the objections raised and give it the possibility to make its views known. If the notifying authority comes to the conclusion that the notified body investigation no longer meets the requirements laid down in Article 33 or that it is failing to fulfil its obligations, it shall restrict, suspend or withdraw the notification as appropriate, depending on the seriousness of the failure. It shall also immediately inform the Commission and the other Member States accordingly."
Art36(2),paragraph,Art36,Art36/2,"In the event of restriction, suspension or withdrawal of notification, or where the notified body has ceased its activity, the notifying authority shall take appropriate steps to ensure that the files of that notified body are either taken over by another notified body or kept available for the responsible notifying authorities at their request.",52021PC0206,,"In the event of restriction, suspension or withdrawal of notification, or where the notified body has ceased its activity, the notifying authority shall take appropriate steps to ensure that the files of that notified body are either taken over by another notified body or kept available for the responsible notifying authorities at their request."
Art37,article,Art37,Art37,,52021PC0206,Challenge to the competence of notified bodies,"The Commission shall, where necessary, investigate all cases where there are reasons to doubt whether a notified body complies with the requirements laid down in Article 33. The Notifying authority shall provide the Commission, on request, with all relevant information relating to the notification of the notified body concerned. The Commission shall ensure that all confidential information obtained in the course of its investigations pursuant to this Article is treated confidentially. Where the Commission ascertains that a notified body does not meet or no longer meets the requirements laid down in Article 33, it shall adopt a reasoned decision requesting the notifying Member State to take the necessary corrective measures, including withdrawal of notification if necessary. That implementing act shall be adopted in accordance with the examination procedure referred to in Article 74(2)."
Art37(1),paragraph,Art37,Art37/1,"The Commission shall, where necessary, investigate all cases where there are reasons to doubt whether a notified body complies with the requirements laid down in Article 33.",52021PC0206,,"The Commission shall, where necessary, investigate all cases where there are reasons to doubt whether a notified body complies with the requirements laid down in Article 33."
Art37(2),paragraph,Art37,Art37/2,"The Notifying authority shall provide the Commission, on request, with all relevant information relating to the notification of the notified body concerned.",52021PC0206,,"The Notifying authority shall provide the Commission, on request, with all relevant information relating to the notification of the notified body concerned."
Art37(3),paragraph,Art37,Art37/3,The Commission shall ensure that all confidential information obtained in the course of its investigations pursuant to this Article is treated confidentially.,52021PC0206,,The Commission shall ensure that all confidential information obtained in the course of its investigations pursuant to this Article is treated confidentially.
Art37(4),paragraph,Art37,Art37/4,"Where the Commission ascertains that a notified body does not meet or no longer meets the requirements laid down in Article 33, it shall adopt a reasoned decision requesting the notifying Member State to take the necessary corrective measures, including withdrawal of notification if necessary. That implementing act shall be adopted in accordance with the examination procedure referred to in Article 74(2).",52021PC0206,,"Where the Commission ascertains that a notified body does not meet or no longer meets the requirements laid down in Article 33, it shall adopt a reasoned decision requesting the notifying Member State to take the necessary corrective measures, including withdrawal of notification if necessary. That implementing act shall be adopted in accordance with the examination procedure referred to in Article 74(2)."
Art38,article,Art38,Art38,,52021PC0206,Coordination of notified bodies,"The Commission shall ensure that, with regard to the areas covered by this Regulation, appropriate coordination and cooperation between notified bodies active in the conformity assessment procedures of AI systems pursuant to this Regulation are put in place and properly operated in the form of a sectoral group of notified bodies. Member States shall ensure that the bodies notified by them participate in the work of that group, directly or by means of designated representatives."
Art38(1),paragraph,Art38,Art38/1,"The Commission shall ensure that, with regard to the areas covered by this Regulation, appropriate coordination and cooperation between notified bodies active in the conformity assessment procedures of AI systems pursuant to this Regulation are put in place and properly operated in the form of a sectoral group of notified bodies.",52021PC0206,,"The Commission shall ensure that, with regard to the areas covered by this Regulation, appropriate coordination and cooperation between notified bodies active in the conformity assessment procedures of AI systems pursuant to this Regulation are put in place and properly operated in the form of a sectoral group of notified bodies."
Art38(2),paragraph,Art38,Art38/2,"Member States shall ensure that the bodies notified by them participate in the work of that group, directly or by means of designated representatives.",52021PC0206,,"Member States shall ensure that the bodies notified by them participate in the work of that group, directly or by means of designated representatives."
Art39,article,Art39,Art39,"Conformity assessment bodies established under the law of a third country with which the Union has concluded an agreement may be authorised to carry out the activities of notified Bodies under this Regulation. Chapter 5 STANDARDS, CONFORMITY ASSESSMENT, CERTIFICATES, REGISTRATION",52021PC0206,Conformity assessment bodies of third countries,"Conformity assessment bodies established under the law of a third country with which the Union has concluded an agreement may be authorised to carry out the activities of notified Bodies under this Regulation. Chapter 5 STANDARDS, CONFORMITY ASSESSMENT, CERTIFICATES, REGISTRATION"
Art40,article,Art40,Art40,"High-risk AI systems which are in conformity with harmonised standards or parts thereof the references of which have been published in the Official Journal of the European Union shall be presumed to be in conformity with the requirements set out in Chapter 2 of this Title, to the extent those standards cover those requirements.",52021PC0206,Harmonised standards,"High-risk AI systems which are in conformity with harmonised standards or parts thereof the references of which have been published in the Official Journal of the European Union shall be presumed to be in conformity with the requirements set out in Chapter 2 of this Title, to the extent those standards cover those requirements."
Art41,article,Art41,Art41,,52021PC0206,Common specifications,"Where harmonised standards referred to in Article 40 do not exist or where the Commission considers that the relevant harmonised standards are insufficient or that there is a need to address specific safety or fundamental right concerns, the Commission may, by means of implementing acts, adopt common specifications in respect of the requirements set out in Chapter 2 of this Title. Those implementing acts shall be adopted in accordance with the examination procedure referred to in Article 74(2). The Commission, when preparing the common specifications referred to in paragraph 1, shall gather the views of relevant bodies or expert groups established under relevant sectorial Union law. High-risk AI systems which are in conformity with the common specifications referred to in paragraph 1 shall be presumed to be in conformity with the requirements set out in Chapter 2 of this Title, to the extent those common specifications cover those requirements. Where providers do not comply with the common specifications referred to in paragraph 1, they shall duly justify that they have adopted technical solutions that are at least equivalent thereto."
Art41(1),paragraph,Art41,Art41/1,"Where harmonised standards referred to in Article 40 do not exist or where the Commission considers that the relevant harmonised standards are insufficient or that there is a need to address specific safety or fundamental right concerns, the Commission may, by means of implementing acts, adopt common specifications in respect of the requirements set out in Chapter 2 of this Title. Those implementing acts shall be adopted in accordance with the examination procedure referred to in Article 74(2).",52021PC0206,,"Where harmonised standards referred to in Article 40 do not exist or where the Commission considers that the relevant harmonised standards are insufficient or that there is a need to address specific safety or fundamental right concerns, the Commission may, by means of implementing acts, adopt common specifications in respect of the requirements set out in Chapter 2 of this Title. Those implementing acts shall be adopted in accordance with the examination procedure referred to in Article 74(2)."
Art41(2),paragraph,Art41,Art41/2,"The Commission, when preparing the common specifications referred to in paragraph 1, shall gather the views of relevant bodies or expert groups established under relevant sectorial Union law.",52021PC0206,,"The Commission, when preparing the common specifications referred to in paragraph 1, shall gather the views of relevant bodies or expert groups established under relevant sectorial Union law."
Art41(3),paragraph,Art41,Art41/3,"High-risk AI systems which are in conformity with the common specifications referred to in paragraph 1 shall be presumed to be in conformity with the requirements set out in Chapter 2 of this Title, to the extent those common specifications cover those requirements.",52021PC0206,,"High-risk AI systems which are in conformity with the common specifications referred to in paragraph 1 shall be presumed to be in conformity with the requirements set out in Chapter 2 of this Title, to the extent those common specifications cover those requirements."
Art41(4),paragraph,Art41,Art41/4,"Where providers do not comply with the common specifications referred to in paragraph 1, they shall duly justify that they have adopted technical solutions that are at least equivalent thereto.",52021PC0206,,"Where providers do not comply with the common specifications referred to in paragraph 1, they shall duly justify that they have adopted technical solutions that are at least equivalent thereto."
Art42,article,Art42,Art42,,52021PC0206,Presumption of conformity with certain requirements,"Taking into account their intended purpose, high-risk AI systems that have been trained and tested on data concerning the specific geographical, behavioural and functional setting within which they are intended to be used shall be presumed to be in compliance with the requirement set out in Article 10(4). High-risk AI systems that have been certified or for which a statement of conformity has been issued under a cybersecurity scheme pursuant to Regulation (EU) 2019/881 of the European Parliament and of the Council and the references of which have been published in the Official Journal of the European Union shall be presumed to be in compliance with the cybersecurity requirements set out in Article 15 of this Regulation in so far as the cybersecurity certificate or statement of conformity or parts thereof cover those requirements."
Art42(1),paragraph,Art42,Art42/1,"Taking into account their intended purpose, high-risk AI systems that have been trained and tested on data concerning the specific geographical, behavioural and functional setting within which they are intended to be used shall be presumed to be in compliance with the requirement set out in Article 10(4).",52021PC0206,,"Taking into account their intended purpose, high-risk AI systems that have been trained and tested on data concerning the specific geographical, behavioural and functional setting within which they are intended to be used shall be presumed to be in compliance with the requirement set out in Article 10(4)."
Art42(2),paragraph,Art42,Art42/2,High-risk AI systems that have been certified or for which a statement of conformity has been issued under a cybersecurity scheme pursuant to Regulation (EU) 2019/881 of the European Parliament and of the Council and the references of which have been published in the Official Journal of the European Union shall be presumed to be in compliance with the cybersecurity requirements set out in Article 15 of this Regulation in so far as the cybersecurity certificate or statement of conformity or parts thereof cover those requirements.,52021PC0206,,High-risk AI systems that have been certified or for which a statement of conformity has been issued under a cybersecurity scheme pursuant to Regulation (EU) 2019/881 of the European Parliament and of the Council and the references of which have been published in the Official Journal of the European Union shall be presumed to be in compliance with the cybersecurity requirements set out in Article 15 of this Regulation in so far as the cybersecurity certificate or statement of conformity or parts thereof cover those requirements.
Art43,article,Art43,Art43,,52021PC0206,Conformity assessment,"For high-risk AI systems listed in point 1 of Annex III, where, in demonstrating the compliance of a high-risk AI system with the requirements set out in Chapter 2 of this Title, the provider has applied harmonised standards referred to in Article 40, or, where applicable, common specifications referred to in Article 41, the provider shall follow one of the following procedures: the conformity assessment procedure based on internal control referred to in Annex VI; the conformity assessment procedure based on assessment of the quality management system and assessment of the technical documentation, with the involvement of a notified body, referred to in Annex VII. Where, in demonstrating the compliance of a high-risk AI system with the requirements set out in Chapter 2 of this Title, the provider has not applied or has applied only in part harmonised standards referred to in Article 40, or where such harmonised standards do not exist and common specifications referred to in Article 41 are not available, the provider shall follow the conformity assessment procedure set out in Annex VII. For the purpose of the conformity assessment procedure referred to in Annex VII, the provider may choose any of the notified bodies. However, when the system is intended to be put into service by law enforcement, immigration or asylum authorities as well as EU institutions, bodies or agencies, the market surveillance authority referred to in Article 63(5) or (6), as applicable, shall act as a notified body. For high-risk AI systems referred to in points 2 to 8 of Annex III, providers shall follow the conformity assessment procedure based on internal control as referred to in Annex VI, which does not provide for the involvement of a notified body. For high-risk AI systems referred to in point 5(b) of Annex III, placed on the market or put into service by credit institutions regulated by Directive 2013/36/EU, the conformity assessment shall be carried out as part of the procedure referred to in Articles 97 to101 of that Directive. For high-risk AI systems, to which legal acts listed in Annex II, section A, apply, the provider shall follow the relevant conformity assessment as required under those legal acts. The requirements set out in Chapter 2 of this Title shall apply to those high-risk AI systems and shall be part of that assessment. Points 4.3., 4.4., 4.5. and the fifth paragraph of point 4.6 of Annex VII shall also apply. For the purpose of that assessment, notified bodies which have been notified under those legal acts shall be entitled to control the conformity of the high-risk AI systems with the requirements set out in Chapter 2 of this Title, provided that the compliance of those notified bodies with requirements laid down in Article 33(4), (9) and (10) has been assessed in the context of the notification procedure under those legal acts. Where the legal acts listed in Annex II, section A, enable the manufacturer of the product to opt out from a third-party conformity assessment, provided that that manufacturer has applied all harmonised standards covering all the relevant requirements, that manufacturer may make use of that option only if he has also applied harmonised standards or, where applicable, common specifications referred to in Article 41, covering the requirements set out in Chapter 2 of this Title. High-risk AI systems shall undergo a new conformity assessment procedure whenever they are substantially modified, regardless of whether the modified system is intended to be further distributed or continues to be used by the current user. For high-risk AI systems that continue to learn after being placed on the market or put into service, changes to the high-risk AI system and its performance that have been pre-determined by the provider at the moment of the initial conformity assessment and are part of the information contained in the technical documentation referred to in point 2(f) of Annex IV, shall not constitute a substantial modification. The Commission is empowered to adopt delegated acts in accordance with Article 73 for the purpose of updating Annexes VI and Annex VII in order to introduce elements of the conformity assessment procedures that become necessary in light of technical progress. The Commission is empowered to adopt delegated acts to amend paragraphs 1 and 2 in order to subject high-risk AI systems referred to in points 2 to 8 of Annex III to the conformity assessment procedure referred to in Annex VII or parts thereof. The Commission shall adopt such delegated acts taking into account the effectiveness of the conformity assessment procedure based on internal control referred to in Annex VI in preventing or minimizing the risks to health and safety and protection of fundamental rights posed by such systems as well as the availability of adequate capacities and resources among notified bodies."
Art43(1),paragraph,Art43,Art43/1,"For high-risk AI systems listed in point 1 of Annex III, where, in demonstrating the compliance of a high-risk AI system with the requirements set out in Chapter 2 of this Title, the provider has applied harmonised standards referred to in Article 40, or, where applicable, common specifications referred to in Article 41, the provider shall follow one of the following procedures:",52021PC0206,,"For high-risk AI systems listed in point 1 of Annex III, where, in demonstrating the compliance of a high-risk AI system with the requirements set out in Chapter 2 of this Title, the provider has applied harmonised standards referred to in Article 40, or, where applicable, common specifications referred to in Article 41, the provider shall follow one of the following procedures: the conformity assessment procedure based on internal control referred to in Annex VI; the conformity assessment procedure based on assessment of the quality management system and assessment of the technical documentation, with the involvement of a notified body, referred to in Annex VII. Where, in demonstrating the compliance of a high-risk AI system with the requirements set out in Chapter 2 of this Title, the provider has not applied or has applied only in part harmonised standards referred to in Article 40, or where such harmonised standards do not exist and common specifications referred to in Article 41 are not available, the provider shall follow the conformity assessment procedure set out in Annex VII. For the purpose of the conformity assessment procedure referred to in Annex VII, the provider may choose any of the notified bodies. However, when the system is intended to be put into service by law enforcement, immigration or asylum authorities as well as EU institutions, bodies or agencies, the market surveillance authority referred to in Article 63(5) or (6), as applicable, shall act as a notified body."
Art43(1)(a),point,Art43,Art43/1/a,the conformity assessment procedure based on internal control referred to in Annex VI;,52021PC0206,,the conformity assessment procedure based on internal control referred to in Annex VI;
Art43(1)(b),point,Art43,Art43/1/b,"the conformity assessment procedure based on assessment of the quality management system and assessment of the technical documentation, with the involvement of a notified body, referred to in Annex VII. Where, in demonstrating the compliance of a high-risk AI system with the requirements set out in Chapter 2 of this Title, the provider has not applied or has applied only in part harmonised standards referred to in Article 40, or where such harmonised standards do not exist and common specifications referred to in Article 41 are not available, the provider shall follow the conformity assessment procedure set out in Annex VII. For the purpose of the conformity assessment procedure referred to in Annex VII, the provider may choose any of the notified bodies. However, when the system is intended to be put into service by law enforcement, immigration or asylum authorities as well as EU institutions, bodies or agencies, the market surveillance authority referred to in Article 63(5) or (6), as applicable, shall act as a notified body.",52021PC0206,,"the conformity assessment procedure based on assessment of the quality management system and assessment of the technical documentation, with the involvement of a notified body, referred to in Annex VII. Where, in demonstrating the compliance of a high-risk AI system with the requirements set out in Chapter 2 of this Title, the provider has not applied or has applied only in part harmonised standards referred to in Article 40, or where such harmonised standards do not exist and common specifications referred to in Article 41 are not available, the provider shall follow the conformity assessment procedure set out in Annex VII. For the purpose of the conformity assessment procedure referred to in Annex VII, the provider may choose any of the notified bodies. However, when the system is intended to be put into service by law enforcement, immigration or asylum authorities as well as EU institutions, bodies or agencies, the market surveillance authority referred to in Article 63(5) or (6), as applicable, shall act as a notified body."
Art43(2),paragraph,Art43,Art43/2,"For high-risk AI systems referred to in points 2 to 8 of Annex III, providers shall follow the conformity assessment procedure based on internal control as referred to in Annex VI, which does not provide for the involvement of a notified body. For high-risk AI systems referred to in point 5(b) of Annex III, placed on the market or put into service by credit institutions regulated by Directive 2013/36/EU, the conformity assessment shall be carried out as part of the procedure referred to in Articles 97 to101 of that Directive.",52021PC0206,,"For high-risk AI systems referred to in points 2 to 8 of Annex III, providers shall follow the conformity assessment procedure based on internal control as referred to in Annex VI, which does not provide for the involvement of a notified body. For high-risk AI systems referred to in point 5(b) of Annex III, placed on the market or put into service by credit institutions regulated by Directive 2013/36/EU, the conformity assessment shall be carried out as part of the procedure referred to in Articles 97 to101 of that Directive."
Art43(3),paragraph,Art43,Art43/3,"For high-risk AI systems, to which legal acts listed in Annex II, section A, apply, the provider shall follow the relevant conformity assessment as required under those legal acts. The requirements set out in Chapter 2 of this Title shall apply to those high-risk AI systems and shall be part of that assessment. Points 4.3., 4.4., 4.5. and the fifth paragraph of point 4.6 of Annex VII shall also apply. For the purpose of that assessment, notified bodies which have been notified under those legal acts shall be entitled to control the conformity of the high-risk AI systems with the requirements set out in Chapter 2 of this Title, provided that the compliance of those notified bodies with requirements laid down in Article 33(4), (9) and (10) has been assessed in the context of the notification procedure under those legal acts. Where the legal acts listed in Annex II, section A, enable the manufacturer of the product to opt out from a third-party conformity assessment, provided that that manufacturer has applied all harmonised standards covering all the relevant requirements, that manufacturer may make use of that option only if he has also applied harmonised standards or, where applicable, common specifications referred to in Article 41, covering the requirements set out in Chapter 2 of this Title.",52021PC0206,,"For high-risk AI systems, to which legal acts listed in Annex II, section A, apply, the provider shall follow the relevant conformity assessment as required under those legal acts. The requirements set out in Chapter 2 of this Title shall apply to those high-risk AI systems and shall be part of that assessment. Points 4.3., 4.4., 4.5. and the fifth paragraph of point 4.6 of Annex VII shall also apply. For the purpose of that assessment, notified bodies which have been notified under those legal acts shall be entitled to control the conformity of the high-risk AI systems with the requirements set out in Chapter 2 of this Title, provided that the compliance of those notified bodies with requirements laid down in Article 33(4), (9) and (10) has been assessed in the context of the notification procedure under those legal acts. Where the legal acts listed in Annex II, section A, enable the manufacturer of the product to opt out from a third-party conformity assessment, provided that that manufacturer has applied all harmonised standards covering all the relevant requirements, that manufacturer may make use of that option only if he has also applied harmonised standards or, where applicable, common specifications referred to in Article 41, covering the requirements set out in Chapter 2 of this Title."
Art43(4),paragraph,Art43,Art43/4,"High-risk AI systems shall undergo a new conformity assessment procedure whenever they are substantially modified, regardless of whether the modified system is intended to be further distributed or continues to be used by the current user. For high-risk AI systems that continue to learn after being placed on the market or put into service, changes to the high-risk AI system and its performance that have been pre-determined by the provider at the moment of the initial conformity assessment and are part of the information contained in the technical documentation referred to in point 2(f) of Annex IV, shall not constitute a substantial modification.",52021PC0206,,"High-risk AI systems shall undergo a new conformity assessment procedure whenever they are substantially modified, regardless of whether the modified system is intended to be further distributed or continues to be used by the current user. For high-risk AI systems that continue to learn after being placed on the market or put into service, changes to the high-risk AI system and its performance that have been pre-determined by the provider at the moment of the initial conformity assessment and are part of the information contained in the technical documentation referred to in point 2(f) of Annex IV, shall not constitute a substantial modification."
Art43(5),paragraph,Art43,Art43/5,The Commission is empowered to adopt delegated acts in accordance with Article 73 for the purpose of updating Annexes VI and Annex VII in order to introduce elements of the conformity assessment procedures that become necessary in light of technical progress.,52021PC0206,,The Commission is empowered to adopt delegated acts in accordance with Article 73 for the purpose of updating Annexes VI and Annex VII in order to introduce elements of the conformity assessment procedures that become necessary in light of technical progress.
Art43(6),paragraph,Art43,Art43/6,The Commission is empowered to adopt delegated acts to amend paragraphs 1 and 2 in order to subject high-risk AI systems referred to in points 2 to 8 of Annex III to the conformity assessment procedure referred to in Annex VII or parts thereof. The Commission shall adopt such delegated acts taking into account the effectiveness of the conformity assessment procedure based on internal control referred to in Annex VI in preventing or minimizing the risks to health and safety and protection of fundamental rights posed by such systems as well as the availability of adequate capacities and resources among notified bodies.,52021PC0206,,The Commission is empowered to adopt delegated acts to amend paragraphs 1 and 2 in order to subject high-risk AI systems referred to in points 2 to 8 of Annex III to the conformity assessment procedure referred to in Annex VII or parts thereof. The Commission shall adopt such delegated acts taking into account the effectiveness of the conformity assessment procedure based on internal control referred to in Annex VI in preventing or minimizing the risks to health and safety and protection of fundamental rights posed by such systems as well as the availability of adequate capacities and resources among notified bodies.
Art44,article,Art44,Art44,,52021PC0206,Certificates,"Certificates issued by notified bodies in accordance with Annex VII shall be drawn-up in an official Union language determined by the Member State in which the notified body is established or in an official Union language otherwise acceptable to the notified body. Certificates shall be valid for the period they indicate, which shall not exceed five years. On application by the provider, the validity of a certificate may be extended for further periods, each not exceeding five years, based on a re-assessment in accordance with the applicable conformity assessment procedures. Where a notified body finds that an AI system no longer meets the requirements set out in Chapter 2 of this Title, it shall, taking account of the principle of proportionality, suspend or withdraw the certificate issued or impose any restrictions on it, unless compliance with those requirements is ensured by appropriate corrective action taken by the provider of the system within an appropriate deadline set by the notified body. The notified body shall give reasons for its decision."
Art44(1),paragraph,Art44,Art44/1,Certificates issued by notified bodies in accordance with Annex VII shall be drawn-up in an official Union language determined by the Member State in which the notified body is established or in an official Union language otherwise acceptable to the notified body.,52021PC0206,,Certificates issued by notified bodies in accordance with Annex VII shall be drawn-up in an official Union language determined by the Member State in which the notified body is established or in an official Union language otherwise acceptable to the notified body.
Art44(2),paragraph,Art44,Art44/2,"Certificates shall be valid for the period they indicate, which shall not exceed five years. On application by the provider, the validity of a certificate may be extended for further periods, each not exceeding five years, based on a re-assessment in accordance with the applicable conformity assessment procedures.",52021PC0206,,"Certificates shall be valid for the period they indicate, which shall not exceed five years. On application by the provider, the validity of a certificate may be extended for further periods, each not exceeding five years, based on a re-assessment in accordance with the applicable conformity assessment procedures."
Art44(3),paragraph,Art44,Art44/3,"Where a notified body finds that an AI system no longer meets the requirements set out in Chapter 2 of this Title, it shall, taking account of the principle of proportionality, suspend or withdraw the certificate issued or impose any restrictions on it, unless compliance with those requirements is ensured by appropriate corrective action taken by the provider of the system within an appropriate deadline set by the notified body. The notified body shall give reasons for its decision.",52021PC0206,,"Where a notified body finds that an AI system no longer meets the requirements set out in Chapter 2 of this Title, it shall, taking account of the principle of proportionality, suspend or withdraw the certificate issued or impose any restrictions on it, unless compliance with those requirements is ensured by appropriate corrective action taken by the provider of the system within an appropriate deadline set by the notified body. The notified body shall give reasons for its decision."
Art45,article,Art45,Art45,Member States shall ensure that an appeal procedure against decisions of the notified bodies is available to parties having a legitimate interest in that decision.,52021PC0206,Appeal against decisions of notified bodies,Member States shall ensure that an appeal procedure against decisions of the notified bodies is available to parties having a legitimate interest in that decision.
Art46,article,Art46,Art46,,52021PC0206,Information obligations of notified bodies,"Notified bodies shall inform the notifying authority of the following: any Union technical documentation assessment certificates, any supplements to those certificates, quality management system approvals issued in accordance with the requirements of Annex VII; any refusal, restriction, suspension or withdrawal of a Union technical documentation assessment certificate or a quality management system approval issued in accordance with the requirements of Annex VII; any circumstances affecting the scope of or conditions for notification; any request for information which they have received from market surveillance authorities regarding conformity assessment activities; on request, conformity assessment activities performed within the scope of their notification and any other activity performed, including cross-border activities and subcontracting. Each notified body shall inform the other notified bodies of: quality management system approvals which it has refused, suspended or withdrawn, and, upon request, of quality system approvals which it has issued; EU technical documentation assessment certificates or any supplements thereto which it has refused, withdrawn, suspended or otherwise restricted, and, upon request, of the certificates and/or supplements thereto which it has issued. Each notified body shall provide the other notified bodies carrying out similar conformity assessment activities covering the same artificial intelligence technologies with relevant information on issues relating to negative and, on request, positive conformity assessment results."
Art46(1),paragraph,Art46,Art46/1,Notified bodies shall inform the notifying authority of the following:,52021PC0206,,"Notified bodies shall inform the notifying authority of the following: any Union technical documentation assessment certificates, any supplements to those certificates, quality management system approvals issued in accordance with the requirements of Annex VII; any refusal, restriction, suspension or withdrawal of a Union technical documentation assessment certificate or a quality management system approval issued in accordance with the requirements of Annex VII; any circumstances affecting the scope of or conditions for notification; any request for information which they have received from market surveillance authorities regarding conformity assessment activities; on request, conformity assessment activities performed within the scope of their notification and any other activity performed, including cross-border activities and subcontracting."
Art46(1)(a),point,Art46,Art46/1/a,"any Union technical documentation assessment certificates, any supplements to those certificates, quality management system approvals issued in accordance with the requirements of Annex VII;",52021PC0206,,"any Union technical documentation assessment certificates, any supplements to those certificates, quality management system approvals issued in accordance with the requirements of Annex VII;"
Art46(1)(b),point,Art46,Art46/1/b,"any refusal, restriction, suspension or withdrawal of a Union technical documentation assessment certificate or a quality management system approval issued in accordance with the requirements of Annex VII;",52021PC0206,,"any refusal, restriction, suspension or withdrawal of a Union technical documentation assessment certificate or a quality management system approval issued in accordance with the requirements of Annex VII;"
Art46(1)(c),point,Art46,Art46/1/c,any circumstances affecting the scope of or conditions for notification;,52021PC0206,,any circumstances affecting the scope of or conditions for notification;
Art46(1)(d),point,Art46,Art46/1/d,any request for information which they have received from market surveillance authorities regarding conformity assessment activities;,52021PC0206,,any request for information which they have received from market surveillance authorities regarding conformity assessment activities;
Art46(1)(e),point,Art46,Art46/1/e,"on request, conformity assessment activities performed within the scope of their notification and any other activity performed, including cross-border activities and subcontracting.",52021PC0206,,"on request, conformity assessment activities performed within the scope of their notification and any other activity performed, including cross-border activities and subcontracting."
Art46(2),paragraph,Art46,Art46/2,Each notified body shall inform the other notified bodies of:,52021PC0206,,"Each notified body shall inform the other notified bodies of: quality management system approvals which it has refused, suspended or withdrawn, and, upon request, of quality system approvals which it has issued; EU technical documentation assessment certificates or any supplements thereto which it has refused, withdrawn, suspended or otherwise restricted, and, upon request, of the certificates and/or supplements thereto which it has issued."
Art46(2)(a),point,Art46,Art46/2/a,"quality management system approvals which it has refused, suspended or withdrawn, and, upon request, of quality system approvals which it has issued;",52021PC0206,,"quality management system approvals which it has refused, suspended or withdrawn, and, upon request, of quality system approvals which it has issued;"
Art46(2)(b),point,Art46,Art46/2/b,"EU technical documentation assessment certificates or any supplements thereto which it has refused, withdrawn, suspended or otherwise restricted, and, upon request, of the certificates and/or supplements thereto which it has issued.",52021PC0206,,"EU technical documentation assessment certificates or any supplements thereto which it has refused, withdrawn, suspended or otherwise restricted, and, upon request, of the certificates and/or supplements thereto which it has issued."
Art46(3),paragraph,Art46,Art46/3,"Each notified body shall provide the other notified bodies carrying out similar conformity assessment activities covering the same artificial intelligence technologies with relevant information on issues relating to negative and, on request, positive conformity assessment results.",52021PC0206,,"Each notified body shall provide the other notified bodies carrying out similar conformity assessment activities covering the same artificial intelligence technologies with relevant information on issues relating to negative and, on request, positive conformity assessment results."
Art47,article,Art47,Art47,,52021PC0206,Derogation from conformity assessment procedure,"By way of derogation from Article 43, any market surveillance authority may authorise the placing on the market or putting into service of specific high-risk AI systems within the territory of the Member State concerned, for exceptional reasons of public security or the protection of life and health of persons, environmental protection and the protection of key industrial and infrastructural assets. That authorisation shall be for a limited period of time, while the necessary conformity assessment procedures are being carried out, and shall terminate once those procedures have been completed. The completion of those procedures shall be undertaken without undue delay. The authorisation referred to in paragraph 1 shall be issued only if the market surveillance authority concludes that the high-risk AI system complies with the requirements of Chapter 2 of this Title. The market surveillance authority shall inform the Commission and the other Member States of any authorisation issued pursuant to paragraph 1. Where, within 15 calendar days of receipt of the information referred to in paragraph 2, no objection has been raised by either a Member State or the Commission in respect of an authorisation issued by a market surveillance authority of a Member State in accordance with paragraph 1, that authorisation shall be deemed justified. Where, within 15 calendar days of receipt of the notification referred to in paragraph 2, objections are raised by a Member State against an authorisation issued by a market surveillance authority of another Member State, or where the Commission considers the authorisation to be contrary to Union law or the conclusion of the Member States regarding the compliance of the system as referred to in paragraph 2 to be unfounded, the Commission shall without delay enter into consultation with the relevant Member State; the operator(s) concerned shall be consulted and have the possibility to present their views. In view thereof, the Commission shall decide whether the authorisation is justified or not. The Commission shall address its decision to the Member State concerned and the relevant operator or operators. If the authorisation is considered unjustified, this shall be withdrawn by the market surveillance authority of the Member State concerned. By way of derogation from paragraphs 1 to 5, for high-risk AI systems intended to be used as safety components of devices, or which are themselves devices, covered by Regulation (EU) 2017/745 and Regulation (EU) 2017/746, Article 59 of Regulation (EU) 2017/745 and Article 54 of Regulation (EU) 2017/746 shall apply also with regard to the derogation from the conformity assessment of the compliance with the requirements set out in Chapter 2 of this Title."
Art47(1),paragraph,Art47,Art47/1,"By way of derogation from Article 43, any market surveillance authority may authorise the placing on the market or putting into service of specific high-risk AI systems within the territory of the Member State concerned, for exceptional reasons of public security or the protection of life and health of persons, environmental protection and the protection of key industrial and infrastructural assets. That authorisation shall be for a limited period of time, while the necessary conformity assessment procedures are being carried out, and shall terminate once those procedures have been completed. The completion of those procedures shall be undertaken without undue delay.",52021PC0206,,"By way of derogation from Article 43, any market surveillance authority may authorise the placing on the market or putting into service of specific high-risk AI systems within the territory of the Member State concerned, for exceptional reasons of public security or the protection of life and health of persons, environmental protection and the protection of key industrial and infrastructural assets. That authorisation shall be for a limited period of time, while the necessary conformity assessment procedures are being carried out, and shall terminate once those procedures have been completed. The completion of those procedures shall be undertaken without undue delay."
Art47(2),paragraph,Art47,Art47/2,The authorisation referred to in paragraph 1 shall be issued only if the market surveillance authority concludes that the high-risk AI system complies with the requirements of Chapter 2 of this Title. The market surveillance authority shall inform the Commission and the other Member States of any authorisation issued pursuant to paragraph 1.,52021PC0206,,The authorisation referred to in paragraph 1 shall be issued only if the market surveillance authority concludes that the high-risk AI system complies with the requirements of Chapter 2 of this Title. The market surveillance authority shall inform the Commission and the other Member States of any authorisation issued pursuant to paragraph 1.
Art47(3),paragraph,Art47,Art47/3,"Where, within 15 calendar days of receipt of the information referred to in paragraph 2, no objection has been raised by either a Member State or the Commission in respect of an authorisation issued by a market surveillance authority of a Member State in accordance with paragraph 1, that authorisation shall be deemed justified.",52021PC0206,,"Where, within 15 calendar days of receipt of the information referred to in paragraph 2, no objection has been raised by either a Member State or the Commission in respect of an authorisation issued by a market surveillance authority of a Member State in accordance with paragraph 1, that authorisation shall be deemed justified."
Art47(4),paragraph,Art47,Art47/4,"Where, within 15 calendar days of receipt of the notification referred to in paragraph 2, objections are raised by a Member State against an authorisation issued by a market surveillance authority of another Member State, or where the Commission considers the authorisation to be contrary to Union law or the conclusion of the Member States regarding the compliance of the system as referred to in paragraph 2 to be unfounded, the Commission shall without delay enter into consultation with the relevant Member State; the operator(s) concerned shall be consulted and have the possibility to present their views. In view thereof, the Commission shall decide whether the authorisation is justified or not. The Commission shall address its decision to the Member State concerned and the relevant operator or operators.",52021PC0206,,"Where, within 15 calendar days of receipt of the notification referred to in paragraph 2, objections are raised by a Member State against an authorisation issued by a market surveillance authority of another Member State, or where the Commission considers the authorisation to be contrary to Union law or the conclusion of the Member States regarding the compliance of the system as referred to in paragraph 2 to be unfounded, the Commission shall without delay enter into consultation with the relevant Member State; the operator(s) concerned shall be consulted and have the possibility to present their views. In view thereof, the Commission shall decide whether the authorisation is justified or not. The Commission shall address its decision to the Member State concerned and the relevant operator or operators."
Art47(5),paragraph,Art47,Art47/5,"If the authorisation is considered unjustified, this shall be withdrawn by the market surveillance authority of the Member State concerned.",52021PC0206,,"If the authorisation is considered unjustified, this shall be withdrawn by the market surveillance authority of the Member State concerned."
Art47(6),paragraph,Art47,Art47/6,"By way of derogation from paragraphs 1 to 5, for high-risk AI systems intended to be used as safety components of devices, or which are themselves devices, covered by Regulation (EU) 2017/745 and Regulation (EU) 2017/746, Article 59 of Regulation (EU) 2017/745 and Article 54 of Regulation (EU) 2017/746 shall apply also with regard to the derogation from the conformity assessment of the compliance with the requirements set out in Chapter 2 of this Title.",52021PC0206,,"By way of derogation from paragraphs 1 to 5, for high-risk AI systems intended to be used as safety components of devices, or which are themselves devices, covered by Regulation (EU) 2017/745 and Regulation (EU) 2017/746, Article 59 of Regulation (EU) 2017/745 and Article 54 of Regulation (EU) 2017/746 shall apply also with regard to the derogation from the conformity assessment of the compliance with the requirements set out in Chapter 2 of this Title."
Art48,article,Art48,Art48,,52021PC0206,EU declaration of conformity,"The provider shall draw up a written EU declaration of conformity for each AI system and keep it at the disposal of the national competent authorities for 10 years after the AI system has been placed on the market or put into service. The EU declaration of conformity shall identify the AI system for which it has been drawn up. A copy of the EU declaration of conformity shall be given to the relevant national competent authorities upon request. The EU declaration of conformity shall state that the high-risk AI system in question meets the requirements set out in Chapter 2 of this Title. The EU declaration of conformity shall contain the information set out in Annex V and shall be translated into an official Union language or languages required by the Member State(s) in which the high-risk AI system is made available. Where high-risk AI systems are subject to other Union harmonisation legislation which also requires an EU declaration of conformity, a single EU declaration of conformity shall be drawn up in respect of all Union legislations applicable to the high-risk AI system. The declaration shall contain all the information required for identification of the Union harmonisation legislation to which the declaration relates. By drawing up the EU declaration of conformity, the provider shall assume responsibility for compliance with the requirements set out in Chapter 2 of this Title. The provider shall keep the EU declaration of conformity up-to-date as appropriate. The Commission shall be empowered to adopt delegated acts in accordance with Article 73 for the purpose of updating the content of the EU declaration of conformity set out in Annex V in order to introduce elements that become necessary in light of technical progress."
Art48(1),paragraph,Art48,Art48/1,The provider shall draw up a written EU declaration of conformity for each AI system and keep it at the disposal of the national competent authorities for 10 years after the AI system has been placed on the market or put into service. The EU declaration of conformity shall identify the AI system for which it has been drawn up. A copy of the EU declaration of conformity shall be given to the relevant national competent authorities upon request.,52021PC0206,,The provider shall draw up a written EU declaration of conformity for each AI system and keep it at the disposal of the national competent authorities for 10 years after the AI system has been placed on the market or put into service. The EU declaration of conformity shall identify the AI system for which it has been drawn up. A copy of the EU declaration of conformity shall be given to the relevant national competent authorities upon request.
Art48(2),paragraph,Art48,Art48/2,The EU declaration of conformity shall state that the high-risk AI system in question meets the requirements set out in Chapter 2 of this Title. The EU declaration of conformity shall contain the information set out in Annex V and shall be translated into an official Union language or languages required by the Member State(s) in which the high-risk AI system is made available.,52021PC0206,,The EU declaration of conformity shall state that the high-risk AI system in question meets the requirements set out in Chapter 2 of this Title. The EU declaration of conformity shall contain the information set out in Annex V and shall be translated into an official Union language or languages required by the Member State(s) in which the high-risk AI system is made available.
Art48(3),paragraph,Art48,Art48/3,"Where high-risk AI systems are subject to other Union harmonisation legislation which also requires an EU declaration of conformity, a single EU declaration of conformity shall be drawn up in respect of all Union legislations applicable to the high-risk AI system. The declaration shall contain all the information required for identification of the Union harmonisation legislation to which the declaration relates.",52021PC0206,,"Where high-risk AI systems are subject to other Union harmonisation legislation which also requires an EU declaration of conformity, a single EU declaration of conformity shall be drawn up in respect of all Union legislations applicable to the high-risk AI system. The declaration shall contain all the information required for identification of the Union harmonisation legislation to which the declaration relates."
Art48(4),paragraph,Art48,Art48/4,"By drawing up the EU declaration of conformity, the provider shall assume responsibility for compliance with the requirements set out in Chapter 2 of this Title. The provider shall keep the EU declaration of conformity up-to-date as appropriate.",52021PC0206,,"By drawing up the EU declaration of conformity, the provider shall assume responsibility for compliance with the requirements set out in Chapter 2 of this Title. The provider shall keep the EU declaration of conformity up-to-date as appropriate."
Art48(5),paragraph,Art48,Art48/5,The Commission shall be empowered to adopt delegated acts in accordance with Article 73 for the purpose of updating the content of the EU declaration of conformity set out in Annex V in order to introduce elements that become necessary in light of technical progress.,52021PC0206,,The Commission shall be empowered to adopt delegated acts in accordance with Article 73 for the purpose of updating the content of the EU declaration of conformity set out in Annex V in order to introduce elements that become necessary in light of technical progress.
Art49,article,Art49,Art49,,52021PC0206,CE marking of conformity,"The CE marking shall be affixed visibly, legibly and indelibly for high-risk AI systems. Where that is not possible or not warranted on account of the nature of the high-risk AI system, it shall be affixed to the packaging or to the accompanying documentation, as appropriate. The CE marking referred to in paragraph 1 of this Article shall be subject to the general principles set out in Article 30 of Regulation (EC) No 765/2008. Where applicable, the CE marking shall be followed by the identification number of the notified body responsible for the conformity assessment procedures set out in Article 43. The identification number shall also be indicated in any promotional material which mentions that the high-risk AI system fulfils the requirements for CE marking."
Art49(1),paragraph,Art49,Art49/1,"The CE marking shall be affixed visibly, legibly and indelibly for high-risk AI systems. Where that is not possible or not warranted on account of the nature of the high-risk AI system, it shall be affixed to the packaging or to the accompanying documentation, as appropriate.",52021PC0206,,"The CE marking shall be affixed visibly, legibly and indelibly for high-risk AI systems. Where that is not possible or not warranted on account of the nature of the high-risk AI system, it shall be affixed to the packaging or to the accompanying documentation, as appropriate."
Art49(2),paragraph,Art49,Art49/2,The CE marking referred to in paragraph 1 of this Article shall be subject to the general principles set out in Article 30 of Regulation (EC) No 765/2008.,52021PC0206,,The CE marking referred to in paragraph 1 of this Article shall be subject to the general principles set out in Article 30 of Regulation (EC) No 765/2008.
Art49(3),paragraph,Art49,Art49/3,"Where applicable, the CE marking shall be followed by the identification number of the notified body responsible for the conformity assessment procedures set out in Article 43. The identification number shall also be indicated in any promotional material which mentions that the high-risk AI system fulfils the requirements for CE marking.",52021PC0206,,"Where applicable, the CE marking shall be followed by the identification number of the notified body responsible for the conformity assessment procedures set out in Article 43. The identification number shall also be indicated in any promotional material which mentions that the high-risk AI system fulfils the requirements for CE marking."
Art50,article,Art50,Art50,"The provider shall, for a period ending 10 years after the AI system has been placed on the market or put into service, keep at the disposal of the national competent authorities:",52021PC0206,Document retention,"The provider shall, for a period ending 10 years after the AI system has been placed on the market or put into service, keep at the disposal of the national competent authorities: the technical documentation referred to in Article 11; the documentation concerning the quality management system referred to Article 17; the documentation concerning the changes approved by notified bodies where applicable; the decisions and other documents issued by the notified bodies where applicable; the EU declaration of conformity referred to in Article 48."
Art50(1),paragraph,Art50,Art50/1,,52021PC0206,,the technical documentation referred to in Article 11; the documentation concerning the quality management system referred to Article 17; the documentation concerning the changes approved by notified bodies where applicable; the decisions and other documents issued by the notified bodies where applicable; the EU declaration of conformity referred to in Article 48.
Art50(1)(a),point,Art50,Art50/1/a,the technical documentation referred to in Article 11;,52021PC0206,,the technical documentation referred to in Article 11;
Art50(1)(b),point,Art50,Art50/1/b,the documentation concerning the quality management system referred to Article 17;,52021PC0206,,the documentation concerning the quality management system referred to Article 17;
Art50(1)(c),point,Art50,Art50/1/c,the documentation concerning the changes approved by notified bodies where applicable;,52021PC0206,,the documentation concerning the changes approved by notified bodies where applicable;
Art50(1)(d),point,Art50,Art50/1/d,the decisions and other documents issued by the notified bodies where applicable;,52021PC0206,,the decisions and other documents issued by the notified bodies where applicable;
Art50(1)(e),point,Art50,Art50/1/e,the EU declaration of conformity referred to in Article 48.,52021PC0206,,the EU declaration of conformity referred to in Article 48.
Art51,article,Art51,Art51,"Before placing on the market or putting into service a high-risk AI system referred to in Article 6(2), the provider or, where applicable, the authorised representative shall register that system in the EU database referred to in Article 60.",52021PC0206,Registration,"Before placing on the market or putting into service a high-risk AI system referred to in Article 6(2), the provider or, where applicable, the authorised representative shall register that system in the EU database referred to in Article 60."
Art52,article,Art52,Art52,,52021PC0206,Transparency obligations for certain AI systems,"Providers shall ensure that AI systems intended to interact with natural persons are designed and developed in such a way that natural persons are informed that they are interacting with an AI system, unless this is obvious from the circumstances and the context of use. This obligation shall not apply to AI systems authorised by law to detect, prevent, investigate and prosecute criminal offences, unless those systems are available for the public to report a criminal offence. Users of an emotion recognition system or a biometric categorisation system shall inform of the operation of the system the natural persons exposed thereto. This obligation shall not apply to AI systems used for biometric categorisation, which are permitted by law to detect, prevent and investigate criminal offences. Users of an AI system that generates or manipulates image, audio or video content that appreciably resembles existing persons, objects, places or other entities or events and would falsely appear to a person to be authentic or truthful (‘deep fake’), shall disclose that the content has been artificially generated or manipulated. However, the first subparagraph shall not apply where the use is authorised by law to detect, prevent, investigate and prosecute criminal offences or it is necessary for the exercise of the right to freedom of expression and the right to freedom of the arts and sciences guaranteed in the Charter of Fundamental Rights of the EU, and subject to appropriate safeguards for the rights and freedoms of third parties. Paragraphs 1, 2 and 3 shall not affect the requirements and obligations set out in Title III of this Regulation. title v MEASURES IN SUPPORT OF INNOVATION"
Art52(1),paragraph,Art52,Art52/1,"Providers shall ensure that AI systems intended to interact with natural persons are designed and developed in such a way that natural persons are informed that they are interacting with an AI system, unless this is obvious from the circumstances and the context of use. This obligation shall not apply to AI systems authorised by law to detect, prevent, investigate and prosecute criminal offences, unless those systems are available for the public to report a criminal offence.",52021PC0206,,"Providers shall ensure that AI systems intended to interact with natural persons are designed and developed in such a way that natural persons are informed that they are interacting with an AI system, unless this is obvious from the circumstances and the context of use. This obligation shall not apply to AI systems authorised by law to detect, prevent, investigate and prosecute criminal offences, unless those systems are available for the public to report a criminal offence."
Art52(2),paragraph,Art52,Art52/2,"Users of an emotion recognition system or a biometric categorisation system shall inform of the operation of the system the natural persons exposed thereto. This obligation shall not apply to AI systems used for biometric categorisation, which are permitted by law to detect, prevent and investigate criminal offences.",52021PC0206,,"Users of an emotion recognition system or a biometric categorisation system shall inform of the operation of the system the natural persons exposed thereto. This obligation shall not apply to AI systems used for biometric categorisation, which are permitted by law to detect, prevent and investigate criminal offences."
Art52(3),paragraph,Art52,Art52/3,"Users of an AI system that generates or manipulates image, audio or video content that appreciably resembles existing persons, objects, places or other entities or events and would falsely appear to a person to be authentic or truthful (‘deep fake’), shall disclose that the content has been artificially generated or manipulated. However, the first subparagraph shall not apply where the use is authorised by law to detect, prevent, investigate and prosecute criminal offences or it is necessary for the exercise of the right to freedom of expression and the right to freedom of the arts and sciences guaranteed in the Charter of Fundamental Rights of the EU, and subject to appropriate safeguards for the rights and freedoms of third parties.",52021PC0206,,"Users of an AI system that generates or manipulates image, audio or video content that appreciably resembles existing persons, objects, places or other entities or events and would falsely appear to a person to be authentic or truthful (‘deep fake’), shall disclose that the content has been artificially generated or manipulated. However, the first subparagraph shall not apply where the use is authorised by law to detect, prevent, investigate and prosecute criminal offences or it is necessary for the exercise of the right to freedom of expression and the right to freedom of the arts and sciences guaranteed in the Charter of Fundamental Rights of the EU, and subject to appropriate safeguards for the rights and freedoms of third parties."
Art52(4),paragraph,Art52,Art52/4,"Paragraphs 1, 2 and 3 shall not affect the requirements and obligations set out in Title III of this Regulation. title v MEASURES IN SUPPORT OF INNOVATION",52021PC0206,,"Paragraphs 1, 2 and 3 shall not affect the requirements and obligations set out in Title III of this Regulation. title v MEASURES IN SUPPORT OF INNOVATION"
Art53,article,Art53,Art53,,52021PC0206,AI regulatory sandboxes,"AI regulatory sandboxes established by one or more Member States competent authorities or the European Data Protection Supervisor shall provide a controlled environment that facilitates the development, testing and validation of innovative AI systems for a limited time before their placement on the market or putting into service pursuant to a specific plan. This shall take place under the direct supervision and guidance by the competent authorities with a view to ensuring compliance with the requirements of this Regulation and, where relevant, other Union and Member States legislation supervised within the sandbox. Member States shall ensure that to the extent the innovative AI systems involve the processing of personal data or otherwise fall under the supervisory remit of other national authorities or competent authorities providing or supporting access to data, the national data protection authorities and those other national authorities are associated to the operation of the AI regulatory sandbox. The AI regulatory sandboxes shall not affect the supervisory and corrective powers of the competent authorities. Any significant risks to health and safety and fundamental rights identified during the development and testing of such systems shall result in immediate mitigation and, failing that, in the suspension of the development and testing process until such mitigation takes place. Participants in the AI regulatory sandbox shall remain liable under applicable Union and Member States liability legislation for any harm inflicted on third parties as a result from the experimentation taking place in the sandbox. Member States’ competent authorities that have established AI regulatory sandboxes shall coordinate their activities and cooperate within the framework of the European Artificial Intelligence Board. They shall submit annual reports to the Board and the Commission on the results from the implementation of those scheme, including good practices, lessons learnt and recommendations on their setup and, where relevant, on the application of this Regulation and other Union legislation supervised within the sandbox. The modalities and the conditions of the operation of the AI regulatory sandboxes, including the eligibility criteria and the procedure for the application, selection, participation and exiting from the sandbox, and the rights and obligations of the participants shall be set out in implementing acts. Those implementing acts shall be adopted in accordance with the examination procedure referred to in Article 74(2)."
Art53(1),paragraph,Art53,Art53/1,"AI regulatory sandboxes established by one or more Member States competent authorities or the European Data Protection Supervisor shall provide a controlled environment that facilitates the development, testing and validation of innovative AI systems for a limited time before their placement on the market or putting into service pursuant to a specific plan. This shall take place under the direct supervision and guidance by the competent authorities with a view to ensuring compliance with the requirements of this Regulation and, where relevant, other Union and Member States legislation supervised within the sandbox.",52021PC0206,,"AI regulatory sandboxes established by one or more Member States competent authorities or the European Data Protection Supervisor shall provide a controlled environment that facilitates the development, testing and validation of innovative AI systems for a limited time before their placement on the market or putting into service pursuant to a specific plan. This shall take place under the direct supervision and guidance by the competent authorities with a view to ensuring compliance with the requirements of this Regulation and, where relevant, other Union and Member States legislation supervised within the sandbox."
Art53(2),paragraph,Art53,Art53/2,"Member States shall ensure that to the extent the innovative AI systems involve the processing of personal data or otherwise fall under the supervisory remit of other national authorities or competent authorities providing or supporting access to data, the national data protection authorities and those other national authorities are associated to the operation of the AI regulatory sandbox.",52021PC0206,,"Member States shall ensure that to the extent the innovative AI systems involve the processing of personal data or otherwise fall under the supervisory remit of other national authorities or competent authorities providing or supporting access to data, the national data protection authorities and those other national authorities are associated to the operation of the AI regulatory sandbox."
Art53(3),paragraph,Art53,Art53/3,"The AI regulatory sandboxes shall not affect the supervisory and corrective powers of the competent authorities. Any significant risks to health and safety and fundamental rights identified during the development and testing of such systems shall result in immediate mitigation and, failing that, in the suspension of the development and testing process until such mitigation takes place.",52021PC0206,,"The AI regulatory sandboxes shall not affect the supervisory and corrective powers of the competent authorities. Any significant risks to health and safety and fundamental rights identified during the development and testing of such systems shall result in immediate mitigation and, failing that, in the suspension of the development and testing process until such mitigation takes place."
Art53(4),paragraph,Art53,Art53/4,Participants in the AI regulatory sandbox shall remain liable under applicable Union and Member States liability legislation for any harm inflicted on third parties as a result from the experimentation taking place in the sandbox.,52021PC0206,,Participants in the AI regulatory sandbox shall remain liable under applicable Union and Member States liability legislation for any harm inflicted on third parties as a result from the experimentation taking place in the sandbox.
Art53(5),paragraph,Art53,Art53/5,"Member States’ competent authorities that have established AI regulatory sandboxes shall coordinate their activities and cooperate within the framework of the European Artificial Intelligence Board. They shall submit annual reports to the Board and the Commission on the results from the implementation of those scheme, including good practices, lessons learnt and recommendations on their setup and, where relevant, on the application of this Regulation and other Union legislation supervised within the sandbox.",52021PC0206,,"Member States’ competent authorities that have established AI regulatory sandboxes shall coordinate their activities and cooperate within the framework of the European Artificial Intelligence Board. They shall submit annual reports to the Board and the Commission on the results from the implementation of those scheme, including good practices, lessons learnt and recommendations on their setup and, where relevant, on the application of this Regulation and other Union legislation supervised within the sandbox."
Art53(6),paragraph,Art53,Art53/6,"The modalities and the conditions of the operation of the AI regulatory sandboxes, including the eligibility criteria and the procedure for the application, selection, participation and exiting from the sandbox, and the rights and obligations of the participants shall be set out in implementing acts. Those implementing acts shall be adopted in accordance with the examination procedure referred to in Article 74(2).",52021PC0206,,"The modalities and the conditions of the operation of the AI regulatory sandboxes, including the eligibility criteria and the procedure for the application, selection, participation and exiting from the sandbox, and the rights and obligations of the participants shall be set out in implementing acts. Those implementing acts shall be adopted in accordance with the examination procedure referred to in Article 74(2)."
Art54,article,Art54,Art54,,52021PC0206,Further processing of personal data for developing certain AI systems in the public interest in the AI regulatory sandbox,"In the AI regulatory sandbox personal data lawfully collected for other purposes shall be processed for the purposes of developing and testing certain innovative AI systems in the sandbox under the following conditions: the innovative AI systems shall be developed for safeguarding substantial public interest in one or more of the following areas: the prevention, investigation, detection or prosecution of criminal offences or the execution of criminal penalties, including the safeguarding against and the prevention of threats to public security, under the control and responsibility of the competent authorities. The processing shall be based on Member State or Union law; public safety and public health, including disease prevention, control and treatment; a high level of protection and improvement of the quality of the environment; the data processed are necessary for complying with one or more of the requirements referred to in Title III, Chapter 2 where those requirements cannot be effectively fulfilled by processing anonymised, synthetic or other non-personal data; there are effective monitoring mechanisms to identify if any high risks to the fundamental rights of the data subjects may arise during the sandbox experimentation as well as response mechanism to promptly mitigate those risks and, where necessary, stop the processing; any personal data to be processed in the context of the sandbox are in a functionally separate, isolated and protected data processing environment under the control of the participants and only authorised persons have access to that data; any personal data processed are not be transmitted, transferred or otherwise accessed by other parties; any processing of personal data in the context of the sandbox do not lead to measures or decisions affecting the data subjects; any personal data processed in the context of the sandbox are deleted once the participation in the sandbox has terminated or the personal data has reached the end of its retention period; the logs of the processing of personal data in the context of the sandbox are kept for the duration of the participation in the sandbox and 1 year after its termination, solely for the purpose of and only as long as necessary for fulfilling accountability and documentation obligations under this Article or other application Union or Member States legislation; complete and detailed description of the process and rationale behind the training, testing and validation of the AI system is kept together with the testing results as part of the technical documentation in Annex IV; a short summary of the AI project developed in the sandbox, its objectives and expected results published on the website of the competent authorities. Paragraph 1 is without prejudice to Union or Member States legislation excluding processing for other purposes than those explicitly mentioned in that legislation."
Art54(1),paragraph,Art54,Art54/1,In the AI regulatory sandbox personal data lawfully collected for other purposes shall be processed for the purposes of developing and testing certain innovative AI systems in the sandbox under the following conditions:,52021PC0206,,"In the AI regulatory sandbox personal data lawfully collected for other purposes shall be processed for the purposes of developing and testing certain innovative AI systems in the sandbox under the following conditions: the innovative AI systems shall be developed for safeguarding substantial public interest in one or more of the following areas: the prevention, investigation, detection or prosecution of criminal offences or the execution of criminal penalties, including the safeguarding against and the prevention of threats to public security, under the control and responsibility of the competent authorities. The processing shall be based on Member State or Union law; public safety and public health, including disease prevention, control and treatment; a high level of protection and improvement of the quality of the environment; the data processed are necessary for complying with one or more of the requirements referred to in Title III, Chapter 2 where those requirements cannot be effectively fulfilled by processing anonymised, synthetic or other non-personal data; there are effective monitoring mechanisms to identify if any high risks to the fundamental rights of the data subjects may arise during the sandbox experimentation as well as response mechanism to promptly mitigate those risks and, where necessary, stop the processing; any personal data to be processed in the context of the sandbox are in a functionally separate, isolated and protected data processing environment under the control of the participants and only authorised persons have access to that data; any personal data processed are not be transmitted, transferred or otherwise accessed by other parties; any processing of personal data in the context of the sandbox do not lead to measures or decisions affecting the data subjects; any personal data processed in the context of the sandbox are deleted once the participation in the sandbox has terminated or the personal data has reached the end of its retention period; the logs of the processing of personal data in the context of the sandbox are kept for the duration of the participation in the sandbox and 1 year after its termination, solely for the purpose of and only as long as necessary for fulfilling accountability and documentation obligations under this Article or other application Union or Member States legislation; complete and detailed description of the process and rationale behind the training, testing and validation of the AI system is kept together with the testing results as part of the technical documentation in Annex IV; a short summary of the AI project developed in the sandbox, its objectives and expected results published on the website of the competent authorities."
Art54(1)(a),point,Art54,Art54/1/a,the innovative AI systems shall be developed for safeguarding substantial public interest in one or more of the following areas:,52021PC0206,,"the innovative AI systems shall be developed for safeguarding substantial public interest in one or more of the following areas: the prevention, investigation, detection or prosecution of criminal offences or the execution of criminal penalties, including the safeguarding against and the prevention of threats to public security, under the control and responsibility of the competent authorities. The processing shall be based on Member State or Union law; public safety and public health, including disease prevention, control and treatment; a high level of protection and improvement of the quality of the environment;"
Art54(1)(a)(i),subpoint,Art54,Art54/1/a/i,"the prevention, investigation, detection or prosecution of criminal offences or the execution of criminal penalties, including the safeguarding against and the prevention of threats to public security, under the control and responsibility of the competent authorities. The processing shall be based on Member State or Union law;",52021PC0206,,"the prevention, investigation, detection or prosecution of criminal offences or the execution of criminal penalties, including the safeguarding against and the prevention of threats to public security, under the control and responsibility of the competent authorities. The processing shall be based on Member State or Union law;"
Art54(1)(a)(ii),subpoint,Art54,Art54/1/a/ii,"public safety and public health, including disease prevention, control and treatment;",52021PC0206,,"public safety and public health, including disease prevention, control and treatment;"
Art54(1)(a)(iii),subpoint,Art54,Art54/1/a/iii,a high level of protection and improvement of the quality of the environment;,52021PC0206,,a high level of protection and improvement of the quality of the environment;
Art54(1)(b),point,Art54,Art54/1/b,"the data processed are necessary for complying with one or more of the requirements referred to in Title III, Chapter 2 where those requirements cannot be effectively fulfilled by processing anonymised, synthetic or other non-personal data;",52021PC0206,,"the data processed are necessary for complying with one or more of the requirements referred to in Title III, Chapter 2 where those requirements cannot be effectively fulfilled by processing anonymised, synthetic or other non-personal data;"
Art54(1)(c),point,Art54,Art54/1/c,"there are effective monitoring mechanisms to identify if any high risks to the fundamental rights of the data subjects may arise during the sandbox experimentation as well as response mechanism to promptly mitigate those risks and, where necessary, stop the processing;",52021PC0206,,"there are effective monitoring mechanisms to identify if any high risks to the fundamental rights of the data subjects may arise during the sandbox experimentation as well as response mechanism to promptly mitigate those risks and, where necessary, stop the processing;"
Art54(1)(d),point,Art54,Art54/1/d,"any personal data to be processed in the context of the sandbox are in a functionally separate, isolated and protected data processing environment under the control of the participants and only authorised persons have access to that data;",52021PC0206,,"any personal data to be processed in the context of the sandbox are in a functionally separate, isolated and protected data processing environment under the control of the participants and only authorised persons have access to that data;"
Art54(1)(e),point,Art54,Art54/1/e,"any personal data processed are not be transmitted, transferred or otherwise accessed by other parties;",52021PC0206,,"any personal data processed are not be transmitted, transferred or otherwise accessed by other parties;"
Art54(1)(f),point,Art54,Art54/1/f,any processing of personal data in the context of the sandbox do not lead to measures or decisions affecting the data subjects;,52021PC0206,,any processing of personal data in the context of the sandbox do not lead to measures or decisions affecting the data subjects;
Art54(1)(g),point,Art54,Art54/1/g,any personal data processed in the context of the sandbox are deleted once the participation in the sandbox has terminated or the personal data has reached the end of its retention period;,52021PC0206,,any personal data processed in the context of the sandbox are deleted once the participation in the sandbox has terminated or the personal data has reached the end of its retention period;
Art54(1)(h),point,Art54,Art54/1/h,"the logs of the processing of personal data in the context of the sandbox are kept for the duration of the participation in the sandbox and 1 year after its termination, solely for the purpose of and only as long as necessary for fulfilling accountability and documentation obligations under this Article or other application Union or Member States legislation;",52021PC0206,,"the logs of the processing of personal data in the context of the sandbox are kept for the duration of the participation in the sandbox and 1 year after its termination, solely for the purpose of and only as long as necessary for fulfilling accountability and documentation obligations under this Article or other application Union or Member States legislation;"
Art54(1)(i),point,Art54,Art54/1/i,"complete and detailed description of the process and rationale behind the training, testing and validation of the AI system is kept together with the testing results as part of the technical documentation in Annex IV;",52021PC0206,,"complete and detailed description of the process and rationale behind the training, testing and validation of the AI system is kept together with the testing results as part of the technical documentation in Annex IV;"
Art54(1)(j),point,Art54,Art54/1/j,"a short summary of the AI project developed in the sandbox, its objectives and expected results published on the website of the competent authorities.",52021PC0206,,"a short summary of the AI project developed in the sandbox, its objectives and expected results published on the website of the competent authorities."
Art54(2),paragraph,Art54,Art54/2,Paragraph 1 is without prejudice to Union or Member States legislation excluding processing for other purposes than those explicitly mentioned in that legislation.,52021PC0206,,Paragraph 1 is without prejudice to Union or Member States legislation excluding processing for other purposes than those explicitly mentioned in that legislation.
Art55,article,Art55,Art55,,52021PC0206,Measures for small-scale providers and users,"Member States shall undertake the following actions: provide small-scale providers and start-ups with priority access to the AI regulatory sandboxes to the extent that they fulfil the eligibility conditions; organise specific awareness raising activities about the application of this Regulation tailored to the needs of the small-scale providers and users; where appropriate, establish a dedicated channel for communication with small-scale providers and user and other innovators to provide guidance and respond to queries about the implementation of this Regulation. The specific interests and needs of the small-scale providers shall be taken into account when setting the fees for conformity assessment under Article 43, reducing those fees proportionately to their size and market size."
Art55(1),paragraph,Art55,Art55/1,Member States shall undertake the following actions:,52021PC0206,,"Member States shall undertake the following actions: provide small-scale providers and start-ups with priority access to the AI regulatory sandboxes to the extent that they fulfil the eligibility conditions; organise specific awareness raising activities about the application of this Regulation tailored to the needs of the small-scale providers and users; where appropriate, establish a dedicated channel for communication with small-scale providers and user and other innovators to provide guidance and respond to queries about the implementation of this Regulation."
Art55(1)(a),point,Art55,Art55/1/a,provide small-scale providers and start-ups with priority access to the AI regulatory sandboxes to the extent that they fulfil the eligibility conditions;,52021PC0206,,provide small-scale providers and start-ups with priority access to the AI regulatory sandboxes to the extent that they fulfil the eligibility conditions;
Art55(1)(b),point,Art55,Art55/1/b,organise specific awareness raising activities about the application of this Regulation tailored to the needs of the small-scale providers and users;,52021PC0206,,organise specific awareness raising activities about the application of this Regulation tailored to the needs of the small-scale providers and users;
Art55(1)(c),point,Art55,Art55/1/c,"where appropriate, establish a dedicated channel for communication with small-scale providers and user and other innovators to provide guidance and respond to queries about the implementation of this Regulation.",52021PC0206,,"where appropriate, establish a dedicated channel for communication with small-scale providers and user and other innovators to provide guidance and respond to queries about the implementation of this Regulation."
Art55(2),paragraph,Art55,Art55/2,"The specific interests and needs of the small-scale providers shall be taken into account when setting the fees for conformity assessment under Article 43, reducing those fees proportionately to their size and market size.",52021PC0206,,"The specific interests and needs of the small-scale providers shall be taken into account when setting the fees for conformity assessment under Article 43, reducing those fees proportionately to their size and market size."
Art56,article,Art56,Art56,,52021PC0206,Establishment of the European Artificial Intelligence Board,A ‘European Artificial Intelligence Board’ (the ‘Board’) is established. The Board shall provide advice and assistance to the Commission in order to: contribute to the effective cooperation of the national supervisory authorities and the Commission with regard to matters covered by this Regulation; coordinate and contribute to guidance and analysis by the Commission and the national supervisory authorities and other competent authorities on emerging issues across the internal market with regard to matters covered by this Regulation; assist the national supervisory authorities and the Commission in ensuring the consistent application of this Regulation.
Art56(1),paragraph,Art56,Art56/1,A ‘European Artificial Intelligence Board’ (the ‘Board’) is established.,52021PC0206,,A ‘European Artificial Intelligence Board’ (the ‘Board’) is established.
Art56(2),paragraph,Art56,Art56/2,The Board shall provide advice and assistance to the Commission in order to:,52021PC0206,,The Board shall provide advice and assistance to the Commission in order to: contribute to the effective cooperation of the national supervisory authorities and the Commission with regard to matters covered by this Regulation; coordinate and contribute to guidance and analysis by the Commission and the national supervisory authorities and other competent authorities on emerging issues across the internal market with regard to matters covered by this Regulation; assist the national supervisory authorities and the Commission in ensuring the consistent application of this Regulation.
Art56(2)(a),point,Art56,Art56/2/a,contribute to the effective cooperation of the national supervisory authorities and the Commission with regard to matters covered by this Regulation;,52021PC0206,,contribute to the effective cooperation of the national supervisory authorities and the Commission with regard to matters covered by this Regulation;
Art56(2)(b),point,Art56,Art56/2/b,coordinate and contribute to guidance and analysis by the Commission and the national supervisory authorities and other competent authorities on emerging issues across the internal market with regard to matters covered by this Regulation;,52021PC0206,,coordinate and contribute to guidance and analysis by the Commission and the national supervisory authorities and other competent authorities on emerging issues across the internal market with regard to matters covered by this Regulation;
Art56(2)(c),point,Art56,Art56/2/c,assist the national supervisory authorities and the Commission in ensuring the consistent application of this Regulation.,52021PC0206,,assist the national supervisory authorities and the Commission in ensuring the consistent application of this Regulation.
Art57,article,Art57,Art57,,52021PC0206,Structure of the Board,"The Board shall be composed of the national supervisory authorities, who shall be represented by the head or equivalent high-level official of that authority, and the European Data Protection Supervisor. Other national authorities may be invited to the meetings, where the issues discussed are of relevance for them. The Board shall adopt its rules of procedure by a simple majority of its members, following the consent of the Commission. The rules of procedure shall also contain the operational aspects related to the execution of the Board’s tasks as listed in Article 58. The Board may establish sub-groups as appropriate for the purpose of examining specific questions. The Board shall be chaired by the Commission. The Commission shall convene the meetings and prepare the agenda in accordance with the tasks of the Board pursuant to this Regulation and with its rules of procedure. The Commission shall provide administrative and analytical support for the activities of the Board pursuant to this Regulation. The Board may invite external experts and observers to attend its meetings and may hold exchanges with interested third parties to inform its activities to an appropriate extent. To that end the Commission may facilitate exchanges between the Board and other Union bodies, offices, agencies and advisory groups."
Art57(1),paragraph,Art57,Art57/1,"The Board shall be composed of the national supervisory authorities, who shall be represented by the head or equivalent high-level official of that authority, and the European Data Protection Supervisor. Other national authorities may be invited to the meetings, where the issues discussed are of relevance for them.",52021PC0206,,"The Board shall be composed of the national supervisory authorities, who shall be represented by the head or equivalent high-level official of that authority, and the European Data Protection Supervisor. Other national authorities may be invited to the meetings, where the issues discussed are of relevance for them."
Art57(2),paragraph,Art57,Art57/2,"The Board shall adopt its rules of procedure by a simple majority of its members, following the consent of the Commission. The rules of procedure shall also contain the operational aspects related to the execution of the Board’s tasks as listed in Article 58. The Board may establish sub-groups as appropriate for the purpose of examining specific questions.",52021PC0206,,"The Board shall adopt its rules of procedure by a simple majority of its members, following the consent of the Commission. The rules of procedure shall also contain the operational aspects related to the execution of the Board’s tasks as listed in Article 58. The Board may establish sub-groups as appropriate for the purpose of examining specific questions."
Art57(3),paragraph,Art57,Art57/3,The Board shall be chaired by the Commission. The Commission shall convene the meetings and prepare the agenda in accordance with the tasks of the Board pursuant to this Regulation and with its rules of procedure. The Commission shall provide administrative and analytical support for the activities of the Board pursuant to this Regulation.,52021PC0206,,The Board shall be chaired by the Commission. The Commission shall convene the meetings and prepare the agenda in accordance with the tasks of the Board pursuant to this Regulation and with its rules of procedure. The Commission shall provide administrative and analytical support for the activities of the Board pursuant to this Regulation.
Art57(4),paragraph,Art57,Art57/4,"The Board may invite external experts and observers to attend its meetings and may hold exchanges with interested third parties to inform its activities to an appropriate extent. To that end the Commission may facilitate exchanges between the Board and other Union bodies, offices, agencies and advisory groups.",52021PC0206,,"The Board may invite external experts and observers to attend its meetings and may hold exchanges with interested third parties to inform its activities to an appropriate extent. To that end the Commission may facilitate exchanges between the Board and other Union bodies, offices, agencies and advisory groups."
Art58,article,Art58,Art58,"When providing advice and assistance to the Commission in the context of Article 56(2), the Board shall in particular:",52021PC0206,Tasks of the Board,"When providing advice and assistance to the Commission in the context of Article 56(2), the Board shall in particular: collect and share expertise and best practices among Member States; contribute to uniform administrative practices in the Member States, including for the functioning of regulatory sandboxes referred to in Article 53; issue opinions, recommendations or written contributions on matters related to the implementation of this Regulation, in particular on technical specifications or existing standards regarding the requirements set out in Title III, Chapter 2, on the use of harmonised standards or common specifications referred to in Articles 40 and 41, on the preparation of guidance documents, including the guidelines concerning the setting of administrative fines referred to in Article 71."
Art58(1),paragraph,Art58,Art58/1,,52021PC0206,,"collect and share expertise and best practices among Member States; contribute to uniform administrative practices in the Member States, including for the functioning of regulatory sandboxes referred to in Article 53; issue opinions, recommendations or written contributions on matters related to the implementation of this Regulation, in particular on technical specifications or existing standards regarding the requirements set out in Title III, Chapter 2, on the use of harmonised standards or common specifications referred to in Articles 40 and 41, on the preparation of guidance documents, including the guidelines concerning the setting of administrative fines referred to in Article 71."
Art58(1)(a),point,Art58,Art58/1/a,collect and share expertise and best practices among Member States;,52021PC0206,,collect and share expertise and best practices among Member States;
Art58(1)(b),point,Art58,Art58/1/b,"contribute to uniform administrative practices in the Member States, including for the functioning of regulatory sandboxes referred to in Article 53;",52021PC0206,,"contribute to uniform administrative practices in the Member States, including for the functioning of regulatory sandboxes referred to in Article 53;"
Art58(1)(c),point,Art58,Art58/1/c,"issue opinions, recommendations or written contributions on matters related to the implementation of this Regulation, in particular",52021PC0206,,"issue opinions, recommendations or written contributions on matters related to the implementation of this Regulation, in particular on technical specifications or existing standards regarding the requirements set out in Title III, Chapter 2, on the use of harmonised standards or common specifications referred to in Articles 40 and 41, on the preparation of guidance documents, including the guidelines concerning the setting of administrative fines referred to in Article 71."
Art58(1)(c)(i),subpoint,Art58,Art58/1/c/i,"on technical specifications or existing standards regarding the requirements set out in Title III, Chapter 2,",52021PC0206,,"on technical specifications or existing standards regarding the requirements set out in Title III, Chapter 2,"
Art58(1)(c)(ii),subpoint,Art58,Art58/1/c/ii,"on the use of harmonised standards or common specifications referred to in Articles 40 and 41,",52021PC0206,,"on the use of harmonised standards or common specifications referred to in Articles 40 and 41,"
Art58(1)(c)(iii),subpoint,Art58,Art58/1/c/iii,"on the preparation of guidance documents, including the guidelines concerning the setting of administrative fines referred to in Article 71.",52021PC0206,,"on the preparation of guidance documents, including the guidelines concerning the setting of administrative fines referred to in Article 71."
Art59,article,Art59,Art59,,52021PC0206,Designation of national competent authorities,"National competent authorities shall be established or designated by each Member State for the purpose of ensuring the application and implementation of this Regulation. National competent authorities shall be organised so as to safeguard the objectivity and impartiality of their activities and tasks. Each Member State shall designate a national supervisory authority among the national competent authorities. The national supervisory authority shall act as notifying authority and market surveillance authority unless a Member State has organisational and administrative reasons to designate more than one authority. Member States shall inform the Commission of their designation or designations and, where applicable, the reasons for designating more than one authority. Member States shall ensure that national competent authorities are provided with adequate financial and human resources to fulfil their tasks under this Regulation. In particular, national competent authorities shall have a sufficient number of personnel permanently available whose competences and expertise shall include an in-depth understanding of artificial intelligence technologies, data and data computing, fundamental rights, health and safety risks and knowledge of existing standards and legal requirements. Member States shall report to the Commission on an annual basis on the status of the financial and human resources of the national competent authorities with an assessment of their adequacy. The Commission shall transmit that information to the Board for discussion and possible recommendations. The Commission shall facilitate the exchange of experience between national competent authorities. National competent authorities may provide guidance and advice on the implementation of this Regulation, including to small-scale providers. Whenever national competent authorities intend to provide guidance and advice with regard to an AI system in areas covered by other Union legislation, the competent national authorities under that Union legislation shall be consulted, as appropriate. Member States may also establish one central contact point for communication with operators. When Union institutions, agencies and bodies fall within the scope of this Regulation, the European Data Protection Supervisor shall act as the competent authority for their supervision. title vii EU DATABASE FOR STAND-ALONE HIGH-RISK AI SYSTEMS"
Art59(1),paragraph,Art59,Art59/1,National competent authorities shall be established or designated by each Member State for the purpose of ensuring the application and implementation of this Regulation. National competent authorities shall be organised so as to safeguard the objectivity and impartiality of their activities and tasks.,52021PC0206,,National competent authorities shall be established or designated by each Member State for the purpose of ensuring the application and implementation of this Regulation. National competent authorities shall be organised so as to safeguard the objectivity and impartiality of their activities and tasks.
Art59(2),paragraph,Art59,Art59/2,Each Member State shall designate a national supervisory authority among the national competent authorities. The national supervisory authority shall act as notifying authority and market surveillance authority unless a Member State has organisational and administrative reasons to designate more than one authority.,52021PC0206,,Each Member State shall designate a national supervisory authority among the national competent authorities. The national supervisory authority shall act as notifying authority and market surveillance authority unless a Member State has organisational and administrative reasons to designate more than one authority.
Art59(3),paragraph,Art59,Art59/3,"Member States shall inform the Commission of their designation or designations and, where applicable, the reasons for designating more than one authority.",52021PC0206,,"Member States shall inform the Commission of their designation or designations and, where applicable, the reasons for designating more than one authority."
Art59(4),paragraph,Art59,Art59/4,"Member States shall ensure that national competent authorities are provided with adequate financial and human resources to fulfil their tasks under this Regulation. In particular, national competent authorities shall have a sufficient number of personnel permanently available whose competences and expertise shall include an in-depth understanding of artificial intelligence technologies, data and data computing, fundamental rights, health and safety risks and knowledge of existing standards and legal requirements.",52021PC0206,,"Member States shall ensure that national competent authorities are provided with adequate financial and human resources to fulfil their tasks under this Regulation. In particular, national competent authorities shall have a sufficient number of personnel permanently available whose competences and expertise shall include an in-depth understanding of artificial intelligence technologies, data and data computing, fundamental rights, health and safety risks and knowledge of existing standards and legal requirements."
Art59(5),paragraph,Art59,Art59/5,Member States shall report to the Commission on an annual basis on the status of the financial and human resources of the national competent authorities with an assessment of their adequacy. The Commission shall transmit that information to the Board for discussion and possible recommendations.,52021PC0206,,Member States shall report to the Commission on an annual basis on the status of the financial and human resources of the national competent authorities with an assessment of their adequacy. The Commission shall transmit that information to the Board for discussion and possible recommendations.
Art59(6),paragraph,Art59,Art59/6,The Commission shall facilitate the exchange of experience between national competent authorities.,52021PC0206,,The Commission shall facilitate the exchange of experience between national competent authorities.
Art59(7),paragraph,Art59,Art59/7,"National competent authorities may provide guidance and advice on the implementation of this Regulation, including to small-scale providers. Whenever national competent authorities intend to provide guidance and advice with regard to an AI system in areas covered by other Union legislation, the competent national authorities under that Union legislation shall be consulted, as appropriate. Member States may also establish one central contact point for communication with operators.",52021PC0206,,"National competent authorities may provide guidance and advice on the implementation of this Regulation, including to small-scale providers. Whenever national competent authorities intend to provide guidance and advice with regard to an AI system in areas covered by other Union legislation, the competent national authorities under that Union legislation shall be consulted, as appropriate. Member States may also establish one central contact point for communication with operators."
Art59(8),paragraph,Art59,Art59/8,"When Union institutions, agencies and bodies fall within the scope of this Regulation, the European Data Protection Supervisor shall act as the competent authority for their supervision. title vii EU DATABASE FOR STAND-ALONE HIGH-RISK AI SYSTEMS",52021PC0206,,"When Union institutions, agencies and bodies fall within the scope of this Regulation, the European Data Protection Supervisor shall act as the competent authority for their supervision. title vii EU DATABASE FOR STAND-ALONE HIGH-RISK AI SYSTEMS"
Art60,article,Art60,Art60,,52021PC0206,EU database for stand-alone high-risk AI systems,"The Commission shall, in collaboration with the Member States, set up and maintain a EU database containing information referred to in paragraph 2 concerning high-risk AI systems referred to in Article 6(2) which are registered in accordance with Article 51. The data listed in Annex VIII shall be entered into the EU database by the providers. The Commission shall provide them with technical and administrative support. Information contained in the EU database shall be accessible to the public. The EU database shall contain personal data only insofar as necessary for collecting and processing information in accordance with this Regulation. That information shall include the names and contact details of natural persons who are responsible for registering the system and have the legal authority to represent the provider. The Commission shall be the controller of the EU database. It shall also ensure to providers adequate technical and administrative support."
Art60(1),paragraph,Art60,Art60/1,"The Commission shall, in collaboration with the Member States, set up and maintain a EU database containing information referred to in paragraph 2 concerning high-risk AI systems referred to in Article 6(2) which are registered in accordance with Article 51.",52021PC0206,,"The Commission shall, in collaboration with the Member States, set up and maintain a EU database containing information referred to in paragraph 2 concerning high-risk AI systems referred to in Article 6(2) which are registered in accordance with Article 51."
Art60(2),paragraph,Art60,Art60/2,The data listed in Annex VIII shall be entered into the EU database by the providers. The Commission shall provide them with technical and administrative support.,52021PC0206,,The data listed in Annex VIII shall be entered into the EU database by the providers. The Commission shall provide them with technical and administrative support.
Art60(3),paragraph,Art60,Art60/3,Information contained in the EU database shall be accessible to the public.,52021PC0206,,Information contained in the EU database shall be accessible to the public.
Art60(4),paragraph,Art60,Art60/4,The EU database shall contain personal data only insofar as necessary for collecting and processing information in accordance with this Regulation. That information shall include the names and contact details of natural persons who are responsible for registering the system and have the legal authority to represent the provider.,52021PC0206,,The EU database shall contain personal data only insofar as necessary for collecting and processing information in accordance with this Regulation. That information shall include the names and contact details of natural persons who are responsible for registering the system and have the legal authority to represent the provider.
Art60(5),paragraph,Art60,Art60/5,The Commission shall be the controller of the EU database. It shall also ensure to providers adequate technical and administrative support.,52021PC0206,,The Commission shall be the controller of the EU database. It shall also ensure to providers adequate technical and administrative support.
Art61,article,Art61,Art61,,52021PC0206,Post-market monitoring by providers and post-market monitoring plan for high-risk AI systems,"Providers shall establish and document a post-market monitoring system in a manner that is proportionate to the nature of the artificial intelligence technologies and the risks of the high-risk AI system. The post-market monitoring system shall actively and systematically collect, document and analyse relevant data provided by users or collected through other sources on the performance of high-risk AI systems throughout their lifetime, and allow the provider to evaluate the continuous compliance of AI systems with the requirements set out in Title III, Chapter 2. The post-market monitoring system shall be based on a post-market monitoring plan. The post-market monitoring plan shall be part of the technical documentation referred to in Annex IV. The Commission shall adopt an implementing act laying down detailed provisions establishing a template for the post-market monitoring plan and the list of elements to be included in the plan. For high-risk AI systems covered by the legal acts referred to in Annex II, where a post-market monitoring system and plan is already established under that legislation, the elements described in paragraphs 1, 2 and 3 shall be integrated into that system and plan as appropriate. The first subparagraph shall also apply to high-risk AI systems referred to in point 5(b) of Annex III placed on the market or put into service by credit institutions regulated by Directive 2013/36/EU. Chapter 2 Sharing of information on incidents and malfunctioning"
Art61(1),paragraph,Art61,Art61/1,Providers shall establish and document a post-market monitoring system in a manner that is proportionate to the nature of the artificial intelligence technologies and the risks of the high-risk AI system.,52021PC0206,,Providers shall establish and document a post-market monitoring system in a manner that is proportionate to the nature of the artificial intelligence technologies and the risks of the high-risk AI system.
Art61(2),paragraph,Art61,Art61/2,"The post-market monitoring system shall actively and systematically collect, document and analyse relevant data provided by users or collected through other sources on the performance of high-risk AI systems throughout their lifetime, and allow the provider to evaluate the continuous compliance of AI systems with the requirements set out in Title III, Chapter 2.",52021PC0206,,"The post-market monitoring system shall actively and systematically collect, document and analyse relevant data provided by users or collected through other sources on the performance of high-risk AI systems throughout their lifetime, and allow the provider to evaluate the continuous compliance of AI systems with the requirements set out in Title III, Chapter 2."
Art61(3),paragraph,Art61,Art61/3,The post-market monitoring system shall be based on a post-market monitoring plan. The post-market monitoring plan shall be part of the technical documentation referred to in Annex IV. The Commission shall adopt an implementing act laying down detailed provisions establishing a template for the post-market monitoring plan and the list of elements to be included in the plan.,52021PC0206,,The post-market monitoring system shall be based on a post-market monitoring plan. The post-market monitoring plan shall be part of the technical documentation referred to in Annex IV. The Commission shall adopt an implementing act laying down detailed provisions establishing a template for the post-market monitoring plan and the list of elements to be included in the plan.
Art61(4),paragraph,Art61,Art61/4,"For high-risk AI systems covered by the legal acts referred to in Annex II, where a post-market monitoring system and plan is already established under that legislation, the elements described in paragraphs 1, 2 and 3 shall be integrated into that system and plan as appropriate. The first subparagraph shall also apply to high-risk AI systems referred to in point 5(b) of Annex III placed on the market or put into service by credit institutions regulated by Directive 2013/36/EU. Chapter 2 Sharing of information on incidents and malfunctioning",52021PC0206,,"For high-risk AI systems covered by the legal acts referred to in Annex II, where a post-market monitoring system and plan is already established under that legislation, the elements described in paragraphs 1, 2 and 3 shall be integrated into that system and plan as appropriate. The first subparagraph shall also apply to high-risk AI systems referred to in point 5(b) of Annex III placed on the market or put into service by credit institutions regulated by Directive 2013/36/EU. Chapter 2 Sharing of information on incidents and malfunctioning"
Art62,article,Art62,Art62,,52021PC0206,Reporting of serious incidents and of malfunctioning,"Providers of high-risk AI systems placed on the Union market shall report any serious incident or any malfunctioning of those systems which constitutes a breach of obligations under Union law intended to protect fundamental rights to the market surveillance authorities of the Member States where that incident or breach occurred. Such notification shall be made immediately after the provider has established a causal link between the AI system and the incident or malfunctioning or the reasonable likelihood of such a link, and, in any event, not later than 15 days after the providers becomes aware of the serious incident or of the malfunctioning. Upon receiving a notification related to a breach of obligations under Union law intended to protect fundamental rights, the market surveillance authority shall inform the national public authorities or bodies referred to in Article 64(3). The Commission shall develop dedicated guidance to facilitate compliance with the obligations set out in paragraph 1. That guidance shall be issued 12 months after the entry into force of this Regulation, at the latest. For high-risk AI systems referred to in point 5(b) of Annex III which are placed on the market or put into service by providers that are credit institutions regulated by Directive 2013/36/EU and for high-risk AI systems which are safety components of devices, or are themselves devices, covered by Regulation (EU) 2017/745 and Regulation (EU) 2017/746, the notification of serious incidents or malfunctioning shall be limited to those that that constitute a breach of obligations under Union law intended to protect fundamental rights. Chapter 3 Enforcement"
Art62(1),paragraph,Art62,Art62/1,"Providers of high-risk AI systems placed on the Union market shall report any serious incident or any malfunctioning of those systems which constitutes a breach of obligations under Union law intended to protect fundamental rights to the market surveillance authorities of the Member States where that incident or breach occurred. Such notification shall be made immediately after the provider has established a causal link between the AI system and the incident or malfunctioning or the reasonable likelihood of such a link, and, in any event, not later than 15 days after the providers becomes aware of the serious incident or of the malfunctioning.",52021PC0206,,"Providers of high-risk AI systems placed on the Union market shall report any serious incident or any malfunctioning of those systems which constitutes a breach of obligations under Union law intended to protect fundamental rights to the market surveillance authorities of the Member States where that incident or breach occurred. Such notification shall be made immediately after the provider has established a causal link between the AI system and the incident or malfunctioning or the reasonable likelihood of such a link, and, in any event, not later than 15 days after the providers becomes aware of the serious incident or of the malfunctioning."
Art62(2),paragraph,Art62,Art62/2,"Upon receiving a notification related to a breach of obligations under Union law intended to protect fundamental rights, the market surveillance authority shall inform the national public authorities or bodies referred to in Article 64(3). The Commission shall develop dedicated guidance to facilitate compliance with the obligations set out in paragraph 1. That guidance shall be issued 12 months after the entry into force of this Regulation, at the latest.",52021PC0206,,"Upon receiving a notification related to a breach of obligations under Union law intended to protect fundamental rights, the market surveillance authority shall inform the national public authorities or bodies referred to in Article 64(3). The Commission shall develop dedicated guidance to facilitate compliance with the obligations set out in paragraph 1. That guidance shall be issued 12 months after the entry into force of this Regulation, at the latest."
Art62(3),paragraph,Art62,Art62/3,"For high-risk AI systems referred to in point 5(b) of Annex III which are placed on the market or put into service by providers that are credit institutions regulated by Directive 2013/36/EU and for high-risk AI systems which are safety components of devices, or are themselves devices, covered by Regulation (EU) 2017/745 and Regulation (EU) 2017/746, the notification of serious incidents or malfunctioning shall be limited to those that that constitute a breach of obligations under Union law intended to protect fundamental rights. Chapter 3 Enforcement",52021PC0206,,"For high-risk AI systems referred to in point 5(b) of Annex III which are placed on the market or put into service by providers that are credit institutions regulated by Directive 2013/36/EU and for high-risk AI systems which are safety components of devices, or are themselves devices, covered by Regulation (EU) 2017/745 and Regulation (EU) 2017/746, the notification of serious incidents or malfunctioning shall be limited to those that that constitute a breach of obligations under Union law intended to protect fundamental rights. Chapter 3 Enforcement"
Art63,article,Art63,Art63,,52021PC0206,Market surveillance and control of AI systems in the Union market,"Regulation (EU) 2019/1020 shall apply to AI systems covered by this Regulation. However, for the purpose of the effective enforcement of this Regulation: any reference to an economic operator under Regulation (EU) 2019/1020 shall be understood as including all operators identified in Title III, Chapter 3 of this Regulation; any reference to a product under Regulation (EU) 2019/1020 shall be understood as including all AI systems falling within the scope of this Regulation. The national supervisory authority shall report to the Commission on a regular basis the outcomes of relevant market surveillance activities. The national supervisory authority shall report, without delay, to the Commission and relevant national competition authorities any information identified in the course of market surveillance activities that may be of potential interest for the application of Union law on competition rules. For high-risk AI systems, related to products to which legal acts listed in Annex II, section A apply, the market surveillance authority for the purposes of this Regulation shall be the authority responsible for market surveillance activities designated under those legal acts. For AI systems placed on the market, put into service or used by financial institutions regulated by Union legislation on financial services, the market surveillance authority for the purposes of this Regulation shall be the relevant authority responsible for the financial supervision of those institutions under that legislation. For AI systems listed in point 1(a) in so far as the systems are used for law enforcement purposes, points 6 and 7 of Annex III, Member States shall designate as market surveillance authorities for the purposes of this Regulation either the competent data protection supervisory authorities under Directive (EU) 2016/680, or Regulation 2016/679 or the national competent authorities supervising the activities of the law enforcement, immigration or asylum authorities putting into service or using those systems. Where Union institutions, agencies and bodies fall within the scope of this Regulation, the European Data Protection Supervisor shall act as their market surveillance authority. Member States shall facilitate the coordination between market surveillance authorities designated under this Regulation and other relevant national authorities or bodies which supervise the application of Union harmonisation legislation listed in Annex II or other Union legislation that might be relevant for the high-risk AI systems referred to in Annex III."
Art63(1),paragraph,Art63,Art63/1,"Regulation (EU) 2019/1020 shall apply to AI systems covered by this Regulation. However, for the purpose of the effective enforcement of this Regulation:",52021PC0206,,"Regulation (EU) 2019/1020 shall apply to AI systems covered by this Regulation. However, for the purpose of the effective enforcement of this Regulation: any reference to an economic operator under Regulation (EU) 2019/1020 shall be understood as including all operators identified in Title III, Chapter 3 of this Regulation; any reference to a product under Regulation (EU) 2019/1020 shall be understood as including all AI systems falling within the scope of this Regulation."
Art63(1)(a),point,Art63,Art63/1/a,"any reference to an economic operator under Regulation (EU) 2019/1020 shall be understood as including all operators identified in Title III, Chapter 3 of this Regulation;",52021PC0206,,"any reference to an economic operator under Regulation (EU) 2019/1020 shall be understood as including all operators identified in Title III, Chapter 3 of this Regulation;"
Art63(1)(b),point,Art63,Art63/1/b,any reference to a product under Regulation (EU) 2019/1020 shall be understood as including all AI systems falling within the scope of this Regulation.,52021PC0206,,any reference to a product under Regulation (EU) 2019/1020 shall be understood as including all AI systems falling within the scope of this Regulation.
Art63(2),paragraph,Art63,Art63/2,"The national supervisory authority shall report to the Commission on a regular basis the outcomes of relevant market surveillance activities. The national supervisory authority shall report, without delay, to the Commission and relevant national competition authorities any information identified in the course of market surveillance activities that may be of potential interest for the application of Union law on competition rules.",52021PC0206,,"The national supervisory authority shall report to the Commission on a regular basis the outcomes of relevant market surveillance activities. The national supervisory authority shall report, without delay, to the Commission and relevant national competition authorities any information identified in the course of market surveillance activities that may be of potential interest for the application of Union law on competition rules."
Art63(3),paragraph,Art63,Art63/3,"For high-risk AI systems, related to products to which legal acts listed in Annex II, section A apply, the market surveillance authority for the purposes of this Regulation shall be the authority responsible for market surveillance activities designated under those legal acts.",52021PC0206,,"For high-risk AI systems, related to products to which legal acts listed in Annex II, section A apply, the market surveillance authority for the purposes of this Regulation shall be the authority responsible for market surveillance activities designated under those legal acts."
Art63(4),paragraph,Art63,Art63/4,"For AI systems placed on the market, put into service or used by financial institutions regulated by Union legislation on financial services, the market surveillance authority for the purposes of this Regulation shall be the relevant authority responsible for the financial supervision of those institutions under that legislation.",52021PC0206,,"For AI systems placed on the market, put into service or used by financial institutions regulated by Union legislation on financial services, the market surveillance authority for the purposes of this Regulation shall be the relevant authority responsible for the financial supervision of those institutions under that legislation."
Art63(5),paragraph,Art63,Art63/5,"For AI systems listed in point 1(a) in so far as the systems are used for law enforcement purposes, points 6 and 7 of Annex III, Member States shall designate as market surveillance authorities for the purposes of this Regulation either the competent data protection supervisory authorities under Directive (EU) 2016/680, or Regulation 2016/679 or the national competent authorities supervising the activities of the law enforcement, immigration or asylum authorities putting into service or using those systems.",52021PC0206,,"For AI systems listed in point 1(a) in so far as the systems are used for law enforcement purposes, points 6 and 7 of Annex III, Member States shall designate as market surveillance authorities for the purposes of this Regulation either the competent data protection supervisory authorities under Directive (EU) 2016/680, or Regulation 2016/679 or the national competent authorities supervising the activities of the law enforcement, immigration or asylum authorities putting into service or using those systems."
Art63(6),paragraph,Art63,Art63/6,"Where Union institutions, agencies and bodies fall within the scope of this Regulation, the European Data Protection Supervisor shall act as their market surveillance authority.",52021PC0206,,"Where Union institutions, agencies and bodies fall within the scope of this Regulation, the European Data Protection Supervisor shall act as their market surveillance authority."
Art63(7),paragraph,Art63,Art63/7,Member States shall facilitate the coordination between market surveillance authorities designated under this Regulation and other relevant national authorities or bodies which supervise the application of Union harmonisation legislation listed in Annex II or other Union legislation that might be relevant for the high-risk AI systems referred to in Annex III.,52021PC0206,,Member States shall facilitate the coordination between market surveillance authorities designated under this Regulation and other relevant national authorities or bodies which supervise the application of Union harmonisation legislation listed in Annex II or other Union legislation that might be relevant for the high-risk AI systems referred to in Annex III.
Art64,article,Art64,Art64,,52021PC0206,Access to data and documentation,"Access to data and documentation in the context of their activities, the market surveillance authorities shall be granted full access to the training, validation and testing datasets used by the provider, including through application programming interfaces (‘API’) or other appropriate technical means and tools enabling remote access. Where necessary to assess the conformity of the high-risk AI system with the requirements set out in Title III, Chapter 2 and upon a reasoned request, the market surveillance authorities shall be granted access to the source code of the AI system. National public authorities or bodies which supervise or enforce the respect of obligations under Union law protecting fundamental rights in relation to the use of high-risk AI systems referred to in Annex III shall have the power to request and access any documentation created or maintained under this Regulation when access to that documentation is necessary for the fulfilment of the competences under their mandate within the limits of their jurisdiction. The relevant public authority or body shall inform the market surveillance authority of the Member State concerned of any such request. By 3 months after the entering into force of this Regulation, each Member State shall identify the public authorities or bodies referred to in paragraph 3 and make a list publicly available on the website of the national supervisory authority. Member States shall notify the list to the Commission and all other Member States and keep the list up to date. Where the documentation referred to in paragraph 3 is insufficient to ascertain whether a breach of obligations under Union law intended to protect fundamental rights has occurred, the public authority or body referred to paragraph 3 may make a reasoned request to the market surveillance authority to organise testing of the high-risk AI system through technical means. The market surveillance authority shall organise the testing with the close involvement of the requesting public authority or body within reasonable time following the request. Any information and documentation obtained by the national public authorities or bodies referred to in paragraph 3 pursuant to the provisions of this Article shall be treated in compliance with the confidentiality obligations set out in Article 70."
Art64(1),paragraph,Art64,Art64/1,"Access to data and documentation in the context of their activities, the market surveillance authorities shall be granted full access to the training, validation and testing datasets used by the provider, including through application programming interfaces (‘API’) or other appropriate technical means and tools enabling remote access.",52021PC0206,,"Access to data and documentation in the context of their activities, the market surveillance authorities shall be granted full access to the training, validation and testing datasets used by the provider, including through application programming interfaces (‘API’) or other appropriate technical means and tools enabling remote access."
Art64(2),paragraph,Art64,Art64/2,"Where necessary to assess the conformity of the high-risk AI system with the requirements set out in Title III, Chapter 2 and upon a reasoned request, the market surveillance authorities shall be granted access to the source code of the AI system.",52021PC0206,,"Where necessary to assess the conformity of the high-risk AI system with the requirements set out in Title III, Chapter 2 and upon a reasoned request, the market surveillance authorities shall be granted access to the source code of the AI system."
Art64(3),paragraph,Art64,Art64/3,National public authorities or bodies which supervise or enforce the respect of obligations under Union law protecting fundamental rights in relation to the use of high-risk AI systems referred to in Annex III shall have the power to request and access any documentation created or maintained under this Regulation when access to that documentation is necessary for the fulfilment of the competences under their mandate within the limits of their jurisdiction. The relevant public authority or body shall inform the market surveillance authority of the Member State concerned of any such request.,52021PC0206,,National public authorities or bodies which supervise or enforce the respect of obligations under Union law protecting fundamental rights in relation to the use of high-risk AI systems referred to in Annex III shall have the power to request and access any documentation created or maintained under this Regulation when access to that documentation is necessary for the fulfilment of the competences under their mandate within the limits of their jurisdiction. The relevant public authority or body shall inform the market surveillance authority of the Member State concerned of any such request.
Art64(4),paragraph,Art64,Art64/4,"By 3 months after the entering into force of this Regulation, each Member State shall identify the public authorities or bodies referred to in paragraph 3 and make a list publicly available on the website of the national supervisory authority. Member States shall notify the list to the Commission and all other Member States and keep the list up to date.",52021PC0206,,"By 3 months after the entering into force of this Regulation, each Member State shall identify the public authorities or bodies referred to in paragraph 3 and make a list publicly available on the website of the national supervisory authority. Member States shall notify the list to the Commission and all other Member States and keep the list up to date."
Art64(5),paragraph,Art64,Art64/5,"Where the documentation referred to in paragraph 3 is insufficient to ascertain whether a breach of obligations under Union law intended to protect fundamental rights has occurred, the public authority or body referred to paragraph 3 may make a reasoned request to the market surveillance authority to organise testing of the high-risk AI system through technical means. The market surveillance authority shall organise the testing with the close involvement of the requesting public authority or body within reasonable time following the request.",52021PC0206,,"Where the documentation referred to in paragraph 3 is insufficient to ascertain whether a breach of obligations under Union law intended to protect fundamental rights has occurred, the public authority or body referred to paragraph 3 may make a reasoned request to the market surveillance authority to organise testing of the high-risk AI system through technical means. The market surveillance authority shall organise the testing with the close involvement of the requesting public authority or body within reasonable time following the request."
Art64(6),paragraph,Art64,Art64/6,Any information and documentation obtained by the national public authorities or bodies referred to in paragraph 3 pursuant to the provisions of this Article shall be treated in compliance with the confidentiality obligations set out in Article 70.,52021PC0206,,Any information and documentation obtained by the national public authorities or bodies referred to in paragraph 3 pursuant to the provisions of this Article shall be treated in compliance with the confidentiality obligations set out in Article 70.
Art65,article,Art65,Art65,,52021PC0206,Procedure for dealing with AI systems presenting a risk at national level,"AI systems presenting a risk shall be understood as a product presenting a risk defined in Article 3, point 19 of Regulation (EU) 2019/1020 insofar as risks to the health or safety or to the protection of fundamental rights of persons are concerned. Where the market surveillance authority of a Member State has sufficient reasons to consider that an AI system presents a risk as referred to in paragraph 1, they shall carry out an evaluation of the AI system concerned in respect of its compliance with all the requirements and obligations laid down in this Regulation. When risks to the protection of fundamental rights are present, the market surveillance authority shall also inform the relevant national public authorities or bodies referred to in Article 64(3). The relevant operators shall cooperate as necessary with the market surveillance authorities and the other national public authorities or bodies referred to in Article 64(3). Where, in the course of that evaluation, the market surveillance authority finds that the AI system does not comply with the requirements and obligations laid down in this Regulation, it shall without delay require the relevant operator to take all appropriate corrective actions to bring the AI system into compliance, to withdraw the AI system from the market, or to recall it within a reasonable period, commensurate with the nature of the risk, as it may prescribe. The market surveillance authority shall inform the relevant notified body accordingly. Article 18 of Regulation (EU) 2019/1020 shall apply to the measures referred to in the second subparagraph. Where the market surveillance authority considers that non-compliance is not restricted to its national territory, it shall inform the Commission and the other Member States of the results of the evaluation and of the actions which it has required the operator to take. The operator shall ensure that all appropriate corrective action is taken in respect of all the AI systems concerned that it has made available on the market throughout the Union. Where the operator of an AI system does not take adequate corrective action within the period referred to in paragraph 2, the market surveillance authority shall take all appropriate provisional measures to prohibit or restrict the AI system's being made available on its national market, to withdraw the product from that market or to recall it. That authority shall inform the Commission and the other Member States, without delay, of those measures. The information referred to in paragraph 5 shall include all available details, in particular the data necessary for the identification of the non-compliant AI system, the origin of the AI system, the nature of the non-compliance alleged and the risk involved, the nature and duration of the national measures taken and the arguments put forward by the relevant operator. In particular, the market surveillance authorities shall indicate whether the non-compliance is due to one or more of the following: a failure of the AI system to meet requirements set out in Title III, Chapter 2; shortcomings in the harmonised standards or common specifications referred to in Articles 40 and 41 conferring a presumption of conformity. The market surveillance authorities of the Member States other than the market surveillance authority of the Member State initiating the procedure shall without delay inform the Commission and the other Member States of any measures adopted and of any additional information at their disposal relating to the non-compliance of the AI system concerned, and, in the event of disagreement with the notified national measure, of their objections. Where, within three months of receipt of the information referred to in paragraph 5, no objection has been raised by either a Member State or the Commission in respect of a provisional measure taken by a Member State, that measure shall be deemed justified. This is without prejudice to the procedural rights of the concerned operator in accordance with Article 18 of Regulation (EU) 2019/1020. The market surveillance authorities of all Member States shall ensure that appropriate restrictive measures are taken in respect of the product concerned, such as withdrawal of the product from their market, without delay."
Art65(1),paragraph,Art65,Art65/1,"AI systems presenting a risk shall be understood as a product presenting a risk defined in Article 3, point 19 of Regulation (EU) 2019/1020 insofar as risks to the health or safety or to the protection of fundamental rights of persons are concerned.",52021PC0206,,"AI systems presenting a risk shall be understood as a product presenting a risk defined in Article 3, point 19 of Regulation (EU) 2019/1020 insofar as risks to the health or safety or to the protection of fundamental rights of persons are concerned."
Art65(2),paragraph,Art65,Art65/2,"Where the market surveillance authority of a Member State has sufficient reasons to consider that an AI system presents a risk as referred to in paragraph 1, they shall carry out an evaluation of the AI system concerned in respect of its compliance with all the requirements and obligations laid down in this Regulation. When risks to the protection of fundamental rights are present, the market surveillance authority shall also inform the relevant national public authorities or bodies referred to in Article 64(3). The relevant operators shall cooperate as necessary with the market surveillance authorities and the other national public authorities or bodies referred to in Article 64(3). Where, in the course of that evaluation, the market surveillance authority finds that the AI system does not comply with the requirements and obligations laid down in this Regulation, it shall without delay require the relevant operator to take all appropriate corrective actions to bring the AI system into compliance, to withdraw the AI system from the market, or to recall it within a reasonable period, commensurate with the nature of the risk, as it may prescribe. The market surveillance authority shall inform the relevant notified body accordingly. Article 18 of Regulation (EU) 2019/1020 shall apply to the measures referred to in the second subparagraph.",52021PC0206,,"Where the market surveillance authority of a Member State has sufficient reasons to consider that an AI system presents a risk as referred to in paragraph 1, they shall carry out an evaluation of the AI system concerned in respect of its compliance with all the requirements and obligations laid down in this Regulation. When risks to the protection of fundamental rights are present, the market surveillance authority shall also inform the relevant national public authorities or bodies referred to in Article 64(3). The relevant operators shall cooperate as necessary with the market surveillance authorities and the other national public authorities or bodies referred to in Article 64(3). Where, in the course of that evaluation, the market surveillance authority finds that the AI system does not comply with the requirements and obligations laid down in this Regulation, it shall without delay require the relevant operator to take all appropriate corrective actions to bring the AI system into compliance, to withdraw the AI system from the market, or to recall it within a reasonable period, commensurate with the nature of the risk, as it may prescribe. The market surveillance authority shall inform the relevant notified body accordingly. Article 18 of Regulation (EU) 2019/1020 shall apply to the measures referred to in the second subparagraph."
Art65(3),paragraph,Art65,Art65/3,"Where the market surveillance authority considers that non-compliance is not restricted to its national territory, it shall inform the Commission and the other Member States of the results of the evaluation and of the actions which it has required the operator to take.",52021PC0206,,"Where the market surveillance authority considers that non-compliance is not restricted to its national territory, it shall inform the Commission and the other Member States of the results of the evaluation and of the actions which it has required the operator to take."
Art65(4),paragraph,Art65,Art65/4,The operator shall ensure that all appropriate corrective action is taken in respect of all the AI systems concerned that it has made available on the market throughout the Union.,52021PC0206,,The operator shall ensure that all appropriate corrective action is taken in respect of all the AI systems concerned that it has made available on the market throughout the Union.
Art65(5),paragraph,Art65,Art65/5,"Where the operator of an AI system does not take adequate corrective action within the period referred to in paragraph 2, the market surveillance authority shall take all appropriate provisional measures to prohibit or restrict the AI system's being made available on its national market, to withdraw the product from that market or to recall it. That authority shall inform the Commission and the other Member States, without delay, of those measures.",52021PC0206,,"Where the operator of an AI system does not take adequate corrective action within the period referred to in paragraph 2, the market surveillance authority shall take all appropriate provisional measures to prohibit or restrict the AI system's being made available on its national market, to withdraw the product from that market or to recall it. That authority shall inform the Commission and the other Member States, without delay, of those measures."
Art65(6),paragraph,Art65,Art65/6,"The information referred to in paragraph 5 shall include all available details, in particular the data necessary for the identification of the non-compliant AI system, the origin of the AI system, the nature of the non-compliance alleged and the risk involved, the nature and duration of the national measures taken and the arguments put forward by the relevant operator. In particular, the market surveillance authorities shall indicate whether the non-compliance is due to one or more of the following:",52021PC0206,,"The information referred to in paragraph 5 shall include all available details, in particular the data necessary for the identification of the non-compliant AI system, the origin of the AI system, the nature of the non-compliance alleged and the risk involved, the nature and duration of the national measures taken and the arguments put forward by the relevant operator. In particular, the market surveillance authorities shall indicate whether the non-compliance is due to one or more of the following: a failure of the AI system to meet requirements set out in Title III, Chapter 2; shortcomings in the harmonised standards or common specifications referred to in Articles 40 and 41 conferring a presumption of conformity."
Art65(6)(a),point,Art65,Art65/6/a,"a failure of the AI system to meet requirements set out in Title III, Chapter 2;",52021PC0206,,"a failure of the AI system to meet requirements set out in Title III, Chapter 2;"
Art65(6)(b),point,Art65,Art65/6/b,shortcomings in the harmonised standards or common specifications referred to in Articles 40 and 41 conferring a presumption of conformity.,52021PC0206,,shortcomings in the harmonised standards or common specifications referred to in Articles 40 and 41 conferring a presumption of conformity.
Art65(7),paragraph,Art65,Art65/7,"The market surveillance authorities of the Member States other than the market surveillance authority of the Member State initiating the procedure shall without delay inform the Commission and the other Member States of any measures adopted and of any additional information at their disposal relating to the non-compliance of the AI system concerned, and, in the event of disagreement with the notified national measure, of their objections.",52021PC0206,,"The market surveillance authorities of the Member States other than the market surveillance authority of the Member State initiating the procedure shall without delay inform the Commission and the other Member States of any measures adopted and of any additional information at their disposal relating to the non-compliance of the AI system concerned, and, in the event of disagreement with the notified national measure, of their objections."
Art65(8),paragraph,Art65,Art65/8,"Where, within three months of receipt of the information referred to in paragraph 5, no objection has been raised by either a Member State or the Commission in respect of a provisional measure taken by a Member State, that measure shall be deemed justified. This is without prejudice to the procedural rights of the concerned operator in accordance with Article 18 of Regulation (EU) 2019/1020.",52021PC0206,,"Where, within three months of receipt of the information referred to in paragraph 5, no objection has been raised by either a Member State or the Commission in respect of a provisional measure taken by a Member State, that measure shall be deemed justified. This is without prejudice to the procedural rights of the concerned operator in accordance with Article 18 of Regulation (EU) 2019/1020."
Art65(9),paragraph,Art65,Art65/9,"The market surveillance authorities of all Member States shall ensure that appropriate restrictive measures are taken in respect of the product concerned, such as withdrawal of the product from their market, without delay.",52021PC0206,,"The market surveillance authorities of all Member States shall ensure that appropriate restrictive measures are taken in respect of the product concerned, such as withdrawal of the product from their market, without delay."
Art66,article,Art66,Art66,,52021PC0206,Union safeguard procedure,"Where, within three months of receipt of the notification referred to in Article 65(5), objections are raised by a Member State against a measure taken by another Member State, or where the Commission considers the measure to be contrary to Union law, the Commission shall without delay enter into consultation with the relevant Member State and operator or operators and shall evaluate the national measure. On the basis of the results of that evaluation, the Commission shall decide whether the national measure is justified or not within 9 months from the notification referred to in Article 65(5) and notify such decision to the Member State concerned. If the national measure is considered justified, all Member States shall take the measures necessary to ensure that the non-compliant AI system is withdrawn from their market, and shall inform the Commission accordingly. If the national measure is considered unjustified, the Member State concerned shall withdraw the measure. Where the national measure is considered justified and the non-compliance of the AI system is attributed to shortcomings in the harmonised standards or common specifications referred to in Articles 40 and 41 of this Regulation, the Commission shall apply the procedure provided for in Article 11 of Regulation (EU) No 1025/2012."
Art66(1),paragraph,Art66,Art66/1,"Where, within three months of receipt of the notification referred to in Article 65(5), objections are raised by a Member State against a measure taken by another Member State, or where the Commission considers the measure to be contrary to Union law, the Commission shall without delay enter into consultation with the relevant Member State and operator or operators and shall evaluate the national measure. On the basis of the results of that evaluation, the Commission shall decide whether the national measure is justified or not within 9 months from the notification referred to in Article 65(5) and notify such decision to the Member State concerned.",52021PC0206,,"Where, within three months of receipt of the notification referred to in Article 65(5), objections are raised by a Member State against a measure taken by another Member State, or where the Commission considers the measure to be contrary to Union law, the Commission shall without delay enter into consultation with the relevant Member State and operator or operators and shall evaluate the national measure. On the basis of the results of that evaluation, the Commission shall decide whether the national measure is justified or not within 9 months from the notification referred to in Article 65(5) and notify such decision to the Member State concerned."
Art66(2),paragraph,Art66,Art66/2,"If the national measure is considered justified, all Member States shall take the measures necessary to ensure that the non-compliant AI system is withdrawn from their market, and shall inform the Commission accordingly. If the national measure is considered unjustified, the Member State concerned shall withdraw the measure.",52021PC0206,,"If the national measure is considered justified, all Member States shall take the measures necessary to ensure that the non-compliant AI system is withdrawn from their market, and shall inform the Commission accordingly. If the national measure is considered unjustified, the Member State concerned shall withdraw the measure."
Art66(3),paragraph,Art66,Art66/3,"Where the national measure is considered justified and the non-compliance of the AI system is attributed to shortcomings in the harmonised standards or common specifications referred to in Articles 40 and 41 of this Regulation, the Commission shall apply the procedure provided for in Article 11 of Regulation (EU) No 1025/2012.",52021PC0206,,"Where the national measure is considered justified and the non-compliance of the AI system is attributed to shortcomings in the harmonised standards or common specifications referred to in Articles 40 and 41 of this Regulation, the Commission shall apply the procedure provided for in Article 11 of Regulation (EU) No 1025/2012."
Art67,article,Art67,Art67,,52021PC0206,Compliant AI systems which present a risk,"Where, having performed an evaluation under Article 65, the market surveillance authority of a Member State finds that although an AI system is in compliance with this Regulation, it presents a risk to the health or safety of persons, to the compliance with obligations under Union or national law intended to protect fundamental rights or to other aspects of public interest protection, it shall require the relevant operator to take all appropriate measures to ensure that the AI system concerned, when placed on the market or put into service, no longer presents that risk, to withdraw the AI system from the market or to recall it within a reasonable period, commensurate with the nature of the risk, as it may prescribe. The provider or other relevant operators shall ensure that corrective action is taken in respect of all the AI systems concerned that they have made available on the market throughout the Union within the timeline prescribed by the market surveillance authority of the Member State referred to in paragraph 1. The Member State shall immediately inform the Commission and the other Member States. That information shall include all available details, in particular the data necessary for the identification of the AI system concerned, the origin and the supply chain of the AI system, the nature of the risk involved and the nature and duration of the national measures taken. The Commission shall without delay enter into consultation with the Member States and the relevant operator and shall evaluate the national measures taken. On the basis of the results of that evaluation, the Commission shall decide whether the measure is justified or not and, where necessary, propose appropriate measures. The Commission shall address its decision to the Member States."
Art67(1),paragraph,Art67,Art67/1,"Where, having performed an evaluation under Article 65, the market surveillance authority of a Member State finds that although an AI system is in compliance with this Regulation, it presents a risk to the health or safety of persons, to the compliance with obligations under Union or national law intended to protect fundamental rights or to other aspects of public interest protection, it shall require the relevant operator to take all appropriate measures to ensure that the AI system concerned, when placed on the market or put into service, no longer presents that risk, to withdraw the AI system from the market or to recall it within a reasonable period, commensurate with the nature of the risk, as it may prescribe.",52021PC0206,,"Where, having performed an evaluation under Article 65, the market surveillance authority of a Member State finds that although an AI system is in compliance with this Regulation, it presents a risk to the health or safety of persons, to the compliance with obligations under Union or national law intended to protect fundamental rights or to other aspects of public interest protection, it shall require the relevant operator to take all appropriate measures to ensure that the AI system concerned, when placed on the market or put into service, no longer presents that risk, to withdraw the AI system from the market or to recall it within a reasonable period, commensurate with the nature of the risk, as it may prescribe."
Art67(2),paragraph,Art67,Art67/2,The provider or other relevant operators shall ensure that corrective action is taken in respect of all the AI systems concerned that they have made available on the market throughout the Union within the timeline prescribed by the market surveillance authority of the Member State referred to in paragraph 1.,52021PC0206,,The provider or other relevant operators shall ensure that corrective action is taken in respect of all the AI systems concerned that they have made available on the market throughout the Union within the timeline prescribed by the market surveillance authority of the Member State referred to in paragraph 1.
Art67(3),paragraph,Art67,Art67/3,"The Member State shall immediately inform the Commission and the other Member States. That information shall include all available details, in particular the data necessary for the identification of the AI system concerned, the origin and the supply chain of the AI system, the nature of the risk involved and the nature and duration of the national measures taken.",52021PC0206,,"The Member State shall immediately inform the Commission and the other Member States. That information shall include all available details, in particular the data necessary for the identification of the AI system concerned, the origin and the supply chain of the AI system, the nature of the risk involved and the nature and duration of the national measures taken."
Art67(4),paragraph,Art67,Art67/4,"The Commission shall without delay enter into consultation with the Member States and the relevant operator and shall evaluate the national measures taken. On the basis of the results of that evaluation, the Commission shall decide whether the measure is justified or not and, where necessary, propose appropriate measures.",52021PC0206,,"The Commission shall without delay enter into consultation with the Member States and the relevant operator and shall evaluate the national measures taken. On the basis of the results of that evaluation, the Commission shall decide whether the measure is justified or not and, where necessary, propose appropriate measures."
Art67(5),paragraph,Art67,Art67/5,The Commission shall address its decision to the Member States.,52021PC0206,,The Commission shall address its decision to the Member States.
Art68,article,Art68,Art68,,52021PC0206,Formal non-compliance,"Where the market surveillance authority of a Member State makes one of the following findings, it shall require the relevant provider to put an end to the non-compliance concerned: the conformity marking has been affixed in violation of Article 49; the conformity marking has not been affixed; the EU declaration of conformity has not been drawn up; the EU declaration of conformity has not been drawn up correctly; the identification number of the notified body, which is involved in the conformity assessment procedure, where applicable, has not been affixed; Where the non-compliance referred to in paragraph 1 persists, the Member State concerned shall take all appropriate measures to restrict or prohibit the high-risk AI system being made available on the market or ensure that it is recalled or withdrawn from the market."
Art68(1),paragraph,Art68,Art68/1,"Where the market surveillance authority of a Member State makes one of the following findings, it shall require the relevant provider to put an end to the non-compliance concerned:",52021PC0206,,"Where the market surveillance authority of a Member State makes one of the following findings, it shall require the relevant provider to put an end to the non-compliance concerned: the conformity marking has been affixed in violation of Article 49; the conformity marking has not been affixed; the EU declaration of conformity has not been drawn up; the EU declaration of conformity has not been drawn up correctly; the identification number of the notified body, which is involved in the conformity assessment procedure, where applicable, has not been affixed;"
Art68(1)(a),point,Art68,Art68/1/a,the conformity marking has been affixed in violation of Article 49;,52021PC0206,,the conformity marking has been affixed in violation of Article 49;
Art68(1)(b),point,Art68,Art68/1/b,the conformity marking has not been affixed;,52021PC0206,,the conformity marking has not been affixed;
Art68(1)(c),point,Art68,Art68/1/c,the EU declaration of conformity has not been drawn up;,52021PC0206,,the EU declaration of conformity has not been drawn up;
Art68(1)(d),point,Art68,Art68/1/d,the EU declaration of conformity has not been drawn up correctly;,52021PC0206,,the EU declaration of conformity has not been drawn up correctly;
Art68(1)(e),point,Art68,Art68/1/e,"the identification number of the notified body, which is involved in the conformity assessment procedure, where applicable, has not been affixed;",52021PC0206,,"the identification number of the notified body, which is involved in the conformity assessment procedure, where applicable, has not been affixed;"
Art68(2),paragraph,Art68,Art68/2,"Where the non-compliance referred to in paragraph 1 persists, the Member State concerned shall take all appropriate measures to restrict or prohibit the high-risk AI system being made available on the market or ensure that it is recalled or withdrawn from the market.",52021PC0206,,"Where the non-compliance referred to in paragraph 1 persists, the Member State concerned shall take all appropriate measures to restrict or prohibit the high-risk AI system being made available on the market or ensure that it is recalled or withdrawn from the market."
Art69,article,Art69,Art69,,52021PC0206,Codes of conduct,"The Commission and the Member States shall encourage and facilitate the drawing up of codes of conduct intended to foster the voluntary application to AI systems other than high-risk AI systems of the requirements set out in Title III, Chapter 2 on the basis of technical specifications and solutions that are appropriate means of ensuring compliance with such requirements in light of the intended purpose of the systems. The Commission and the Board shall encourage and facilitate the drawing up of codes of conduct intended to foster the voluntary application to AI systems of requirements related for example to environmental sustainability, accessibility for persons with a disability, stakeholders participation in the design and development of the AI systems and diversity of development teams on the basis of clear objectives and key performance indicators to measure the achievement of those objectives. Codes of conduct may be drawn up by individual providers of AI systems or by organisations representing them or by both, including with the involvement of users and any interested stakeholders and their representative organisations. Codes of conduct may cover one or more AI systems taking into account the similarity of the intended purpose of the relevant systems. The Commission and the Board shall take into account the specific interests and needs of the small-scale providers and start-ups when encouraging and facilitating the drawing up of codes of conduct."
Art69(1),paragraph,Art69,Art69/1,"The Commission and the Member States shall encourage and facilitate the drawing up of codes of conduct intended to foster the voluntary application to AI systems other than high-risk AI systems of the requirements set out in Title III, Chapter 2 on the basis of technical specifications and solutions that are appropriate means of ensuring compliance with such requirements in light of the intended purpose of the systems.",52021PC0206,,"The Commission and the Member States shall encourage and facilitate the drawing up of codes of conduct intended to foster the voluntary application to AI systems other than high-risk AI systems of the requirements set out in Title III, Chapter 2 on the basis of technical specifications and solutions that are appropriate means of ensuring compliance with such requirements in light of the intended purpose of the systems."
Art69(2),paragraph,Art69,Art69/2,"The Commission and the Board shall encourage and facilitate the drawing up of codes of conduct intended to foster the voluntary application to AI systems of requirements related for example to environmental sustainability, accessibility for persons with a disability, stakeholders participation in the design and development of the AI systems and diversity of development teams on the basis of clear objectives and key performance indicators to measure the achievement of those objectives.",52021PC0206,,"The Commission and the Board shall encourage and facilitate the drawing up of codes of conduct intended to foster the voluntary application to AI systems of requirements related for example to environmental sustainability, accessibility for persons with a disability, stakeholders participation in the design and development of the AI systems and diversity of development teams on the basis of clear objectives and key performance indicators to measure the achievement of those objectives."
Art69(3),paragraph,Art69,Art69/3,"Codes of conduct may be drawn up by individual providers of AI systems or by organisations representing them or by both, including with the involvement of users and any interested stakeholders and their representative organisations. Codes of conduct may cover one or more AI systems taking into account the similarity of the intended purpose of the relevant systems.",52021PC0206,,"Codes of conduct may be drawn up by individual providers of AI systems or by organisations representing them or by both, including with the involvement of users and any interested stakeholders and their representative organisations. Codes of conduct may cover one or more AI systems taking into account the similarity of the intended purpose of the relevant systems."
Art69(4),paragraph,Art69,Art69/4,The Commission and the Board shall take into account the specific interests and needs of the small-scale providers and start-ups when encouraging and facilitating the drawing up of codes of conduct.,52021PC0206,,The Commission and the Board shall take into account the specific interests and needs of the small-scale providers and start-ups when encouraging and facilitating the drawing up of codes of conduct.
Art70,article,Art70,Art70,,52021PC0206,Confidentiality,"National competent authorities and notified bodies involved in the application of this Regulation shall respect the confidentiality of information and data obtained in carrying out their tasks and activities in such a manner as to protect, in particular: intellectual property rights, and confidential business information or trade secrets of a natural or legal person, including source code, except the cases referred to in Article 5 of Directive 2016/943 on the protection of undisclosed know-how and business information (trade secrets) against their unlawful acquisition, use and disclosure apply. the effective implementation of this Regulation, in particular for the purpose of inspections, investigations or audits;(c) public and national security interests; integrity of criminal or administrative proceedings. Without prejudice to paragraph 1, information exchanged on a confidential basis between the national competent authorities and between national competent authorities and the Commission shall not be disclosed without the prior consultation of the originating national competent authority and the user when high-risk AI systems referred to in points 1, 6 and 7 of Annex III are used by law enforcement, immigration or asylum authorities, when such disclosure would jeopardise public and national security interests. When the law enforcement, immigration or asylum authorities are providers of high-risk AI systems referred to in points 1, 6 and 7 of Annex III, the technical documentation referred to in Annex IV shall remain within the premises of those authorities. Those authorities shall ensure that the market surveillance authorities referred to in Article 63(5) and (6), as applicable, can, upon request, immediately access the documentation or obtain a copy thereof. Only staff of the market surveillance authority holding the appropriate level of security clearance shall be allowed to access that documentation or any copy thereof. Paragraphs 1 and 2 shall not affect the rights and obligations of the Commission, Member States and notified bodies with regard to the exchange of information and the dissemination of warnings, nor the obligations of the parties concerned to provide information under criminal law of the Member States. The Commission and Member States may exchange, where necessary, confidential information with regulatory authorities of third countries with which they have concluded bilateral or multilateral confidentiality arrangements guaranteeing an adequate level of confidentiality."
Art70(1),paragraph,Art70,Art70/1,"National competent authorities and notified bodies involved in the application of this Regulation shall respect the confidentiality of information and data obtained in carrying out their tasks and activities in such a manner as to protect, in particular:",52021PC0206,,"National competent authorities and notified bodies involved in the application of this Regulation shall respect the confidentiality of information and data obtained in carrying out their tasks and activities in such a manner as to protect, in particular: intellectual property rights, and confidential business information or trade secrets of a natural or legal person, including source code, except the cases referred to in Article 5 of Directive 2016/943 on the protection of undisclosed know-how and business information (trade secrets) against their unlawful acquisition, use and disclosure apply. the effective implementation of this Regulation, in particular for the purpose of inspections, investigations or audits;(c) public and national security interests; integrity of criminal or administrative proceedings."
Art70(1)(a),point,Art70,Art70/1/a,"intellectual property rights, and confidential business information or trade secrets of a natural or legal person, including source code, except the cases referred to in Article 5 of Directive 2016/943 on the protection of undisclosed know-how and business information (trade secrets) against their unlawful acquisition, use and disclosure apply.",52021PC0206,,"intellectual property rights, and confidential business information or trade secrets of a natural or legal person, including source code, except the cases referred to in Article 5 of Directive 2016/943 on the protection of undisclosed know-how and business information (trade secrets) against their unlawful acquisition, use and disclosure apply."
Art70(1)(b),point,Art70,Art70/1/b,"the effective implementation of this Regulation, in particular for the purpose of inspections, investigations or audits;(c) public and national security interests;",52021PC0206,,"the effective implementation of this Regulation, in particular for the purpose of inspections, investigations or audits;(c) public and national security interests;"
Art70(1)(c),point,Art70,Art70/1/c,integrity of criminal or administrative proceedings.,52021PC0206,,integrity of criminal or administrative proceedings.
Art70(2),paragraph,Art70,Art70/2,"Without prejudice to paragraph 1, information exchanged on a confidential basis between the national competent authorities and between national competent authorities and the Commission shall not be disclosed without the prior consultation of the originating national competent authority and the user when high-risk AI systems referred to in points 1, 6 and 7 of Annex III are used by law enforcement, immigration or asylum authorities, when such disclosure would jeopardise public and national security interests. When the law enforcement, immigration or asylum authorities are providers of high-risk AI systems referred to in points 1, 6 and 7 of Annex III, the technical documentation referred to in Annex IV shall remain within the premises of those authorities. Those authorities shall ensure that the market surveillance authorities referred to in Article 63(5) and (6), as applicable, can, upon request, immediately access the documentation or obtain a copy thereof. Only staff of the market surveillance authority holding the appropriate level of security clearance shall be allowed to access that documentation or any copy thereof.",52021PC0206,,"Without prejudice to paragraph 1, information exchanged on a confidential basis between the national competent authorities and between national competent authorities and the Commission shall not be disclosed without the prior consultation of the originating national competent authority and the user when high-risk AI systems referred to in points 1, 6 and 7 of Annex III are used by law enforcement, immigration or asylum authorities, when such disclosure would jeopardise public and national security interests. When the law enforcement, immigration or asylum authorities are providers of high-risk AI systems referred to in points 1, 6 and 7 of Annex III, the technical documentation referred to in Annex IV shall remain within the premises of those authorities. Those authorities shall ensure that the market surveillance authorities referred to in Article 63(5) and (6), as applicable, can, upon request, immediately access the documentation or obtain a copy thereof. Only staff of the market surveillance authority holding the appropriate level of security clearance shall be allowed to access that documentation or any copy thereof."
Art70(3),paragraph,Art70,Art70/3,"Paragraphs 1 and 2 shall not affect the rights and obligations of the Commission, Member States and notified bodies with regard to the exchange of information and the dissemination of warnings, nor the obligations of the parties concerned to provide information under criminal law of the Member States.",52021PC0206,,"Paragraphs 1 and 2 shall not affect the rights and obligations of the Commission, Member States and notified bodies with regard to the exchange of information and the dissemination of warnings, nor the obligations of the parties concerned to provide information under criminal law of the Member States."
Art70(4),paragraph,Art70,Art70/4,"The Commission and Member States may exchange, where necessary, confidential information with regulatory authorities of third countries with which they have concluded bilateral or multilateral confidentiality arrangements guaranteeing an adequate level of confidentiality.",52021PC0206,,"The Commission and Member States may exchange, where necessary, confidential information with regulatory authorities of third countries with which they have concluded bilateral or multilateral confidentiality arrangements guaranteeing an adequate level of confidentiality."
Art71,article,Art71,Art71,,52021PC0206,Penalties,"In compliance with the terms and conditions laid down in this Regulation, Member States shall lay down the rules on penalties, including administrative fines, applicable to infringements of this Regulation and shall take all measures necessary to ensure that they are properly and effectively implemented. The penalties provided for shall be effective, proportionate, and dissuasive. They shall take into particular account the interests of small-scale providers and start-up and their economic viability. The Member States shall notify the Commission of those rules and of those measures and shall notify it, without delay, of any subsequent amendment affecting them. The following infringements shall be subject to administrative fines of up to 30 000 000 EUR or, if the offender is company, up to 6 % of its total worldwide annual turnover for the preceding financial year, whichever is higher: non-compliance with the prohibition of the artificial intelligence practices referred to in Article 5; non-compliance of the AI system with the requirements laid down in Article 10. The non-compliance of the AI system with any requirements or obligations under this Regulation, other than those laid down in Articles 5 and 10, shall be subject to administrative fines of up to 20 000 000 EUR or, if the offender is a company, up to 4 % of its total worldwide annual turnover for the preceding financial year, whichever is higher. The supply of incorrect, incomplete or misleading information to notified bodies and national competent authorities in reply to a request shall be subject to administrative fines of up to 10 000 000 EUR or, if the offender is a company, up to 2 % of its total worldwide annual turnover for the preceding financial year, whichever is higher. When deciding on the amount of the administrative fine in each individual case, all relevant circumstances of the specific situation shall be taken into account and due regard shall be given to the following: the nature, gravity and duration of the infringement and of its consequences; whether administrative fines have been already applied by other market surveillance authorities to the same operator for the same infringement. the size and market share of the operator committing the infringement; Each Member State shall lay down rules on whether and to what extent administrative fines may be imposed on public authorities and bodies established in that Member State. Depending on the legal system of the Member States, the rules on administrative fines may be applied in such a manner that the fines are imposed by competent national courts of other bodies as applicable in those Member States. The application of such rules in those Member States shall have an equivalent effect."
Art71(1),paragraph,Art71,Art71/1,"In compliance with the terms and conditions laid down in this Regulation, Member States shall lay down the rules on penalties, including administrative fines, applicable to infringements of this Regulation and shall take all measures necessary to ensure that they are properly and effectively implemented. The penalties provided for shall be effective, proportionate, and dissuasive. They shall take into particular account the interests of small-scale providers and start-up and their economic viability.",52021PC0206,,"In compliance with the terms and conditions laid down in this Regulation, Member States shall lay down the rules on penalties, including administrative fines, applicable to infringements of this Regulation and shall take all measures necessary to ensure that they are properly and effectively implemented. The penalties provided for shall be effective, proportionate, and dissuasive. They shall take into particular account the interests of small-scale providers and start-up and their economic viability."
Art71(2),paragraph,Art71,Art71/2,"The Member States shall notify the Commission of those rules and of those measures and shall notify it, without delay, of any subsequent amendment affecting them.",52021PC0206,,"The Member States shall notify the Commission of those rules and of those measures and shall notify it, without delay, of any subsequent amendment affecting them."
Art71(3),paragraph,Art71,Art71/3,"The following infringements shall be subject to administrative fines of up to 30 000 000 EUR or, if the offender is company, up to 6 % of its total worldwide annual turnover for the preceding financial year, whichever is higher:",52021PC0206,,"The following infringements shall be subject to administrative fines of up to 30 000 000 EUR or, if the offender is company, up to 6 % of its total worldwide annual turnover for the preceding financial year, whichever is higher: non-compliance with the prohibition of the artificial intelligence practices referred to in Article 5; non-compliance of the AI system with the requirements laid down in Article 10."
Art71(3)(a),point,Art71,Art71/3/a,non-compliance with the prohibition of the artificial intelligence practices referred to in Article 5;,52021PC0206,,non-compliance with the prohibition of the artificial intelligence practices referred to in Article 5;
Art71(3)(b),point,Art71,Art71/3/b,non-compliance of the AI system with the requirements laid down in Article 10.,52021PC0206,,non-compliance of the AI system with the requirements laid down in Article 10.
Art71(4),paragraph,Art71,Art71/4,"The non-compliance of the AI system with any requirements or obligations under this Regulation, other than those laid down in Articles 5 and 10, shall be subject to administrative fines of up to 20 000 000 EUR or, if the offender is a company, up to 4 % of its total worldwide annual turnover for the preceding financial year, whichever is higher.",52021PC0206,,"The non-compliance of the AI system with any requirements or obligations under this Regulation, other than those laid down in Articles 5 and 10, shall be subject to administrative fines of up to 20 000 000 EUR or, if the offender is a company, up to 4 % of its total worldwide annual turnover for the preceding financial year, whichever is higher."
Art71(5),paragraph,Art71,Art71/5,"The supply of incorrect, incomplete or misleading information to notified bodies and national competent authorities in reply to a request shall be subject to administrative fines of up to 10 000 000 EUR or, if the offender is a company, up to 2 % of its total worldwide annual turnover for the preceding financial year, whichever is higher.",52021PC0206,,"The supply of incorrect, incomplete or misleading information to notified bodies and national competent authorities in reply to a request shall be subject to administrative fines of up to 10 000 000 EUR or, if the offender is a company, up to 2 % of its total worldwide annual turnover for the preceding financial year, whichever is higher."
Art71(6),paragraph,Art71,Art71/6,"When deciding on the amount of the administrative fine in each individual case, all relevant circumstances of the specific situation shall be taken into account and due regard shall be given to the following:",52021PC0206,,"When deciding on the amount of the administrative fine in each individual case, all relevant circumstances of the specific situation shall be taken into account and due regard shall be given to the following: the nature, gravity and duration of the infringement and of its consequences; whether administrative fines have been already applied by other market surveillance authorities to the same operator for the same infringement. the size and market share of the operator committing the infringement;"
Art71(6)(a),point,Art71,Art71/6/a,"the nature, gravity and duration of the infringement and of its consequences;",52021PC0206,,"the nature, gravity and duration of the infringement and of its consequences;"
Art71(6)(b),point,Art71,Art71/6/b,whether administrative fines have been already applied by other market surveillance authorities to the same operator for the same infringement.,52021PC0206,,whether administrative fines have been already applied by other market surveillance authorities to the same operator for the same infringement.
Art71(6)(c),point,Art71,Art71/6/c,the size and market share of the operator committing the infringement;,52021PC0206,,the size and market share of the operator committing the infringement;
Art71(7),paragraph,Art71,Art71/7,Each Member State shall lay down rules on whether and to what extent administrative fines may be imposed on public authorities and bodies established in that Member State.,52021PC0206,,Each Member State shall lay down rules on whether and to what extent administrative fines may be imposed on public authorities and bodies established in that Member State.
Art71(8),paragraph,Art71,Art71/8,"Depending on the legal system of the Member States, the rules on administrative fines may be applied in such a manner that the fines are imposed by competent national courts of other bodies as applicable in those Member States. The application of such rules in those Member States shall have an equivalent effect.",52021PC0206,,"Depending on the legal system of the Member States, the rules on administrative fines may be applied in such a manner that the fines are imposed by competent national courts of other bodies as applicable in those Member States. The application of such rules in those Member States shall have an equivalent effect."
Art72,article,Art72,Art72,,52021PC0206,"Administrative fines on Union institutions, agencies and bodies","The European Data Protection Supervisor may impose administrative fines on Union institutions, agencies and bodies falling within the scope of this Regulation. When deciding whether to impose an administrative fine and deciding on the amount of the administrative fine in each individual case, all relevant circumstances of the specific situation shall be taken into account and due regard shall be given to the following: the nature, gravity and duration of the infringement and of its consequences; the cooperation with the European Data Protection Supervisor in order to remedy the infringement and mitigate the possible adverse effects of the infringement, including compliance with any of the measures previously ordered by the European Data Protection Supervisor against the Union institution or agency or body concerned with regard to the same subject matter; any similar previous infringements by the Union institution, agency or body; The following infringements shall be subject to administrative fines of up to 500 000 EUR: non-compliance with the prohibition of the artificial intelligence practices referred to in Article 5; non-compliance of the AI system with the requirements laid down in Article 10. The non-compliance of the AI system with any requirements or obligations under this Regulation, other than those laid down in Articles 5 and 10, shall be subject to administrative fines of up to 250 000 EUR. Before taking decisions pursuant to this Article, the European Data Protection Supervisor shall give the Union institution, agency or body which is the subject of the proceedings conducted by the European Data Protection Supervisor the opportunity of being heard on the matter regarding the possible infringement. The European Data Protection Supervisor shall base his or her decisions only on elements and circumstances on which the parties concerned have been able to comment. Complainants, if any, shall be associated closely with the proceedings. The rights of defense of the parties concerned shall be fully respected in the proceedings. They shall be entitled to have access to the European Data Protection Supervisor’s file, subject to the legitimate interest of individuals or undertakings in the protection of their personal data or business secrets. Funds collected by imposition of fines in this Article shall be the income of the general budget of the Union."
Art72(1),paragraph,Art72,Art72/1,"The European Data Protection Supervisor may impose administrative fines on Union institutions, agencies and bodies falling within the scope of this Regulation. When deciding whether to impose an administrative fine and deciding on the amount of the administrative fine in each individual case, all relevant circumstances of the specific situation shall be taken into account and due regard shall be given to the following:",52021PC0206,,"The European Data Protection Supervisor may impose administrative fines on Union institutions, agencies and bodies falling within the scope of this Regulation. When deciding whether to impose an administrative fine and deciding on the amount of the administrative fine in each individual case, all relevant circumstances of the specific situation shall be taken into account and due regard shall be given to the following: the nature, gravity and duration of the infringement and of its consequences; the cooperation with the European Data Protection Supervisor in order to remedy the infringement and mitigate the possible adverse effects of the infringement, including compliance with any of the measures previously ordered by the European Data Protection Supervisor against the Union institution or agency or body concerned with regard to the same subject matter; any similar previous infringements by the Union institution, agency or body;"
Art72(1)(a),point,Art72,Art72/1/a,"the nature, gravity and duration of the infringement and of its consequences;",52021PC0206,,"the nature, gravity and duration of the infringement and of its consequences;"
Art72(1)(b),point,Art72,Art72/1/b,"the cooperation with the European Data Protection Supervisor in order to remedy the infringement and mitigate the possible adverse effects of the infringement, including compliance with any of the measures previously ordered by the European Data Protection Supervisor against the Union institution or agency or body concerned with regard to the same subject matter;",52021PC0206,,"the cooperation with the European Data Protection Supervisor in order to remedy the infringement and mitigate the possible adverse effects of the infringement, including compliance with any of the measures previously ordered by the European Data Protection Supervisor against the Union institution or agency or body concerned with regard to the same subject matter;"
Art72(1)(c),point,Art72,Art72/1/c,"any similar previous infringements by the Union institution, agency or body;",52021PC0206,,"any similar previous infringements by the Union institution, agency or body;"
Art72(2),paragraph,Art72,Art72/2,The following infringements shall be subject to administrative fines of up to 500 000 EUR:,52021PC0206,,The following infringements shall be subject to administrative fines of up to 500 000 EUR: non-compliance with the prohibition of the artificial intelligence practices referred to in Article 5; non-compliance of the AI system with the requirements laid down in Article 10.
Art72(2)(a),point,Art72,Art72/2/a,non-compliance with the prohibition of the artificial intelligence practices referred to in Article 5;,52021PC0206,,non-compliance with the prohibition of the artificial intelligence practices referred to in Article 5;
Art72(2)(b),point,Art72,Art72/2/b,non-compliance of the AI system with the requirements laid down in Article 10.,52021PC0206,,non-compliance of the AI system with the requirements laid down in Article 10.
Art72(3),paragraph,Art72,Art72/3,"The non-compliance of the AI system with any requirements or obligations under this Regulation, other than those laid down in Articles 5 and 10, shall be subject to administrative fines of up to 250 000 EUR.",52021PC0206,,"The non-compliance of the AI system with any requirements or obligations under this Regulation, other than those laid down in Articles 5 and 10, shall be subject to administrative fines of up to 250 000 EUR."
Art72(4),paragraph,Art72,Art72/4,"Before taking decisions pursuant to this Article, the European Data Protection Supervisor shall give the Union institution, agency or body which is the subject of the proceedings conducted by the European Data Protection Supervisor the opportunity of being heard on the matter regarding the possible infringement. The European Data Protection Supervisor shall base his or her decisions only on elements and circumstances on which the parties concerned have been able to comment. Complainants, if any, shall be associated closely with the proceedings.",52021PC0206,,"Before taking decisions pursuant to this Article, the European Data Protection Supervisor shall give the Union institution, agency or body which is the subject of the proceedings conducted by the European Data Protection Supervisor the opportunity of being heard on the matter regarding the possible infringement. The European Data Protection Supervisor shall base his or her decisions only on elements and circumstances on which the parties concerned have been able to comment. Complainants, if any, shall be associated closely with the proceedings."
Art72(5),paragraph,Art72,Art72/5,"The rights of defense of the parties concerned shall be fully respected in the proceedings. They shall be entitled to have access to the European Data Protection Supervisor’s file, subject to the legitimate interest of individuals or undertakings in the protection of their personal data or business secrets.",52021PC0206,,"The rights of defense of the parties concerned shall be fully respected in the proceedings. They shall be entitled to have access to the European Data Protection Supervisor’s file, subject to the legitimate interest of individuals or undertakings in the protection of their personal data or business secrets."
Art72(6),paragraph,Art72,Art72/6,Funds collected by imposition of fines in this Article shall be the income of the general budget of the Union.,52021PC0206,,Funds collected by imposition of fines in this Article shall be the income of the general budget of the Union.
Art73,article,Art73,Art73,,52021PC0206,Exercise of the delegation,"The power to adopt delegated acts is conferred on the Commission subject to the conditions laid down in this Article. The delegation of power referred to in Article 4, Article 7(1), Article 11(3), Article 43(5) and (6) and Article 48(5) shall be conferred on the Commission for an indeterminate period of time from [entering into force of the Regulation]. The delegation of power referred to in Article 4, Article 7(1), Article 11(3), Article 43(5) and (6) and Article 48(5) may be revoked at any time by the European Parliament or by the Council. A decision of revocation shall put an end to the delegation of power specified in that decision. It shall take effect the day following that of its publication in the Official Journal of the European Union or at a later date specified therein. It shall not affect the validity of any delegated acts already in force. As soon as it adopts a delegated act, the Commission shall notify it simultaneously to the European Parliament and to the Council. Any delegated act adopted pursuant to Article 4, Article 7(1), Article 11(3), Article 43(5) and (6) and Article 48(5) shall enter into force only if no objection has been expressed by either the European Parliament or the Council within a period of three months of notification of that act to the European Parliament and the Council or if, before the expiry of that period, the European Parliament and the Council have both informed the Commission that they will not object. That period shall be extended by three months at the initiative of the European Parliament or of the Council."
Art73(1),paragraph,Art73,Art73/1,The power to adopt delegated acts is conferred on the Commission subject to the conditions laid down in this Article.,52021PC0206,,The power to adopt delegated acts is conferred on the Commission subject to the conditions laid down in this Article.
Art73(2),paragraph,Art73,Art73/2,"The delegation of power referred to in Article 4, Article 7(1), Article 11(3), Article 43(5) and (6) and Article 48(5) shall be conferred on the Commission for an indeterminate period of time from [entering into force of the Regulation].",52021PC0206,,"The delegation of power referred to in Article 4, Article 7(1), Article 11(3), Article 43(5) and (6) and Article 48(5) shall be conferred on the Commission for an indeterminate period of time from [entering into force of the Regulation]."
Art73(3),paragraph,Art73,Art73/3,"The delegation of power referred to in Article 4, Article 7(1), Article 11(3), Article 43(5) and (6) and Article 48(5) may be revoked at any time by the European Parliament or by the Council. A decision of revocation shall put an end to the delegation of power specified in that decision. It shall take effect the day following that of its publication in the Official Journal of the European Union or at a later date specified therein. It shall not affect the validity of any delegated acts already in force.",52021PC0206,,"The delegation of power referred to in Article 4, Article 7(1), Article 11(3), Article 43(5) and (6) and Article 48(5) may be revoked at any time by the European Parliament or by the Council. A decision of revocation shall put an end to the delegation of power specified in that decision. It shall take effect the day following that of its publication in the Official Journal of the European Union or at a later date specified therein. It shall not affect the validity of any delegated acts already in force."
Art73(4),paragraph,Art73,Art73/4,"As soon as it adopts a delegated act, the Commission shall notify it simultaneously to the European Parliament and to the Council.",52021PC0206,,"As soon as it adopts a delegated act, the Commission shall notify it simultaneously to the European Parliament and to the Council."
Art73(5),paragraph,Art73,Art73/5,"Any delegated act adopted pursuant to Article 4, Article 7(1), Article 11(3), Article 43(5) and (6) and Article 48(5) shall enter into force only if no objection has been expressed by either the European Parliament or the Council within a period of three months of notification of that act to the European Parliament and the Council or if, before the expiry of that period, the European Parliament and the Council have both informed the Commission that they will not object. That period shall be extended by three months at the initiative of the European Parliament or of the Council.",52021PC0206,,"Any delegated act adopted pursuant to Article 4, Article 7(1), Article 11(3), Article 43(5) and (6) and Article 48(5) shall enter into force only if no objection has been expressed by either the European Parliament or the Council within a period of three months of notification of that act to the European Parliament and the Council or if, before the expiry of that period, the European Parliament and the Council have both informed the Commission that they will not object. That period shall be extended by three months at the initiative of the European Parliament or of the Council."
Art74,article,Art74,Art74,,52021PC0206,Committee procedure,"The Commission shall be assisted by a committee. That committee shall be a committee within the meaning of Regulation (EU) No 182/2011. Where reference is made to this paragraph, Article 5 of Regulation (EU) No 182/2011 shall apply."
Art74(1),paragraph,Art74,Art74/1,The Commission shall be assisted by a committee. That committee shall be a committee within the meaning of Regulation (EU) No 182/2011.,52021PC0206,,The Commission shall be assisted by a committee. That committee shall be a committee within the meaning of Regulation (EU) No 182/2011.
Art74(2),paragraph,Art74,Art74/2,"Where reference is made to this paragraph, Article 5 of Regulation (EU) No 182/2011 shall apply.",52021PC0206,,"Where reference is made to this paragraph, Article 5 of Regulation (EU) No 182/2011 shall apply."
Art75,article,Art75,Art75,"In Article 4(3) of Regulation (EC) No 300/2008, the following subparagraph is added: “When adopting detailed measures related to technical specifications and procedures for approval and use of security equipment concerning Artificial Intelligence systems in the meaning of Regulation (EU) YYY/XX [on Artificial Intelligence] of the European Parliament and of the Council*, the requirements set out in Chapter 2, Title III of that Regulation shall be taken into account.” __________ * Regulation (EU) YYY/XX [on Artificial Intelligence] (OJ …).”",52021PC0206,Amendment to Regulation (EC) No 300/2008,"In Article 4(3) of Regulation (EC) No 300/2008, the following subparagraph is added: “When adopting detailed measures related to technical specifications and procedures for approval and use of security equipment concerning Artificial Intelligence systems in the meaning of Regulation (EU) YYY/XX [on Artificial Intelligence] of the European Parliament and of the Council*, the requirements set out in Chapter 2, Title III of that Regulation shall be taken into account.” __________ * Regulation (EU) YYY/XX [on Artificial Intelligence] (OJ …).”"
Art76,article,Art76,Art76,"In Article 17(5) of Regulation (EU) No 167/2013, the following subparagraph is added: “When adopting delegated acts pursuant to the first subparagraph concerning artificial intelligence systems which are safety components in the meaning of Regulation (EU) YYY/XX [on Artificial Intelligence] of the European Parliament and of the Council*, the requirements set out in Title III, Chapter 2 of that Regulation shall be taken into account. __________ * Regulation (EU) YYY/XX [on Artificial Intelligence] (OJ …).”",52021PC0206,Amendment to Regulation (EU) No 167/2013,"In Article 17(5) of Regulation (EU) No 167/2013, the following subparagraph is added: “When adopting delegated acts pursuant to the first subparagraph concerning artificial intelligence systems which are safety components in the meaning of Regulation (EU) YYY/XX [on Artificial Intelligence] of the European Parliament and of the Council*, the requirements set out in Title III, Chapter 2 of that Regulation shall be taken into account. __________ * Regulation (EU) YYY/XX [on Artificial Intelligence] (OJ …).”"
Art77,article,Art77,Art77,"In Article 22(5) of Regulation (EU) No 168/2013, the following subparagraph is added: “When adopting delegated acts pursuant to the first subparagraph concerning Artificial Intelligence systems which are safety components in the meaning of Regulation (EU) YYY/XX on [Artificial Intelligence] of the European Parliament and of the Council*, the requirements set out in Title III, Chapter 2 of that Regulation shall be taken into account. __________ * Regulation (EU) YYY/XX [on Artificial Intelligence] (OJ …).”",52021PC0206,Amendment to Regulation (EU) No 168/2013,"In Article 22(5) of Regulation (EU) No 168/2013, the following subparagraph is added: “When adopting delegated acts pursuant to the first subparagraph concerning Artificial Intelligence systems which are safety components in the meaning of Regulation (EU) YYY/XX on [Artificial Intelligence] of the European Parliament and of the Council*, the requirements set out in Title III, Chapter 2 of that Regulation shall be taken into account. __________ * Regulation (EU) YYY/XX [on Artificial Intelligence] (OJ …).”"
Art78,article,Art78,Art78,"In Article 8 of Directive 2014/90/EU, the following paragraph is added: “4. For Artificial Intelligence systems which are safety components in the meaning of Regulation (EU) YYY/XX [on Artificial Intelligence] of the European Parliament and of the Council*, when carrying out its activities pursuant to paragraph 1 and when adopting technical specifications and testing standards in accordance with paragraphs 2 and 3, the Commission shall take into account the requirements set out in Title III, Chapter 2 of that Regulation. __________ * Regulation (EU) YYY/XX [on Artificial Intelligence] (OJ …).”.",52021PC0206,Amendment to Directive 2014/90/EU,"In Article 8 of Directive 2014/90/EU, the following paragraph is added: “4. For Artificial Intelligence systems which are safety components in the meaning of Regulation (EU) YYY/XX [on Artificial Intelligence] of the European Parliament and of the Council*, when carrying out its activities pursuant to paragraph 1 and when adopting technical specifications and testing standards in accordance with paragraphs 2 and 3, the Commission shall take into account the requirements set out in Title III, Chapter 2 of that Regulation. __________ * Regulation (EU) YYY/XX [on Artificial Intelligence] (OJ …).”."
Art79,article,Art79,Art79,"In Article 5 of Directive (EU) 2016/797, the following paragraph is added: “12. When adopting delegated acts pursuant to paragraph 1 and implementing acts pursuant to paragraph 11 concerning Artificial Intelligence systems which are safety components in the meaning of Regulation (EU) YYY/XX [on Artificial Intelligence] of the European Parliament and of the Council*, the requirements set out in Title III, Chapter 2 of that Regulation shall be taken into account. __________ * Regulation (EU) YYY/XX [on Artificial Intelligence] (OJ …).”.",52021PC0206,Amendment to Directive (EU) 2016/797,"In Article 5 of Directive (EU) 2016/797, the following paragraph is added: “12. When adopting delegated acts pursuant to paragraph 1 and implementing acts pursuant to paragraph 11 concerning Artificial Intelligence systems which are safety components in the meaning of Regulation (EU) YYY/XX [on Artificial Intelligence] of the European Parliament and of the Council*, the requirements set out in Title III, Chapter 2 of that Regulation shall be taken into account. __________ * Regulation (EU) YYY/XX [on Artificial Intelligence] (OJ …).”."
Art80,article,Art80,Art80,"In Article 5 of Regulation (EU) 2018/858 the following paragraph is added: “4. When adopting delegated acts pursuant to paragraph 3 concerning Artificial Intelligence systems which are safety components in the meaning of Regulation (EU) YYY/XX [on Artificial Intelligence] of the European Parliament and of the Council *, the requirements set out in Title III, Chapter 2 of that Regulation shall be taken into account. __________ * Regulation (EU) YYY/XX [on Artificial Intelligence] (OJ …).”.",52021PC0206,Amendment to Regulation (EU) 2018/858,"In Article 5 of Regulation (EU) 2018/858 the following paragraph is added: “4. When adopting delegated acts pursuant to paragraph 3 concerning Artificial Intelligence systems which are safety components in the meaning of Regulation (EU) YYY/XX [on Artificial Intelligence] of the European Parliament and of the Council *, the requirements set out in Title III, Chapter 2 of that Regulation shall be taken into account. __________ * Regulation (EU) YYY/XX [on Artificial Intelligence] (OJ …).”."
Art81,article,Art81,Art81,Regulation (EU) 2018/1139 is amended as follows:,52021PC0206,Amendment to Regulation (EU) 2018/1139,"Regulation (EU) 2018/1139 is amended as follows: In Article 17, the following paragraph is added: “3. Without prejudice to paragraph 2, when adopting implementing acts pursuant to paragraph 1 concerning Artificial Intelligence systems which are safety components in the meaning of Regulation (EU) YYY/XX [on Artificial Intelligence] of the European Parliament and of the Council*, the requirements set out in Title III, Chapter 2 of that Regulation shall be taken into account. __________ * Regulation (EU) YYY/XX [on Artificial Intelligence] (OJ …).” In Article 19, the following paragraph is added: “4. When adopting delegated acts pursuant to paragraphs 1 and 2 concerning Artificial Intelligence systems which are safety components in the meaning of Regulation (EU) YYY/XX [on Artificial Intelligence], the requirements set out in Title III, Chapter 2 of that Regulation shall be taken into account.” In Article 43, the following paragraph is added: “4. When adopting implementing acts pursuant to paragraph 1 concerning Artificial Intelligence systems which are safety components in the meaning of Regulation (EU) YYY/XX [on Artificial Intelligence], the requirements set out in Title III, Chapter 2 of that Regulation shall be taken into account.” In Article 47, the following paragraph is added: “3. When adopting delegated acts pursuant to paragraphs 1 and 2 concerning Artificial Intelligence systems which are safety components in the meaning of Regulation (EU) YYY/XX [on Artificial Intelligence], the requirements set out in Title III, Chapter 2 of that Regulation shall be taken into account.” In Article 57, the following paragraph is added: “When adopting those implementing acts concerning Artificial Intelligence systems which are safety components in the meaning of Regulation (EU) YYY/XX [on Artificial Intelligence], the requirements set out in Title III, Chapter 2 of that Regulation shall be taken into account.” In Article 58, the following paragraph is added: “3. When adopting delegated acts pursuant to paragraphs 1 and 2 concerning Artificial Intelligence systems which are safety components in the meaning of Regulation (EU) YYY/XX [on Artificial Intelligence] , the requirements set out in Title III, Chapter 2 of that Regulation shall be taken into account.”."
Art81(1),paragraph,Art81,Art81/1,,52021PC0206,,"In Article 17, the following paragraph is added: “3. Without prejudice to paragraph 2, when adopting implementing acts pursuant to paragraph 1 concerning Artificial Intelligence systems which are safety components in the meaning of Regulation (EU) YYY/XX [on Artificial Intelligence] of the European Parliament and of the Council*, the requirements set out in Title III, Chapter 2 of that Regulation shall be taken into account. __________ * Regulation (EU) YYY/XX [on Artificial Intelligence] (OJ …).” In Article 19, the following paragraph is added: “4. When adopting delegated acts pursuant to paragraphs 1 and 2 concerning Artificial Intelligence systems which are safety components in the meaning of Regulation (EU) YYY/XX [on Artificial Intelligence], the requirements set out in Title III, Chapter 2 of that Regulation shall be taken into account.” In Article 43, the following paragraph is added: “4. When adopting implementing acts pursuant to paragraph 1 concerning Artificial Intelligence systems which are safety components in the meaning of Regulation (EU) YYY/XX [on Artificial Intelligence], the requirements set out in Title III, Chapter 2 of that Regulation shall be taken into account.” In Article 47, the following paragraph is added: “3. When adopting delegated acts pursuant to paragraphs 1 and 2 concerning Artificial Intelligence systems which are safety components in the meaning of Regulation (EU) YYY/XX [on Artificial Intelligence], the requirements set out in Title III, Chapter 2 of that Regulation shall be taken into account.” In Article 57, the following paragraph is added: “When adopting those implementing acts concerning Artificial Intelligence systems which are safety components in the meaning of Regulation (EU) YYY/XX [on Artificial Intelligence], the requirements set out in Title III, Chapter 2 of that Regulation shall be taken into account.” In Article 58, the following paragraph is added: “3. When adopting delegated acts pursuant to paragraphs 1 and 2 concerning Artificial Intelligence systems which are safety components in the meaning of Regulation (EU) YYY/XX [on Artificial Intelligence] , the requirements set out in Title III, Chapter 2 of that Regulation shall be taken into account.”."
Art81(1)(1),point,Art81,Art81/1/1,"In Article 17, the following paragraph is added: “3. Without prejudice to paragraph 2, when adopting implementing acts pursuant to paragraph 1 concerning Artificial Intelligence systems which are safety components in the meaning of Regulation (EU) YYY/XX [on Artificial Intelligence] of the European Parliament and of the Council*, the requirements set out in Title III, Chapter 2 of that Regulation shall be taken into account. __________ * Regulation (EU) YYY/XX [on Artificial Intelligence] (OJ …).”",52021PC0206,,"In Article 17, the following paragraph is added: “3. Without prejudice to paragraph 2, when adopting implementing acts pursuant to paragraph 1 concerning Artificial Intelligence systems which are safety components in the meaning of Regulation (EU) YYY/XX [on Artificial Intelligence] of the European Parliament and of the Council*, the requirements set out in Title III, Chapter 2 of that Regulation shall be taken into account. __________ * Regulation (EU) YYY/XX [on Artificial Intelligence] (OJ …).”"
Art81(1)(2),point,Art81,Art81/1/2,"In Article 19, the following paragraph is added: “4. When adopting delegated acts pursuant to paragraphs 1 and 2 concerning Artificial Intelligence systems which are safety components in the meaning of Regulation (EU) YYY/XX [on Artificial Intelligence], the requirements set out in Title III, Chapter 2 of that Regulation shall be taken into account.”",52021PC0206,,"In Article 19, the following paragraph is added: “4. When adopting delegated acts pursuant to paragraphs 1 and 2 concerning Artificial Intelligence systems which are safety components in the meaning of Regulation (EU) YYY/XX [on Artificial Intelligence], the requirements set out in Title III, Chapter 2 of that Regulation shall be taken into account.”"
Art81(1)(3),point,Art81,Art81/1/3,"In Article 43, the following paragraph is added: “4. When adopting implementing acts pursuant to paragraph 1 concerning Artificial Intelligence systems which are safety components in the meaning of Regulation (EU) YYY/XX [on Artificial Intelligence], the requirements set out in Title III, Chapter 2 of that Regulation shall be taken into account.”",52021PC0206,,"In Article 43, the following paragraph is added: “4. When adopting implementing acts pursuant to paragraph 1 concerning Artificial Intelligence systems which are safety components in the meaning of Regulation (EU) YYY/XX [on Artificial Intelligence], the requirements set out in Title III, Chapter 2 of that Regulation shall be taken into account.”"
Art81(1)(4),point,Art81,Art81/1/4,"In Article 47, the following paragraph is added: “3. When adopting delegated acts pursuant to paragraphs 1 and 2 concerning Artificial Intelligence systems which are safety components in the meaning of Regulation (EU) YYY/XX [on Artificial Intelligence], the requirements set out in Title III, Chapter 2 of that Regulation shall be taken into account.”",52021PC0206,,"In Article 47, the following paragraph is added: “3. When adopting delegated acts pursuant to paragraphs 1 and 2 concerning Artificial Intelligence systems which are safety components in the meaning of Regulation (EU) YYY/XX [on Artificial Intelligence], the requirements set out in Title III, Chapter 2 of that Regulation shall be taken into account.”"
Art81(1)(5),point,Art81,Art81/1/5,"In Article 57, the following paragraph is added: “When adopting those implementing acts concerning Artificial Intelligence systems which are safety components in the meaning of Regulation (EU) YYY/XX [on Artificial Intelligence], the requirements set out in Title III, Chapter 2 of that Regulation shall be taken into account.”",52021PC0206,,"In Article 57, the following paragraph is added: “When adopting those implementing acts concerning Artificial Intelligence systems which are safety components in the meaning of Regulation (EU) YYY/XX [on Artificial Intelligence], the requirements set out in Title III, Chapter 2 of that Regulation shall be taken into account.”"
Art81(1)(6),point,Art81,Art81/1/6,"In Article 58, the following paragraph is added: “3. When adopting delegated acts pursuant to paragraphs 1 and 2 concerning Artificial Intelligence systems which are safety components in the meaning of Regulation (EU) YYY/XX [on Artificial Intelligence] , the requirements set out in Title III, Chapter 2 of that Regulation shall be taken into account.”.",52021PC0206,,"In Article 58, the following paragraph is added: “3. When adopting delegated acts pursuant to paragraphs 1 and 2 concerning Artificial Intelligence systems which are safety components in the meaning of Regulation (EU) YYY/XX [on Artificial Intelligence] , the requirements set out in Title III, Chapter 2 of that Regulation shall be taken into account.”."
Art82,article,Art82,Art82,"In Article 11 of Regulation (EU) 2019/2144, the following paragraph is added: “3. When adopting the implementing acts pursuant to paragraph 2, concerning artificial intelligence systems which are safety components in the meaning of Regulation (EU) YYY/XX [on Artificial Intelligence] of the European Parliament and of the Council*, the requirements set out in Title III, Chapter 2 of that Regulation shall be taken into account. __________ * Regulation (EU) YYY/XX [on Artificial Intelligence] (OJ …).”.",52021PC0206,Amendment to Regulation (EU) 2019/2144,"In Article 11 of Regulation (EU) 2019/2144, the following paragraph is added: “3. When adopting the implementing acts pursuant to paragraph 2, concerning artificial intelligence systems which are safety components in the meaning of Regulation (EU) YYY/XX [on Artificial Intelligence] of the European Parliament and of the Council*, the requirements set out in Title III, Chapter 2 of that Regulation shall be taken into account. __________ * Regulation (EU) YYY/XX [on Artificial Intelligence] (OJ …).”."
Art83,article,Art83,Art83,,52021PC0206,AI systems already placed on the market or put into service,"This Regulation shall not apply to the AI systems which are components of the large-scale IT systems established by the legal acts listed in Annex IX that have been placed on the market or put into service before [12 months after the date of application of this Regulation referred to in Article 85(2)], unless the replacement or amendment of those legal acts leads to a significant change in the design or intended purpose of the AI system or AI systems concerned. The requirements laid down in this Regulation shall be taken into account, where applicable, in the evaluation of each large-scale IT systems established by the legal acts listed in Annex IX to be undertaken as provided for in those respective acts. This Regulation shall apply to the high-risk AI systems, other than the ones referred to in paragraph 1, that have been placed on the market or put into service before [date of application of this Regulation referred to in Article 85(2)], only if, from that date, those systems are subject to significant changes in their design or intended purpose."
Art83(1),paragraph,Art83,Art83/1,"This Regulation shall not apply to the AI systems which are components of the large-scale IT systems established by the legal acts listed in Annex IX that have been placed on the market or put into service before [12 months after the date of application of this Regulation referred to in Article 85(2)], unless the replacement or amendment of those legal acts leads to a significant change in the design or intended purpose of the AI system or AI systems concerned. The requirements laid down in this Regulation shall be taken into account, where applicable, in the evaluation of each large-scale IT systems established by the legal acts listed in Annex IX to be undertaken as provided for in those respective acts.",52021PC0206,,"This Regulation shall not apply to the AI systems which are components of the large-scale IT systems established by the legal acts listed in Annex IX that have been placed on the market or put into service before [12 months after the date of application of this Regulation referred to in Article 85(2)], unless the replacement or amendment of those legal acts leads to a significant change in the design or intended purpose of the AI system or AI systems concerned. The requirements laid down in this Regulation shall be taken into account, where applicable, in the evaluation of each large-scale IT systems established by the legal acts listed in Annex IX to be undertaken as provided for in those respective acts."
Art83(2),paragraph,Art83,Art83/2,"This Regulation shall apply to the high-risk AI systems, other than the ones referred to in paragraph 1, that have been placed on the market or put into service before [date of application of this Regulation referred to in Article 85(2)], only if, from that date, those systems are subject to significant changes in their design or intended purpose.",52021PC0206,,"This Regulation shall apply to the high-risk AI systems, other than the ones referred to in paragraph 1, that have been placed on the market or put into service before [date of application of this Regulation referred to in Article 85(2)], only if, from that date, those systems are subject to significant changes in their design or intended purpose."
Art84,article,Art84,Art84,,52021PC0206,Evaluation and review,"The Commission shall assess the need for amendment of the list in Annex III once a year following the entry into force of this Regulation. By [three years after the date of application of this Regulation referred to in Article 85(2)] and every four years thereafter, the Commission shall submit a report on the evaluation and review of this Regulation to the European Parliament and to the Council. The reports shall be made public. The reports referred to in paragraph 2 shall devote specific attention to the following: the status of the financial and human resources of the national competent authorities in order to effectively perform the tasks assigned to them under this Regulation; the state of penalties, and notably administrative fines as referred to in Article 71(1), applied by Member States to infringements of the provisions of this Regulation. Within [three years after the date of application of this Regulation referred to in Article 85(2)] and every four years thereafter, the Commission shall evaluate the impact and effectiveness of codes of conduct to foster the application of the requirements set out in Title III, Chapter 2 and possibly other additional requirements for AI systems other than high-risk AI systems. For the purpose of paragraphs 1 to 4 the Board, the Member States and national competent authorities shall provide the Commission with information on its request. In carrying out the evaluations and reviews referred to in paragraphs 1 to 4 the Commission shall take into account the positions and findings of the Board, of the European Parliament, of the Council, and of other relevant bodies or sources. The Commission shall, if necessary, submit appropriate proposals to amend this Regulation, in particular taking into account developments in technology and in the light of the state of progress in the information society."
Art84(1),paragraph,Art84,Art84/1,The Commission shall assess the need for amendment of the list in Annex III once a year following the entry into force of this Regulation.,52021PC0206,,The Commission shall assess the need for amendment of the list in Annex III once a year following the entry into force of this Regulation.
Art84(2),paragraph,Art84,Art84/2,"By [three years after the date of application of this Regulation referred to in Article 85(2)] and every four years thereafter, the Commission shall submit a report on the evaluation and review of this Regulation to the European Parliament and to the Council. The reports shall be made public.",52021PC0206,,"By [three years after the date of application of this Regulation referred to in Article 85(2)] and every four years thereafter, the Commission shall submit a report on the evaluation and review of this Regulation to the European Parliament and to the Council. The reports shall be made public."
Art84(3),paragraph,Art84,Art84/3,The reports referred to in paragraph 2 shall devote specific attention to the following:,52021PC0206,,"The reports referred to in paragraph 2 shall devote specific attention to the following: the status of the financial and human resources of the national competent authorities in order to effectively perform the tasks assigned to them under this Regulation; the state of penalties, and notably administrative fines as referred to in Article 71(1), applied by Member States to infringements of the provisions of this Regulation."
Art84(3)(a),point,Art84,Art84/3/a,the status of the financial and human resources of the national competent authorities in order to effectively perform the tasks assigned to them under this Regulation;,52021PC0206,,the status of the financial and human resources of the national competent authorities in order to effectively perform the tasks assigned to them under this Regulation;
Art84(3)(b),point,Art84,Art84/3/b,"the state of penalties, and notably administrative fines as referred to in Article 71(1), applied by Member States to infringements of the provisions of this Regulation.",52021PC0206,,"the state of penalties, and notably administrative fines as referred to in Article 71(1), applied by Member States to infringements of the provisions of this Regulation."
Art84(4),paragraph,Art84,Art84/4,"Within [three years after the date of application of this Regulation referred to in Article 85(2)] and every four years thereafter, the Commission shall evaluate the impact and effectiveness of codes of conduct to foster the application of the requirements set out in Title III, Chapter 2 and possibly other additional requirements for AI systems other than high-risk AI systems.",52021PC0206,,"Within [three years after the date of application of this Regulation referred to in Article 85(2)] and every four years thereafter, the Commission shall evaluate the impact and effectiveness of codes of conduct to foster the application of the requirements set out in Title III, Chapter 2 and possibly other additional requirements for AI systems other than high-risk AI systems."
Art84(5),paragraph,Art84,Art84/5,"For the purpose of paragraphs 1 to 4 the Board, the Member States and national competent authorities shall provide the Commission with information on its request.",52021PC0206,,"For the purpose of paragraphs 1 to 4 the Board, the Member States and national competent authorities shall provide the Commission with information on its request."
Art84(6),paragraph,Art84,Art84/6,"In carrying out the evaluations and reviews referred to in paragraphs 1 to 4 the Commission shall take into account the positions and findings of the Board, of the European Parliament, of the Council, and of other relevant bodies or sources.",52021PC0206,,"In carrying out the evaluations and reviews referred to in paragraphs 1 to 4 the Commission shall take into account the positions and findings of the Board, of the European Parliament, of the Council, and of other relevant bodies or sources."
Art84(7),paragraph,Art84,Art84/7,"The Commission shall, if necessary, submit appropriate proposals to amend this Regulation, in particular taking into account developments in technology and in the light of the state of progress in the information society.",52021PC0206,,"The Commission shall, if necessary, submit appropriate proposals to amend this Regulation, in particular taking into account developments in technology and in the light of the state of progress in the information society."
Art85,article,Art85,Art85,,52021PC0206,Entry into force and application,"This Regulation shall enter into force on the twentieth day following that of its publication in the Official Journal of the European Union. This Regulation shall apply from [24 months following the entering into force of the Regulation]. By way of derogation from paragraph 2: Title III, Chapter 4 and Title VI shall apply from [three months following the entry into force of this Regulation]; Article 71 shall apply from [twelve months following the entry into force of this Regulation]. This Regulation shall be binding in its entirety and directly applicable in all Member States. Done at Brussels, For the European Parliament For the Council The President The President"
Art85(1),paragraph,Art85,Art85/1,This Regulation shall enter into force on the twentieth day following that of its publication in the Official Journal of the European Union.,52021PC0206,,This Regulation shall enter into force on the twentieth day following that of its publication in the Official Journal of the European Union.
Art85(2),paragraph,Art85,Art85/2,This Regulation shall apply from [24 months following the entering into force of the Regulation].,52021PC0206,,This Regulation shall apply from [24 months following the entering into force of the Regulation].
Art85(3),paragraph,Art85,Art85/3,By way of derogation from paragraph 2:,52021PC0206,,"By way of derogation from paragraph 2: Title III, Chapter 4 and Title VI shall apply from [three months following the entry into force of this Regulation]; Article 71 shall apply from [twelve months following the entry into force of this Regulation]. This Regulation shall be binding in its entirety and directly applicable in all Member States. Done at Brussels, For the European Parliament For the Council The President The President"
Art85(3)(a),point,Art85,Art85/3/a,"Title III, Chapter 4 and Title VI shall apply from [three months following the entry into force of this Regulation];",52021PC0206,,"Title III, Chapter 4 and Title VI shall apply from [three months following the entry into force of this Regulation];"
Art85(3)(b),point,Art85,Art85/3/b,"Article 71 shall apply from [twelve months following the entry into force of this Regulation]. This Regulation shall be binding in its entirety and directly applicable in all Member States. Done at Brussels, For the European Parliament For the Council The President The President",52021PC0206,,"Article 71 shall apply from [twelve months following the entry into force of this Regulation]. This Regulation shall be binding in its entirety and directly applicable in all Member States. Done at Brussels, For the European Parliament For the Council The President The President"
AnnexI,annex,AnnexI,AnnexI,"referred to in Article 3, point 1",52021PC0206,ARTIFICIAL INTELLIGENCE TECHNIQUES AND APPROACHES,"referred to in Article 3, point 1 Machine learning approaches, including supervised, unsupervised and reinforcement learning, using a wide variety of methods including deep learning; Logic- and knowledge-based approaches, including knowledge representation, inductive (logic) programming, knowledge bases, inference and deductive engines, (symbolic) reasoning and expert systems; Statistical approaches, Bayesian estimation, search and optimization methods."
AnnexI(a),point,AnnexI,AnnexI/a,"Machine learning approaches, including supervised, unsupervised and reinforcement learning, using a wide variety of methods including deep learning;",52021PC0206,,"Machine learning approaches, including supervised, unsupervised and reinforcement learning, using a wide variety of methods including deep learning;"
AnnexI(b),point,AnnexI,AnnexI/b,"Logic- and knowledge-based approaches, including knowledge representation, inductive (logic) programming, knowledge bases, inference and deductive engines, (symbolic) reasoning and expert systems;",52021PC0206,,"Logic- and knowledge-based approaches, including knowledge representation, inductive (logic) programming, knowledge bases, inference and deductive engines, (symbolic) reasoning and expert systems;"
AnnexI(c),point,AnnexI,AnnexI/c,"Statistical approaches, Bayesian estimation, search and optimization methods.",52021PC0206,,"Statistical approaches, Bayesian estimation, search and optimization methods."
AnnexII,annex,AnnexII,AnnexII,Section A – List of Union harmonisation legislation based on the New Legislative Framework,52021PC0206,LIST OF UNION HARMONISATION LEGISLATION,"Section A – List of Union harmonisation legislation based on the New Legislative Framework Directive 2006/42/EC of the European Parliament and of the Council of 17 May 2006 on machinery, and amending Directive 95/16/EC (OJ L 157, 9.6.2006, p. 24) [as repealed by the Machinery Regulation]; Regulation (EC) No 300/2008 of the European Parliament and of the Council of 11 March 2008 on common rules in the field of civil aviation security and repealing Regulation (EC) No 2320/2002 (OJ L 97, 9.4.2008, p. 72). Directive 2009/48/EC of the European Parliament and of the Council of 18 June 2009 on the safety of toys (OJ L 170, 30.6.2009, p. 1); Regulation (EU) No 168/2013 of the European Parliament and of the Council of 15 January 2013 on the approval and market surveillance of two- or three-wheel vehicles and quadricycles (OJ L 60, 2.3.2013, p. 52); Directive 2013/53/EU of the European Parliament and of the Council of 20 November 2013 on recreational craft and personal watercraft and repealing Directive 94/25/EC (OJ L 354, 28.12.2013, p. 90); Regulation (EU) No 167/2013 of the European Parliament and of the Council of 5 February 2013 on the approval and market surveillance of agricultural and forestry vehicles (OJ L 60, 2.3.2013, p. 1); Directive 2014/33/EU of the European Parliament and of the Council of 26 February 2014 on the harmonisation of the laws of the Member States relating to lifts and safety components for lifts (OJ L 96, 29.3.2014, p. 251); Directive 2014/90/EU of the European Parliament and of the Council of 23 July 2014 on marine equipment and repealing Council Directive 96/98/EC (OJ L 257, 28.8.2014, p. 146); Directive 2014/34/EU of the European Parliament and of the Council of 26 February 2014 on the harmonisation of the laws of the Member States relating to equipment and protective systems intended for use in potentially explosive atmospheres (OJ L 96, 29.3.2014, p. 309); Directive (EU) 2016/797 of the European Parliament and of the Council of 11 May 2016 on the interoperability of the rail system within the European Union (OJ L 138, 26.5.2016, p. 44). Directive 2014/53/EU of the European Parliament and of the Council of 16 April 2014 on the harmonisation of the laws of the Member States relating to the making available on the market of radio equipment and repealing Directive 1999/5/EC (OJ L 153, 22.5.2014, p. 62); Regulation (EU) 2018/858 of the European Parliament and of the Council of 30 May 2018 on the approval and market surveillance of motor vehicles and their trailers, and of systems, components and separate technical units intended for such vehicles, amending Regulations (EC) No 715/2007 and (EC) No 595/2009 and repealing Directive 2007/46/EC (OJ L 151, 14.6.2018, p. 1); 3. Regulation (EU) 2019/2144 of the European Parliament and of the Council of 27 November 2019 on type-approval requirements for motor vehicles and their trailers, and systems, components and separate technical units intended for such vehicles, as regards their general safety and the protection of vehicle occupants and vulnerable road users, amending Regulation (EU) 2018/858 of the European Parliament and of the Council and repealing Regulations (EC) No 78/2009, (EC) No 79/2009 and (EC) No 661/2009 of the European Parliament and of the Council and Commission Regulations (EC) No 631/2009, (EU) No 406/2010, (EU) No 672/2010, (EU) No 1003/2010, (EU) No 1005/2010, (EU) No 1008/2010, (EU) No 1009/2010, (EU) No 19/2011, (EU) No 109/2011, (EU) No 458/2011, (EU) No 65/2012, (EU) No 130/2012, (EU) No 347/2012, (EU) No 351/2012, (EU) No 1230/2012 and (EU) 2015/166 (OJ L 325, 16.12.2019, p. 1); Directive 2014/68/EU of the European Parliament and of the Council of 15 May 2014 on the harmonisation of the laws of the Member States relating to the making available on the market of pressure equipment (OJ L 189, 27.6.2014, p. 164); Regulation (EU) 2018/1139 of the European Parliament and of the Council of 4 July 2018 on common rules in the field of civil aviation and establishing a European Union Aviation Safety Agency, and amending Regulations (EC) No 2111/2005, (EC) No 1008/2008, (EU) No 996/2010, (EU) No 376/2014 and Directives 2014/30/EU and 2014/53/EU of the European Parliament and of the Council, and repealing Regulations (EC) No 552/2004 and (EC) No 216/2008 of the European Parliament and of the Council and Council Regulation (EEC) No 3922/91 (OJ L 212, 22.8.2018, p. 1), in so far as the design, production and placing on the market of aircrafts referred to in points (a) and (b) of Article 2(1) thereof, where it concerns unmanned aircraft and their engines, propellers, parts and equipment to control them remotely, are concerned. Regulation (EU) 2016/424 of the European Parliament and of the Council of 9 March 2016 on cableway installations and repealing Directive 2000/9/EC (OJ L 81, 31.3.2016, p. 1); Regulation (EU) 2016/425 of the European Parliament and of the Council of 9 March 2016 on personal protective equipment and repealing Council Directive 89/686/EEC (OJ L 81, 31.3.2016, p. 51); Regulation (EU) 2016/426 of the European Parliament and of the Council of 9 March 2016 on appliances burning gaseous fuels and repealing Directive 2009/142/EC (OJ L 81, 31.3.2016, p. 99); Regulation (EU) 2017/745 of the European Parliament and of the Council of 5 April 2017 on medical devices, amending Directive 2001/83/EC, Regulation (EC) No 178/2002 and Regulation (EC) No 1223/2009 and repealing Council Directives 90/385/EEC and 93/42/EEC (OJ L 117, 5.5.2017, p. 1; Regulation (EU) 2017/746 of the European Parliament and of the Council of 5 April 2017 on in vitro diagnostic medical devices and repealing Directive 98/79/EC and Commission Decision 2010/227/EU (OJ L 117, 5.5.2017, p. 176). Section B. List of other Union harmonisation legislation"
AnnexII(1),paragraph,AnnexII,AnnexII/1,,52021PC0206,,"Directive 2006/42/EC of the European Parliament and of the Council of 17 May 2006 on machinery, and amending Directive 95/16/EC (OJ L 157, 9.6.2006, p. 24) [as repealed by the Machinery Regulation]; Regulation (EC) No 300/2008 of the European Parliament and of the Council of 11 March 2008 on common rules in the field of civil aviation security and repealing Regulation (EC) No 2320/2002 (OJ L 97, 9.4.2008, p. 72). Directive 2009/48/EC of the European Parliament and of the Council of 18 June 2009 on the safety of toys (OJ L 170, 30.6.2009, p. 1); Regulation (EU) No 168/2013 of the European Parliament and of the Council of 15 January 2013 on the approval and market surveillance of two- or three-wheel vehicles and quadricycles (OJ L 60, 2.3.2013, p. 52); Directive 2013/53/EU of the European Parliament and of the Council of 20 November 2013 on recreational craft and personal watercraft and repealing Directive 94/25/EC (OJ L 354, 28.12.2013, p. 90); Regulation (EU) No 167/2013 of the European Parliament and of the Council of 5 February 2013 on the approval and market surveillance of agricultural and forestry vehicles (OJ L 60, 2.3.2013, p. 1); Directive 2014/33/EU of the European Parliament and of the Council of 26 February 2014 on the harmonisation of the laws of the Member States relating to lifts and safety components for lifts (OJ L 96, 29.3.2014, p. 251); Directive 2014/90/EU of the European Parliament and of the Council of 23 July 2014 on marine equipment and repealing Council Directive 96/98/EC (OJ L 257, 28.8.2014, p. 146); Directive 2014/34/EU of the European Parliament and of the Council of 26 February 2014 on the harmonisation of the laws of the Member States relating to equipment and protective systems intended for use in potentially explosive atmospheres (OJ L 96, 29.3.2014, p. 309); Directive (EU) 2016/797 of the European Parliament and of the Council of 11 May 2016 on the interoperability of the rail system within the European Union (OJ L 138, 26.5.2016, p. 44). Directive 2014/53/EU of the European Parliament and of the Council of 16 April 2014 on the harmonisation of the laws of the Member States relating to the making available on the market of radio equipment and repealing Directive 1999/5/EC (OJ L 153, 22.5.2014, p. 62); Regulation (EU) 2018/858 of the European Parliament and of the Council of 30 May 2018 on the approval and market surveillance of motor vehicles and their trailers, and of systems, components and separate technical units intended for such vehicles, amending Regulations (EC) No 715/2007 and (EC) No 595/2009 and repealing Directive 2007/46/EC (OJ L 151, 14.6.2018, p. 1); 3. Regulation (EU) 2019/2144 of the European Parliament and of the Council of 27 November 2019 on type-approval requirements for motor vehicles and their trailers, and systems, components and separate technical units intended for such vehicles, as regards their general safety and the protection of vehicle occupants and vulnerable road users, amending Regulation (EU) 2018/858 of the European Parliament and of the Council and repealing Regulations (EC) No 78/2009, (EC) No 79/2009 and (EC) No 661/2009 of the European Parliament and of the Council and Commission Regulations (EC) No 631/2009, (EU) No 406/2010, (EU) No 672/2010, (EU) No 1003/2010, (EU) No 1005/2010, (EU) No 1008/2010, (EU) No 1009/2010, (EU) No 19/2011, (EU) No 109/2011, (EU) No 458/2011, (EU) No 65/2012, (EU) No 130/2012, (EU) No 347/2012, (EU) No 351/2012, (EU) No 1230/2012 and (EU) 2015/166 (OJ L 325, 16.12.2019, p. 1); Directive 2014/68/EU of the European Parliament and of the Council of 15 May 2014 on the harmonisation of the laws of the Member States relating to the making available on the market of pressure equipment (OJ L 189, 27.6.2014, p. 164); Regulation (EU) 2018/1139 of the European Parliament and of the Council of 4 July 2018 on common rules in the field of civil aviation and establishing a European Union Aviation Safety Agency, and amending Regulations (EC) No 2111/2005, (EC) No 1008/2008, (EU) No 996/2010, (EU) No 376/2014 and Directives 2014/30/EU and 2014/53/EU of the European Parliament and of the Council, and repealing Regulations (EC) No 552/2004 and (EC) No 216/2008 of the European Parliament and of the Council and Council Regulation (EEC) No 3922/91 (OJ L 212, 22.8.2018, p. 1), in so far as the design, production and placing on the market of aircrafts referred to in points (a) and (b) of Article 2(1) thereof, where it concerns unmanned aircraft and their engines, propellers, parts and equipment to control them remotely, are concerned. Regulation (EU) 2016/424 of the European Parliament and of the Council of 9 March 2016 on cableway installations and repealing Directive 2000/9/EC (OJ L 81, 31.3.2016, p. 1); Regulation (EU) 2016/425 of the European Parliament and of the Council of 9 March 2016 on personal protective equipment and repealing Council Directive 89/686/EEC (OJ L 81, 31.3.2016, p. 51); Regulation (EU) 2016/426 of the European Parliament and of the Council of 9 March 2016 on appliances burning gaseous fuels and repealing Directive 2009/142/EC (OJ L 81, 31.3.2016, p. 99); Regulation (EU) 2017/745 of the European Parliament and of the Council of 5 April 2017 on medical devices, amending Directive 2001/83/EC, Regulation (EC) No 178/2002 and Regulation (EC) No 1223/2009 and repealing Council Directives 90/385/EEC and 93/42/EEC (OJ L 117, 5.5.2017, p. 1; Regulation (EU) 2017/746 of the European Parliament and of the Council of 5 April 2017 on in vitro diagnostic medical devices and repealing Directive 98/79/EC and Commission Decision 2010/227/EU (OJ L 117, 5.5.2017, p. 176). Section B. List of other Union harmonisation legislation"
AnnexII(1)(1),point,AnnexII,AnnexII/1/1,"Directive 2006/42/EC of the European Parliament and of the Council of 17 May 2006 on machinery, and amending Directive 95/16/EC (OJ L 157, 9.6.2006, p. 24) [as repealed by the Machinery Regulation]; Regulation (EC) No 300/2008 of the European Parliament and of the Council of 11 March 2008 on common rules in the field of civil aviation security and repealing Regulation (EC) No 2320/2002 (OJ L 97, 9.4.2008, p. 72).",52021PC0206,,"Directive 2006/42/EC of the European Parliament and of the Council of 17 May 2006 on machinery, and amending Directive 95/16/EC (OJ L 157, 9.6.2006, p. 24) [as repealed by the Machinery Regulation]; Regulation (EC) No 300/2008 of the European Parliament and of the Council of 11 March 2008 on common rules in the field of civil aviation security and repealing Regulation (EC) No 2320/2002 (OJ L 97, 9.4.2008, p. 72)."
AnnexII(1)(2),point,AnnexII,AnnexII/1/2,"Directive 2009/48/EC of the European Parliament and of the Council of 18 June 2009 on the safety of toys (OJ L 170, 30.6.2009, p. 1); Regulation (EU) No 168/2013 of the European Parliament and of the Council of 15 January 2013 on the approval and market surveillance of two- or three-wheel vehicles and quadricycles (OJ L 60, 2.3.2013, p. 52);",52021PC0206,,"Directive 2009/48/EC of the European Parliament and of the Council of 18 June 2009 on the safety of toys (OJ L 170, 30.6.2009, p. 1); Regulation (EU) No 168/2013 of the European Parliament and of the Council of 15 January 2013 on the approval and market surveillance of two- or three-wheel vehicles and quadricycles (OJ L 60, 2.3.2013, p. 52);"
AnnexII(1)(3),point,AnnexII,AnnexII/1/3,"Directive 2013/53/EU of the European Parliament and of the Council of 20 November 2013 on recreational craft and personal watercraft and repealing Directive 94/25/EC (OJ L 354, 28.12.2013, p. 90); Regulation (EU) No 167/2013 of the European Parliament and of the Council of 5 February 2013 on the approval and market surveillance of agricultural and forestry vehicles (OJ L 60, 2.3.2013, p. 1);",52021PC0206,,"Directive 2013/53/EU of the European Parliament and of the Council of 20 November 2013 on recreational craft and personal watercraft and repealing Directive 94/25/EC (OJ L 354, 28.12.2013, p. 90); Regulation (EU) No 167/2013 of the European Parliament and of the Council of 5 February 2013 on the approval and market surveillance of agricultural and forestry vehicles (OJ L 60, 2.3.2013, p. 1);"
AnnexII(1)(4),point,AnnexII,AnnexII/1/4,"Directive 2014/33/EU of the European Parliament and of the Council of 26 February 2014 on the harmonisation of the laws of the Member States relating to lifts and safety components for lifts (OJ L 96, 29.3.2014, p. 251); Directive 2014/90/EU of the European Parliament and of the Council of 23 July 2014 on marine equipment and repealing Council Directive 96/98/EC (OJ L 257, 28.8.2014, p. 146);",52021PC0206,,"Directive 2014/33/EU of the European Parliament and of the Council of 26 February 2014 on the harmonisation of the laws of the Member States relating to lifts and safety components for lifts (OJ L 96, 29.3.2014, p. 251); Directive 2014/90/EU of the European Parliament and of the Council of 23 July 2014 on marine equipment and repealing Council Directive 96/98/EC (OJ L 257, 28.8.2014, p. 146);"
AnnexII(1)(5),point,AnnexII,AnnexII/1/5,"Directive 2014/34/EU of the European Parliament and of the Council of 26 February 2014 on the harmonisation of the laws of the Member States relating to equipment and protective systems intended for use in potentially explosive atmospheres (OJ L 96, 29.3.2014, p. 309); Directive (EU) 2016/797 of the European Parliament and of the Council of 11 May 2016 on the interoperability of the rail system within the European Union (OJ L 138, 26.5.2016, p. 44).",52021PC0206,,"Directive 2014/34/EU of the European Parliament and of the Council of 26 February 2014 on the harmonisation of the laws of the Member States relating to equipment and protective systems intended for use in potentially explosive atmospheres (OJ L 96, 29.3.2014, p. 309); Directive (EU) 2016/797 of the European Parliament and of the Council of 11 May 2016 on the interoperability of the rail system within the European Union (OJ L 138, 26.5.2016, p. 44)."
AnnexII(1)(6),point,AnnexII,AnnexII/1/6,"Directive 2014/53/EU of the European Parliament and of the Council of 16 April 2014 on the harmonisation of the laws of the Member States relating to the making available on the market of radio equipment and repealing Directive 1999/5/EC (OJ L 153, 22.5.2014, p. 62); Regulation (EU) 2018/858 of the European Parliament and of the Council of 30 May 2018 on the approval and market surveillance of motor vehicles and their trailers, and of systems, components and separate technical units intended for such vehicles, amending Regulations (EC) No 715/2007 and (EC) No 595/2009 and repealing Directive 2007/46/EC (OJ L 151, 14.6.2018, p. 1); 3. Regulation (EU) 2019/2144 of the European Parliament and of the Council of 27 November 2019 on type-approval requirements for motor vehicles and their trailers, and systems, components and separate technical units intended for such vehicles, as regards their general safety and the protection of vehicle occupants and vulnerable road users, amending Regulation (EU) 2018/858 of the European Parliament and of the Council and repealing Regulations (EC) No 78/2009, (EC) No 79/2009 and (EC) No 661/2009 of the European Parliament and of the Council and Commission Regulations (EC) No 631/2009, (EU) No 406/2010, (EU) No 672/2010, (EU) No 1003/2010, (EU) No 1005/2010, (EU) No 1008/2010, (EU) No 1009/2010, (EU) No 19/2011, (EU) No 109/2011, (EU) No 458/2011, (EU) No 65/2012, (EU) No 130/2012, (EU) No 347/2012, (EU) No 351/2012, (EU) No 1230/2012 and (EU) 2015/166 (OJ L 325, 16.12.2019, p. 1);",52021PC0206,,"Directive 2014/53/EU of the European Parliament and of the Council of 16 April 2014 on the harmonisation of the laws of the Member States relating to the making available on the market of radio equipment and repealing Directive 1999/5/EC (OJ L 153, 22.5.2014, p. 62); Regulation (EU) 2018/858 of the European Parliament and of the Council of 30 May 2018 on the approval and market surveillance of motor vehicles and their trailers, and of systems, components and separate technical units intended for such vehicles, amending Regulations (EC) No 715/2007 and (EC) No 595/2009 and repealing Directive 2007/46/EC (OJ L 151, 14.6.2018, p. 1); 3. Regulation (EU) 2019/2144 of the European Parliament and of the Council of 27 November 2019 on type-approval requirements for motor vehicles and their trailers, and systems, components and separate technical units intended for such vehicles, as regards their general safety and the protection of vehicle occupants and vulnerable road users, amending Regulation (EU) 2018/858 of the European Parliament and of the Council and repealing Regulations (EC) No 78/2009, (EC) No 79/2009 and (EC) No 661/2009 of the European Parliament and of the Council and Commission Regulations (EC) No 631/2009, (EU) No 406/2010, (EU) No 672/2010, (EU) No 1003/2010, (EU) No 1005/2010, (EU) No 1008/2010, (EU) No 1009/2010, (EU) No 19/2011, (EU) No 109/2011, (EU) No 458/2011, (EU) No 65/2012, (EU) No 130/2012, (EU) No 347/2012, (EU) No 351/2012, (EU) No 1230/2012 and (EU) 2015/166 (OJ L 325, 16.12.2019, p. 1);"
AnnexII(1)(7),point,AnnexII,AnnexII/1/7,"Directive 2014/68/EU of the European Parliament and of the Council of 15 May 2014 on the harmonisation of the laws of the Member States relating to the making available on the market of pressure equipment (OJ L 189, 27.6.2014, p. 164); Regulation (EU) 2018/1139 of the European Parliament and of the Council of 4 July 2018 on common rules in the field of civil aviation and establishing a European Union Aviation Safety Agency, and amending Regulations (EC) No 2111/2005, (EC) No 1008/2008, (EU) No 996/2010, (EU) No 376/2014 and Directives 2014/30/EU and 2014/53/EU of the European Parliament and of the Council, and repealing Regulations (EC) No 552/2004 and (EC) No 216/2008 of the European Parliament and of the Council and Council Regulation (EEC) No 3922/91 (OJ L 212, 22.8.2018, p. 1), in so far as the design, production and placing on the market of aircrafts referred to in points (a) and (b) of Article 2(1) thereof, where it concerns unmanned aircraft and their engines, propellers, parts and equipment to control them remotely, are concerned.",52021PC0206,,"Directive 2014/68/EU of the European Parliament and of the Council of 15 May 2014 on the harmonisation of the laws of the Member States relating to the making available on the market of pressure equipment (OJ L 189, 27.6.2014, p. 164); Regulation (EU) 2018/1139 of the European Parliament and of the Council of 4 July 2018 on common rules in the field of civil aviation and establishing a European Union Aviation Safety Agency, and amending Regulations (EC) No 2111/2005, (EC) No 1008/2008, (EU) No 996/2010, (EU) No 376/2014 and Directives 2014/30/EU and 2014/53/EU of the European Parliament and of the Council, and repealing Regulations (EC) No 552/2004 and (EC) No 216/2008 of the European Parliament and of the Council and Council Regulation (EEC) No 3922/91 (OJ L 212, 22.8.2018, p. 1), in so far as the design, production and placing on the market of aircrafts referred to in points (a) and (b) of Article 2(1) thereof, where it concerns unmanned aircraft and their engines, propellers, parts and equipment to control them remotely, are concerned."
AnnexII(1)(8),point,AnnexII,AnnexII/1/8,"Regulation (EU) 2016/424 of the European Parliament and of the Council of 9 March 2016 on cableway installations and repealing Directive 2000/9/EC (OJ L 81, 31.3.2016, p. 1);",52021PC0206,,"Regulation (EU) 2016/424 of the European Parliament and of the Council of 9 March 2016 on cableway installations and repealing Directive 2000/9/EC (OJ L 81, 31.3.2016, p. 1);"
AnnexII(1)(9),point,AnnexII,AnnexII/1/9,"Regulation (EU) 2016/425 of the European Parliament and of the Council of 9 March 2016 on personal protective equipment and repealing Council Directive 89/686/EEC (OJ L 81, 31.3.2016, p. 51);",52021PC0206,,"Regulation (EU) 2016/425 of the European Parliament and of the Council of 9 March 2016 on personal protective equipment and repealing Council Directive 89/686/EEC (OJ L 81, 31.3.2016, p. 51);"
AnnexII(1)(10),point,AnnexII,AnnexII/1/10,"Regulation (EU) 2016/426 of the European Parliament and of the Council of 9 March 2016 on appliances burning gaseous fuels and repealing Directive 2009/142/EC (OJ L 81, 31.3.2016, p. 99);",52021PC0206,,"Regulation (EU) 2016/426 of the European Parliament and of the Council of 9 March 2016 on appliances burning gaseous fuels and repealing Directive 2009/142/EC (OJ L 81, 31.3.2016, p. 99);"
AnnexII(1)(11),point,AnnexII,AnnexII/1/11,"Regulation (EU) 2017/745 of the European Parliament and of the Council of 5 April 2017 on medical devices, amending Directive 2001/83/EC, Regulation (EC) No 178/2002 and Regulation (EC) No 1223/2009 and repealing Council Directives 90/385/EEC and 93/42/EEC (OJ L 117, 5.5.2017, p. 1;",52021PC0206,,"Regulation (EU) 2017/745 of the European Parliament and of the Council of 5 April 2017 on medical devices, amending Directive 2001/83/EC, Regulation (EC) No 178/2002 and Regulation (EC) No 1223/2009 and repealing Council Directives 90/385/EEC and 93/42/EEC (OJ L 117, 5.5.2017, p. 1;"
AnnexII(1)(12),point,AnnexII,AnnexII/1/12,"Regulation (EU) 2017/746 of the European Parliament and of the Council of 5 April 2017 on in vitro diagnostic medical devices and repealing Directive 98/79/EC and Commission Decision 2010/227/EU (OJ L 117, 5.5.2017, p. 176). Section B. List of other Union harmonisation legislation",52021PC0206,,"Regulation (EU) 2017/746 of the European Parliament and of the Council of 5 April 2017 on in vitro diagnostic medical devices and repealing Directive 98/79/EC and Commission Decision 2010/227/EU (OJ L 117, 5.5.2017, p. 176). Section B. List of other Union harmonisation legislation"
AnnexIII,annex,AnnexIII,AnnexIII,High-risk AI systems pursuant to Article 6(2) are the AI systems listed in any of the following areas:,52021PC0206,HIGH-RISK AI SYSTEMS REFERRED TO IN ARTICLE 6(2),"High-risk AI systems pursuant to Article 6(2) are the AI systems listed in any of the following areas: Biometric identification and categorisation of natural persons: AI systems intended to be used for the ‘real-time’ and ‘post’ remote biometric identification of natural persons; Management and operation of critical infrastructure: AI systems intended to be used as safety components in the management and operation of road traffic and the supply of water, gas, heating and electricity. Education and vocational training: AI systems intended to be used for the purpose of determining access or assigning natural persons to educational and vocational training institutions; AI systems intended to be used for the purpose of assessing students in educational and vocational training institutions and for assessing participants in tests commonly required for admission to educational institutions. Employment, workers management and access to self-employment: AI systems intended to be used for recruitment or selection of natural persons, notably for advertising vacancies, screening or filtering applications, evaluating candidates in the course of interviews or tests; AI intended to be used for making decisions on promotion and termination of work-related contractual relationships, for task allocation and for monitoring and evaluating performance and behavior of persons in such relationships. Access to and enjoyment of essential private services and public services and benefits: AI systems intended to be used by public authorities or on behalf of public authorities to evaluate the eligibility of natural persons for public assistance benefits and services, as well as to grant, reduce, revoke, or reclaim such benefits and services; AI systems intended to be used to evaluate the creditworthiness of natural persons or establish their credit score, with the exception of AI systems put into service by small scale providers for their own use; AI systems intended to be used to dispatch, or to establish priority in the dispatching of emergency first response services, including by firefighters and medical aid. Law enforcement: AI systems intended to be used by law enforcement authorities for making individual risk assessments of natural persons in order to assess the risk of a natural person for offending or reoffending or the risk for potential victims of criminal offences; AI systems intended to be used by law enforcement authorities as polygraphs and similar tools or to detect the emotional state of a natural person; AI systems intended to be used by law enforcement authorities to detect deep fakes as referred to in article 52(3); AI systems intended to be used by law enforcement authorities for evaluation of the reliability of evidence in the course of investigation or prosecution of criminal offences; AI systems intended to be used by law enforcement authorities for predicting the occurrence or reoccurrence of an actual or potential criminal offence based on profiling of natural persons as referred to in Article 3(4) of Directive (EU) 2016/680 or assessing personality traits and characteristics or past criminal behaviour of natural persons or groups; AI systems intended to be used by law enforcement authorities for profiling of natural persons as referred to in Article 3(4) of Directive (EU) 2016/680 in the course of detection, investigation or prosecution of criminal offences; AI systems intended to be used for crime analytics regarding natural persons, allowing law enforcement authorities to search complex related and unrelated large data sets available in different data sources or in different data formats in order to identify unknown patterns or discover hidden relationships in the data. Migration, asylum and border control management: AI systems intended to be used by competent public authorities as polygraphs and similar tools or to detect the emotional state of a natural person; AI systems intended to be used by competent public authorities to assess a risk, including a security risk, a risk of irregular immigration, or a health risk, posed by a natural person who intends to enter or has entered into the territory of a Member State; AI systems intended to be used by competent public authorities for the verification of the authenticity of travel documents and supporting documentation of natural persons and detect non-authentic documents by checking their security features; AI systems intended to assist competent public authorities for the examination of applications for asylum, visa and residence permits and associated complaints with regard to the eligibility of the natural persons applying for a status. Administration of justice and democratic processes: AI systems intended to assist a judicial authority in researching and interpreting facts and the law and in applying the law to a concrete set of facts."
AnnexIII(1),paragraph,AnnexIII,AnnexIII/1,,52021PC0206,,"Biometric identification and categorisation of natural persons: AI systems intended to be used for the ‘real-time’ and ‘post’ remote biometric identification of natural persons; Management and operation of critical infrastructure: AI systems intended to be used as safety components in the management and operation of road traffic and the supply of water, gas, heating and electricity. Education and vocational training: AI systems intended to be used for the purpose of determining access or assigning natural persons to educational and vocational training institutions; AI systems intended to be used for the purpose of assessing students in educational and vocational training institutions and for assessing participants in tests commonly required for admission to educational institutions. Employment, workers management and access to self-employment: AI systems intended to be used for recruitment or selection of natural persons, notably for advertising vacancies, screening or filtering applications, evaluating candidates in the course of interviews or tests; AI intended to be used for making decisions on promotion and termination of work-related contractual relationships, for task allocation and for monitoring and evaluating performance and behavior of persons in such relationships. Access to and enjoyment of essential private services and public services and benefits: AI systems intended to be used by public authorities or on behalf of public authorities to evaluate the eligibility of natural persons for public assistance benefits and services, as well as to grant, reduce, revoke, or reclaim such benefits and services; AI systems intended to be used to evaluate the creditworthiness of natural persons or establish their credit score, with the exception of AI systems put into service by small scale providers for their own use; AI systems intended to be used to dispatch, or to establish priority in the dispatching of emergency first response services, including by firefighters and medical aid. Law enforcement: AI systems intended to be used by law enforcement authorities for making individual risk assessments of natural persons in order to assess the risk of a natural person for offending or reoffending or the risk for potential victims of criminal offences; AI systems intended to be used by law enforcement authorities as polygraphs and similar tools or to detect the emotional state of a natural person; AI systems intended to be used by law enforcement authorities to detect deep fakes as referred to in article 52(3); AI systems intended to be used by law enforcement authorities for evaluation of the reliability of evidence in the course of investigation or prosecution of criminal offences; AI systems intended to be used by law enforcement authorities for predicting the occurrence or reoccurrence of an actual or potential criminal offence based on profiling of natural persons as referred to in Article 3(4) of Directive (EU) 2016/680 or assessing personality traits and characteristics or past criminal behaviour of natural persons or groups; AI systems intended to be used by law enforcement authorities for profiling of natural persons as referred to in Article 3(4) of Directive (EU) 2016/680 in the course of detection, investigation or prosecution of criminal offences; AI systems intended to be used for crime analytics regarding natural persons, allowing law enforcement authorities to search complex related and unrelated large data sets available in different data sources or in different data formats in order to identify unknown patterns or discover hidden relationships in the data. Migration, asylum and border control management: AI systems intended to be used by competent public authorities as polygraphs and similar tools or to detect the emotional state of a natural person; AI systems intended to be used by competent public authorities to assess a risk, including a security risk, a risk of irregular immigration, or a health risk, posed by a natural person who intends to enter or has entered into the territory of a Member State; AI systems intended to be used by competent public authorities for the verification of the authenticity of travel documents and supporting documentation of natural persons and detect non-authentic documents by checking their security features; AI systems intended to assist competent public authorities for the examination of applications for asylum, visa and residence permits and associated complaints with regard to the eligibility of the natural persons applying for a status. Administration of justice and democratic processes: AI systems intended to assist a judicial authority in researching and interpreting facts and the law and in applying the law to a concrete set of facts."
AnnexIII(1)(1),point,AnnexIII,AnnexIII/1/1,Biometric identification and categorisation of natural persons:,52021PC0206,,Biometric identification and categorisation of natural persons: AI systems intended to be used for the ‘real-time’ and ‘post’ remote biometric identification of natural persons;
AnnexIII(1)(1)(a),subpoint,AnnexIII,AnnexIII/1/1/a,AI systems intended to be used for the ‘real-time’ and ‘post’ remote biometric identification of natural persons;,52021PC0206,,AI systems intended to be used for the ‘real-time’ and ‘post’ remote biometric identification of natural persons;
AnnexIII(1)(2),point,AnnexIII,AnnexIII/1/2,Management and operation of critical infrastructure:,52021PC0206,,"Management and operation of critical infrastructure: AI systems intended to be used as safety components in the management and operation of road traffic and the supply of water, gas, heating and electricity."
AnnexIII(1)(2)(a),subpoint,AnnexIII,AnnexIII/1/2/a,"AI systems intended to be used as safety components in the management and operation of road traffic and the supply of water, gas, heating and electricity.",52021PC0206,,"AI systems intended to be used as safety components in the management and operation of road traffic and the supply of water, gas, heating and electricity."
AnnexIII(1)(3),point,AnnexIII,AnnexIII/1/3,Education and vocational training:,52021PC0206,,Education and vocational training: AI systems intended to be used for the purpose of determining access or assigning natural persons to educational and vocational training institutions; AI systems intended to be used for the purpose of assessing students in educational and vocational training institutions and for assessing participants in tests commonly required for admission to educational institutions.
AnnexIII(1)(3)(a),subpoint,AnnexIII,AnnexIII/1/3/a,AI systems intended to be used for the purpose of determining access or assigning natural persons to educational and vocational training institutions;,52021PC0206,,AI systems intended to be used for the purpose of determining access or assigning natural persons to educational and vocational training institutions;
AnnexIII(1)(3)(b),subpoint,AnnexIII,AnnexIII/1/3/b,AI systems intended to be used for the purpose of assessing students in educational and vocational training institutions and for assessing participants in tests commonly required for admission to educational institutions.,52021PC0206,,AI systems intended to be used for the purpose of assessing students in educational and vocational training institutions and for assessing participants in tests commonly required for admission to educational institutions.
AnnexIII(1)(4),point,AnnexIII,AnnexIII/1/4,"Employment, workers management and access to self-employment:",52021PC0206,,"Employment, workers management and access to self-employment: AI systems intended to be used for recruitment or selection of natural persons, notably for advertising vacancies, screening or filtering applications, evaluating candidates in the course of interviews or tests; AI intended to be used for making decisions on promotion and termination of work-related contractual relationships, for task allocation and for monitoring and evaluating performance and behavior of persons in such relationships."
AnnexIII(1)(4)(a),subpoint,AnnexIII,AnnexIII/1/4/a,"AI systems intended to be used for recruitment or selection of natural persons, notably for advertising vacancies, screening or filtering applications, evaluating candidates in the course of interviews or tests;",52021PC0206,,"AI systems intended to be used for recruitment or selection of natural persons, notably for advertising vacancies, screening or filtering applications, evaluating candidates in the course of interviews or tests;"
AnnexIII(1)(4)(b),subpoint,AnnexIII,AnnexIII/1/4/b,"AI intended to be used for making decisions on promotion and termination of work-related contractual relationships, for task allocation and for monitoring and evaluating performance and behavior of persons in such relationships.",52021PC0206,,"AI intended to be used for making decisions on promotion and termination of work-related contractual relationships, for task allocation and for monitoring and evaluating performance and behavior of persons in such relationships."
AnnexIII(1)(5),point,AnnexIII,AnnexIII/1/5,Access to and enjoyment of essential private services and public services and benefits:,52021PC0206,,"Access to and enjoyment of essential private services and public services and benefits: AI systems intended to be used by public authorities or on behalf of public authorities to evaluate the eligibility of natural persons for public assistance benefits and services, as well as to grant, reduce, revoke, or reclaim such benefits and services; AI systems intended to be used to evaluate the creditworthiness of natural persons or establish their credit score, with the exception of AI systems put into service by small scale providers for their own use; AI systems intended to be used to dispatch, or to establish priority in the dispatching of emergency first response services, including by firefighters and medical aid."
AnnexIII(1)(5)(a),subpoint,AnnexIII,AnnexIII/1/5/a,"AI systems intended to be used by public authorities or on behalf of public authorities to evaluate the eligibility of natural persons for public assistance benefits and services, as well as to grant, reduce, revoke, or reclaim such benefits and services;",52021PC0206,,"AI systems intended to be used by public authorities or on behalf of public authorities to evaluate the eligibility of natural persons for public assistance benefits and services, as well as to grant, reduce, revoke, or reclaim such benefits and services;"
AnnexIII(1)(5)(b),subpoint,AnnexIII,AnnexIII/1/5/b,"AI systems intended to be used to evaluate the creditworthiness of natural persons or establish their credit score, with the exception of AI systems put into service by small scale providers for their own use;",52021PC0206,,"AI systems intended to be used to evaluate the creditworthiness of natural persons or establish their credit score, with the exception of AI systems put into service by small scale providers for their own use;"
AnnexIII(1)(5)(c),subpoint,AnnexIII,AnnexIII/1/5/c,"AI systems intended to be used to dispatch, or to establish priority in the dispatching of emergency first response services, including by firefighters and medical aid.",52021PC0206,,"AI systems intended to be used to dispatch, or to establish priority in the dispatching of emergency first response services, including by firefighters and medical aid."
AnnexIII(1)(6),point,AnnexIII,AnnexIII/1/6,Law enforcement:,52021PC0206,,"Law enforcement: AI systems intended to be used by law enforcement authorities for making individual risk assessments of natural persons in order to assess the risk of a natural person for offending or reoffending or the risk for potential victims of criminal offences; AI systems intended to be used by law enforcement authorities as polygraphs and similar tools or to detect the emotional state of a natural person; AI systems intended to be used by law enforcement authorities to detect deep fakes as referred to in article 52(3); AI systems intended to be used by law enforcement authorities for evaluation of the reliability of evidence in the course of investigation or prosecution of criminal offences; AI systems intended to be used by law enforcement authorities for predicting the occurrence or reoccurrence of an actual or potential criminal offence based on profiling of natural persons as referred to in Article 3(4) of Directive (EU) 2016/680 or assessing personality traits and characteristics or past criminal behaviour of natural persons or groups; AI systems intended to be used by law enforcement authorities for profiling of natural persons as referred to in Article 3(4) of Directive (EU) 2016/680 in the course of detection, investigation or prosecution of criminal offences; AI systems intended to be used for crime analytics regarding natural persons, allowing law enforcement authorities to search complex related and unrelated large data sets available in different data sources or in different data formats in order to identify unknown patterns or discover hidden relationships in the data."
AnnexIII(1)(6)(a),subpoint,AnnexIII,AnnexIII/1/6/a,AI systems intended to be used by law enforcement authorities for making individual risk assessments of natural persons in order to assess the risk of a natural person for offending or reoffending or the risk for potential victims of criminal offences;,52021PC0206,,AI systems intended to be used by law enforcement authorities for making individual risk assessments of natural persons in order to assess the risk of a natural person for offending or reoffending or the risk for potential victims of criminal offences;
AnnexIII(1)(6)(b),subpoint,AnnexIII,AnnexIII/1/6/b,AI systems intended to be used by law enforcement authorities as polygraphs and similar tools or to detect the emotional state of a natural person;,52021PC0206,,AI systems intended to be used by law enforcement authorities as polygraphs and similar tools or to detect the emotional state of a natural person;
AnnexIII(1)(6)(c),subpoint,AnnexIII,AnnexIII/1/6/c,AI systems intended to be used by law enforcement authorities to detect deep fakes as referred to in article 52(3);,52021PC0206,,AI systems intended to be used by law enforcement authorities to detect deep fakes as referred to in article 52(3);
AnnexIII(1)(6)(d),subpoint,AnnexIII,AnnexIII/1/6/d,AI systems intended to be used by law enforcement authorities for evaluation of the reliability of evidence in the course of investigation or prosecution of criminal offences;,52021PC0206,,AI systems intended to be used by law enforcement authorities for evaluation of the reliability of evidence in the course of investigation or prosecution of criminal offences;
AnnexIII(1)(6)(e),subpoint,AnnexIII,AnnexIII/1/6/e,AI systems intended to be used by law enforcement authorities for predicting the occurrence or reoccurrence of an actual or potential criminal offence based on profiling of natural persons as referred to in Article 3(4) of Directive (EU) 2016/680 or assessing personality traits and characteristics or past criminal behaviour of natural persons or groups;,52021PC0206,,AI systems intended to be used by law enforcement authorities for predicting the occurrence or reoccurrence of an actual or potential criminal offence based on profiling of natural persons as referred to in Article 3(4) of Directive (EU) 2016/680 or assessing personality traits and characteristics or past criminal behaviour of natural persons or groups;
AnnexIII(1)(6)(f),subpoint,AnnexIII,AnnexIII/1/6/f,"AI systems intended to be used by law enforcement authorities for profiling of natural persons as referred to in Article 3(4) of Directive (EU) 2016/680 in the course of detection, investigation or prosecution of criminal offences;",52021PC0206,,"AI systems intended to be used by law enforcement authorities for profiling of natural persons as referred to in Article 3(4) of Directive (EU) 2016/680 in the course of detection, investigation or prosecution of criminal offences;"
AnnexIII(1)(6)(g),subpoint,AnnexIII,AnnexIII/1/6/g,"AI systems intended to be used for crime analytics regarding natural persons, allowing law enforcement authorities to search complex related and unrelated large data sets available in different data sources or in different data formats in order to identify unknown patterns or discover hidden relationships in the data.",52021PC0206,,"AI systems intended to be used for crime analytics regarding natural persons, allowing law enforcement authorities to search complex related and unrelated large data sets available in different data sources or in different data formats in order to identify unknown patterns or discover hidden relationships in the data."
AnnexIII(1)(7),point,AnnexIII,AnnexIII/1/7,"Migration, asylum and border control management:",52021PC0206,,"Migration, asylum and border control management: AI systems intended to be used by competent public authorities as polygraphs and similar tools or to detect the emotional state of a natural person; AI systems intended to be used by competent public authorities to assess a risk, including a security risk, a risk of irregular immigration, or a health risk, posed by a natural person who intends to enter or has entered into the territory of a Member State; AI systems intended to be used by competent public authorities for the verification of the authenticity of travel documents and supporting documentation of natural persons and detect non-authentic documents by checking their security features; AI systems intended to assist competent public authorities for the examination of applications for asylum, visa and residence permits and associated complaints with regard to the eligibility of the natural persons applying for a status."
AnnexIII(1)(7)(a),subpoint,AnnexIII,AnnexIII/1/7/a,AI systems intended to be used by competent public authorities as polygraphs and similar tools or to detect the emotional state of a natural person;,52021PC0206,,AI systems intended to be used by competent public authorities as polygraphs and similar tools or to detect the emotional state of a natural person;
AnnexIII(1)(7)(b),subpoint,AnnexIII,AnnexIII/1/7/b,"AI systems intended to be used by competent public authorities to assess a risk, including a security risk, a risk of irregular immigration, or a health risk, posed by a natural person who intends to enter or has entered into the territory of a Member State;",52021PC0206,,"AI systems intended to be used by competent public authorities to assess a risk, including a security risk, a risk of irregular immigration, or a health risk, posed by a natural person who intends to enter or has entered into the territory of a Member State;"
AnnexIII(1)(7)(c),subpoint,AnnexIII,AnnexIII/1/7/c,AI systems intended to be used by competent public authorities for the verification of the authenticity of travel documents and supporting documentation of natural persons and detect non-authentic documents by checking their security features;,52021PC0206,,AI systems intended to be used by competent public authorities for the verification of the authenticity of travel documents and supporting documentation of natural persons and detect non-authentic documents by checking their security features;
AnnexIII(1)(7)(d),subpoint,AnnexIII,AnnexIII/1/7/d,"AI systems intended to assist competent public authorities for the examination of applications for asylum, visa and residence permits and associated complaints with regard to the eligibility of the natural persons applying for a status.",52021PC0206,,"AI systems intended to assist competent public authorities for the examination of applications for asylum, visa and residence permits and associated complaints with regard to the eligibility of the natural persons applying for a status."
AnnexIII(1)(8),point,AnnexIII,AnnexIII/1/8,Administration of justice and democratic processes:,52021PC0206,,Administration of justice and democratic processes: AI systems intended to assist a judicial authority in researching and interpreting facts and the law and in applying the law to a concrete set of facts.
AnnexIII(1)(8)(a),subpoint,AnnexIII,AnnexIII/1/8/a,AI systems intended to assist a judicial authority in researching and interpreting facts and the law and in applying the law to a concrete set of facts.,52021PC0206,,AI systems intended to assist a judicial authority in researching and interpreting facts and the law and in applying the law to a concrete set of facts.
AnnexIV,annex,AnnexIV,AnnexIV,"The technical documentation referred to in Article 11(1) shall contain at least the following information, as applicable to the relevant AI system:",52021PC0206,TECHNICAL DOCUMENTATION referred to in Article 11(1),"The technical documentation referred to in Article 11(1) shall contain at least the following information, as applicable to the relevant AI system: A general description of the AI system including: its intended purpose, the person/s developing the system the date and the version of the system; how the AI system interacts or can be used to interact with hardware or software that is not part of the AI system itself, where applicable; the versions of relevant software or firmware and any requirement related to version update; the description of all forms in which the AI system is placed on the market or put into service; the description of hardware on which the AI system is intended to run; where the AI system is a component of products, photographs or illustrations showing external features, marking and internal layout of those products; instructions of use for the user and, where applicable installation instructions; A detailed description of the elements of the AI system and of the process for its development, including: the methods and steps performed for the development of the AI system, including, where relevant, recourse to pre-trained systems or tools provided by third parties and how these have been used, integrated or modified by the provider; the design specifications of the system, namely the general logic of the AI system and of the algorithms; the key design choices including the rationale and assumptions made, also with regard to persons or groups of persons on which the system is intended to be used; the main classification choices; what the system is designed to optimise for and the relevance of the different parameters; the decisions about any possible trade-off made regarding the technical solutions adopted to comply with the requirements set out in Title III, Chapter 2; the description of the system architecture explaining how software components build on or feed into each other and integrate into the overall processing; the computational resources used to develop, train, test and validate the AI system; where relevant, the data requirements in terms of datasheets describing the training methodologies and techniques and the training data sets used, including information about the provenance of those data sets, their scope and main characteristics; how the data was obtained and selected; labelling procedures (e.g. for supervised learning), data cleaning methodologies (e.g. outliers detection); assessment of the human oversight measures needed in accordance with Article 14, including an assessment of the technical measures needed to facilitate the interpretation of the outputs of AI systems by the users, in accordance with Articles 13(3)(d); where applicable, a detailed description of pre-determined changes to the AI system and its performance, together with all the relevant information related to the technical solutions adopted to ensure continuous compliance of the AI system with the relevant requirements set out in Title III, Chapter 2; the validation and testing procedures used, including information about the validation and testing data used and their main characteristics; metrics used to measure accuracy, robustness, cybersecurity and compliance with other relevant requirements set out in Title III, Chapter 2 as well as potentially discriminatory impacts; test logs and all test reports dated and signed by the responsible persons, including with regard to pre-determined changes as referred to under point (f). Detailed information about the monitoring, functioning and control of the AI system, in particular with regard to: its capabilities and limitations in performance, including the degrees of accuracy for specific persons or groups of persons on which the system is intended to be used and the overall expected level of accuracy in relation to its intended purpose; the foreseeable unintended outcomes and sources of risks to health and safety, fundamental rights and discrimination in view of the intended purpose of the AI system; the human oversight measures needed in accordance with Article 14, including the technical measures put in place to facilitate the interpretation of the outputs of AI systems by the users; specifications on input data, as appropriate; A detailed description of the risk management system in accordance with Article 9; A description of any change made to the system through its lifecycle; A list of the harmonised standards applied in full or in part the references of which have been published in the Official Journal of the European Union; where no such harmonised standards have been applied, a detailed description of the solutions adopted to meet the requirements set out in Title III, Chapter 2, including a list of other relevant standards and technical specifications applied; A copy of the EU declaration of conformity; A detailed description of the system in place to evaluate the AI system performance in the post-market phase in accordance with Article 61, including the post-market monitoring plan referred to in Article 61(3)."
AnnexIV(1),paragraph,AnnexIV,AnnexIV/1,,52021PC0206,,"A general description of the AI system including: its intended purpose, the person/s developing the system the date and the version of the system; how the AI system interacts or can be used to interact with hardware or software that is not part of the AI system itself, where applicable; the versions of relevant software or firmware and any requirement related to version update; the description of all forms in which the AI system is placed on the market or put into service; the description of hardware on which the AI system is intended to run; where the AI system is a component of products, photographs or illustrations showing external features, marking and internal layout of those products; instructions of use for the user and, where applicable installation instructions; A detailed description of the elements of the AI system and of the process for its development, including: the methods and steps performed for the development of the AI system, including, where relevant, recourse to pre-trained systems or tools provided by third parties and how these have been used, integrated or modified by the provider; the design specifications of the system, namely the general logic of the AI system and of the algorithms; the key design choices including the rationale and assumptions made, also with regard to persons or groups of persons on which the system is intended to be used; the main classification choices; what the system is designed to optimise for and the relevance of the different parameters; the decisions about any possible trade-off made regarding the technical solutions adopted to comply with the requirements set out in Title III, Chapter 2; the description of the system architecture explaining how software components build on or feed into each other and integrate into the overall processing; the computational resources used to develop, train, test and validate the AI system; where relevant, the data requirements in terms of datasheets describing the training methodologies and techniques and the training data sets used, including information about the provenance of those data sets, their scope and main characteristics; how the data was obtained and selected; labelling procedures (e.g. for supervised learning), data cleaning methodologies (e.g. outliers detection); assessment of the human oversight measures needed in accordance with Article 14, including an assessment of the technical measures needed to facilitate the interpretation of the outputs of AI systems by the users, in accordance with Articles 13(3)(d); where applicable, a detailed description of pre-determined changes to the AI system and its performance, together with all the relevant information related to the technical solutions adopted to ensure continuous compliance of the AI system with the relevant requirements set out in Title III, Chapter 2; the validation and testing procedures used, including information about the validation and testing data used and their main characteristics; metrics used to measure accuracy, robustness, cybersecurity and compliance with other relevant requirements set out in Title III, Chapter 2 as well as potentially discriminatory impacts; test logs and all test reports dated and signed by the responsible persons, including with regard to pre-determined changes as referred to under point (f). Detailed information about the monitoring, functioning and control of the AI system, in particular with regard to: its capabilities and limitations in performance, including the degrees of accuracy for specific persons or groups of persons on which the system is intended to be used and the overall expected level of accuracy in relation to its intended purpose; the foreseeable unintended outcomes and sources of risks to health and safety, fundamental rights and discrimination in view of the intended purpose of the AI system; the human oversight measures needed in accordance with Article 14, including the technical measures put in place to facilitate the interpretation of the outputs of AI systems by the users; specifications on input data, as appropriate; A detailed description of the risk management system in accordance with Article 9; A description of any change made to the system through its lifecycle; A list of the harmonised standards applied in full or in part the references of which have been published in the Official Journal of the European Union; where no such harmonised standards have been applied, a detailed description of the solutions adopted to meet the requirements set out in Title III, Chapter 2, including a list of other relevant standards and technical specifications applied; A copy of the EU declaration of conformity; A detailed description of the system in place to evaluate the AI system performance in the post-market phase in accordance with Article 61, including the post-market monitoring plan referred to in Article 61(3)."
AnnexIV(1)(1),point,AnnexIV,AnnexIV/1/1,A general description of the AI system including:,52021PC0206,,"A general description of the AI system including: its intended purpose, the person/s developing the system the date and the version of the system; how the AI system interacts or can be used to interact with hardware or software that is not part of the AI system itself, where applicable; the versions of relevant software or firmware and any requirement related to version update; the description of all forms in which the AI system is placed on the market or put into service; the description of hardware on which the AI system is intended to run; where the AI system is a component of products, photographs or illustrations showing external features, marking and internal layout of those products; instructions of use for the user and, where applicable installation instructions;"
AnnexIV(1)(1)(a),subpoint,AnnexIV,AnnexIV/1/1/a,"its intended purpose, the person/s developing the system the date and the version of the system;",52021PC0206,,"its intended purpose, the person/s developing the system the date and the version of the system;"
AnnexIV(1)(1)(b),subpoint,AnnexIV,AnnexIV/1/1/b,"how the AI system interacts or can be used to interact with hardware or software that is not part of the AI system itself, where applicable;",52021PC0206,,"how the AI system interacts or can be used to interact with hardware or software that is not part of the AI system itself, where applicable;"
AnnexIV(1)(1)(c),subpoint,AnnexIV,AnnexIV/1/1/c,the versions of relevant software or firmware and any requirement related to version update;,52021PC0206,,the versions of relevant software or firmware and any requirement related to version update;
AnnexIV(1)(1)(d),subpoint,AnnexIV,AnnexIV/1/1/d,the description of all forms in which the AI system is placed on the market or put into service;,52021PC0206,,the description of all forms in which the AI system is placed on the market or put into service;
AnnexIV(1)(1)(e),subpoint,AnnexIV,AnnexIV/1/1/e,the description of hardware on which the AI system is intended to run;,52021PC0206,,the description of hardware on which the AI system is intended to run;
AnnexIV(1)(1)(f),subpoint,AnnexIV,AnnexIV/1/1/f,"where the AI system is a component of products, photographs or illustrations showing external features, marking and internal layout of those products;",52021PC0206,,"where the AI system is a component of products, photographs or illustrations showing external features, marking and internal layout of those products;"
AnnexIV(1)(1)(g),subpoint,AnnexIV,AnnexIV/1/1/g,"instructions of use for the user and, where applicable installation instructions;",52021PC0206,,"instructions of use for the user and, where applicable installation instructions;"
AnnexIV(1)(2),point,AnnexIV,AnnexIV/1/2,"A detailed description of the elements of the AI system and of the process for its development, including:",52021PC0206,,"A detailed description of the elements of the AI system and of the process for its development, including: the methods and steps performed for the development of the AI system, including, where relevant, recourse to pre-trained systems or tools provided by third parties and how these have been used, integrated or modified by the provider; the design specifications of the system, namely the general logic of the AI system and of the algorithms; the key design choices including the rationale and assumptions made, also with regard to persons or groups of persons on which the system is intended to be used; the main classification choices; what the system is designed to optimise for and the relevance of the different parameters; the decisions about any possible trade-off made regarding the technical solutions adopted to comply with the requirements set out in Title III, Chapter 2; the description of the system architecture explaining how software components build on or feed into each other and integrate into the overall processing; the computational resources used to develop, train, test and validate the AI system; where relevant, the data requirements in terms of datasheets describing the training methodologies and techniques and the training data sets used, including information about the provenance of those data sets, their scope and main characteristics; how the data was obtained and selected; labelling procedures (e.g. for supervised learning), data cleaning methodologies (e.g. outliers detection); assessment of the human oversight measures needed in accordance with Article 14, including an assessment of the technical measures needed to facilitate the interpretation of the outputs of AI systems by the users, in accordance with Articles 13(3)(d); where applicable, a detailed description of pre-determined changes to the AI system and its performance, together with all the relevant information related to the technical solutions adopted to ensure continuous compliance of the AI system with the relevant requirements set out in Title III, Chapter 2; the validation and testing procedures used, including information about the validation and testing data used and their main characteristics; metrics used to measure accuracy, robustness, cybersecurity and compliance with other relevant requirements set out in Title III, Chapter 2 as well as potentially discriminatory impacts; test logs and all test reports dated and signed by the responsible persons, including with regard to pre-determined changes as referred to under point (f)."
AnnexIV(1)(2)(a),subpoint,AnnexIV,AnnexIV/1/2/a,"the methods and steps performed for the development of the AI system, including, where relevant, recourse to pre-trained systems or tools provided by third parties and how these have been used, integrated or modified by the provider;",52021PC0206,,"the methods and steps performed for the development of the AI system, including, where relevant, recourse to pre-trained systems or tools provided by third parties and how these have been used, integrated or modified by the provider;"
AnnexIV(1)(2)(b),subpoint,AnnexIV,AnnexIV/1/2/b,"the design specifications of the system, namely the general logic of the AI system and of the algorithms; the key design choices including the rationale and assumptions made, also with regard to persons or groups of persons on which the system is intended to be used; the main classification choices; what the system is designed to optimise for and the relevance of the different parameters; the decisions about any possible trade-off made regarding the technical solutions adopted to comply with the requirements set out in Title III, Chapter 2;",52021PC0206,,"the design specifications of the system, namely the general logic of the AI system and of the algorithms; the key design choices including the rationale and assumptions made, also with regard to persons or groups of persons on which the system is intended to be used; the main classification choices; what the system is designed to optimise for and the relevance of the different parameters; the decisions about any possible trade-off made regarding the technical solutions adopted to comply with the requirements set out in Title III, Chapter 2;"
AnnexIV(1)(2)(c),subpoint,AnnexIV,AnnexIV/1/2/c,"the description of the system architecture explaining how software components build on or feed into each other and integrate into the overall processing; the computational resources used to develop, train, test and validate the AI system;",52021PC0206,,"the description of the system architecture explaining how software components build on or feed into each other and integrate into the overall processing; the computational resources used to develop, train, test and validate the AI system;"
AnnexIV(1)(2)(d),subpoint,AnnexIV,AnnexIV/1/2/d,"where relevant, the data requirements in terms of datasheets describing the training methodologies and techniques and the training data sets used, including information about the provenance of those data sets, their scope and main characteristics; how the data was obtained and selected; labelling procedures (e.g. for supervised learning), data cleaning methodologies (e.g. outliers detection);",52021PC0206,,"where relevant, the data requirements in terms of datasheets describing the training methodologies and techniques and the training data sets used, including information about the provenance of those data sets, their scope and main characteristics; how the data was obtained and selected; labelling procedures (e.g. for supervised learning), data cleaning methodologies (e.g. outliers detection);"
AnnexIV(1)(2)(e),subpoint,AnnexIV,AnnexIV/1/2/e,"assessment of the human oversight measures needed in accordance with Article 14, including an assessment of the technical measures needed to facilitate the interpretation of the outputs of AI systems by the users, in accordance with Articles 13(3)(d);",52021PC0206,,"assessment of the human oversight measures needed in accordance with Article 14, including an assessment of the technical measures needed to facilitate the interpretation of the outputs of AI systems by the users, in accordance with Articles 13(3)(d);"
AnnexIV(1)(2)(f),subpoint,AnnexIV,AnnexIV/1/2/f,"where applicable, a detailed description of pre-determined changes to the AI system and its performance, together with all the relevant information related to the technical solutions adopted to ensure continuous compliance of the AI system with the relevant requirements set out in Title III, Chapter 2;",52021PC0206,,"where applicable, a detailed description of pre-determined changes to the AI system and its performance, together with all the relevant information related to the technical solutions adopted to ensure continuous compliance of the AI system with the relevant requirements set out in Title III, Chapter 2;"
AnnexIV(1)(2)(g),subpoint,AnnexIV,AnnexIV/1/2/g,"the validation and testing procedures used, including information about the validation and testing data used and their main characteristics; metrics used to measure accuracy, robustness, cybersecurity and compliance with other relevant requirements set out in Title III, Chapter 2 as well as potentially discriminatory impacts; test logs and all test reports dated and signed by the responsible persons, including with regard to pre-determined changes as referred to under point (f).",52021PC0206,,"the validation and testing procedures used, including information about the validation and testing data used and their main characteristics; metrics used to measure accuracy, robustness, cybersecurity and compliance with other relevant requirements set out in Title III, Chapter 2 as well as potentially discriminatory impacts; test logs and all test reports dated and signed by the responsible persons, including with regard to pre-determined changes as referred to under point (f)."
AnnexIV(1)(3),point,AnnexIV,AnnexIV/1/3,"Detailed information about the monitoring, functioning and control of the AI system, in particular with regard to: its capabilities and limitations in performance, including the degrees of accuracy for specific persons or groups of persons on which the system is intended to be used and the overall expected level of accuracy in relation to its intended purpose; the foreseeable unintended outcomes and sources of risks to health and safety, fundamental rights and discrimination in view of the intended purpose of the AI system; the human oversight measures needed in accordance with Article 14, including the technical measures put in place to facilitate the interpretation of the outputs of AI systems by the users; specifications on input data, as appropriate;",52021PC0206,,"Detailed information about the monitoring, functioning and control of the AI system, in particular with regard to: its capabilities and limitations in performance, including the degrees of accuracy for specific persons or groups of persons on which the system is intended to be used and the overall expected level of accuracy in relation to its intended purpose; the foreseeable unintended outcomes and sources of risks to health and safety, fundamental rights and discrimination in view of the intended purpose of the AI system; the human oversight measures needed in accordance with Article 14, including the technical measures put in place to facilitate the interpretation of the outputs of AI systems by the users; specifications on input data, as appropriate;"
AnnexIV(1)(4),point,AnnexIV,AnnexIV/1/4,A detailed description of the risk management system in accordance with Article 9;,52021PC0206,,A detailed description of the risk management system in accordance with Article 9;
AnnexIV(1)(5),point,AnnexIV,AnnexIV/1/5,A description of any change made to the system through its lifecycle;,52021PC0206,,A description of any change made to the system through its lifecycle;
AnnexIV(1)(6),point,AnnexIV,AnnexIV/1/6,"A list of the harmonised standards applied in full or in part the references of which have been published in the Official Journal of the European Union; where no such harmonised standards have been applied, a detailed description of the solutions adopted to meet the requirements set out in Title III, Chapter 2, including a list of other relevant standards and technical specifications applied;",52021PC0206,,"A list of the harmonised standards applied in full or in part the references of which have been published in the Official Journal of the European Union; where no such harmonised standards have been applied, a detailed description of the solutions adopted to meet the requirements set out in Title III, Chapter 2, including a list of other relevant standards and technical specifications applied;"
AnnexIV(1)(7),point,AnnexIV,AnnexIV/1/7,A copy of the EU declaration of conformity;,52021PC0206,,A copy of the EU declaration of conformity;
AnnexIV(1)(8),point,AnnexIV,AnnexIV/1/8,"A detailed description of the system in place to evaluate the AI system performance in the post-market phase in accordance with Article 61, including the post-market monitoring plan referred to in Article 61(3).",52021PC0206,,"A detailed description of the system in place to evaluate the AI system performance in the post-market phase in accordance with Article 61, including the post-market monitoring plan referred to in Article 61(3)."
AnnexV,annex,AnnexV,AnnexV,"The EU declaration of conformity referred to in Article 48, shall contain all of the following information:",52021PC0206,EU DECLARATION OF CONFORMITY,"The EU declaration of conformity referred to in Article 48, shall contain all of the following information: AI system name and type and any additional unambiguous reference allowing identification and traceability of the AI system; Name and address of the provider or, where applicable, their authorised representative; A statement that the EU declaration of conformity is issued under the sole responsibility of the provider; A statement that the AI system in question is in conformity with this Regulation and, if applicable, with any other relevant Union legislation that provides for the issuing of an EU declaration of conformity; References to any relevant harmonised standards used or any other common specification in relation to which conformity is declared; Where applicable, the name and identification number of the notified body, a description of the conformity assessment procedure performed and identification of the certificate issued; Place and date of issue of the declaration, name and function of the person who signed it as well as an indication for, and on behalf of whom, that person signed, signature."
AnnexV(1),paragraph,AnnexV,AnnexV/1,,52021PC0206,,"AI system name and type and any additional unambiguous reference allowing identification and traceability of the AI system; Name and address of the provider or, where applicable, their authorised representative; A statement that the EU declaration of conformity is issued under the sole responsibility of the provider; A statement that the AI system in question is in conformity with this Regulation and, if applicable, with any other relevant Union legislation that provides for the issuing of an EU declaration of conformity; References to any relevant harmonised standards used or any other common specification in relation to which conformity is declared; Where applicable, the name and identification number of the notified body, a description of the conformity assessment procedure performed and identification of the certificate issued; Place and date of issue of the declaration, name and function of the person who signed it as well as an indication for, and on behalf of whom, that person signed, signature."
AnnexV(1)(1),point,AnnexV,AnnexV/1/1,AI system name and type and any additional unambiguous reference allowing identification and traceability of the AI system;,52021PC0206,,AI system name and type and any additional unambiguous reference allowing identification and traceability of the AI system;
AnnexV(1)(2),point,AnnexV,AnnexV/1/2,"Name and address of the provider or, where applicable, their authorised representative;",52021PC0206,,"Name and address of the provider or, where applicable, their authorised representative;"
AnnexV(1)(3),point,AnnexV,AnnexV/1/3,A statement that the EU declaration of conformity is issued under the sole responsibility of the provider;,52021PC0206,,A statement that the EU declaration of conformity is issued under the sole responsibility of the provider;
AnnexV(1)(4),point,AnnexV,AnnexV/1/4,"A statement that the AI system in question is in conformity with this Regulation and, if applicable, with any other relevant Union legislation that provides for the issuing of an EU declaration of conformity;",52021PC0206,,"A statement that the AI system in question is in conformity with this Regulation and, if applicable, with any other relevant Union legislation that provides for the issuing of an EU declaration of conformity;"
AnnexV(1)(5),point,AnnexV,AnnexV/1/5,References to any relevant harmonised standards used or any other common specification in relation to which conformity is declared;,52021PC0206,,References to any relevant harmonised standards used or any other common specification in relation to which conformity is declared;
AnnexV(1)(6),point,AnnexV,AnnexV/1/6,"Where applicable, the name and identification number of the notified body, a description of the conformity assessment procedure performed and identification of the certificate issued;",52021PC0206,,"Where applicable, the name and identification number of the notified body, a description of the conformity assessment procedure performed and identification of the certificate issued;"
AnnexV(1)(7),point,AnnexV,AnnexV/1/7,"Place and date of issue of the declaration, name and function of the person who signed it as well as an indication for, and on behalf of whom, that person signed, signature.",52021PC0206,,"Place and date of issue of the declaration, name and function of the person who signed it as well as an indication for, and on behalf of whom, that person signed, signature."
AnnexVI,annex,AnnexVI,AnnexVI,,52021PC0206,CONFORMITY ASSESSMENT PROCEDURE BASED ON INTERNAL CONTROL,"The conformity assessment procedure based on internal control is the conformity assessment procedure based on points 2 to 4. The provider verifies that the established quality management system is in compliance with the requirements of Article 17. The provider examines the information contained in the technical documentation in order to assess the compliance of the AI system with the relevant essential requirements set out in Title III, Chapter 2. The provider also verifies that the design and development process of the AI system and its post-market monitoring as referred to in Article 61 is consistent with the technical documentation."
AnnexVI(1),paragraph,AnnexVI,AnnexVI/1,,52021PC0206,,"The conformity assessment procedure based on internal control is the conformity assessment procedure based on points 2 to 4. The provider verifies that the established quality management system is in compliance with the requirements of Article 17. The provider examines the information contained in the technical documentation in order to assess the compliance of the AI system with the relevant essential requirements set out in Title III, Chapter 2. The provider also verifies that the design and development process of the AI system and its post-market monitoring as referred to in Article 61 is consistent with the technical documentation."
AnnexVI(1)(1),point,AnnexVI,AnnexVI/1/1,The conformity assessment procedure based on internal control is the conformity assessment procedure based on points 2 to 4.,52021PC0206,,The conformity assessment procedure based on internal control is the conformity assessment procedure based on points 2 to 4.
AnnexVI(1)(2),point,AnnexVI,AnnexVI/1/2,The provider verifies that the established quality management system is in compliance with the requirements of Article 17.,52021PC0206,,The provider verifies that the established quality management system is in compliance with the requirements of Article 17.
AnnexVI(1)(3),point,AnnexVI,AnnexVI/1/3,"The provider examines the information contained in the technical documentation in order to assess the compliance of the AI system with the relevant essential requirements set out in Title III, Chapter 2.",52021PC0206,,"The provider examines the information contained in the technical documentation in order to assess the compliance of the AI system with the relevant essential requirements set out in Title III, Chapter 2."
AnnexVI(1)(4),point,AnnexVI,AnnexVI/1/4,The provider also verifies that the design and development process of the AI system and its post-market monitoring as referred to in Article 61 is consistent with the technical documentation.,52021PC0206,,The provider also verifies that the design and development process of the AI system and its post-market monitoring as referred to in Article 61 is consistent with the technical documentation.
AnnexVII,annex,AnnexVII,AnnexVII,,52021PC0206,CONFORMITY BASED ON ASSESSMENT OF QUALITY MANAGEMENT SYSTEM AND ASSESSMENT OF TECHNICAL DOCUMENTATION,"Introduction Conformity based on assessment of quality management system and assessment of the technical documentation is the conformity assessment procedure based on points 2 to 5. Overview The approved quality management system for the design, development and testing of AI systems pursuant to Article 17 shall be examined in accordance with point 3 and shall be subject to surveillance as specified in point 5. The technical documentation of the AI system shall be examined in accordance with point 4. Quality management system 3.1.The application of the provider shall include: the name and address of the provider and, if the application is lodged by the authorised representative, their name and address as well; the list of AI systems covered under the same quality management system; the technical documentation for each AI system covered under the same quality management system; the documentation concerning the quality management system which shall cover all the aspects listed under Article 17; a description of the procedures in place to ensure that the quality management system remains adequate and effective; a written declaration that the same application has not been lodged with any other notified body. 3.2.The quality management system shall be assessed by the notified body, which shall determine whether it satisfies the requirements referred to in Article 17. The decision shall be notified to the provider or its authorised representative. The notification shall contain the conclusions of the assessment of the quality management system and the reasoned assessment decision. 3.3.The quality management system as approved shall continue to be implemented and maintained by the provider so that it remains adequate and efficient. 3.4.Any intended change to the approved quality management system or the list of AI systems covered by the latter shall be brought to the attention of the notified body by the provider. The proposed changes shall be examined by the notified body, which shall decide whether the modified quality management system continues to satisfy the requirements referred to in point 3.2 or whether a reassessment is necessary. The notified body shall notify the provider of its decision. The notification shall contain the conclusions of the examination of the changes and the reasoned assessment decision. Control of the technical documentation. 4.1.In addition to the application referred to in point 3, an application with a notified body of their choice shall be lodged by the provider for the assessment of the technical documentation relating to the AI system which the provider intends to place on the market or put into service and which is covered by the quality management system referred to under point 3. 4.2.The application shall include: the name and address of the provider; a written declaration that the same application has not been lodged with any other notified body; the technical documentation referred to in Annex IV. 4.3.The technical documentation shall be examined by the notified body. To this purpose, the notified body shall be granted full access to the training and testing datasets used by the provider, including through application programming interfaces (API) or other appropriate means and tools enabling remote access. 4.4.In examining the technical documentation, the notified body may require that the provider supplies further evidence or carries out further tests so as to enable a proper assessment of conformity of the AI system with the requirements set out in Title III, Chapter 2. Whenever the notified body is not satisfied with the tests carried out by the provider, the notified body shall directly carry out adequate tests, as appropriate. 4.5.Where necessary to assess the conformity of the high-risk AI system with the requirements set out in Title III, Chapter 2 and upon a reasoned request, the notified body shall also be granted access to the source code of the AI system. 4.6.The decision shall be notified to the provider or its authorised representative. The notification shall contain the conclusions of the assessment of the technical documentation and the reasoned assessment decision. Where the AI system is in conformity with the requirements set out in Title III, Chapter 2, an EU technical documentation assessment certificate shall be issued by the notified body. The certificate shall indicate the name and address of the provider, the conclusions of the examination, the conditions (if any) for its validity and the data necessary for the identification of the AI system. The certificate and its annexes shall contain all relevant information to allow the conformity of the AI system to be evaluated, and to allow for control of the AI system while in use, where applicable. Where the AI system is not in conformity with the requirements set out in Title III, Chapter 2, the notified body shall refuse to issue an EU technical documentation assessment certificate and shall inform the applicant accordingly, giving detailed reasons for its refusal. Where the AI system does not meet the requirement relating to the data used to train it, re-training of the AI system will be needed prior to the application for a new conformity assessment. In this case, the reasoned assessment decision of the notified body refusing to issue the EU technical documentation assessment certificate shall contain specific considerations on the quality data used to train the AI system, notably on the reasons for non-compliance. 4.7.Any change to the AI system that could affect the compliance of the AI system with the requirements or its intended purpose shall be approved by the notified body which issued the EU technical documentation assessment certificate. The provider shall inform such notified body of its intention to introduce any of the above-mentioned changes or if it becomes otherwise aware of the occurrence of such changes. The intended changes shall be assessed by the notified body which shall decide whether those changes require a new conformity assessment in accordance with Article 43(4) or whether they could be addressed by means of a supplement to the EU technical documentation assessment certificate. In the latter case, the notified body shall assess the changes, notify the provider of its decision and, where the changes are approved, issue to the provider a supplement to the EU technical documentation assessment certificate. Surveillance of the approved quality management system. 5.1.The purpose of the surveillance carried out by the notified body referred to in Point 3 is to make sure that the provider duly fulfils the terms and conditions of the approved quality management system. 5.2.For assessment purposes, the provider shall allow the notified body to access the premises where the design, development, testing of the AI systems is taking place. The provider shall further share with the notified body all necessary information. 5.3.The notified body shall carry out periodic audits to make sure that the provider maintains and applies the quality management system and shall provide the provider with an audit report. In the context of those audits, the notified body may carry out additional tests of the AI systems for which an EU technical documentation assessment certificate was issued."
AnnexVII(1),paragraph,AnnexVII,AnnexVII/1,,52021PC0206,,"Introduction Conformity based on assessment of quality management system and assessment of the technical documentation is the conformity assessment procedure based on points 2 to 5. Overview The approved quality management system for the design, development and testing of AI systems pursuant to Article 17 shall be examined in accordance with point 3 and shall be subject to surveillance as specified in point 5. The technical documentation of the AI system shall be examined in accordance with point 4. Quality management system 3.1.The application of the provider shall include: the name and address of the provider and, if the application is lodged by the authorised representative, their name and address as well; the list of AI systems covered under the same quality management system; the technical documentation for each AI system covered under the same quality management system; the documentation concerning the quality management system which shall cover all the aspects listed under Article 17; a description of the procedures in place to ensure that the quality management system remains adequate and effective; a written declaration that the same application has not been lodged with any other notified body. 3.2.The quality management system shall be assessed by the notified body, which shall determine whether it satisfies the requirements referred to in Article 17. The decision shall be notified to the provider or its authorised representative. The notification shall contain the conclusions of the assessment of the quality management system and the reasoned assessment decision. 3.3.The quality management system as approved shall continue to be implemented and maintained by the provider so that it remains adequate and efficient. 3.4.Any intended change to the approved quality management system or the list of AI systems covered by the latter shall be brought to the attention of the notified body by the provider. The proposed changes shall be examined by the notified body, which shall decide whether the modified quality management system continues to satisfy the requirements referred to in point 3.2 or whether a reassessment is necessary. The notified body shall notify the provider of its decision. The notification shall contain the conclusions of the examination of the changes and the reasoned assessment decision. Control of the technical documentation. 4.1.In addition to the application referred to in point 3, an application with a notified body of their choice shall be lodged by the provider for the assessment of the technical documentation relating to the AI system which the provider intends to place on the market or put into service and which is covered by the quality management system referred to under point 3. 4.2.The application shall include: the name and address of the provider; a written declaration that the same application has not been lodged with any other notified body; the technical documentation referred to in Annex IV. 4.3.The technical documentation shall be examined by the notified body. To this purpose, the notified body shall be granted full access to the training and testing datasets used by the provider, including through application programming interfaces (API) or other appropriate means and tools enabling remote access. 4.4.In examining the technical documentation, the notified body may require that the provider supplies further evidence or carries out further tests so as to enable a proper assessment of conformity of the AI system with the requirements set out in Title III, Chapter 2. Whenever the notified body is not satisfied with the tests carried out by the provider, the notified body shall directly carry out adequate tests, as appropriate. 4.5.Where necessary to assess the conformity of the high-risk AI system with the requirements set out in Title III, Chapter 2 and upon a reasoned request, the notified body shall also be granted access to the source code of the AI system. 4.6.The decision shall be notified to the provider or its authorised representative. The notification shall contain the conclusions of the assessment of the technical documentation and the reasoned assessment decision. Where the AI system is in conformity with the requirements set out in Title III, Chapter 2, an EU technical documentation assessment certificate shall be issued by the notified body. The certificate shall indicate the name and address of the provider, the conclusions of the examination, the conditions (if any) for its validity and the data necessary for the identification of the AI system. The certificate and its annexes shall contain all relevant information to allow the conformity of the AI system to be evaluated, and to allow for control of the AI system while in use, where applicable. Where the AI system is not in conformity with the requirements set out in Title III, Chapter 2, the notified body shall refuse to issue an EU technical documentation assessment certificate and shall inform the applicant accordingly, giving detailed reasons for its refusal. Where the AI system does not meet the requirement relating to the data used to train it, re-training of the AI system will be needed prior to the application for a new conformity assessment. In this case, the reasoned assessment decision of the notified body refusing to issue the EU technical documentation assessment certificate shall contain specific considerations on the quality data used to train the AI system, notably on the reasons for non-compliance. 4.7.Any change to the AI system that could affect the compliance of the AI system with the requirements or its intended purpose shall be approved by the notified body which issued the EU technical documentation assessment certificate. The provider shall inform such notified body of its intention to introduce any of the above-mentioned changes or if it becomes otherwise aware of the occurrence of such changes. The intended changes shall be assessed by the notified body which shall decide whether those changes require a new conformity assessment in accordance with Article 43(4) or whether they could be addressed by means of a supplement to the EU technical documentation assessment certificate. In the latter case, the notified body shall assess the changes, notify the provider of its decision and, where the changes are approved, issue to the provider a supplement to the EU technical documentation assessment certificate. Surveillance of the approved quality management system. 5.1.The purpose of the surveillance carried out by the notified body referred to in Point 3 is to make sure that the provider duly fulfils the terms and conditions of the approved quality management system. 5.2.For assessment purposes, the provider shall allow the notified body to access the premises where the design, development, testing of the AI systems is taking place. The provider shall further share with the notified body all necessary information. 5.3.The notified body shall carry out periodic audits to make sure that the provider maintains and applies the quality management system and shall provide the provider with an audit report. In the context of those audits, the notified body may carry out additional tests of the AI systems for which an EU technical documentation assessment certificate was issued."
AnnexVII(1)(1),point,AnnexVII,AnnexVII/1/1,Introduction Conformity based on assessment of quality management system and assessment of the technical documentation is the conformity assessment procedure based on points 2 to 5.,52021PC0206,,Introduction Conformity based on assessment of quality management system and assessment of the technical documentation is the conformity assessment procedure based on points 2 to 5.
AnnexVII(1)(2),point,AnnexVII,AnnexVII/1/2,"Overview The approved quality management system for the design, development and testing of AI systems pursuant to Article 17 shall be examined in accordance with point 3 and shall be subject to surveillance as specified in point 5. The technical documentation of the AI system shall be examined in accordance with point 4.",52021PC0206,,"Overview The approved quality management system for the design, development and testing of AI systems pursuant to Article 17 shall be examined in accordance with point 3 and shall be subject to surveillance as specified in point 5. The technical documentation of the AI system shall be examined in accordance with point 4."
AnnexVII(1)(3),point,AnnexVII,AnnexVII/1/3,Quality management system 3.1.The application of the provider shall include:,52021PC0206,,"Quality management system 3.1.The application of the provider shall include: the name and address of the provider and, if the application is lodged by the authorised representative, their name and address as well; the list of AI systems covered under the same quality management system; the technical documentation for each AI system covered under the same quality management system; the documentation concerning the quality management system which shall cover all the aspects listed under Article 17; a description of the procedures in place to ensure that the quality management system remains adequate and effective; a written declaration that the same application has not been lodged with any other notified body. 3.2.The quality management system shall be assessed by the notified body, which shall determine whether it satisfies the requirements referred to in Article 17. The decision shall be notified to the provider or its authorised representative. The notification shall contain the conclusions of the assessment of the quality management system and the reasoned assessment decision. 3.3.The quality management system as approved shall continue to be implemented and maintained by the provider so that it remains adequate and efficient. 3.4.Any intended change to the approved quality management system or the list of AI systems covered by the latter shall be brought to the attention of the notified body by the provider. The proposed changes shall be examined by the notified body, which shall decide whether the modified quality management system continues to satisfy the requirements referred to in point 3.2 or whether a reassessment is necessary. The notified body shall notify the provider of its decision. The notification shall contain the conclusions of the examination of the changes and the reasoned assessment decision."
AnnexVII(1)(3)(a),subpoint,AnnexVII,AnnexVII/1/3/a,"the name and address of the provider and, if the application is lodged by the authorised representative, their name and address as well;",52021PC0206,,"the name and address of the provider and, if the application is lodged by the authorised representative, their name and address as well;"
AnnexVII(1)(3)(b),subpoint,AnnexVII,AnnexVII/1/3/b,the list of AI systems covered under the same quality management system;,52021PC0206,,the list of AI systems covered under the same quality management system;
AnnexVII(1)(3)(c),subpoint,AnnexVII,AnnexVII/1/3/c,the technical documentation for each AI system covered under the same quality management system;,52021PC0206,,the technical documentation for each AI system covered under the same quality management system;
AnnexVII(1)(3)(d),subpoint,AnnexVII,AnnexVII/1/3/d,the documentation concerning the quality management system which shall cover all the aspects listed under Article 17;,52021PC0206,,the documentation concerning the quality management system which shall cover all the aspects listed under Article 17;
AnnexVII(1)(3)(e),subpoint,AnnexVII,AnnexVII/1/3/e,a description of the procedures in place to ensure that the quality management system remains adequate and effective;,52021PC0206,,a description of the procedures in place to ensure that the quality management system remains adequate and effective;
AnnexVII(1)(3)(f),subpoint,AnnexVII,AnnexVII/1/3/f,"a written declaration that the same application has not been lodged with any other notified body. 3.2.The quality management system shall be assessed by the notified body, which shall determine whether it satisfies the requirements referred to in Article 17. The decision shall be notified to the provider or its authorised representative. The notification shall contain the conclusions of the assessment of the quality management system and the reasoned assessment decision. 3.3.The quality management system as approved shall continue to be implemented and maintained by the provider so that it remains adequate and efficient. 3.4.Any intended change to the approved quality management system or the list of AI systems covered by the latter shall be brought to the attention of the notified body by the provider. The proposed changes shall be examined by the notified body, which shall decide whether the modified quality management system continues to satisfy the requirements referred to in point 3.2 or whether a reassessment is necessary. The notified body shall notify the provider of its decision. The notification shall contain the conclusions of the examination of the changes and the reasoned assessment decision.",52021PC0206,,"a written declaration that the same application has not been lodged with any other notified body. 3.2.The quality management system shall be assessed by the notified body, which shall determine whether it satisfies the requirements referred to in Article 17. The decision shall be notified to the provider or its authorised representative. The notification shall contain the conclusions of the assessment of the quality management system and the reasoned assessment decision. 3.3.The quality management system as approved shall continue to be implemented and maintained by the provider so that it remains adequate and efficient. 3.4.Any intended change to the approved quality management system or the list of AI systems covered by the latter shall be brought to the attention of the notified body by the provider. The proposed changes shall be examined by the notified body, which shall decide whether the modified quality management system continues to satisfy the requirements referred to in point 3.2 or whether a reassessment is necessary. The notified body shall notify the provider of its decision. The notification shall contain the conclusions of the examination of the changes and the reasoned assessment decision."
AnnexVII(1)(4),point,AnnexVII,AnnexVII/1/4,"Control of the technical documentation. 4.1.In addition to the application referred to in point 3, an application with a notified body of their choice shall be lodged by the provider for the assessment of the technical documentation relating to the AI system which the provider intends to place on the market or put into service and which is covered by the quality management system referred to under point 3. 4.2.The application shall include:",52021PC0206,,"Control of the technical documentation. 4.1.In addition to the application referred to in point 3, an application with a notified body of their choice shall be lodged by the provider for the assessment of the technical documentation relating to the AI system which the provider intends to place on the market or put into service and which is covered by the quality management system referred to under point 3. 4.2.The application shall include: the name and address of the provider; a written declaration that the same application has not been lodged with any other notified body; the technical documentation referred to in Annex IV. 4.3.The technical documentation shall be examined by the notified body. To this purpose, the notified body shall be granted full access to the training and testing datasets used by the provider, including through application programming interfaces (API) or other appropriate means and tools enabling remote access. 4.4.In examining the technical documentation, the notified body may require that the provider supplies further evidence or carries out further tests so as to enable a proper assessment of conformity of the AI system with the requirements set out in Title III, Chapter 2. Whenever the notified body is not satisfied with the tests carried out by the provider, the notified body shall directly carry out adequate tests, as appropriate. 4.5.Where necessary to assess the conformity of the high-risk AI system with the requirements set out in Title III, Chapter 2 and upon a reasoned request, the notified body shall also be granted access to the source code of the AI system. 4.6.The decision shall be notified to the provider or its authorised representative. The notification shall contain the conclusions of the assessment of the technical documentation and the reasoned assessment decision. Where the AI system is in conformity with the requirements set out in Title III, Chapter 2, an EU technical documentation assessment certificate shall be issued by the notified body. The certificate shall indicate the name and address of the provider, the conclusions of the examination, the conditions (if any) for its validity and the data necessary for the identification of the AI system. The certificate and its annexes shall contain all relevant information to allow the conformity of the AI system to be evaluated, and to allow for control of the AI system while in use, where applicable. Where the AI system is not in conformity with the requirements set out in Title III, Chapter 2, the notified body shall refuse to issue an EU technical documentation assessment certificate and shall inform the applicant accordingly, giving detailed reasons for its refusal. Where the AI system does not meet the requirement relating to the data used to train it, re-training of the AI system will be needed prior to the application for a new conformity assessment. In this case, the reasoned assessment decision of the notified body refusing to issue the EU technical documentation assessment certificate shall contain specific considerations on the quality data used to train the AI system, notably on the reasons for non-compliance. 4.7.Any change to the AI system that could affect the compliance of the AI system with the requirements or its intended purpose shall be approved by the notified body which issued the EU technical documentation assessment certificate. The provider shall inform such notified body of its intention to introduce any of the above-mentioned changes or if it becomes otherwise aware of the occurrence of such changes. The intended changes shall be assessed by the notified body which shall decide whether those changes require a new conformity assessment in accordance with Article 43(4) or whether they could be addressed by means of a supplement to the EU technical documentation assessment certificate. In the latter case, the notified body shall assess the changes, notify the provider of its decision and, where the changes are approved, issue to the provider a supplement to the EU technical documentation assessment certificate."
AnnexVII(1)(4)(a),subpoint,AnnexVII,AnnexVII/1/4/a,the name and address of the provider;,52021PC0206,,the name and address of the provider;
AnnexVII(1)(4)(b),subpoint,AnnexVII,AnnexVII/1/4/b,a written declaration that the same application has not been lodged with any other notified body;,52021PC0206,,a written declaration that the same application has not been lodged with any other notified body;
AnnexVII(1)(4)(c),subpoint,AnnexVII,AnnexVII/1/4/c,"the technical documentation referred to in Annex IV. 4.3.The technical documentation shall be examined by the notified body. To this purpose, the notified body shall be granted full access to the training and testing datasets used by the provider, including through application programming interfaces (API) or other appropriate means and tools enabling remote access. 4.4.In examining the technical documentation, the notified body may require that the provider supplies further evidence or carries out further tests so as to enable a proper assessment of conformity of the AI system with the requirements set out in Title III, Chapter 2. Whenever the notified body is not satisfied with the tests carried out by the provider, the notified body shall directly carry out adequate tests, as appropriate. 4.5.Where necessary to assess the conformity of the high-risk AI system with the requirements set out in Title III, Chapter 2 and upon a reasoned request, the notified body shall also be granted access to the source code of the AI system. 4.6.The decision shall be notified to the provider or its authorised representative. The notification shall contain the conclusions of the assessment of the technical documentation and the reasoned assessment decision. Where the AI system is in conformity with the requirements set out in Title III, Chapter 2, an EU technical documentation assessment certificate shall be issued by the notified body. The certificate shall indicate the name and address of the provider, the conclusions of the examination, the conditions (if any) for its validity and the data necessary for the identification of the AI system. The certificate and its annexes shall contain all relevant information to allow the conformity of the AI system to be evaluated, and to allow for control of the AI system while in use, where applicable. Where the AI system is not in conformity with the requirements set out in Title III, Chapter 2, the notified body shall refuse to issue an EU technical documentation assessment certificate and shall inform the applicant accordingly, giving detailed reasons for its refusal. Where the AI system does not meet the requirement relating to the data used to train it, re-training of the AI system will be needed prior to the application for a new conformity assessment. In this case, the reasoned assessment decision of the notified body refusing to issue the EU technical documentation assessment certificate shall contain specific considerations on the quality data used to train the AI system, notably on the reasons for non-compliance. 4.7.Any change to the AI system that could affect the compliance of the AI system with the requirements or its intended purpose shall be approved by the notified body which issued the EU technical documentation assessment certificate. The provider shall inform such notified body of its intention to introduce any of the above-mentioned changes or if it becomes otherwise aware of the occurrence of such changes. The intended changes shall be assessed by the notified body which shall decide whether those changes require a new conformity assessment in accordance with Article 43(4) or whether they could be addressed by means of a supplement to the EU technical documentation assessment certificate. In the latter case, the notified body shall assess the changes, notify the provider of its decision and, where the changes are approved, issue to the provider a supplement to the EU technical documentation assessment certificate.",52021PC0206,,"the technical documentation referred to in Annex IV. 4.3.The technical documentation shall be examined by the notified body. To this purpose, the notified body shall be granted full access to the training and testing datasets used by the provider, including through application programming interfaces (API) or other appropriate means and tools enabling remote access. 4.4.In examining the technical documentation, the notified body may require that the provider supplies further evidence or carries out further tests so as to enable a proper assessment of conformity of the AI system with the requirements set out in Title III, Chapter 2. Whenever the notified body is not satisfied with the tests carried out by the provider, the notified body shall directly carry out adequate tests, as appropriate. 4.5.Where necessary to assess the conformity of the high-risk AI system with the requirements set out in Title III, Chapter 2 and upon a reasoned request, the notified body shall also be granted access to the source code of the AI system. 4.6.The decision shall be notified to the provider or its authorised representative. The notification shall contain the conclusions of the assessment of the technical documentation and the reasoned assessment decision. Where the AI system is in conformity with the requirements set out in Title III, Chapter 2, an EU technical documentation assessment certificate shall be issued by the notified body. The certificate shall indicate the name and address of the provider, the conclusions of the examination, the conditions (if any) for its validity and the data necessary for the identification of the AI system. The certificate and its annexes shall contain all relevant information to allow the conformity of the AI system to be evaluated, and to allow for control of the AI system while in use, where applicable. Where the AI system is not in conformity with the requirements set out in Title III, Chapter 2, the notified body shall refuse to issue an EU technical documentation assessment certificate and shall inform the applicant accordingly, giving detailed reasons for its refusal. Where the AI system does not meet the requirement relating to the data used to train it, re-training of the AI system will be needed prior to the application for a new conformity assessment. In this case, the reasoned assessment decision of the notified body refusing to issue the EU technical documentation assessment certificate shall contain specific considerations on the quality data used to train the AI system, notably on the reasons for non-compliance. 4.7.Any change to the AI system that could affect the compliance of the AI system with the requirements or its intended purpose shall be approved by the notified body which issued the EU technical documentation assessment certificate. The provider shall inform such notified body of its intention to introduce any of the above-mentioned changes or if it becomes otherwise aware of the occurrence of such changes. The intended changes shall be assessed by the notified body which shall decide whether those changes require a new conformity assessment in accordance with Article 43(4) or whether they could be addressed by means of a supplement to the EU technical documentation assessment certificate. In the latter case, the notified body shall assess the changes, notify the provider of its decision and, where the changes are approved, issue to the provider a supplement to the EU technical documentation assessment certificate."
AnnexVII(1)(5),point,AnnexVII,AnnexVII/1/5,"Surveillance of the approved quality management system. 5.1.The purpose of the surveillance carried out by the notified body referred to in Point 3 is to make sure that the provider duly fulfils the terms and conditions of the approved quality management system. 5.2.For assessment purposes, the provider shall allow the notified body to access the premises where the design, development, testing of the AI systems is taking place. The provider shall further share with the notified body all necessary information. 5.3.The notified body shall carry out periodic audits to make sure that the provider maintains and applies the quality management system and shall provide the provider with an audit report. In the context of those audits, the notified body may carry out additional tests of the AI systems for which an EU technical documentation assessment certificate was issued.",52021PC0206,,"Surveillance of the approved quality management system. 5.1.The purpose of the surveillance carried out by the notified body referred to in Point 3 is to make sure that the provider duly fulfils the terms and conditions of the approved quality management system. 5.2.For assessment purposes, the provider shall allow the notified body to access the premises where the design, development, testing of the AI systems is taking place. The provider shall further share with the notified body all necessary information. 5.3.The notified body shall carry out periodic audits to make sure that the provider maintains and applies the quality management system and shall provide the provider with an audit report. In the context of those audits, the notified body may carry out additional tests of the AI systems for which an EU technical documentation assessment certificate was issued."
AnnexVIII,annex,AnnexVIII,AnnexVIII,The following information shall be provided and thereafter kept up to date with regard to high-risk AI systems to be registered in accordance with Article 51.,52021PC0206,INFORMATION TO BE SUBMITTED UPON THE REGISTRATION OF HIGH-RISK AI SYSTEMS IN ACCORDANCE WITH ARTICLE 51,"The following information shall be provided and thereafter kept up to date with regard to high-risk AI systems to be registered in accordance with Article 51. Name, address and contact details of the provider; Where submission of information is carried out by another person on behalf of the provider, the name, address and contact details of that person; Name, address and contact details of the authorised representative, where applicable; AI system trade name and any additional unambiguous reference allowing identification and traceability of the AI system; Description of the intended purpose of the AI system; Status of the AI system (on the market, or in service; no longer placed on the market/in service, recalled); Type, number and expiry date of the certificate issued by the notified body and the name or identification number of that notified body, when applicable; A scanned copy of the certificate referred to in point 7, when applicable; Member States in which the AI system is or has been placed on the market, put into service or made available in the Union; A copy of the EU declaration of conformity referred to in Article 48; Electronic instructions for use; this information shall not be provided for high-risk AI systems in the areas of law enforcement and migration, asylum and border control management referred to in Annex III, points 1, 6 and 7. URL for additional information (optional)."
AnnexVIII(1),paragraph,AnnexVIII,AnnexVIII/1,,52021PC0206,,"Name, address and contact details of the provider; Where submission of information is carried out by another person on behalf of the provider, the name, address and contact details of that person; Name, address and contact details of the authorised representative, where applicable; AI system trade name and any additional unambiguous reference allowing identification and traceability of the AI system; Description of the intended purpose of the AI system; Status of the AI system (on the market, or in service; no longer placed on the market/in service, recalled); Type, number and expiry date of the certificate issued by the notified body and the name or identification number of that notified body, when applicable; A scanned copy of the certificate referred to in point 7, when applicable; Member States in which the AI system is or has been placed on the market, put into service or made available in the Union; A copy of the EU declaration of conformity referred to in Article 48; Electronic instructions for use; this information shall not be provided for high-risk AI systems in the areas of law enforcement and migration, asylum and border control management referred to in Annex III, points 1, 6 and 7. URL for additional information (optional)."
AnnexVIII(1)(1),point,AnnexVIII,AnnexVIII/1/1,"Name, address and contact details of the provider;",52021PC0206,,"Name, address and contact details of the provider;"
AnnexVIII(1)(2),point,AnnexVIII,AnnexVIII/1/2,"Where submission of information is carried out by another person on behalf of the provider, the name, address and contact details of that person;",52021PC0206,,"Where submission of information is carried out by another person on behalf of the provider, the name, address and contact details of that person;"
AnnexVIII(1)(3),point,AnnexVIII,AnnexVIII/1/3,"Name, address and contact details of the authorised representative, where applicable;",52021PC0206,,"Name, address and contact details of the authorised representative, where applicable;"
AnnexVIII(1)(4),point,AnnexVIII,AnnexVIII/1/4,AI system trade name and any additional unambiguous reference allowing identification and traceability of the AI system;,52021PC0206,,AI system trade name and any additional unambiguous reference allowing identification and traceability of the AI system;
AnnexVIII(1)(5),point,AnnexVIII,AnnexVIII/1/5,Description of the intended purpose of the AI system;,52021PC0206,,Description of the intended purpose of the AI system;
AnnexVIII(1)(6),point,AnnexVIII,AnnexVIII/1/6,"Status of the AI system (on the market, or in service; no longer placed on the market/in service, recalled);",52021PC0206,,"Status of the AI system (on the market, or in service; no longer placed on the market/in service, recalled);"
AnnexVIII(1)(7),point,AnnexVIII,AnnexVIII/1/7,"Type, number and expiry date of the certificate issued by the notified body and the name or identification number of that notified body, when applicable;",52021PC0206,,"Type, number and expiry date of the certificate issued by the notified body and the name or identification number of that notified body, when applicable;"
AnnexVIII(1)(8),point,AnnexVIII,AnnexVIII/1/8,"A scanned copy of the certificate referred to in point 7, when applicable;",52021PC0206,,"A scanned copy of the certificate referred to in point 7, when applicable;"
AnnexVIII(1)(9),point,AnnexVIII,AnnexVIII/1/9,"Member States in which the AI system is or has been placed on the market, put into service or made available in the Union;",52021PC0206,,"Member States in which the AI system is or has been placed on the market, put into service or made available in the Union;"
AnnexVIII(1)(10),point,AnnexVIII,AnnexVIII/1/10,A copy of the EU declaration of conformity referred to in Article 48;,52021PC0206,,A copy of the EU declaration of conformity referred to in Article 48;
AnnexVIII(1)(11),point,AnnexVIII,AnnexVIII/1/11,"Electronic instructions for use; this information shall not be provided for high-risk AI systems in the areas of law enforcement and migration, asylum and border control management referred to in Annex III, points 1, 6 and 7.",52021PC0206,,"Electronic instructions for use; this information shall not be provided for high-risk AI systems in the areas of law enforcement and migration, asylum and border control management referred to in Annex III, points 1, 6 and 7."
AnnexVIII(1)(12),point,AnnexVIII,AnnexVIII/1/12,URL for additional information (optional).,52021PC0206,,URL for additional information (optional).
AnnexIX,annex,AnnexIX,AnnexIX,,52021PC0206,"Union legislation ON large-scale IT systems in the area of Freedom, Security and Justice","Schengen Information System Regulation (EU) 2018/1860 of the European Parliament and of the Council of 28 November 2018 on the use of the Schengen Information System for the return of illegally staying third-country nationals (OJ L 312, 7.12.2018, p. 1). Regulation (EU) 2018/1861 of the European Parliament and of the Council of 28 November 2018 on the establishment, operation and use of the Schengen Information System (SIS) in the field of border checks, and amending the Convention implementing the Schengen Agreement, and amending and repealing Regulation (EC) No 1987/2006 (OJ L 312, 7.12.2018, p. 14) Regulation (EU) 2018/1862 of the European Parliament and of the Council of 28 November 2018 on the establishment, operation and use of the Schengen Information System (SIS) in the field of police cooperation and judicial cooperation in criminal matters, amending and repealing Council Decision 2007/533/JHA, and repealing Regulation (EC) No 1986/2006 of the European Parliament and of the Council and Commission Decision 2010/261/EU (OJ L 312, 7.12.2018, p. 56). Visa Information System Proposal for a REGULATION OF THE EUROPEAN PARLIAMENT AND OF THE COUNCIL amending Regulation (EC) No 767/2008, Regulation (EC) No 810/2009, Regulation (EU) 2017/2226, Regulation (EU) 2016/399, Regulation XX/2018 [Interoperability Regulation], and Decision 2004/512/EC and repealing Council Decision 2008/633/JHA - COM(2018) 302 final. To be updated once the Regulation is adopted (April/May 2021) by the co-legislators. Eurodac Amended proposal for a REGULATION OF THE EUROPEAN PARLIAMENT AND OF THE COUNCIL on the establishment of 'Eurodac' for the comparison of biometric data for the effective application of Regulation (EU) XXX/XXX [Regulation on Asylum and Migration Management] and of Regulation (EU) XXX/XXX [Resettlement Regulation], for identifying an illegally staying third-country national or stateless person and on requests for the comparison with Eurodac data by Member States' law enforcement authorities and Europol for law enforcement purposes and amending Regulations (EU) 2018/1240 and (EU) 2019/818 – COM(2020) 614 final. Entry/Exit System Regulation (EU) 2017/2226 of the European Parliament and of the Council of 30 November 2017 establishing an Entry/Exit System (EES) to register entry and exit data and refusal of entry data of third-country nationals crossing the external borders of the Member States and determining the conditions for access to the EES for law enforcement purposes, and amending the Convention implementing the Schengen Agreement and Regulations (EC) No 767/2008 and (EU) No 1077/2011 (OJ L 327, 9.12.2017, p. 20). European Travel Information and Authorisation System Regulation (EU) 2018/1240 of the European Parliament and of the Council of 12 September 2018 establishing a European Travel Information and Authorisation System (ETIAS) and amending Regulations (EU) No 1077/2011, (EU) No 515/2014, (EU) 2016/399, (EU) 2016/1624 and (EU) 2017/2226 (OJ L 236, 19.9.2018, p. 1). Regulation (EU) 2018/1241 of the European Parliament and of the Council of 12 September 2018 amending Regulation (EU) 2016/794 for the purpose of establishing a European Travel Information and Authorisation System (ETIAS) (OJ L 236, 19.9.2018, p. 72). European Criminal Records Information System on third-country nationals and stateless persons Regulation (EU) 2019/816 of the European Parliament and of the Council of 17 April 2019 establishing a centralised system for the identification of Member States holding conviction information on third-country nationals and stateless persons (ECRIS-TCN) to supplement the European Criminal Records Information System and amending Regulation (EU) 2018/1726 (OJ L 135, 22.5.2019, p. 1). Interoperability Regulation (EU) 2019/817 of the European Parliament and of the Council of 20 May 2019 on establishing a framework for interoperability between EU information systems in the field of borders and visa (OJ L 135, 22.5.2019, p. 27). Regulation (EU) 2019/818 of the European Parliament and of the Council of 20 May 2019 on establishing a framework for interoperability between EU information systems in the field of police and judicial cooperation, asylum and migration (OJ L 135, 22.5.2019, p. 85)."
AnnexIX(1),paragraph,AnnexIX,AnnexIX/1,,52021PC0206,,"Schengen Information System Regulation (EU) 2018/1860 of the European Parliament and of the Council of 28 November 2018 on the use of the Schengen Information System for the return of illegally staying third-country nationals (OJ L 312, 7.12.2018, p. 1). Regulation (EU) 2018/1861 of the European Parliament and of the Council of 28 November 2018 on the establishment, operation and use of the Schengen Information System (SIS) in the field of border checks, and amending the Convention implementing the Schengen Agreement, and amending and repealing Regulation (EC) No 1987/2006 (OJ L 312, 7.12.2018, p. 14) Regulation (EU) 2018/1862 of the European Parliament and of the Council of 28 November 2018 on the establishment, operation and use of the Schengen Information System (SIS) in the field of police cooperation and judicial cooperation in criminal matters, amending and repealing Council Decision 2007/533/JHA, and repealing Regulation (EC) No 1986/2006 of the European Parliament and of the Council and Commission Decision 2010/261/EU (OJ L 312, 7.12.2018, p. 56). Visa Information System Proposal for a REGULATION OF THE EUROPEAN PARLIAMENT AND OF THE COUNCIL amending Regulation (EC) No 767/2008, Regulation (EC) No 810/2009, Regulation (EU) 2017/2226, Regulation (EU) 2016/399, Regulation XX/2018 [Interoperability Regulation], and Decision 2004/512/EC and repealing Council Decision 2008/633/JHA - COM(2018) 302 final. To be updated once the Regulation is adopted (April/May 2021) by the co-legislators. Eurodac Amended proposal for a REGULATION OF THE EUROPEAN PARLIAMENT AND OF THE COUNCIL on the establishment of 'Eurodac' for the comparison of biometric data for the effective application of Regulation (EU) XXX/XXX [Regulation on Asylum and Migration Management] and of Regulation (EU) XXX/XXX [Resettlement Regulation], for identifying an illegally staying third-country national or stateless person and on requests for the comparison with Eurodac data by Member States' law enforcement authorities and Europol for law enforcement purposes and amending Regulations (EU) 2018/1240 and (EU) 2019/818 – COM(2020) 614 final. Entry/Exit System Regulation (EU) 2017/2226 of the European Parliament and of the Council of 30 November 2017 establishing an Entry/Exit System (EES) to register entry and exit data and refusal of entry data of third-country nationals crossing the external borders of the Member States and determining the conditions for access to the EES for law enforcement purposes, and amending the Convention implementing the Schengen Agreement and Regulations (EC) No 767/2008 and (EU) No 1077/2011 (OJ L 327, 9.12.2017, p. 20). European Travel Information and Authorisation System Regulation (EU) 2018/1240 of the European Parliament and of the Council of 12 September 2018 establishing a European Travel Information and Authorisation System (ETIAS) and amending Regulations (EU) No 1077/2011, (EU) No 515/2014, (EU) 2016/399, (EU) 2016/1624 and (EU) 2017/2226 (OJ L 236, 19.9.2018, p. 1). Regulation (EU) 2018/1241 of the European Parliament and of the Council of 12 September 2018 amending Regulation (EU) 2016/794 for the purpose of establishing a European Travel Information and Authorisation System (ETIAS) (OJ L 236, 19.9.2018, p. 72). European Criminal Records Information System on third-country nationals and stateless persons Regulation (EU) 2019/816 of the European Parliament and of the Council of 17 April 2019 establishing a centralised system for the identification of Member States holding conviction information on third-country nationals and stateless persons (ECRIS-TCN) to supplement the European Criminal Records Information System and amending Regulation (EU) 2018/1726 (OJ L 135, 22.5.2019, p. 1). Interoperability Regulation (EU) 2019/817 of the European Parliament and of the Council of 20 May 2019 on establishing a framework for interoperability between EU information systems in the field of borders and visa (OJ L 135, 22.5.2019, p. 27). Regulation (EU) 2019/818 of the European Parliament and of the Council of 20 May 2019 on establishing a framework for interoperability between EU information systems in the field of police and judicial cooperation, asylum and migration (OJ L 135, 22.5.2019, p. 85)."
AnnexIX(1)(1),point,AnnexIX,AnnexIX/1/1,Schengen Information System,52021PC0206,,"Schengen Information System Regulation (EU) 2018/1860 of the European Parliament and of the Council of 28 November 2018 on the use of the Schengen Information System for the return of illegally staying third-country nationals (OJ L 312, 7.12.2018, p. 1). Regulation (EU) 2018/1861 of the European Parliament and of the Council of 28 November 2018 on the establishment, operation and use of the Schengen Information System (SIS) in the field of border checks, and amending the Convention implementing the Schengen Agreement, and amending and repealing Regulation (EC) No 1987/2006 (OJ L 312, 7.12.2018, p. 14) Regulation (EU) 2018/1862 of the European Parliament and of the Council of 28 November 2018 on the establishment, operation and use of the Schengen Information System (SIS) in the field of police cooperation and judicial cooperation in criminal matters, amending and repealing Council Decision 2007/533/JHA, and repealing Regulation (EC) No 1986/2006 of the European Parliament and of the Council and Commission Decision 2010/261/EU (OJ L 312, 7.12.2018, p. 56)."
AnnexIX(1)(1)(a),subpoint,AnnexIX,AnnexIX/1/1/a,"Regulation (EU) 2018/1860 of the European Parliament and of the Council of 28 November 2018 on the use of the Schengen Information System for the return of illegally staying third-country nationals (OJ L 312, 7.12.2018, p. 1).",52021PC0206,,"Regulation (EU) 2018/1860 of the European Parliament and of the Council of 28 November 2018 on the use of the Schengen Information System for the return of illegally staying third-country nationals (OJ L 312, 7.12.2018, p. 1)."
AnnexIX(1)(1)(b),subpoint,AnnexIX,AnnexIX/1/1/b,"Regulation (EU) 2018/1861 of the European Parliament and of the Council of 28 November 2018 on the establishment, operation and use of the Schengen Information System (SIS) in the field of border checks, and amending the Convention implementing the Schengen Agreement, and amending and repealing Regulation (EC) No 1987/2006 (OJ L 312, 7.12.2018, p. 14)",52021PC0206,,"Regulation (EU) 2018/1861 of the European Parliament and of the Council of 28 November 2018 on the establishment, operation and use of the Schengen Information System (SIS) in the field of border checks, and amending the Convention implementing the Schengen Agreement, and amending and repealing Regulation (EC) No 1987/2006 (OJ L 312, 7.12.2018, p. 14)"
AnnexIX(1)(1)(c),subpoint,AnnexIX,AnnexIX/1/1/c,"Regulation (EU) 2018/1862 of the European Parliament and of the Council of 28 November 2018 on the establishment, operation and use of the Schengen Information System (SIS) in the field of police cooperation and judicial cooperation in criminal matters, amending and repealing Council Decision 2007/533/JHA, and repealing Regulation (EC) No 1986/2006 of the European Parliament and of the Council and Commission Decision 2010/261/EU (OJ L 312, 7.12.2018, p. 56).",52021PC0206,,"Regulation (EU) 2018/1862 of the European Parliament and of the Council of 28 November 2018 on the establishment, operation and use of the Schengen Information System (SIS) in the field of police cooperation and judicial cooperation in criminal matters, amending and repealing Council Decision 2007/533/JHA, and repealing Regulation (EC) No 1986/2006 of the European Parliament and of the Council and Commission Decision 2010/261/EU (OJ L 312, 7.12.2018, p. 56)."
AnnexIX(1)(2),point,AnnexIX,AnnexIX/1/2,Visa Information System,52021PC0206,,"Visa Information System Proposal for a REGULATION OF THE EUROPEAN PARLIAMENT AND OF THE COUNCIL amending Regulation (EC) No 767/2008, Regulation (EC) No 810/2009, Regulation (EU) 2017/2226, Regulation (EU) 2016/399, Regulation XX/2018 [Interoperability Regulation], and Decision 2004/512/EC and repealing Council Decision 2008/633/JHA - COM(2018) 302 final. To be updated once the Regulation is adopted (April/May 2021) by the co-legislators."
AnnexIX(1)(2)(a),subpoint,AnnexIX,AnnexIX/1/2/a,"Proposal for a REGULATION OF THE EUROPEAN PARLIAMENT AND OF THE COUNCIL amending Regulation (EC) No 767/2008, Regulation (EC) No 810/2009, Regulation (EU) 2017/2226, Regulation (EU) 2016/399, Regulation XX/2018 [Interoperability Regulation], and Decision 2004/512/EC and repealing Council Decision 2008/633/JHA - COM(2018) 302 final. To be updated once the Regulation is adopted (April/May 2021) by the co-legislators.",52021PC0206,,"Proposal for a REGULATION OF THE EUROPEAN PARLIAMENT AND OF THE COUNCIL amending Regulation (EC) No 767/2008, Regulation (EC) No 810/2009, Regulation (EU) 2017/2226, Regulation (EU) 2016/399, Regulation XX/2018 [Interoperability Regulation], and Decision 2004/512/EC and repealing Council Decision 2008/633/JHA - COM(2018) 302 final. To be updated once the Regulation is adopted (April/May 2021) by the co-legislators."
AnnexIX(1)(3),point,AnnexIX,AnnexIX/1/3,Eurodac,52021PC0206,,"Eurodac Amended proposal for a REGULATION OF THE EUROPEAN PARLIAMENT AND OF THE COUNCIL on the establishment of 'Eurodac' for the comparison of biometric data for the effective application of Regulation (EU) XXX/XXX [Regulation on Asylum and Migration Management] and of Regulation (EU) XXX/XXX [Resettlement Regulation], for identifying an illegally staying third-country national or stateless person and on requests for the comparison with Eurodac data by Member States' law enforcement authorities and Europol for law enforcement purposes and amending Regulations (EU) 2018/1240 and (EU) 2019/818 – COM(2020) 614 final."
AnnexIX(1)(3)(a),subpoint,AnnexIX,AnnexIX/1/3/a,"Amended proposal for a REGULATION OF THE EUROPEAN PARLIAMENT AND OF THE COUNCIL on the establishment of 'Eurodac' for the comparison of biometric data for the effective application of Regulation (EU) XXX/XXX [Regulation on Asylum and Migration Management] and of Regulation (EU) XXX/XXX [Resettlement Regulation], for identifying an illegally staying third-country national or stateless person and on requests for the comparison with Eurodac data by Member States' law enforcement authorities and Europol for law enforcement purposes and amending Regulations (EU) 2018/1240 and (EU) 2019/818 – COM(2020) 614 final.",52021PC0206,,"Amended proposal for a REGULATION OF THE EUROPEAN PARLIAMENT AND OF THE COUNCIL on the establishment of 'Eurodac' for the comparison of biometric data for the effective application of Regulation (EU) XXX/XXX [Regulation on Asylum and Migration Management] and of Regulation (EU) XXX/XXX [Resettlement Regulation], for identifying an illegally staying third-country national or stateless person and on requests for the comparison with Eurodac data by Member States' law enforcement authorities and Europol for law enforcement purposes and amending Regulations (EU) 2018/1240 and (EU) 2019/818 – COM(2020) 614 final."
AnnexIX(1)(4),point,AnnexIX,AnnexIX/1/4,Entry/Exit System,52021PC0206,,"Entry/Exit System Regulation (EU) 2017/2226 of the European Parliament and of the Council of 30 November 2017 establishing an Entry/Exit System (EES) to register entry and exit data and refusal of entry data of third-country nationals crossing the external borders of the Member States and determining the conditions for access to the EES for law enforcement purposes, and amending the Convention implementing the Schengen Agreement and Regulations (EC) No 767/2008 and (EU) No 1077/2011 (OJ L 327, 9.12.2017, p. 20)."
AnnexIX(1)(4)(a),subpoint,AnnexIX,AnnexIX/1/4/a,"Regulation (EU) 2017/2226 of the European Parliament and of the Council of 30 November 2017 establishing an Entry/Exit System (EES) to register entry and exit data and refusal of entry data of third-country nationals crossing the external borders of the Member States and determining the conditions for access to the EES for law enforcement purposes, and amending the Convention implementing the Schengen Agreement and Regulations (EC) No 767/2008 and (EU) No 1077/2011 (OJ L 327, 9.12.2017, p. 20).",52021PC0206,,"Regulation (EU) 2017/2226 of the European Parliament and of the Council of 30 November 2017 establishing an Entry/Exit System (EES) to register entry and exit data and refusal of entry data of third-country nationals crossing the external borders of the Member States and determining the conditions for access to the EES for law enforcement purposes, and amending the Convention implementing the Schengen Agreement and Regulations (EC) No 767/2008 and (EU) No 1077/2011 (OJ L 327, 9.12.2017, p. 20)."
AnnexIX(1)(5),point,AnnexIX,AnnexIX/1/5,European Travel Information and Authorisation System,52021PC0206,,"European Travel Information and Authorisation System Regulation (EU) 2018/1240 of the European Parliament and of the Council of 12 September 2018 establishing a European Travel Information and Authorisation System (ETIAS) and amending Regulations (EU) No 1077/2011, (EU) No 515/2014, (EU) 2016/399, (EU) 2016/1624 and (EU) 2017/2226 (OJ L 236, 19.9.2018, p. 1). Regulation (EU) 2018/1241 of the European Parliament and of the Council of 12 September 2018 amending Regulation (EU) 2016/794 for the purpose of establishing a European Travel Information and Authorisation System (ETIAS) (OJ L 236, 19.9.2018, p. 72)."
AnnexIX(1)(5)(a),subpoint,AnnexIX,AnnexIX/1/5/a,"Regulation (EU) 2018/1240 of the European Parliament and of the Council of 12 September 2018 establishing a European Travel Information and Authorisation System (ETIAS) and amending Regulations (EU) No 1077/2011, (EU) No 515/2014, (EU) 2016/399, (EU) 2016/1624 and (EU) 2017/2226 (OJ L 236, 19.9.2018, p. 1).",52021PC0206,,"Regulation (EU) 2018/1240 of the European Parliament and of the Council of 12 September 2018 establishing a European Travel Information and Authorisation System (ETIAS) and amending Regulations (EU) No 1077/2011, (EU) No 515/2014, (EU) 2016/399, (EU) 2016/1624 and (EU) 2017/2226 (OJ L 236, 19.9.2018, p. 1)."
AnnexIX(1)(5)(b),subpoint,AnnexIX,AnnexIX/1/5/b,"Regulation (EU) 2018/1241 of the European Parliament and of the Council of 12 September 2018 amending Regulation (EU) 2016/794 for the purpose of establishing a European Travel Information and Authorisation System (ETIAS) (OJ L 236, 19.9.2018, p. 72).",52021PC0206,,"Regulation (EU) 2018/1241 of the European Parliament and of the Council of 12 September 2018 amending Regulation (EU) 2016/794 for the purpose of establishing a European Travel Information and Authorisation System (ETIAS) (OJ L 236, 19.9.2018, p. 72)."
AnnexIX(1)(6),point,AnnexIX,AnnexIX/1/6,European Criminal Records Information System on third-country nationals and stateless persons,52021PC0206,,"European Criminal Records Information System on third-country nationals and stateless persons Regulation (EU) 2019/816 of the European Parliament and of the Council of 17 April 2019 establishing a centralised system for the identification of Member States holding conviction information on third-country nationals and stateless persons (ECRIS-TCN) to supplement the European Criminal Records Information System and amending Regulation (EU) 2018/1726 (OJ L 135, 22.5.2019, p. 1)."
AnnexIX(1)(6)(a),subpoint,AnnexIX,AnnexIX/1/6/a,"Regulation (EU) 2019/816 of the European Parliament and of the Council of 17 April 2019 establishing a centralised system for the identification of Member States holding conviction information on third-country nationals and stateless persons (ECRIS-TCN) to supplement the European Criminal Records Information System and amending Regulation (EU) 2018/1726 (OJ L 135, 22.5.2019, p. 1).",52021PC0206,,"Regulation (EU) 2019/816 of the European Parliament and of the Council of 17 April 2019 establishing a centralised system for the identification of Member States holding conviction information on third-country nationals and stateless persons (ECRIS-TCN) to supplement the European Criminal Records Information System and amending Regulation (EU) 2018/1726 (OJ L 135, 22.5.2019, p. 1)."
AnnexIX(1)(7),point,AnnexIX,AnnexIX/1/7,Interoperability,52021PC0206,,"Interoperability Regulation (EU) 2019/817 of the European Parliament and of the Council of 20 May 2019 on establishing a framework for interoperability between EU information systems in the field of borders and visa (OJ L 135, 22.5.2019, p. 27). Regulation (EU) 2019/818 of the European Parliament and of the Council of 20 May 2019 on establishing a framework for interoperability between EU information systems in the field of police and judicial cooperation, asylum and migration (OJ L 135, 22.5.2019, p. 85)."
AnnexIX(1)(7)(a),subpoint,AnnexIX,AnnexIX/1/7/a,"Regulation (EU) 2019/817 of the European Parliament and of the Council of 20 May 2019 on establishing a framework for interoperability between EU information systems in the field of borders and visa (OJ L 135, 22.5.2019, p. 27).",52021PC0206,,"Regulation (EU) 2019/817 of the European Parliament and of the Council of 20 May 2019 on establishing a framework for interoperability between EU information systems in the field of borders and visa (OJ L 135, 22.5.2019, p. 27)."
AnnexIX(1)(7)(b),subpoint,AnnexIX,AnnexIX/1/7/b,"Regulation (EU) 2019/818 of the European Parliament and of the Council of 20 May 2019 on establishing a framework for interoperability between EU information systems in the field of police and judicial cooperation, asylum and migration (OJ L 135, 22.5.2019, p. 85).",52021PC0206,,"Regulation (EU) 2019/818 of the European Parliament and of the Council of 20 May 2019 on establishing a framework for interoperability between EU information systems in the field of police and judicial cooperation, asylum and migration (OJ L 135, 22.5.2019, p. 85)."
